CustomerID,propensity
CUST00000,0.9991378442843305
CUST00001,0.999993261875948
CUST00002,0.9983237290073983
CUST00003,0.9999916198767019
CUST00004,0.9998647252610162
CUST00005,0.9880299468077137
CUST00006,0.9994792772444563
CUST00008,0.9999388877507069
CUST00009,0.9999900438584614
CUST00011,0.9999971477128503
CUST00013,0.9999691396769433
CUST00014,0.9979766897546738
CUST00015,0.999931531852707
CUST00016,0.9999919272339937
CUST00017,0.9956770428843409
CUST00018,0.9999880835405808
CUST00019,0.9999355473318856
CUST00020,0.9988393336129647
CUST00022,0.9940177493739955
CUST00023,0.9999762799814451
CUST00024,0.9999977158821165
CUST00025,0.9999937719903642
CUST00028,0.9999140853760728
CUST00029,0.9995007939004508
CUST00030,0.9999832731541444
CUST00031,0.9999280304513339
CUST00032,0.9996857362291924
CUST00033,0.9997737148020756
CUST00034,0.9999261907011607
CUST00035,0.9999716658335236
CUST00036,0.9998578410332613
CUST00037,0.010328159685357495
CUST00038,0.9998883214785974
CUST00040,0.993699614883598
CUST00041,0.9999958879556391
CUST00042,0.9988587499078415
CUST00043,0.9999813698287191
CUST00044,0.9999955417631915
CUST00045,0.9998829452975805
CUST00046,0.9999654803982775
CUST00047,0.004738863557228947
CUST00048,0.979647133481677
CUST00049,0.9996651636321914
CUST00050,0.9998129456492924
CUST00052,0.9999768863518237
CUST00053,0.9999728873768826
CUST00054,0.9998128555627036
CUST00055,0.9999952849582108
CUST00056,0.9999938791845794
CUST00057,0.999086277701317
CUST00059,0.999954845528502
CUST00060,0.9999851106210795
CUST00061,0.9999972929404315
CUST00062,0.9788641115048564
CUST00063,0.9999300504958687
CUST00064,0.9999156288520351
CUST00065,0.9999933392648018
CUST00066,0.9978028808705721
CUST00067,0.9999544130496448
CUST00068,0.9999600664467008
CUST00069,0.7233899691712737
CUST00070,0.9998938317929306
CUST00071,0.9999660546599446
CUST00072,0.9999759963264974
CUST00073,0.03984075460446175
CUST00076,0.732970457094157
CUST00077,0.9975647736248268
CUST00078,0.9999639156478958
CUST00079,0.9999725316344542
CUST00080,0.9155082010516256
CUST00081,0.9872322623786174
CUST00082,0.999941967997586
CUST00083,0.9999639020337813
CUST00084,0.9996784692083178
CUST00085,0.9999825062808035
CUST00086,0.9985457156120959
CUST00087,0.9999907569112372
CUST00088,0.9999891004716375
CUST00089,0.9999683567872815
CUST00091,0.9999705674701392
CUST00092,0.9999952047520306
CUST00093,0.029416267632888394
CUST00094,0.9999786182601497
CUST00095,0.9999786235875098
CUST00096,0.9994542228919887
CUST00097,0.9998138764331397
CUST00098,0.9988305856505648
CUST00099,0.999947757583127
CUST00101,0.9999572232223476
CUST00102,0.9999953254368974
CUST00103,0.9999841239560241
CUST00104,0.9997076309956905
CUST00105,0.939303665928888
CUST00106,0.9989914342375746
CUST00107,0.9999872583721138
CUST00108,0.9998826964724078
CUST00109,0.9998174385402665
CUST00110,0.9995982158907536
CUST00111,0.9928391470559904
CUST00112,0.9997987714603038
CUST00113,0.9999968525727574
CUST00114,0.9999931888859923
CUST00115,0.9999978910609416
CUST00116,0.9997452441822685
CUST00118,0.9999157492867053
CUST00119,0.9999510818290874
CUST00120,0.9999954519441442
CUST00121,0.9999925381961584
CUST00122,0.9999880222367235
CUST00123,0.9997123160886655
CUST00124,0.9673021299829611
CUST00125,0.9992864516109763
CUST00127,0.9999894995756649
CUST00128,0.999957219840789
CUST00129,0.999960070562373
CUST00130,0.999913001104467
CUST00131,0.97362818344361
CUST00132,0.9908365895565947
CUST00133,0.9998072319897254
CUST00134,0.9999313761904219
CUST00135,0.9997084324856547
CUST00136,0.9999897277650388
CUST00137,0.9999976177304608
CUST00138,0.9999995538954637
CUST00139,0.9998329200261723
CUST00140,0.9999515255442766
CUST00141,0.9999907540053223
CUST00142,0.9999628758927245
CUST00143,0.9999583882373317
CUST00144,0.9999474726715757
CUST00145,0.9996233375519089
CUST00146,0.9999947410757964
CUST00147,0.9999613363782099
CUST00148,0.9999622353448713
CUST00149,0.9998800600960366
CUST00150,0.9999620065787286
CUST00151,0.9996943280505841
CUST00152,0.9999573681819529
CUST00153,0.9895716368730497
CUST00154,0.9997345568830756
CUST00156,0.9918703319216015
CUST00157,0.9990099876534899
CUST00159,0.9830061582988117
CUST00160,0.99997025266159
CUST00161,0.9990245204647195
CUST00162,0.9999757147691705
CUST00163,0.992650504981407
CUST00164,0.9998281245759582
CUST00165,0.999993411860633
CUST00166,0.0192503245134726
CUST00167,0.9999915863763508
CUST00169,0.9999958877172981
CUST00170,0.9999829210406016
CUST00171,0.999891310579707
CUST00172,0.9999863441247472
CUST00173,0.9999946221163698
CUST00174,0.9998826804184144
CUST00175,0.9999234032155505
CUST00176,0.9998117291009362
CUST00178,0.9999894318519136
CUST00179,0.9999920455693417
CUST00180,0.9999930730525088
CUST00181,0.99936273252224
CUST00182,0.9999950215402614
CUST00183,1.070993145015265e-07
CUST00184,0.9987036220190463
CUST00185,0.9998804983359421
CUST00186,0.999970333591662
CUST00187,0.999900850803189
CUST00188,0.9999787889667233
CUST00189,0.9991701402625849
CUST00190,0.9999721014856996
CUST00191,0.9967687900154532
CUST00192,0.8888247991716839
CUST00193,0.20560883728920176
CUST00194,0.9999815747307511
CUST00195,0.9995052319059763
CUST00197,0.9995117661153584
CUST00198,0.9999990570918911
CUST00199,0.9993575212400055
CUST00201,0.999990545329138
CUST00202,0.9999372474185482
CUST00204,0.9425533085701705
CUST00205,0.996229145602466
CUST00206,0.9999985232957223
CUST00207,0.9999082816427232
CUST00208,0.9989030778557282
CUST00209,0.9617354036909429
CUST00211,0.9999887506551912
CUST00212,0.9998299666430837
CUST00213,0.9889140488039501
CUST00214,0.9997365665342889
CUST00215,0.9993359084001942
CUST00216,0.9999681903124021
CUST00217,0.997939905794254
CUST00218,0.9994590193137387
CUST00220,0.9999914992062845
CUST00221,0.01889199831828419
CUST00222,0.9993961378389443
CUST00223,0.9999896801632981
CUST00224,0.9995353623950916
CUST00226,0.999862555913399
CUST00227,0.9997643616028008
CUST00228,0.9997376964069682
CUST00229,0.9999967353402056
CUST00230,0.9999773236816265
CUST00231,0.9999192530945263
CUST00232,0.9998699969836402
CUST00233,1.6493731406547045e-14
CUST00234,0.9998427588816788
CUST00235,0.7847284807377667
CUST00236,0.9999946309296252
CUST00237,0.9999786847086775
CUST00238,0.999993568574825
CUST00239,0.9999940060030358
CUST00240,0.03813008068303325
CUST00241,0.9996136147999092
CUST00242,0.998750963922437
CUST00243,0.9988042181806693
CUST00244,0.9997612046603106
CUST00245,0.9999916848211597
CUST00246,0.999998365778611
CUST00247,0.9974582790684399
CUST00248,0.9999963422132726
CUST00249,0.9996355698332045
CUST00250,0.9999947532009561
CUST00251,0.9999237928482922
CUST00252,0.9999490781451993
CUST00253,0.9993586634555998
CUST00255,0.9917419098988514
CUST00256,0.9999819204644104
CUST00257,0.9998000788047635
CUST00258,0.9998982217229533
CUST00259,1.857518682945287e-05
CUST00260,0.9999850998140143
CUST00261,0.9999223152130775
CUST00262,0.9997894054857395
CUST00263,0.0040924961773660794
CUST00264,0.9998378066796311
CUST00265,0.9999995274110987
CUST00266,0.9999637549484275
CUST00267,0.9991812017557142
CUST00269,0.672382039016384
CUST00271,0.9999803190712224
CUST00272,0.999533680690193
CUST00274,0.9999708135755357
CUST00275,0.9999934545191166
CUST00276,0.9995781933707156
CUST00277,0.9999770022988241
CUST00278,0.9697128939177304
CUST00279,0.9999917257499847
CUST00282,0.9980577853389608
CUST00283,0.9980888227019798
CUST00284,0.9987283497414357
CUST00285,0.9999620558385882
CUST00286,0.9999804940452484
CUST00287,0.999977291820377
CUST00288,0.9996883727872534
CUST00289,0.9999948946386551
CUST00290,0.9988225493614526
CUST00291,0.9999854375849284
CUST00292,0.9999796391194118
CUST00293,0.9999685167209519
CUST00294,3.855449772922785e-05
CUST00295,0.9984995714618127
CUST00296,0.9999967836214122
CUST00297,0.9867939321680768
CUST00298,0.040666780058281796
CUST00299,0.9999074072542111
CUST00300,0.9999835468460657
CUST00301,0.9998653276314265
CUST00302,0.9999764941648578
CUST00303,0.999872665621811
CUST00304,0.999675142671971
CUST00305,0.9756032624270397
CUST00307,0.9998695703864571
CUST00308,0.9998136780419623
CUST00309,0.999992273983916
CUST00311,0.9999758602542677
CUST00312,0.9999897699540874
CUST00313,0.9999803059161894
CUST00314,0.9999802807438616
CUST00315,0.9999523548677228
CUST00316,0.9975409470284471
CUST00317,0.999984608641403
CUST00318,0.9999943637767817
CUST00319,0.9998436195433534
CUST00320,0.9896172950125129
CUST00321,0.9999764632273028
CUST00322,0.004951348131661123
CUST00323,0.9999020872323005
CUST00324,0.9993909282673081
CUST00325,0.9999597380391422
CUST00326,0.006527870257520514
CUST00327,0.9998951163924543
CUST00328,0.9979784616414785
CUST00329,0.9999254795408031
CUST00330,0.999911938769611
CUST00331,0.9998539488083454
CUST00332,0.9985074646771053
CUST00333,0.9990968104393675
CUST00334,0.9999423629982528
CUST00335,0.9994260405277394
CUST00337,0.999356157428128
CUST00338,0.9999948355530316
CUST00339,0.9997717528271115
CUST00340,0.9999259129558551
CUST00342,0.9999808599571187
CUST00343,0.9999184797591927
CUST00344,0.9999831409391425
CUST00345,0.9996811557842737
CUST00346,0.9999795244905099
CUST00347,0.9999899839739279
CUST00348,0.9999626366255758
CUST00349,0.9995643846969127
CUST00350,0.9262710510305903
CUST00351,0.9648699316478829
CUST00352,0.9997951053082651
CUST00353,0.9999532103943768
CUST00355,0.9934435637625999
CUST00356,0.9999650401077316
CUST00357,0.9999893381231602
CUST00358,0.9999706134841372
CUST00359,0.9998520564473277
CUST00360,0.937842109424146
CUST00361,0.9999736822683316
CUST00363,0.9999198372170613
CUST00364,0.9997588559888166
CUST00365,0.9992935936610482
CUST00366,0.9999617716546558
CUST00367,0.007144981871947913
CUST00368,0.9999891261647192
CUST00370,0.9999750774285352
CUST00371,0.999988402784869
CUST00372,0.0004076652425483306
CUST00373,0.9999449899523379
CUST00374,0.9997950387479759
CUST00375,0.9999985877029427
CUST00376,0.9997376910395103
CUST00377,0.8815189128649467
CUST00378,0.9998941716877939
CUST00379,0.9998397800709021
CUST00380,0.9999244358302495
CUST00381,0.9999896058198371
CUST00382,0.9998640211129296
CUST00383,0.9999404271742753
CUST00384,0.9999758560127404
CUST00385,0.9999886524595594
CUST00386,0.9999327595319095
CUST00387,0.008199544696382672
CUST00388,0.9998115737818458
CUST00389,0.9999211914744942
CUST00390,0.9999963855876646
CUST00391,0.9991444006861097
CUST00392,0.9999813260987547
CUST00393,0.9999990376719005
CUST00394,0.9999668672937744
CUST00395,0.9999729075253837
CUST00396,0.9998904192202148
CUST00398,0.9999393315045803
CUST00399,0.7000965320221191
CUST00400,0.9999959344136496
CUST00401,0.062220092276949225
CUST00402,0.9970190817569302
CUST00403,0.9998682202753942
CUST00404,0.9997995912233585
CUST00405,0.9999912872708488
CUST00407,0.9997081236675645
CUST00408,0.9999212507941235
CUST00409,0.9999910996343234
CUST00410,0.9999249533073147
CUST00411,0.9999692384248994
CUST00412,0.9999662770181783
CUST00413,0.9999653253604394
CUST00414,0.9999976752493377
CUST00415,0.24844769043192638
CUST00416,0.9930672986183311
CUST00417,0.9997674217949319
CUST00419,0.9999429641079951
CUST00420,0.008432536027793454
CUST00421,0.9906794870448314
CUST00422,0.9839021651256235
CUST00423,0.9962797580915275
CUST00424,0.9999976295111077
CUST00425,0.9999733966633322
CUST00426,0.05361363231747124
CUST00427,0.9768081997772458
CUST00428,0.9998434906042242
CUST00429,0.998906631616495
CUST00431,0.9996299762009293
CUST00432,0.9932735425782879
CUST00433,0.999886606986194
CUST00434,0.9996945627732923
CUST00435,0.9999812406883356
CUST00436,0.9997905042008423
CUST00437,0.7577678286269038
CUST00439,0.9999635301788182
CUST00440,0.9996329614644065
CUST00441,0.9999829989415531
CUST00442,0.999946484714618
CUST00443,0.9955214559333899
CUST00444,0.9999960285200977
CUST00445,0.9999718602163761
CUST00446,0.021876987393667436
CUST00447,0.9999990435584389
CUST00448,0.9993877630850808
CUST00449,0.9999914541068609
CUST00450,0.9998964923131309
CUST00451,0.9951074531855544
CUST00453,0.9999386170188566
CUST00454,0.088381350265191
CUST00455,0.9999988251211352
CUST00456,0.9999851006990153
CUST00457,0.99996288618539
CUST00458,0.9999800193445724
CUST00459,0.9999929200946445
CUST00460,0.9999933113680345
CUST00462,0.9999321264221671
CUST00463,0.999863128293386
CUST00464,0.9999567387763098
CUST00465,0.9953487646791357
CUST00466,0.9999414472977196
CUST00467,0.9999929246924478
CUST00468,0.9992238872325072
CUST00469,0.9998534094144534
CUST00470,0.9999254327114747
CUST00471,0.9999909921384019
CUST00472,0.9955317707820901
CUST00473,0.9999935028225235
CUST00474,0.999962046525558
CUST00475,0.9993590095575924
CUST00476,0.9955194522113144
CUST00477,0.9945224824603723
CUST00478,0.9999974864771801
CUST00479,0.9999140382578746
CUST00480,0.9997736346741679
CUST00481,0.4926770621388407
CUST00482,0.9998057346009493
CUST00483,0.9999861047160059
CUST00484,0.9999901518299726
CUST00485,0.999970446945055
CUST00486,0.9998956888738281
CUST00487,0.9997895214216248
CUST00488,0.7119796914680249
CUST00489,0.9999888072921416
CUST00490,0.9998882706551255
CUST00491,0.9999959027212327
CUST00492,0.9997994829950553
CUST00493,0.9998037257609669
CUST00494,0.999870875489551
CUST00496,0.9995697952091752
CUST00497,0.9999793020310707
CUST00498,0.9999264157193097
CUST00499,0.999983649266533
CUST00500,0.9999599157411121
CUST00501,0.9999779394399494
CUST00502,0.9998642905519742
CUST00503,0.9893945299688504
CUST00504,0.9999848300068863
CUST00505,0.9967323181197606
CUST00506,0.19304224381573792
CUST00507,0.9996386695959198
CUST00509,0.9995252433679862
CUST00510,0.999917767801657
CUST00511,0.9999877633097378
CUST00512,0.9910864066381146
CUST00513,0.05036991451782023
CUST00514,0.9999677640340232
CUST00515,0.9999803291476135
CUST00516,0.9993135709976484
CUST00517,0.9970836795311177
CUST00518,0.9977224764817546
CUST00519,0.9999557055458239
CUST00520,0.999991870659737
CUST00521,0.06165307427823442
CUST00522,0.9999985594862014
CUST00523,0.04844051658463827
CUST00524,0.9999907272311401
CUST00525,0.9996635435077552
CUST00526,0.9995794740853357
CUST00528,0.9999815196113089
CUST00529,0.9923065905143468
CUST00530,0.9998339555991922
CUST00531,0.9997706299515258
CUST00533,0.9996027349271969
CUST00534,0.005526544650637509
CUST00535,0.9997739761159599
CUST00536,0.9999443491857759
CUST00537,0.9997277323949993
CUST00538,0.9988669549275477
CUST00539,0.9950830210274972
CUST00540,0.9999939274328498
CUST00541,0.9996138890059174
CUST00542,0.9993318677563777
CUST00543,0.9999404406258124
CUST00544,0.9996708349102756
CUST00545,0.9999216659414719
CUST00546,0.9996977967995325
CUST00547,0.9999569339319179
CUST00548,0.9947148396035574
CUST00549,0.9999643919105775
CUST00550,0.9999978599743298
CUST00551,0.9999896229432951
CUST00552,0.9991048500208531
CUST00553,0.9999778664697977
CUST00556,0.9996235695887974
CUST00557,0.9999857770338171
CUST00559,0.9999910791649637
CUST00560,0.9995795683324737
CUST00561,0.996045415903462
CUST00562,0.9999681877986891
CUST00563,0.9918836106545735
CUST00564,0.0008028319842727401
CUST00565,0.9999052754517055
CUST00566,0.9968997691119947
CUST00567,0.9966944049624037
CUST00569,0.9999965237137056
CUST00570,0.9996981852354896
CUST00571,0.9845806660405517
CUST00572,0.9997591525193311
CUST00573,0.9997512119573515
CUST00574,0.9849606112965135
CUST00575,0.9988510030284798
CUST00576,0.9998965966834156
CUST00577,0.9999672352631702
CUST00578,0.9999430768310328
CUST00579,0.0015360384669000462
CUST00580,0.999861136866333
CUST00581,0.998816695077019
CUST00582,0.3892320715651067
CUST00583,0.9999986042669232
CUST00584,0.9997908208023992
CUST00585,0.9994723092929931
CUST00586,0.9999770412816866
CUST00587,0.9999952607777051
CUST00588,0.44916987128960306
CUST00589,0.028482912685258547
CUST00591,0.9819615212547267
CUST00592,0.9999917831919074
CUST00594,0.9985779881568143
CUST00595,0.9999139692714527
CUST00596,0.9999905328880548
CUST00597,0.9542441726905005
CUST00598,0.9999954243570965
CUST00599,0.9999910441512668
CUST00600,0.981146392318134
CUST00601,0.9984801057228317
CUST00602,0.9999962867867395
CUST00603,0.0017595069314903717
CUST00604,0.9998723236444724
CUST00605,0.0004228085929992626
CUST00606,0.9998352786372993
CUST00607,0.999196812216188
CUST00608,0.9999920895903953
CUST00609,0.9603995500697701
CUST00610,0.9989281583381535
CUST00611,0.06957463196217058
CUST00612,0.9999956003011501
CUST00613,0.9999534806585048
CUST00614,0.991313856450693
CUST00615,0.9999134473053801
CUST00616,0.999977357724401
CUST00617,0.999752172762907
CUST00618,0.9996191111498125
CUST00619,0.9999882124880208
CUST00620,1.420424261238485e-07
CUST00621,0.9992733911015347
CUST00623,0.9998702680592111
CUST00624,0.999767592868597
CUST00625,0.9997278016749467
CUST00627,0.9997943035621589
CUST00628,0.008319889978949325
CUST00629,0.9984200770172155
CUST00630,0.9963120309743272
CUST00631,0.9999271723480642
CUST00632,0.9965718439959614
CUST00633,0.9850591571946281
CUST00634,0.9987979557803585
CUST00635,0.999980222831171
CUST00636,0.9957489000010739
CUST00637,0.9999989344156873
CUST00638,0.9998729614636095
CUST00639,0.998962379353219
CUST00640,0.8991941591333436
CUST00641,0.9999902855593364
CUST00642,0.9998214467860274
CUST00643,0.1102230929431834
CUST00644,0.9999161767816959
CUST00645,0.1576103548680022
CUST00646,0.999968247361504
CUST00647,0.9999756564387011
CUST00648,0.999939313887059
CUST00649,0.999990871441665
CUST00650,0.9998746958888931
CUST00651,0.973796133470443
CUST00652,0.999916137889447
CUST00653,0.9999191239614653
CUST00654,0.9999966306987889
CUST00655,0.9999484354806596
CUST00656,0.9999964679495418
CUST00658,0.9999962435381856
CUST00659,0.9999806127238209
CUST00660,0.9997183349084
CUST00661,0.9998743245881155
CUST00663,0.9999840850971339
CUST00664,0.9999954320035862
CUST00665,0.9999938434112047
CUST00666,0.9999919604594862
CUST00667,0.998951122197396
CUST00668,0.9967157002453543
CUST00669,0.9999820456494187
CUST00670,0.9999775765428114
CUST00671,0.9999826704248289
CUST00672,0.999981802588134
CUST00673,0.9999803374998141
CUST00674,0.9999620290942461
CUST00675,1.4166292205687244e-06
CUST00676,0.9999162051057743
CUST00677,0.9999963403382498
CUST00678,0.999999223044966
CUST00680,0.9995421250184647
CUST00681,0.9999788188446987
CUST00682,0.9999912576222604
CUST00683,0.9999734725273843
CUST00684,0.9999976791957301
CUST00685,0.9999794694692471
CUST00686,0.9971267858478776
CUST00687,0.9999491928110541
CUST00688,0.9999258514995971
CUST00689,0.9999809601048912
CUST00690,0.999527634739837
CUST00691,0.982676607894286
CUST00692,0.9999698232233112
CUST00693,0.966968769942784
CUST00694,0.9999939921063227
CUST00695,0.9999822676949075
CUST00696,0.9997254095497027
CUST00698,0.9999669176658855
CUST00699,0.9993044083610688
CUST00700,0.9993291003097688
CUST00701,0.999984824585094
CUST00702,0.9870585078909452
CUST00703,0.999905295245717
CUST00704,0.9999500482507245
CUST00705,0.3216587573265919
CUST00706,0.9984602682050231
CUST00708,0.08588109030216576
CUST00709,0.9993550387976239
CUST00710,0.9999718644594927
CUST00711,0.9997739010624332
CUST00712,0.9999913147400138
CUST00713,0.9999730836116022
CUST00714,0.9998868366952488
CUST00715,0.9999939716721222
CUST00716,0.9999280850752114
CUST00717,0.9997843791080152
CUST00718,0.9999736334234378
CUST00719,0.9939765582303957
CUST00720,0.9999662613300594
CUST00721,0.9999699295131894
CUST00722,0.7449335918584936
CUST00724,0.9993147977594106
CUST00725,0.9998974117412559
CUST00726,0.9983238061166897
CUST00727,0.004374615254408943
CUST00728,0.9976396069779903
CUST00729,0.9998937069418082
CUST00730,0.999986535178846
CUST00731,0.9999925308785881
CUST00732,0.999995085277407
CUST00733,0.9999871914995885
CUST00734,0.9995164187259419
CUST00735,0.999995259367925
CUST00736,0.9997633988332735
CUST00737,0.9998654255585755
CUST00738,0.999969886997641
CUST00739,0.9981390154145375
CUST00740,0.9997443988871744
CUST00741,0.9999157616459713
CUST00742,0.9999656768617187
CUST00743,0.9946984012058713
CUST00744,0.9998985945017683
CUST00745,0.9995233443233248
CUST00746,0.9998428985842055
CUST00747,0.9997631137428498
CUST00749,0.9999775740520368
CUST00750,0.019517853462251298
CUST00751,0.9999931906253515
CUST00752,0.9999962639138176
CUST00753,0.9999628411565094
CUST00754,0.999916189337391
CUST00755,0.9999283944398089
CUST00756,0.9997646632561549
CUST00757,0.997429529995438
CUST00758,0.9998591732949889
CUST00759,0.9999828810842095
CUST00760,0.9999724337058365
CUST00762,0.9996639375699986
CUST00763,0.99998473913946
CUST00765,0.9999328329235777
CUST00767,0.9999996317428695
CUST00768,0.9973706487841528
CUST00769,0.9999353117639224
CUST00770,0.9975150998841259
CUST00771,0.9999883380815306
CUST00772,0.9999958610785624
CUST00773,0.9999846373220599
CUST00774,0.9983896623895726
CUST00776,0.999976617931395
CUST00777,0.9982148493706614
CUST00778,0.9999950809826694
CUST00779,0.9999950084331053
CUST00780,0.9999531025221653
CUST00781,0.9999339506247313
CUST00782,0.9999967698479282
CUST00783,0.9999502588558091
CUST00784,0.9999884478833106
CUST00785,0.9999721840762646
CUST00786,0.9999475471342626
CUST00787,0.9999978108752025
CUST00788,0.999966847384935
CUST00789,0.9999060489899508
CUST00790,0.9998158696663361
CUST00791,0.9999791168188118
CUST00792,0.9998966087044958
CUST00793,0.9999377150289113
CUST00794,0.999995457991347
CUST00795,0.9975820914934377
CUST00796,0.9999935796120576
CUST00797,0.9999966583360879
CUST00798,0.9999895315629647
CUST00799,0.9986363519418369
CUST00800,0.9989436052495514
CUST00802,0.9999627555717471
CUST00803,0.0022737037990102774
CUST00804,0.9995558591143628
CUST00805,0.9999848578298467
CUST00806,0.9999809162170822
CUST00807,0.9990320643392042
CUST00808,0.9998854782597913
CUST00809,0.13388584812715468
CUST00810,0.9995583935755415
CUST00812,0.9999004127587716
CUST00813,0.9999898985100028
CUST00814,0.9998274627750233
CUST00815,0.9999983362788745
CUST00816,0.0014689192653686636
CUST00818,0.9993367010379736
CUST00819,0.9999977420963766
CUST00820,0.9986259355639647
CUST00821,0.9996784622273717
CUST00822,0.999909862806224
CUST00824,0.9999826220071993
CUST00825,0.9999556326603811
CUST00826,0.9999701726633741
CUST00827,0.9998886750779242
CUST00828,0.99963487877033
CUST00830,0.9999190009070644
CUST00831,0.999674646885917
CUST00832,0.9999499617989185
CUST00833,0.999996897501562
CUST00834,0.9997534596113637
CUST00835,0.9999794337461044
CUST00836,0.9966078190066567
CUST00837,0.9999668564548936
CUST00838,0.9999859285659842
CUST00839,0.9999571364676096
CUST00840,0.9999468380759057
CUST00841,0.9999786794873331
CUST00842,0.9999944369493703
CUST00843,0.9999715808578871
CUST00844,0.9970346380739511
CUST00845,0.9999942772634073
CUST00846,0.9999946673673993
CUST00847,0.999078785483003
CUST00848,0.9999948445078068
CUST00849,0.999752494710101
CUST00850,0.0012136832131185076
CUST00851,0.999990788037302
CUST00852,0.9949009361801607
CUST00853,0.9998219816133617
CUST00854,0.9993769890770595
CUST00855,0.9998884736955957
CUST00856,0.9999189386825932
CUST00857,0.016147746071409588
CUST00858,0.9999983920662414
CUST00859,0.999966618685876
CUST00860,0.9999435502386064
CUST00862,0.9810321790502012
CUST00863,0.9999493166818646
CUST00864,0.9999976913035379
CUST00865,0.9999820614537407
CUST00866,0.9999532246378493
CUST00867,0.9999699042210756
CUST00868,0.9999743853605129
CUST00869,0.9937869288508939
CUST00870,0.9998149402324321
CUST00871,0.08548773422524092
CUST00872,0.9999544729544759
CUST00873,0.9999814947567575
CUST00874,0.0026685084430797317
CUST00875,0.9935434181973746
CUST00876,0.9999884361019742
CUST00877,0.9999925344877367
CUST00878,0.9999490303468885
CUST00879,0.9998478068817794
CUST00880,0.9999851557393877
CUST00882,0.9754057346312088
CUST00883,0.9999884289489046
CUST00884,0.9998770320114171
CUST00885,0.9999981275393413
CUST00886,0.9999688356241232
CUST00887,0.9999955038331623
CUST00888,0.046880538222049975
CUST00889,0.9999959510476745
CUST00890,0.9999138767243951
CUST00892,0.9994502102935933
CUST00893,0.9999992905471367
CUST00894,0.10301485248344207
CUST00895,0.9999492815803089
CUST00896,0.06016202571787652
CUST00897,0.9999986078594438
CUST00898,0.08126200214703257
CUST00899,0.9968552715770511
CUST00900,0.996528667038355
CUST00901,0.9999786416342626
CUST00902,0.0462274587245265
CUST00903,0.9999948716876009
CUST00904,0.9890035505814659
CUST00905,0.9999588991771753
CUST00906,0.9999982877553487
CUST00907,0.9715470072891704
CUST00908,0.999997173787195
CUST00909,0.9980068150324577
CUST00911,0.9949282194161947
CUST00912,0.9999499150281018
CUST00913,0.9999358795699931
CUST00914,0.9999555650558033
CUST00915,0.9999962861218346
CUST00916,0.9999199794280125
CUST00917,0.9999752524648318
CUST00918,0.9997435880225843
CUST00919,0.3474605484414806
CUST00920,0.9999692870647653
CUST00921,0.9999831442692791
CUST00922,0.9986357383015693
CUST00923,0.9973268743892996
CUST00924,0.9983848979621377
CUST00925,0.9999922498821161
CUST00926,0.999998831873245
CUST00927,0.9999754627009526
CUST00928,0.9984890233086278
CUST00929,0.8764039025008435
CUST00930,0.9999803394472365
CUST00931,0.9999831061001759
CUST00933,0.921149523025714
CUST00934,0.9999835480653332
CUST00936,0.9993528520892878
CUST00937,0.9996470408071737
CUST00939,0.999989984767839
CUST00940,0.9985143616858962
CUST00942,0.9997932608164763
CUST00943,0.99999835647467
CUST00944,0.9999364229798773
CUST00945,0.9998739932499261
CUST00946,0.9999714912933205
CUST00947,0.9999843410783087
CUST00948,0.999989104341738
CUST00949,0.9999958656909806
CUST00950,0.9967549582248436
CUST00953,0.9986661256783448
CUST00954,0.9998955067154496
CUST00955,0.9997391528725952
CUST00956,0.9950564213968414
CUST00957,0.9998797307619433
CUST00958,0.9999975805067018
CUST00959,0.9999989610517636
CUST00960,0.9999879429216875
CUST00961,0.9999978800620386
CUST00962,0.9999984046290188
CUST00963,0.9999941348516276
CUST00964,0.7049278123346293
CUST00965,0.9999829818876224
CUST00966,0.9999932487548203
CUST00967,0.8622889983743072
CUST00968,0.9999654237227615
CUST00969,0.999948497180489
CUST00970,0.9995904522879434
CUST00971,0.0001930662211160417
CUST00972,0.9999644525678607
CUST00973,0.6571016059683212
CUST00974,0.8942528386101289
CUST00975,0.034643844645531566
CUST00976,0.9999342227957355
CUST00977,0.9998566156126956
CUST00978,0.07095647911503623
CUST00979,0.9999759391077578
CUST00980,0.997670517329062
CUST00981,0.9985594426637979
CUST00982,0.9999843208841331
CUST00984,0.9999913556948519
CUST00985,0.9997834512171632
CUST00986,0.9999770448172784
CUST00987,0.9973840516183147
CUST00988,0.9996902449426116
CUST00989,0.999834046331404
CUST00990,0.9998534564074731
CUST00991,0.9999949517285733
CUST00992,0.9999610517613443
CUST00993,0.9998069511723546
CUST00994,0.9966370752830372
CUST00995,0.0009239892959055766
CUST00996,0.9998698342506516
CUST00997,0.9997720368737706
CUST00998,0.9998091452120569
CUST00999,0.9949132948099093
CUST01000,0.9983541938906341
CUST01001,0.9999810791680402
CUST01002,0.9987894770865638
CUST01003,0.9999613288265554
CUST01004,0.9999041577288135
CUST01005,0.9999755011133746
CUST01006,0.9999537174330655
CUST01007,0.9999704863912198
CUST01008,0.004442718470524174
CUST01009,0.4390704717530456
CUST01010,0.9939327603045933
CUST01011,0.03413255968578835
CUST01012,0.9988416894340528
CUST01013,0.07452988858041998
CUST01014,0.9999482070740597
CUST01015,0.9999239707816965
CUST01016,0.9993223381215348
CUST01017,0.9981722985255665
CUST01018,0.9999948929219741
CUST01019,0.9999857060161775
CUST01020,0.9997823661453337
CUST01021,0.999915462280191
CUST01022,0.9999538136580715
CUST01023,0.9999918369055483
CUST01024,0.9999645456970522
CUST01025,0.9999857735505786
CUST01026,0.9999988449494971
CUST01027,0.9996196639343309
CUST01028,0.999867319753061
CUST01029,0.9999763784548921
CUST01030,0.9999543514629708
CUST01031,0.9998868926640279
CUST01032,0.994411856299673
CUST01033,0.9999322078511348
CUST01034,0.9998515030290813
CUST01035,0.9997607627636915
CUST01036,0.9999713797264534
CUST01037,0.9954172409834782
CUST01038,0.999960508361835
CUST01039,0.9998060107309207
CUST01040,0.9999960379060241
CUST01041,0.99988644336355
CUST01042,0.9999353871623274
CUST01043,0.9495935289740004
CUST01044,0.9999981676045034
CUST01045,0.9986997386887315
CUST01046,0.9999935616560086
CUST01047,0.9099185928590349
CUST01048,0.9999308892603898
CUST01049,0.9865320837529301
CUST01050,0.9994432533067114
CUST01051,0.9999635473593307
CUST01053,0.9999544812839196
CUST01054,0.9998300521651421
CUST01055,0.9999968122417213
CUST01056,0.9986169955695576
CUST01057,0.9998920002385208
CUST01058,0.9999934056450298
CUST01059,0.9999966108356823
CUST01060,0.9999973374629753
CUST01061,0.9999763487357037
CUST01062,0.9986166526695821
CUST01063,0.9986862893402565
CUST01064,0.9999966529768705
CUST01065,0.9998904120842741
CUST01066,0.9998584404812859
CUST01067,0.99999290962954
CUST01068,0.9999854875958131
CUST01069,0.999990794578118
CUST01070,0.995321434067401
CUST01071,0.9996296070363394
CUST01072,0.9994593804535717
CUST01073,0.9998121641417497
CUST01074,0.9998237590464962
CUST01076,0.9998490861661206
CUST01077,0.9999880463333678
CUST01078,0.9997377174970646
CUST01079,0.9771156481705606
CUST01080,0.9989632179157165
CUST01082,0.9988260230571246
CUST01083,0.9696603016506395
CUST01084,0.9996237360417531
CUST01085,0.9983362838894961
CUST01086,0.9989011379055119
CUST01087,0.9999904567491116
CUST01088,0.998201093576073
CUST01089,0.9999988159107568
CUST01090,0.9996180656214078
CUST01091,0.9999193230351717
CUST01092,0.9999958051557751
CUST01093,0.9999340521198805
CUST01094,0.9993571698769447
CUST01095,0.9999861730926485
CUST01096,0.9999908000890945
CUST01097,0.012851292107390149
CUST01098,0.9999976485821729
CUST01099,0.8915958122435307
CUST01100,0.9999238402733174
CUST01101,0.9998488202817774
CUST01103,0.9950217916310186
CUST01104,0.9998901650984635
CUST01105,0.9864733922166073
CUST01106,0.9999537839193847
CUST01107,0.9998405822041404
CUST01108,0.9998845687692741
CUST01109,0.9999542757439198
CUST01110,0.9999015727726323
CUST01111,0.9999675683311218
CUST01112,0.9866753409858573
CUST01113,0.9997759422626975
CUST01114,0.0750433707223886
CUST01115,0.999960360874475
CUST01116,0.9972250419542962
CUST01117,0.9999964092730697
CUST01118,0.9999776021065354
CUST01119,0.9999061836636135
CUST01120,0.9999695623898054
CUST01121,0.9994963923399887
CUST01122,0.9999917278800604
CUST01123,0.9998300930673494
CUST01124,0.9975258631550049
CUST01125,0.007677925786052012
CUST01127,0.9860923735058298
CUST01128,0.9999937629281068
CUST01129,0.999984257064032
CUST01130,0.9998819641533365
CUST01131,0.9999974410416999
CUST01132,0.9986855282512637
CUST01133,0.9999942035170325
CUST01134,0.9997211251811984
CUST01135,0.9993688021620147
CUST01137,0.9999279588930011
CUST01138,0.9998985707262716
CUST01139,0.044780195917822244
CUST01140,0.5056806325808272
CUST01141,0.999761995752151
CUST01142,0.9998937825721048
CUST01143,0.9999953117498492
CUST01144,0.9999708142856154
CUST01145,0.9998857992773579
CUST01146,0.9999974008095885
CUST01147,0.9999798287038437
CUST01148,0.9961550766083226
CUST01149,0.9663280018441106
CUST01152,0.9999183425702088
CUST01153,0.9999591220721968
CUST01154,0.9999704688482037
CUST01155,0.9528150669233888
CUST01156,0.9951725830382103
CUST01157,0.9998584117396623
CUST01158,0.9893604368312683
CUST01160,0.9997127667427683
CUST01161,0.9999977486827385
CUST01162,0.9979199855049774
CUST01163,0.999126856738567
CUST01164,0.9999974307874732
CUST01165,0.9999878784326487
CUST01167,0.999924436455806
CUST01168,0.9999949949344902
CUST01169,0.9115352599346653
CUST01170,0.9998941247085982
CUST01171,0.9971740413392003
CUST01172,0.999923300138083
CUST01173,0.9997500433173852
CUST01174,0.99991258832415
CUST01175,0.005474911209132512
CUST01176,0.9164719211386043
CUST01177,0.9999924386485728
CUST01178,0.9997202233363334
CUST01179,0.9998789355592483
CUST01180,0.9998671429483886
CUST01181,0.9996839771402547
CUST01182,0.9999829652958825
CUST01183,0.9996028107484198
CUST01184,0.9998251319652017
CUST01185,0.9997749361166142
CUST01186,0.9999653640588456
CUST01187,0.9986700591953958
CUST01188,0.9871926244861994
CUST01189,0.9998509873037662
CUST01191,0.9993684147266926
CUST01192,0.9995259529141208
CUST01193,0.9790646972131775
CUST01194,0.9999922723968849
CUST01195,0.9930198023382751
CUST01196,0.9997027965385543
CUST01197,0.9999982919921967
CUST01198,0.9981105932545977
CUST01199,0.9995208536229647
CUST01200,0.9999977465168446
CUST01202,0.9999361127816025
CUST01203,0.9999543777042094
CUST01204,0.9998791371319127
CUST01205,0.998452345123017
CUST01206,0.9985809788574838
CUST01207,0.9999693198314777
CUST01208,0.9999539986716551
CUST01209,0.9999978189069662
CUST01210,0.9942651843433975
CUST01211,0.9999402433481691
CUST01212,0.9999931198710389
CUST01213,0.9999951915960565
CUST01214,0.9999924510072653
CUST01215,0.9998436472896162
CUST01216,0.999914607251552
CUST01217,0.0003107454984469461
CUST01218,0.999998075231736
CUST01219,0.9999129762927541
CUST01220,0.9884550803299622
CUST01221,0.9999959608695915
CUST01222,0.9983065275731601
CUST01223,0.999819214622667
CUST01224,0.9999418835671432
CUST01225,0.9996724613423935
CUST01226,0.9998026529217091
CUST01227,0.9999423526194461
CUST01228,0.9984437852399679
CUST01229,2.2127545417945417e-05
CUST01230,0.9300939431241182
CUST01231,0.9996531940496214
CUST01232,0.9987693516632328
CUST01233,0.9999109613510527
CUST01235,0.9998378612720886
CUST01236,0.999901900750516
CUST01237,0.99997870115808
CUST01238,0.9985714609039099
CUST01239,0.9999886989270498
CUST01240,0.9995493039913746
CUST01241,0.9998555946590973
CUST01242,0.9999404221962965
CUST01243,0.9995024312098613
CUST01244,0.9992456692922229
CUST01245,0.9996953338346033
CUST01246,0.9999901406208099
CUST01247,0.9999977147685195
CUST01248,0.008035703518901928
CUST01249,0.9999931011408196
CUST01251,0.030740059074383812
CUST01252,0.9902406229619685
CUST01253,0.9951166266880952
CUST01254,0.999948249334981
CUST01255,0.9993890685211384
CUST01256,0.9999938659349894
CUST01257,0.9999857335945657
CUST01258,0.999996043561882
CUST01259,0.9999905046199541
CUST01261,0.999946521271129
CUST01262,0.05541620007248914
CUST01263,0.9999776178611578
CUST01264,0.9999504053441938
CUST01265,0.6443449873358573
CUST01266,0.9997602640988879
CUST01267,0.9997262434108102
CUST01268,0.9997878257845414
CUST01269,0.9999876011592196
CUST01270,0.9997581440934245
CUST01272,0.01391122277575903
CUST01273,0.9990273574696923
CUST01274,0.999994760456749
CUST01275,0.7315683229383825
CUST01276,0.9994699295222882
CUST01277,0.9999776913469917
CUST01279,0.999665688902435
CUST01281,0.9997408569692482
CUST01282,0.9999956553159249
CUST01283,0.9999522117484158
CUST01284,0.999747784561315
CUST01286,0.999950936548532
CUST01287,0.99999363937105
CUST01288,0.9995504339479095
CUST01290,0.9999885877322245
CUST01291,0.9970514745914846
CUST01292,0.995594836239667
CUST01293,0.9998684105442347
CUST01294,0.9999942414640336
CUST01295,0.9985948971462066
CUST01297,0.9999775896504791
CUST01298,0.9999863188923629
CUST01299,0.9999332985863985
CUST01300,0.9998769900610214
CUST01301,0.9999931920562756
CUST01302,0.9846364587707395
CUST01303,0.9999927337038189
CUST01304,0.9999952475428013
CUST01305,0.9996119336799874
CUST01306,0.9999699978804211
CUST01307,0.9999837861367687
CUST01308,0.9999917225328251
CUST01309,0.999997780236801
CUST01310,0.9999736255807233
CUST01311,0.9071061052530442
CUST01312,0.999017051124799
CUST01313,0.9996935476257792
CUST01314,0.9999965664094758
CUST01315,0.9999969839808766
CUST01316,0.9999362867534327
CUST01317,0.99998164510362
CUST01318,0.9998376929721666
CUST01319,0.996621577759941
CUST01320,0.9999857970094664
CUST01321,0.9986334682004285
CUST01322,0.999947961479102
CUST01323,0.9996312313582336
CUST01325,0.9998821814200048
CUST01326,0.9999603864949361
CUST01328,0.9996773323266905
CUST01329,0.9999897257674537
CUST01330,0.9997888782130075
CUST01331,0.988499713987971
CUST01332,0.9999754252475337
CUST01333,0.9999715050767377
CUST01334,0.9999994468751472
CUST01335,0.9942084550766558
CUST01336,0.9998416664550264
CUST01337,0.9999837903158163
CUST01338,0.9998989977858757
CUST01339,0.9999804859388797
CUST01340,0.9999947353104831
CUST01341,0.9754564930756792
CUST01342,0.999915947992596
CUST01343,0.9960357857479053
CUST01344,0.9999935849631715
CUST01346,0.9999407319889368
CUST01347,0.9999143211572777
CUST01348,0.9999922984864763
CUST01349,0.9998770423944933
CUST01350,0.9992562609313328
CUST01351,0.9976141470920143
CUST01352,0.9999124681975878
CUST01353,0.9997606357082697
CUST01354,0.9999795905054246
CUST01355,0.999968012252913
CUST01356,0.826261321102263
CUST01357,0.9999967939813311
CUST01358,0.9999530545657562
CUST01359,0.9988949896049615
CUST01360,0.99997867324969
CUST01361,0.9999019350716425
CUST01362,0.9999773205917368
CUST01364,0.9999232212797001
CUST01365,0.999991951177677
CUST01367,0.999950813093533
CUST01368,0.9999983261938433
CUST01369,0.9998931333693191
CUST01370,0.999926625896355
CUST01371,0.9999747977879838
CUST01372,0.9999866639326578
CUST01373,0.9999890373957191
CUST01374,0.9997487841183147
CUST01375,0.9994857271904086
CUST01376,0.9996621651498496
CUST01377,0.007235053842260939
CUST01378,0.9999579029787377
CUST01379,0.9999753142554761
CUST01380,0.9992933285633427
CUST01381,0.9993850371431351
CUST01382,0.9999497847074958
CUST01383,0.17515606920247687
CUST01384,0.9999975281683731
CUST01385,0.9999863821689965
CUST01386,0.9999981766272528
CUST01387,0.9998680694195249
CUST01388,0.9827999522652676
CUST01389,0.9997719674692506
CUST01390,0.0504995562596558
CUST01391,0.9999850815299361
CUST01392,0.999980207677291
CUST01393,0.9999937743879864
CUST01394,0.9979279905378068
CUST01395,0.9999887845699956
CUST01396,0.9999656976282688
CUST01397,0.9818704938404977
CUST01398,0.9998650433160989
CUST01399,0.9999766344188791
CUST01400,0.9977702847916949
CUST01401,0.9999973591234568
CUST01402,0.9999937246816879
CUST01403,0.9999822768508051
CUST01404,0.9998229531407401
CUST01405,0.9997518005651586
CUST01407,0.9466285732865503
CUST01408,0.9983710836149075
CUST01409,0.9999081028983595
CUST01410,0.9999400438895883
CUST01411,0.9998798276559325
CUST01412,0.9998482808348538
CUST01414,0.0007529545882591113
CUST01416,0.9999967138882121
CUST01417,0.9999678937367593
CUST01418,0.9988359972967741
CUST01420,0.9999483833022161
CUST01421,0.9999752735122994
CUST01422,0.9999649849136469
CUST01423,0.9999605369285133
CUST01424,0.9999804062535276
CUST01425,0.9999771650686096
CUST01426,0.9999156420931569
CUST01428,0.9997652689646356
CUST01429,0.999998216414381
CUST01430,0.9996809270443568
CUST01431,0.9999883376308191
CUST01432,0.9998342799170629
CUST01433,0.9999893502451279
CUST01434,0.9998505775214201
CUST01436,0.9999765246724442
CUST01437,0.9760591542626188
CUST01438,0.03764818530113677
CUST01439,0.9576723657254824
CUST01440,0.9999922359871881
CUST01441,0.9998048038261319
CUST01442,0.9975445149254187
CUST01443,0.9999948542765968
CUST01444,0.9997345575949962
CUST01445,0.999082327063203
CUST01446,0.9869728095879682
CUST01447,0.999968845306109
CUST01448,0.9999451138320139
CUST01449,0.9999817816190611
CUST01450,0.955657868991949
CUST01451,0.9983199365766158
CUST01452,0.996946000313652
CUST01453,0.9999910087737696
CUST01454,0.999966044555925
CUST01455,0.9853262179158445
CUST01456,0.9999933240633875
CUST01457,0.9999592437175105
CUST01458,0.9999932192739158
CUST01459,0.9999799547018472
CUST01460,0.9999900623040792
CUST01461,0.9999803174522199
CUST01462,0.9993072239894787
CUST01463,0.9948653158123407
CUST01464,0.9999830375070818
CUST01465,0.9999896723233026
CUST01466,0.9999881750875675
CUST01467,0.9999991519617764
CUST01468,0.9998589154715214
CUST01469,0.9999508319063575
CUST01470,1.6686914299689685e-05
CUST01471,0.999925268194003
CUST01472,0.037321770317685014
CUST01473,0.12853728054965982
CUST01474,0.9930055846146476
CUST01475,0.9994059584649879
CUST01476,0.9999741340589522
CUST01477,0.9985534637498988
CUST01478,0.999987240075205
CUST01479,0.9999809141702484
CUST01481,0.999907571550232
CUST01483,0.9999759174792794
CUST01485,0.9999575417002112
CUST01486,0.2579785439909502
CUST01487,0.9999863363538799
CUST01488,0.9992394729457413
CUST01489,0.9999283318289549
CUST01490,0.9999796651237735
CUST01491,0.9998802464257802
CUST01492,0.9999433900572843
CUST01493,0.9999333914639673
CUST01494,0.9999529233906433
CUST01495,0.9991909320649668
CUST01496,0.999924117717434
CUST01497,0.9981679377778342
CUST01498,0.9999528933519117
CUST01499,0.9999886223456724
CUST01500,0.9979634521880508
CUST01501,0.5764991128632914
CUST01502,0.9999831140322194
CUST01503,0.9999956890433579
CUST01504,0.9990469913966101
CUST01505,0.9924626081894866
CUST01506,0.9995997173480863
CUST01507,0.9999992649655141
CUST01508,0.9999736058772093
CUST01509,0.9999060312341689
CUST01510,0.9998434988157427
CUST01511,0.9999879122371524
CUST01512,0.9998854770627555
CUST01513,0.9983648598888442
CUST01514,0.9996948035181207
CUST01515,0.999986482587957
CUST01516,0.9999736839026033
CUST01517,0.9999996187140751
CUST01518,0.9999641566022105
CUST01519,0.9997698024813466
CUST01520,0.9999956432965879
CUST01521,0.9902249663285773
CUST01522,0.9970704856266657
CUST01523,0.9999408968400447
CUST01524,0.004246618674372161
CUST01525,0.9998099503483693
CUST01526,0.9999253252787077
CUST01527,0.9995833916286992
CUST01528,0.9999793956042348
CUST01529,0.9999147849967566
CUST01530,0.9999461930999464
CUST01531,0.9999472584610648
CUST01532,0.007657519729863034
CUST01533,0.9994148591272567
CUST01534,0.9999812674576568
CUST01535,0.9999373088425775
CUST01536,0.9998651205468986
CUST01537,0.007525791672642337
CUST01538,0.9999997688406624
CUST01539,0.9972505434474954
CUST01540,0.005341518163852194
CUST01541,0.9999710082056463
CUST01542,0.9936845876601679
CUST01544,0.9999807811143636
CUST01545,0.9999131361392523
CUST01546,0.9956381806323763
CUST01547,0.8314890879792619
CUST01548,0.9999685803106908
CUST01549,0.9998674673105691
CUST01550,0.9995944835615768
CUST01551,0.9996492138172397
CUST01552,0.99996832594378
CUST01554,0.9999947119749801
CUST01555,0.999970826732719
CUST01556,0.9999891074406357
CUST01557,0.9998674382156802
CUST01558,0.9955227349111885
CUST01559,0.9995099628438754
CUST01560,0.9999904590166422
CUST01561,0.9999799987127982
CUST01563,0.9999649682814185
CUST01564,0.999924936068909
CUST01565,0.99837230851
CUST01566,0.999994204107581
CUST01568,0.9998451437826766
CUST01570,0.9999447432846974
CUST01571,0.9999376964736805
CUST01572,0.9999878266382582
CUST01573,0.9993277637805609
CUST01574,0.9998761153547292
CUST01575,0.9995034362692023
CUST01576,0.99795000431876
CUST01577,0.9972092237594337
CUST01579,0.9999953522554097
CUST01580,0.005858938892438552
CUST01581,0.9954250591064883
CUST01582,0.999992237938031
CUST01583,0.9999988716017308
CUST01585,0.9998737629418798
CUST01586,0.9999095927799984
CUST01587,0.9998379528369127
CUST01588,0.9990310200959501
CUST01589,0.9975731832999851
CUST01590,0.9980792273061868
CUST01591,0.9999830724197888
CUST01592,0.9999470235976179
CUST01593,0.9999698933065873
CUST01594,0.9999816457955064
CUST01595,0.9975560690793694
CUST01596,0.9967176985341416
CUST01597,0.999916445836865
CUST01598,0.9999963756856147
CUST01599,0.999906534305905
CUST01600,0.999998072528263
CUST01601,0.9999893754262255
CUST01602,0.9992560672522406
CUST01603,0.9999886449036336
CUST01604,0.9977456461468907
CUST01605,0.9999101711156211
CUST01606,0.9997961504014335
CUST01607,0.9999392704408229
CUST01608,0.9999947851719427
CUST01609,0.99998206609425
CUST01610,0.9998841821859392
CUST01611,0.9999305496758977
CUST01613,0.9999929546610304
CUST01614,0.9999311940222918
CUST01615,0.9896431562802683
CUST01616,0.9997004099528413
CUST01617,0.9999426447233744
CUST01618,0.9971234049098071
CUST01619,0.9993171941482941
CUST01620,0.9999731271252945
CUST01621,0.9999983931029659
CUST01622,0.9994093059668572
CUST01624,0.9999869328589891
CUST01625,0.9998288660498597
CUST01626,0.9998506955222167
CUST01627,0.9999971459010797
CUST01628,0.9999738092825864
CUST01629,0.9999872911141489
CUST01630,0.9999720528391629
CUST01631,0.9979433223287414
CUST01632,0.9999909674854065
CUST01633,0.9992473882263436
CUST01634,0.9999933713900903
CUST01635,0.9999773913368367
CUST01636,0.9999712081316701
CUST01637,0.9999814072980366
CUST01638,0.19706991153934275
CUST01639,0.999968798334335
CUST01640,0.9998420997536149
CUST01641,0.9996554020352956
CUST01642,0.9999889366797955
CUST01643,0.9999986553290134
CUST01644,0.9999919013050856
CUST01645,0.9901941447423428
CUST01646,0.9999630199397591
CUST01647,0.9999065230015056
CUST01648,0.9997621799974874
CUST01649,0.9999928795208611
CUST01651,0.9999876702166689
CUST01652,0.010857641021143581
CUST01653,0.9893013551763595
CUST01654,0.9999963182952852
CUST01655,0.9992898636419424
CUST01656,0.999993549518287
CUST01657,0.9993906020125973
CUST01658,0.9999927233827047
CUST01659,0.9999371351353468
CUST01660,0.9999687623275259
CUST01661,0.9999953799322676
CUST01662,0.9999874430744955
CUST01664,0.9997998473708325
CUST01665,0.004019168425446358
CUST01666,0.9999458537339241
CUST01667,0.9998729260815025
CUST01668,0.9999830026265643
CUST01670,0.9763977971030285
CUST01671,0.9999876083912451
CUST01672,0.0041537246308642325
CUST01673,0.9999767294947539
CUST01674,0.9997940044521971
CUST01675,0.9999016628656963
CUST01676,0.999995141823748
CUST01677,0.9999881246556747
CUST01678,0.9969221895228152
CUST01679,0.9999686051047076
CUST01680,0.9999529690125811
CUST01681,0.9986604052005577
CUST01682,0.9989941212083375
CUST01683,0.9999949164755285
CUST01684,0.9999913400567148
CUST01685,0.9959640096162515
CUST01686,0.9836177173688072
CUST01687,0.9996745306433309
CUST01688,0.9999788331156731
CUST01689,0.9999730886868312
CUST01690,0.999963672161138
CUST01691,0.9999209699469279
CUST01692,0.9999645795373772
CUST01693,0.9999820605711663
CUST01694,0.9996419610655786
CUST01695,0.9999370395730136
CUST01696,0.9996924588618677
CUST01697,0.9997968359067748
CUST01698,0.9999928049745279
CUST01699,0.9890484193986832
CUST01700,0.9999925044558403
CUST01701,0.345370542682279
CUST01702,0.9999268466650943
CUST01703,0.7261492247092273
CUST01704,0.9991810326229119
CUST01705,0.999328600877475
CUST01706,0.9999913084181007
CUST01708,0.9999797505561637
CUST01709,0.9138636873349544
CUST01710,0.9999786682361161
CUST01711,0.9999225563825436
CUST01712,0.989639325635267
CUST01713,0.9999801917841372
CUST01714,0.9998751723539082
CUST01715,0.9999337027654753
CUST01716,0.9999874515949554
CUST01717,0.9999213388755562
CUST01718,0.9999819997172089
CUST01719,0.991999532940392
CUST01720,0.9999764318102521
CUST01721,0.9999300874066498
CUST01722,0.9999479082089665
CUST01724,0.9999958690319315
CUST01725,0.9999820663064991
CUST01726,0.9986762824044649
CUST01727,0.9999847090019883
CUST01728,0.9952479557264349
CUST01729,0.9999124603164717
CUST01730,0.9278296545801497
CUST01731,0.9999548424678967
CUST01732,0.9998477803899327
CUST01733,0.982158584503983
CUST01735,0.9807780746724096
CUST01736,0.9998585559535451
CUST01738,0.9933106340053747
CUST01739,0.9847326861044402
CUST01740,0.9999886894738492
CUST01741,0.9999867263325819
CUST01742,0.9997900488767502
CUST01743,0.9999710062322077
CUST01746,0.9999790129505994
CUST01747,0.999767041864848
CUST01748,0.9999924245723596
CUST01749,0.023368678746718576
CUST01751,0.997713861211808
CUST01752,0.9999861809630498
CUST01754,0.9999372197569611
CUST01755,0.9999834521365782
CUST01756,0.9998409024650105
CUST01757,0.9988671937969938
CUST01758,0.009590039214527939
CUST01760,0.0006246152320897529
CUST01761,0.9994746452847545
CUST01762,0.9996704663663828
CUST01763,0.9911940674630584
CUST01764,0.0027812508776239274
CUST01765,0.999999556910592
CUST01766,0.9971260080639239
CUST01767,0.9999810792814189
CUST01768,0.9990937373953518
CUST01769,0.9999263155093475
CUST01770,0.9999826883543717
CUST01771,0.9999223645355478
CUST01772,0.999989765121204
CUST01773,0.9990014243889519
CUST01774,0.9999992643296837
CUST01776,0.9999084280178822
CUST01777,0.9999893193999331
CUST01778,0.9999380596127116
CUST01780,0.9998701795572801
CUST01781,0.9999935347534583
CUST01782,0.9999789175776616
CUST01783,0.9914768662368382
CUST01784,0.9994522281815509
CUST01785,0.9999334179187611
CUST01786,0.9964017574381162
CUST01787,0.9999993234623284
CUST01788,0.9891251024456245
CUST01789,0.9999950647601057
CUST01790,0.9999884745810201
CUST01791,0.988871093951047
CUST01792,0.9997970794486591
CUST01793,0.9999740118201084
CUST01794,0.9999946442996575
CUST01795,0.9999865410325628
CUST01796,0.9999888005015757
CUST01797,0.9999976862523914
CUST01798,0.030664353834340755
CUST01799,0.9939574307957656
CUST01800,0.9999786325864273
CUST01801,0.9999275808823659
CUST01802,0.9999783888191409
CUST01803,0.9994066978584065
CUST01804,0.9999913186372379
CUST01805,0.9985481129023196
CUST01806,0.9978105170263484
CUST01807,0.9988853490012243
CUST01808,0.9146247605215472
CUST01809,0.9804940564104495
CUST01810,0.0010347286891896194
CUST01811,0.9996027623930813
CUST01812,0.9998805128934622
CUST01813,5.4954071246790095e-06
CUST01814,0.9999729368695721
CUST01815,0.9978607713269421
CUST01816,0.9997476333178226
CUST01817,0.999993141559678
CUST01818,0.9999990862547952
CUST01819,0.9999908271293768
CUST01820,0.9982701188916333
CUST01821,0.9991416485265718
CUST01822,0.9999407719612975
CUST01823,0.999849358579215
CUST01825,0.9929857083783771
CUST01826,0.999998026046382
CUST01827,0.9999546751456303
CUST01828,0.9926863822592907
CUST01829,0.9999644251053005
CUST01830,0.9999369562586135
CUST01831,0.9999816568474565
CUST01832,0.9972521892668041
CUST01833,0.9993582553717021
CUST01834,0.9997620384923401
CUST01835,0.9961596986058846
CUST01836,0.9999964375251295
CUST01837,0.9999542596566374
CUST01838,0.9994174324090633
CUST01840,0.9996077348097894
CUST01841,0.9999403366576609
CUST01842,0.9994706969610094
CUST01843,0.8435276022941794
CUST01844,0.9999987944535734
CUST01845,0.9999910055984145
CUST01846,0.9999920824877798
CUST01847,0.9999906030401641
CUST01848,0.999949936573991
CUST01849,0.999993266169329
CUST01850,0.9999541235710392
CUST01851,0.9998569029842433
CUST01852,0.9999968783164302
CUST01853,0.9179513724838686
CUST01854,0.9999277789617557
CUST01855,0.9994829635254822
CUST01856,0.9999964291764537
CUST01857,0.9990242304983271
CUST01858,0.9994489247479855
CUST01859,0.9983330617923624
CUST01860,0.9999531413994878
CUST01861,0.9999932159605206
CUST01862,0.999989914389355
CUST01863,0.9489640685761627
CUST01864,0.9999369469442866
CUST01865,0.9999207491001567
CUST01867,0.9999997259935984
CUST01868,0.9999635455981857
CUST01869,0.7020455365224543
CUST01870,0.9983621153728994
CUST01871,0.9999961312904941
CUST01872,0.9999955330698482
CUST01873,0.9998708443811323
CUST01874,0.9999491982349601
CUST01875,0.9999908113081905
CUST01876,0.998361762495031
CUST01877,0.9999906820795738
CUST01878,0.999709165340817
CUST01879,0.9999456423904283
CUST01880,0.039321760197141925
CUST01882,0.9999892751676273
CUST01883,0.9999856995043055
CUST01885,0.9999990786143979
CUST01886,0.9998478213740022
CUST01887,0.9996631309575181
CUST01888,0.9999655445763936
CUST01889,0.9999746617296559
CUST01890,0.9999955207913663
CUST01891,0.9999759737786814
CUST01892,0.9999804100509752
CUST01893,0.9999420142435049
CUST01894,0.9944803855292819
CUST01895,0.9987060057067514
CUST01896,0.9999760534672422
CUST01897,0.9997221131936144
CUST01898,0.005645580743581281
CUST01899,0.9999719316616411
CUST01900,0.9999404333021888
CUST01901,0.9999567350835501
CUST01902,0.999992979562686
CUST01903,0.9997373273271064
CUST01905,0.999624252176619
CUST01906,0.9999511689128194
CUST01907,0.9886982356018809
CUST01908,0.9998241202853305
CUST01909,0.9999531317787244
CUST01910,0.9985694898078039
CUST01912,0.9999929639772975
CUST01913,0.9987904047772832
CUST01914,0.9993772052345691
CUST01915,0.9999922995326156
CUST01916,0.9969707502516485
CUST01917,0.9997468209499567
CUST01918,0.9999550697972328
CUST01919,0.9999830375974447
CUST01920,0.9999151949891979
CUST01921,0.9997377565449699
CUST01922,0.9998993408001379
CUST01923,0.9963750731789368
CUST01924,0.9999858925830073
CUST01925,0.9998213814206909
CUST01926,0.9942966348294372
CUST01927,0.9999451050761708
CUST01929,0.22225709524754803
CUST01930,0.9683581785509473
CUST01931,0.9995534702712566
CUST01932,0.9999716412860907
CUST01933,0.9990524809077347
CUST01935,0.9996684856421257
CUST01936,0.052939662250420405
CUST01937,0.9948258658365714
CUST01938,0.9999626121342721
CUST01940,0.9999702616897292
CUST01941,0.997839348150033
CUST01942,0.9964590501660375
CUST01943,0.9998120303114711
CUST01944,0.9999896981331564
CUST01945,0.9999980691311342
CUST01946,0.99996155332548
CUST01947,0.9999420431745678
CUST01948,0.9999978943849944
CUST01949,0.999817199952197
CUST01950,0.975999755251927
CUST01951,0.9999389882324766
CUST01952,0.9999912516361853
CUST01953,0.9999119454899478
CUST01954,0.9999877754901867
CUST01955,0.9998236698464706
CUST01956,0.9998440664781099
CUST01957,0.9999934277783173
CUST01958,0.9999573364300073
CUST01959,0.9999853427672755
CUST01960,0.9858683629161598
CUST01961,0.9884228660949331
CUST01962,0.9999778250235724
CUST01963,0.9991474359560847
CUST01964,0.9997826080102589
CUST01965,0.9999031621952928
CUST01966,0.9156322130137604
CUST01967,0.9999444906238059
CUST01968,0.9988868274183683
CUST01969,0.9999588991609321
CUST01970,0.0002615928608116171
CUST01971,0.9993663729371346
CUST01972,0.9997105697981425
CUST01973,0.9999582510620908
CUST01974,0.9999962145564327
CUST01976,0.9979321119546222
CUST01977,0.9999826545788708
CUST01978,0.9999041429940784
CUST01979,0.9974479177756457
CUST01980,0.9999739980164328
CUST01981,0.9995992750958653
CUST01982,0.9996946354435289
CUST01983,0.9998524564440248
CUST01984,0.9998950819565136
CUST01985,0.9999928116951179
CUST01986,0.999904342241925
CUST01988,0.9984261022579703
CUST01989,0.9999389889164941
CUST01990,0.9958588684426674
CUST01991,0.9999364976766321
CUST01992,0.9999968622081868
CUST01993,0.35290692087238923
CUST01994,0.9998006746802306
CUST01995,0.9999413668447927
CUST01996,0.999976193785389
CUST01997,0.9999965320743696
CUST01998,0.9999844671304498
CUST01999,0.9999982614921535
CUST02000,0.998176390401205
CUST02001,0.9999890372231538
CUST02002,0.999952870806524
CUST02003,0.9876848307416445
CUST02004,0.9999151937933386
CUST02005,0.9996294805145268
CUST02006,0.9993003416695512
CUST02007,0.9999870907312263
CUST02008,0.9999850815719087
CUST02009,0.9999724751519793
CUST02010,0.9999894110694775
CUST02011,0.9989640124504348
CUST02012,0.999967489687775
CUST02013,0.9987208023807435
CUST02014,0.9999498886142079
CUST02015,0.9987629888442731
CUST02016,0.9997994616281586
CUST02017,0.059700460184684126
CUST02018,0.999114945817231
CUST02019,0.9998907406978034
CUST02020,0.9750629463548137
CUST02021,0.9999571339600959
CUST02022,0.9980303703941104
CUST02023,0.9993886571314698
CUST02024,0.9994289555439342
CUST02025,0.9999965187600391
CUST02026,0.999989131414626
CUST02027,0.999926653045306
CUST02028,0.9998109866515612
CUST02029,0.9996061449516845
CUST02030,0.9997550039882226
CUST02031,0.9995803076853725
CUST02032,0.9998956741289894
CUST02033,0.9998241299626474
CUST02035,0.9998994653031045
CUST02036,0.9998997042817398
CUST02037,0.9999202284479869
CUST02038,0.9996031357468214
CUST02039,0.9994470400762494
CUST02040,0.9999311465894842
CUST02042,0.9999782819695024
CUST02043,0.9997318199027823
CUST02044,0.9997289644080287
CUST02045,0.9999147737648605
CUST02046,0.9997960115957756
CUST02047,0.993765534163598
CUST02048,0.9999816145381448
CUST02049,0.999619170609526
CUST02050,0.9968895946390709
CUST02051,0.993719150922151
CUST02052,0.9999762512298167
CUST02053,0.9997371184366683
CUST02054,0.9900277926993784
CUST02055,0.9995318704980594
CUST02056,0.9999824715511613
CUST02057,0.010898855372716872
CUST02058,0.9999595870808405
CUST02059,0.9943062470159074
CUST02060,0.9999791401790903
CUST02061,0.9993803446632108
CUST02062,0.9989185746651441
CUST02063,0.9999729172701772
CUST02064,0.9998959656694589
CUST02065,0.9981890836650277
CUST02066,0.9997559695783966
CUST02067,0.9999960854270349
CUST02068,0.01544129708016177
CUST02069,0.9994495812299367
CUST02070,0.9999977573184143
CUST02071,0.999833858535958
CUST02072,0.9999928296742726
CUST02073,0.9998562227227437
CUST02074,0.999997032480998
CUST02075,0.9999276582826547
CUST02076,0.9998845132560604
CUST02077,0.9999871025589963
CUST02078,0.9999265281850608
CUST02079,0.9999809776250004
CUST02080,0.9944885644295829
CUST02081,0.9999434440061458
CUST02082,0.0011949086342441673
CUST02083,0.9999176837333195
CUST02084,0.9999421100204857
CUST02085,0.9999974087030659
CUST02086,0.9999022395523055
CUST02087,0.0035029258772083073
CUST02088,0.9996831469936382
CUST02089,0.21571012699725076
CUST02090,0.999990237313528
CUST02091,0.9999818470485978
CUST02092,0.999891122722671
CUST02093,0.9996427335590555
CUST02094,0.9999705393739623
CUST02095,0.9992793592736037
CUST02096,0.9999306520937236
CUST02097,0.9982634084752385
CUST02098,0.9998701960836051
CUST02099,0.999998077250628
CUST02100,0.9999971626978633
CUST02101,0.9998051731247597
CUST02102,0.9999908340977435
CUST02103,0.9999731860197292
CUST02104,0.9999947301434076
CUST02106,0.9954165406630023
CUST02108,0.9995900589320742
CUST02109,0.9999828416515636
CUST02110,0.7625846117147811
CUST02113,0.003304571563179665
CUST02116,0.9997948570621664
CUST02117,0.999994007514358
CUST02118,0.9998043517377408
CUST02119,0.9999928712159419
CUST02120,0.9998077162126071
CUST02121,0.9998956800394595
CUST02122,0.9999679378733562
CUST02123,0.9996509534342726
CUST02124,0.9996685476538705
CUST02125,0.999885828534993
CUST02126,0.9989406713287734
CUST02127,0.9999876050960539
CUST02129,0.9999763642704469
CUST02130,3.2807817412717215e-06
CUST02131,0.9999160534072042
CUST02132,0.999989263768159
CUST02133,0.9999341415451853
CUST02134,0.999990811216898
CUST02135,0.9975228368067782
CUST02136,0.9994932268415494
CUST02138,0.9997659395397386
CUST02139,0.36850090247075784
CUST02140,0.9999349504093273
CUST02141,0.999887718490135
CUST02142,0.9998057562628008
CUST02143,0.9998691781410388
CUST02144,0.9750987809800451
CUST02145,0.9999184853126424
CUST02146,0.9996114050440691
CUST02147,0.9997428156864365
CUST02149,0.9999954909995216
CUST02150,0.9999392902584232
CUST02151,0.9999843996837091
CUST02152,0.9999555961322487
CUST02153,0.9974696598914367
CUST02154,0.9865363337529321
CUST02155,3.981559820670451e-07
CUST02156,0.9994900137251281
CUST02157,0.9998027915108353
CUST02159,0.9999673501901359
CUST02160,0.9999783946159276
CUST02162,0.9998573547688424
CUST02163,0.005799265243803518
CUST02164,0.9999479394975994
CUST02165,0.9999923212147421
CUST02167,0.9999809166455569
CUST02168,0.9999997845636943
CUST02169,5.966109287997218e-09
CUST02170,0.9994779489974153
CUST02171,0.9997385771225268
CUST02172,0.9999650566912188
CUST02173,0.817829325910086
CUST02174,0.99956908244838
CUST02175,0.9996494696144252
CUST02177,0.9997967523345054
CUST02178,0.9999724020275288
CUST02179,0.999932276263382
CUST02180,0.9999963398684495
CUST02181,0.9994094936438656
CUST02182,0.9684536250172622
CUST02183,0.9967873136971978
CUST02184,0.9999540440453804
CUST02185,0.9999976639707696
CUST02186,0.9999521867328977
CUST02187,0.999949873037155
CUST02189,0.9958107175883399
CUST02190,0.9999010084954427
CUST02191,0.9979083538495903
CUST02192,0.9998982000892042
CUST02193,0.9995259758256578
CUST02194,0.9999866905234176
CUST02195,0.9998949054696178
CUST02196,0.993398579101747
CUST02197,0.9999878103219051
CUST02198,0.9996243054101053
CUST02199,0.9999961514577339
CUST02201,0.999833579934624
CUST02202,0.9996340532418824
CUST02203,0.9999758559595258
CUST02204,0.9973974578259419
CUST02205,0.9999505500124374
CUST02206,0.994613705395582
CUST02207,0.9993244644990903
CUST02208,0.9997654698667832
CUST02209,0.9999239777988432
CUST02210,0.9991786199910921
CUST02211,0.9969427389981943
CUST02212,0.6335953830591846
CUST02213,0.9999980049978389
CUST02214,0.9999857842314172
CUST02215,0.9998311705183514
CUST02216,0.9999661946017531
CUST02217,0.9999525101277204
CUST02218,0.9999803242915376
CUST02219,0.9995898752965583
CUST02220,0.9999581520799692
CUST02221,0.9999942184543503
CUST02222,0.9999551276794192
CUST02223,0.9999610730777195
CUST02224,0.9997441860471767
CUST02225,0.9999947555046427
CUST02226,0.9457184126706801
CUST02227,0.999041898652907
CUST02228,0.9999349258252516
CUST02229,0.9999662324802829
CUST02230,0.999968452332106
CUST02231,0.9999578791768248
CUST02232,1.957178970325476e-06
CUST02233,0.9999170503721204
CUST02234,0.99995685591717
CUST02236,0.9999646992050965
CUST02237,0.9995722270687627
CUST02238,0.9943631523409304
CUST02239,0.9924039589844257
CUST02240,0.9996991425603005
CUST02241,0.9913968355595301
CUST02242,0.9996233673817375
CUST02243,0.9999443262565122
CUST02244,0.9994208714568225
CUST02245,0.9999469296117978
CUST02246,0.9999913096068367
CUST02247,0.9999770664023455
CUST02248,0.999821491980332
CUST02249,0.9999842030010001
CUST02250,0.9995558186227562
CUST02251,0.9999056249347837
CUST02252,0.9986065512739173
CUST02253,0.9998185148253059
CUST02254,0.9999876376278821
CUST02255,0.9999733719004167
CUST02256,0.9751611781159517
CUST02257,0.9998951323203112
CUST02258,0.9995610730967502
CUST02259,0.9999490234082345
CUST02260,0.9926783308688805
CUST02261,0.9998896414010411
CUST02262,0.9998746922520477
CUST02263,0.9648405251471903
CUST02264,0.9999615776657517
CUST02265,0.9983331173509448
CUST02266,0.9997867331527043
CUST02267,0.9999983552848631
CUST02268,0.9995987352806875
CUST02271,0.9998624399527005
CUST02272,0.9999673064323158
CUST02273,0.999987974821419
CUST02274,0.9999367034634346
CUST02275,0.01539527808275573
CUST02276,0.9999225224882524
CUST02277,0.9992441466965128
CUST02278,0.9995244864831196
CUST02279,0.9999949541566883
CUST02280,0.9732927632797471
CUST02281,0.9999327019453405
CUST02282,0.9999769696008143
CUST02283,0.9998920205749199
CUST02284,0.9998699501865408
CUST02285,0.9999722167248188
CUST02286,0.9998263810820325
CUST02287,0.9997959673796415
CUST02288,0.004324616603922642
CUST02289,0.9999163483757847
CUST02290,0.9999569412700401
CUST02291,0.9999598579483306
CUST02292,0.9999781358618873
CUST02293,0.9999823033829437
CUST02294,0.9998153615675447
CUST02295,0.9999848997382808
CUST02297,0.9999824208176434
CUST02298,0.9999885246714417
CUST02299,0.9999698337254967
CUST02301,0.9999749810958748
CUST02302,0.9999083679100984
CUST02303,0.9650999513125477
CUST02304,0.9851736983724577
CUST02305,0.7256388594915075
CUST02306,0.9968033787216065
CUST02307,0.9999510419277242
CUST02308,0.2591369012483376
CUST02309,0.9999778294024849
CUST02311,0.9999765282579017
CUST02312,0.9995660478050593
CUST02313,0.9995737178369752
CUST02314,0.9998575937397174
CUST02315,0.9999658766034117
CUST02316,0.9997840481940798
CUST02317,0.03331109849200596
CUST02318,0.999884910549708
CUST02319,0.0012825859222371093
CUST02320,0.9999604508548356
CUST02321,0.9998846755315187
CUST02322,0.9998520470500257
CUST02323,0.9993375916259607
CUST02324,0.9960778365273564
CUST02325,0.9830833360910146
CUST02327,0.9999814076964244
CUST02328,0.9987620712726861
CUST02329,0.9998912095056668
CUST02330,0.9989047760893278
CUST02331,0.9999754093147002
CUST02332,0.9999699080629675
CUST02333,0.9992380879434329
CUST02334,0.9985684128112846
CUST02335,0.9977361761186191
CUST02336,0.9999829253625095
CUST02337,0.9999546222446727
CUST02338,0.9999901120510166
CUST02339,0.8055924957239544
CUST02340,0.9999984945726795
CUST02341,0.9997074195756764
CUST02342,0.9149719819946652
CUST02343,0.9999934647568273
CUST02344,0.9968982659465887
CUST02346,0.9998444143695393
CUST02347,0.9975130276431008
CUST02349,0.9999016900824871
CUST02350,0.9999325789871105
CUST02351,0.9999697091225853
CUST02352,0.9659613322333563
CUST02353,0.9997484677304508
CUST02354,0.9999433350543283
CUST02355,0.9710001829879077
CUST02356,0.9999810529640104
CUST02357,0.9999972124712425
CUST02358,0.99997252909606
CUST02359,0.999962278221107
CUST02360,0.9980505586107391
CUST02361,0.999984931860281
CUST02362,0.9999950479031848
CUST02364,0.9999762530801191
CUST02365,0.999950615490545
CUST02367,0.9996551516283624
CUST02368,0.00012339382421287253
CUST02369,0.999942698442297
CUST02370,0.9999096228674036
CUST02371,0.9999552622393598
CUST02372,0.9995071180459375
CUST02373,0.9999513970872739
CUST02374,0.9999926150725779
CUST02375,0.9997292446470485
CUST02376,0.9999904575597464
CUST02377,0.9892565767580436
CUST02378,0.9999929571201882
CUST02379,0.9999905381135814
CUST02380,0.9972227113457628
CUST02381,0.9985525831473845
CUST02382,0.9938581272595769
CUST02383,0.9999077089023412
CUST02385,0.9998784369669403
CUST02386,0.9998450891485698
CUST02387,0.9988713161587377
CUST02388,0.9998607239416696
CUST02389,0.9999753520973718
CUST02390,0.9999982685832367
CUST02391,0.9993217881909469
CUST02392,0.999994951053547
CUST02393,0.9998263964711696
CUST02394,0.9999937469009587
CUST02395,0.9999706887857491
CUST02396,0.9999607800363476
CUST02397,0.9999681226023656
CUST02398,0.97905896663848
CUST02399,0.9999883791087385
CUST02400,0.9995991450731253
CUST02401,0.9999945917521256
CUST02402,0.9999075725601735
CUST02403,0.9999199460260442
CUST02404,0.9961725030784389
CUST02405,0.9999435320055247
CUST02406,0.9999779104032257
CUST02407,0.9997830528310617
CUST02408,0.999995401796129
CUST02409,0.9999544487824614
CUST02410,0.011234168794887473
CUST02411,0.9993418502283975
CUST02412,0.9996205422332843
CUST02413,0.9995641022938543
CUST02414,0.9997940203128001
CUST02415,0.9996945094496986
CUST02416,0.9999328255773541
CUST02417,0.9998440144601405
CUST02418,0.9986792711067802
CUST02419,0.9999832625488433
CUST02420,0.9987064201917755
CUST02421,0.9999862996410441
CUST02422,0.9997922688643026
CUST02423,0.9982326518334629
CUST02424,0.9998209600585583
CUST02425,0.99997543452304
CUST02426,0.9994623489314284
CUST02427,0.9998170835552261
CUST02428,0.9930617668149232
CUST02430,0.9999845940214435
CUST02431,0.9999979047010141
CUST02432,0.9978356213707233
CUST02433,0.9978977261039186
CUST02434,0.9999886548146574
CUST02435,0.9999846146194007
CUST02436,0.9999441009894366
CUST02437,0.9940569743803904
CUST02438,0.9997836392700048
CUST02439,0.9871089334756697
CUST02440,0.9999608329729962
CUST02441,0.999846486264006
CUST02442,0.9999695011585099
CUST02443,0.9581221064314833
CUST02444,0.9999985110016103
CUST02445,0.9695954885062446
CUST02446,3.2282416927609603e-10
CUST02447,0.9957385243160694
CUST02449,0.9999763905826947
CUST02450,0.9999906648697913
CUST02451,0.9996845582972624
CUST02452,0.8591038243377419
CUST02453,0.9989217135982907
CUST02454,0.025633545141644478
CUST02455,0.994923609433048
CUST02457,0.4481338622498412
CUST02458,0.9999910119720974
CUST02459,0.9810064889257902
CUST02460,0.9999663930984278
CUST02461,0.016549666084095513
CUST02462,0.9999990150927397
CUST02463,0.9996876344929311
CUST02464,0.9999468747712821
CUST02465,0.9999471445516732
CUST02466,0.9999974038619446
CUST02467,0.999997394309396
CUST02468,0.999990263858196
CUST02469,0.9999984488716022
CUST02470,0.9999690034019363
CUST02471,0.00892264548412852
CUST02472,0.7386172982982938
CUST02473,0.9999904354683621
CUST02474,0.9999332769083503
CUST02475,0.9998910918353963
CUST02477,0.9999977999598065
CUST02478,0.9999390726872407
CUST02479,0.9998367860524877
CUST02480,0.9965056372938252
CUST02481,0.9993283382089003
CUST02482,0.9998429067080049
CUST02483,0.9727403245614523
CUST02484,0.9958963935754606
CUST02485,0.9999489710051448
CUST02486,0.9999838328457373
CUST02487,0.9998268016041129
CUST02488,0.9999317347148391
CUST02489,0.999953409659191
CUST02490,0.9999941336331679
CUST02491,0.9999486342070945
CUST02493,0.9999954148249232
CUST02494,0.9996894595435888
CUST02495,9.054693084660665e-08
CUST02496,0.9999927719456227
CUST02497,0.9999921594619866
CUST02498,0.9999857210215496
CUST02499,0.999972491940239
CUST02500,0.9998172739161132
CUST02502,0.9999921631762348
CUST02503,0.9003429378290958
CUST02504,0.0037532383037829895
CUST02506,0.0009827213935694734
CUST02507,0.999993149827684
CUST02508,0.9999539782977156
CUST02509,0.9999606265762105
CUST02510,0.9917697382125724
CUST02511,7.355515137265445e-05
CUST02514,0.999839450220872
CUST02515,0.9999983334278507
CUST02516,0.025500586075062733
CUST02517,0.999937995211329
CUST02518,0.9999065566076611
CUST02519,0.9999575296283074
CUST02520,0.9999663046734868
CUST02521,0.9999993874064295
CUST02522,0.7897401168252434
CUST02523,0.9998006342277636
CUST02524,0.9999122943858857
CUST02526,0.7751138515510965
CUST02527,0.9996165368496628
CUST02528,0.9999857217104469
CUST02529,0.9999851405215867
CUST02530,0.9999947149644882
CUST02531,0.9994974945678002
CUST02532,0.9998726537038046
CUST02533,0.9998100470969388
CUST02534,0.9998676433656881
CUST02535,0.9999706865835516
CUST02536,0.9999596735448836
CUST02538,0.9999944009654809
CUST02539,0.9999693086428276
CUST02541,0.9999944004622142
CUST02542,0.9999551843731167
CUST02543,0.999837502464067
CUST02544,0.9999726179945586
CUST02545,0.9999699365021432
CUST02546,0.9996947032411247
CUST02547,0.9991770359020108
CUST02548,0.9999860290258616
CUST02549,0.9999759954569643
CUST02550,0.9962237651004163
CUST02551,0.00893130570647354
CUST02552,0.2147760598437367
CUST02553,0.9999478762895944
CUST02554,0.9997680666886835
CUST02555,0.9999640999410925
CUST02556,0.9902732327807161
CUST02557,0.9990094327501089
CUST02558,0.9995570459198635
CUST02559,0.0013714985197320405
CUST02560,0.9999797965545252
CUST02561,0.9999959630949548
CUST02562,0.9997502237525807
CUST02563,0.9998810103894835
CUST02564,0.9999614910604719
CUST02565,0.999902895157298
CUST02566,0.99998646656659
CUST02567,0.9971090172403971
CUST02568,0.9999660460654581
CUST02569,0.999836880618979
CUST02570,0.9983169377727859
CUST02571,0.9999969870767002
CUST02572,0.99981597554862
CUST02573,0.9999456013909214
CUST02574,0.9988723567578721
CUST02575,0.0031705102409120274
CUST02576,0.9997250934139228
CUST02577,0.005463568478514128
CUST02579,0.9999586425234629
CUST02580,0.992099778315903
CUST02581,0.9858197813984838
CUST02582,0.0018217734775199399
CUST02583,0.9998818887603514
CUST02584,0.9962866016526748
CUST02585,0.9999947291327136
CUST02586,0.9999997474258947
CUST02587,0.9978027064525407
CUST02588,0.999992475625867
CUST02589,0.9999878643621272
CUST02590,0.9999874854949579
CUST02591,0.9999443910484557
CUST02592,0.999972814127489
CUST02593,0.9984456938958229
CUST02594,0.9999956128234037
CUST02595,0.9999486007645461
CUST02596,0.999781534655814
CUST02597,0.9996565502166329
CUST02598,0.9999653948382797
CUST02599,0.989029146387695
CUST02600,0.9386634625420439
CUST02601,0.8342344498353385
CUST02602,0.9999757570372251
CUST02603,0.932378126003502
CUST02604,0.9999989765821353
CUST02605,0.9821281443438413
CUST02606,0.9999926106758847
CUST02607,0.999868447130404
CUST02608,0.9999915760804523
CUST02609,0.9237138161142799
CUST02610,0.002535165381756234
CUST02611,0.9999976476893311
CUST02612,0.9999587730388282
CUST02613,0.99998822553826
CUST02614,0.999930723949096
CUST02616,0.9999646318491243
CUST02618,0.9998999299814315
CUST02619,0.9958727086771929
CUST02620,0.9999934468223185
CUST02621,0.9999806081968049
CUST02622,0.9966867370457365
CUST02623,0.9998346840747985
CUST02624,0.9999525747773733
CUST02625,0.9999422299950237
CUST02626,0.016779413545442247
CUST02627,0.9964295979068342
CUST02628,0.9998968483354425
CUST02630,0.9999830358729094
CUST02631,0.9999972682334534
CUST02632,0.9983995966392278
CUST02633,0.9996775070485096
CUST02634,0.9958386971623883
CUST02635,0.01461376654697747
CUST02636,0.9999448171764772
CUST02637,0.9999951382802834
CUST02638,0.9928310560238327
CUST02639,0.9999791781690652
CUST02640,0.9991995444859243
CUST02641,0.9988907308159022
CUST02642,0.9999491781149027
CUST02643,0.9996583373224509
CUST02644,0.9966262528453305
CUST02645,0.9999598047009127
CUST02646,0.9996209544364656
CUST02647,0.9998895408806732
CUST02648,0.9999949349184677
CUST02649,0.9999674444498787
CUST02650,0.9944974059722663
CUST02651,0.7795918606362845
CUST02652,0.9995357039528908
CUST02653,0.999982360694429
CUST02654,0.9999941344899156
CUST02656,0.9999976700453038
CUST02657,0.9999871403726324
CUST02658,0.3596805249009166
CUST02659,0.9998761176580053
CUST02660,0.004547214821693261
CUST02661,0.9981735066615558
CUST02662,0.19842277516681825
CUST02663,0.9996890878573862
CUST02664,0.0006714326221104716
CUST02665,0.9999873909448368
CUST02667,0.9999861974954175
CUST02668,0.999013191882844
CUST02669,0.999984213733433
CUST02670,0.9996167149914232
CUST02671,0.999984092414672
CUST02672,0.9997979424778276
CUST02673,0.9989159926509352
CUST02674,0.9995772225602981
CUST02675,0.9362592787556275
CUST02676,0.9999938830921937
CUST02677,0.9994204498527608
CUST02678,0.999794568785903
CUST02679,0.9999922204412173
CUST02680,0.9422357880698462
CUST02681,0.9998129017298859
CUST02683,0.9999981948211967
CUST02684,0.9996848424835401
CUST02685,0.9998537445522524
CUST02686,0.9999498483351142
CUST02687,0.0004713001839542916
CUST02688,4.113598653939588e-05
CUST02690,0.0011081092078954367
CUST02691,0.9999849567818981
CUST02692,0.9998371198140478
CUST02693,0.9980586759264523
CUST02694,0.9999773215909507
CUST02695,0.9993444504998799
CUST02696,0.9999925945628726
CUST02697,0.999980650792435
CUST02698,0.9999744106285506
CUST02699,0.9998731122233833
CUST02701,0.9996807751567592
CUST02702,0.9999339449999116
CUST02703,0.9999829449807875
CUST02705,0.9999840779236104
CUST02706,0.9981621926406755
CUST02707,0.999056375438949
CUST02708,0.9997919275493851
CUST02709,0.9999200745031591
CUST02710,0.9999964350868288
CUST02712,0.9999781663845156
CUST02713,0.9998670767401782
CUST02714,0.9999764774487627
CUST02715,0.9999862297269906
CUST02716,0.9989039285857421
CUST02717,0.9994859606721306
CUST02718,0.9999860812620891
CUST02719,0.9740602230423975
CUST02721,0.999988487017497
CUST02722,0.999905394458839
CUST02724,0.9997917863997412
CUST02725,0.9995358936036576
CUST02726,0.9999848940657216
CUST02727,0.9997434800484499
CUST02728,0.006252135271622937
CUST02729,0.9998914189087784
CUST02730,0.9999806296025965
CUST02731,0.999671106604197
CUST02732,0.9989030206266015
CUST02733,0.9923109266398619
CUST02734,0.9999389387755634
CUST02735,0.9999862071077772
CUST02736,0.9292018740585337
CUST02737,0.9991744843191138
CUST02738,0.9999968286432728
CUST02739,0.999497374283265
CUST02740,0.9999691176666852
CUST02741,0.9999523024034837
CUST02742,0.9999830217707786
CUST02744,0.999977561905078
CUST02745,0.9998850974273207
CUST02746,0.999940807976731
CUST02747,0.9986240270098627
CUST02748,0.9999731396560293
CUST02749,0.9995370670321017
CUST02750,0.9999930734793493
CUST02751,0.9999561892453657
CUST02752,0.0012308970416535258
CUST02753,0.9998964607561648
CUST02755,0.9992819932736443
CUST02756,0.9986092716523903
CUST02757,0.9998695179288919
CUST02758,0.999994343982863
CUST02759,0.9999968370675232
CUST02760,0.9989699214569433
CUST02761,0.9993510366621975
CUST02762,0.9999315691353796
CUST02763,0.9999449848292087
CUST02764,0.0016653370862680765
CUST02765,0.8571702360030065
CUST02766,0.9999889937090518
CUST02767,0.9999941906001241
CUST02768,0.9999933824694055
CUST02769,0.999993130657656
CUST02770,0.9997910077967127
CUST02771,0.9997063489806147
CUST02772,0.9998248207321145
CUST02773,0.9999934429589875
CUST02774,0.9999935713289005
CUST02775,0.9998936389196068
CUST02776,0.9995271766229235
CUST02777,0.009877376545507799
CUST02778,0.9999946875287951
CUST02779,0.9974511069336544
CUST02780,0.999927796872576
CUST02781,0.9999736235182674
CUST02782,0.9999595747285609
CUST02783,0.8323490543651223
CUST02784,0.9999944441771444
CUST02785,0.9994821976146245
CUST02786,0.9999941166833459
CUST02789,0.999947549564599
CUST02790,0.9999094588532348
CUST02791,0.9998432189842247
CUST02792,0.9999677933950931
CUST02793,0.9999520946189782
CUST02794,0.9999684523545896
CUST02795,0.9999139726451559
CUST02796,0.0018899258653249558
CUST02797,0.9976027004460859
CUST02798,0.99997617446882
CUST02799,0.00032654977833633953
CUST02800,0.9995148592066779
CUST02801,0.9998852032817938
CUST02802,0.9999525299881068
CUST02803,0.999946204019925
CUST02804,0.9999329287458769
CUST02805,0.9973547147533208
CUST02806,0.9999810028996825
CUST02807,0.48792811649607126
CUST02808,0.9975166359548492
CUST02809,0.9994861483347596
CUST02810,0.9999986071281332
CUST02811,0.9992111542273375
CUST02813,0.9999993196215027
CUST02814,0.9988601459161651
CUST02815,0.99996275408684
CUST02816,0.0004391767158266968
CUST02817,0.9999976061497668
CUST02818,0.9999829340872417
CUST02819,0.12427976573812188
CUST02822,0.9963875638803807
CUST02823,0.9999615872526304
CUST02824,0.9999206688744283
CUST02825,0.9999365932171355
CUST02827,0.9997407006934296
CUST02828,0.9999886820415812
CUST02829,0.9999895539918695
CUST02830,0.9999993318325008
CUST02831,0.9999894262023179
CUST02832,0.9999746012472042
CUST02834,0.9999723640992746
CUST02835,0.03206202151265431
CUST02836,0.9999847362287781
CUST02837,0.9999691809713187
CUST02838,0.9794312492253515
CUST02839,0.9999703831698329
CUST02840,0.9997006429401726
CUST02841,0.9998823515363064
CUST02842,0.9999366170036263
CUST02843,0.9996185113411471
CUST02844,0.9958499096453399
CUST02845,0.9999978315853955
CUST02846,0.9999946974828364
CUST02847,0.9898482082118838
CUST02848,0.9892726901269188
CUST02849,0.9999912284394106
CUST02850,0.9872977727672787
CUST02851,0.6054849544164864
CUST02852,0.9994621205269789
CUST02853,0.9990596995348765
CUST02854,0.9999667529008204
CUST02856,0.9999836244592598
CUST02858,0.9995451140763074
CUST02859,0.9998146975913852
CUST02860,0.9999797633739713
CUST02861,0.9998404584093907
CUST02862,0.9999308674022094
CUST02863,0.9996940205613746
CUST02864,0.9999797611174533
CUST02865,0.9984533027079143
CUST02866,0.9861492723059524
CUST02867,0.9999944304720441
CUST02868,0.04026247243236295
CUST02869,0.979864279426076
CUST02870,0.9995935073414534
CUST02871,3.979346105440993e-05
CUST02872,0.9983677956087508
CUST02874,0.9999727927352633
CUST02875,0.9985096543223421
CUST02877,0.9999941241024153
CUST02878,0.999056443516676
CUST02879,0.9999928146456499
CUST02880,0.9997877533541478
CUST02881,0.999989641462816
CUST02882,0.999979553893666
CUST02883,0.9999434128576606
CUST02884,0.991928557418897
CUST02885,0.9999420986802141
CUST02887,0.9999683192168771
CUST02888,0.9999757252676115
CUST02890,0.999947226666359
CUST02891,0.04138495315855972
CUST02892,0.9998832888693214
CUST02893,0.9998348885240109
CUST02894,0.9999365664370112
CUST02895,0.9999612841849764
CUST02896,0.9999955215544457
CUST02897,0.999961304137762
CUST02898,0.9999558948420815
CUST02899,0.03760383260189345
CUST02900,0.9920376712086523
CUST02901,0.99932294845165
CUST02902,0.9969353530965727
CUST02903,0.9999904155848909
CUST02904,0.9998886763696342
CUST02905,0.9999764586546058
CUST02906,0.9993063184911183
CUST02907,0.9999943869702826
CUST02908,0.9999993060668065
CUST02909,0.9999861048273536
CUST02910,0.9882832371146119
CUST02911,0.9953650630386862
CUST02912,0.9998362882771136
CUST02913,0.6540447454772762
CUST02914,0.9997446949293444
CUST02915,0.9999524120936611
CUST02917,0.9999476942427843
CUST02918,0.9996079516212343
CUST02920,0.9996499288657362
CUST02921,0.9999955316911798
CUST02922,0.9999907274789502
CUST02923,0.9999983615092681
CUST02924,0.9999292574787072
CUST02925,0.9999496329889328
CUST02926,0.9986624504519053
CUST02927,0.9999419424427064
CUST02928,0.9999792786073878
CUST02929,0.9999673919760048
CUST02930,0.998114154245179
CUST02931,0.9998756655885465
CUST02932,0.9999834000933195
CUST02933,0.9962602848075826
CUST02934,0.9999911412437142
CUST02936,0.9998991577664268
CUST02937,0.9997295895543444
CUST02939,0.9999479905301722
CUST02941,0.9938925753080203
CUST02942,0.9999858138346254
CUST02943,0.9999395152492779
CUST02944,0.9999677840384834
CUST02945,0.999979698096394
CUST02946,0.9999924349063165
CUST02947,0.9999511674989922
CUST02948,0.9998101903293563
CUST02949,0.9977823190493811
CUST02951,0.9999371852065734
CUST02952,0.9999068292368537
CUST02953,0.9999688959803088
CUST02954,0.999978410941773
CUST02955,0.9996590649676238
CUST02956,0.9997822438036805
CUST02957,0.9999346053686956
CUST02958,0.9987463511669987
CUST02959,0.9996893354391029
CUST02960,0.9999714701683232
CUST02961,0.9998704683179658
CUST02963,0.9981075844090018
CUST02964,0.99865045062732
CUST02965,0.9999979211683497
CUST02966,0.9994194558200792
CUST02967,0.9999153884257538
CUST02968,0.999994503254808
CUST02969,0.9976592030145381
CUST02970,0.9999691959664968
CUST02971,0.9971614414015215
CUST02972,0.9999871136377547
CUST02973,0.9611206772866709
CUST02974,0.9999703202826844
CUST02977,0.9999829773272043
CUST02978,0.9999965678775591
CUST02980,0.9639723820109022
CUST02981,0.9998469652081076
CUST02982,0.9999084279802027
CUST02983,0.9997988134358802
CUST02984,0.9942622094782352
CUST02985,0.9999905593536583
CUST02986,0.9990849845662958
CUST02987,0.9998105015566231
CUST02988,0.9993758762392068
CUST02989,0.9998612587649444
CUST02990,0.9998914914030501
CUST02991,0.9999949775869408
CUST02992,0.9977431894215101
CUST02994,0.9977512691311234
CUST02995,0.9999627121563797
CUST02996,0.9999214521651487
CUST02997,0.7483711567768276
CUST02998,0.999986074291496
CUST02999,0.9998281183233281
CUST03000,3.8139279080920315e-05
CUST03001,0.9999909067728957
CUST03003,0.9999453244768829
CUST03004,0.9999906701369373
CUST03005,0.998954055318468
CUST03006,0.9999832501042946
CUST03007,0.9933517088384773
CUST03008,0.9999878844957635
CUST03009,0.9999634334695108
CUST03010,0.9999678781617382
CUST03011,0.9956860297809523
CUST03012,0.9996679901498183
CUST03013,0.9992855158363589
CUST03014,0.9998691344187571
CUST03015,0.9992676065511485
CUST03016,0.9999429703081636
CUST03017,0.9993746547800085
CUST03018,0.9999423984520902
CUST03020,0.9999863582991092
CUST03021,0.9999519743187834
CUST03022,0.9999815280866494
CUST03023,0.9999939302818451
CUST03024,0.9999857418058403
CUST03025,0.9999807615306057
CUST03026,0.9999941667935205
CUST03027,0.9990009853520009
CUST03028,0.9999831609216753
CUST03029,0.9997374052515711
CUST03031,0.9996681329662207
CUST03032,0.015639729546008625
CUST03033,0.9999463004931781
CUST03034,0.9998156677793955
CUST03035,0.9999993909163827
CUST03036,0.9998896256043736
CUST03037,0.99999048412758
CUST03038,0.2503367897241348
CUST03039,0.9999867424468457
CUST03040,0.999991083079594
CUST03041,0.9999925644865125
CUST03042,0.9995671667170015
CUST03043,0.9998682441329388
CUST03045,0.9999522904233485
CUST03046,0.9999902710837871
CUST03047,0.9999959719934565
CUST03048,0.9999935148339292
CUST03049,0.9999957261981497
CUST03050,0.7758348748974739
CUST03051,0.9998505302196363
CUST03052,0.9999929086124902
CUST03053,0.999911105071047
CUST03054,4.727720806752787e-05
CUST03055,0.9665779221303604
CUST03056,0.9998591848826577
CUST03057,0.9852530789652494
CUST03058,0.014566994223849147
CUST03059,0.9997930944338362
CUST03060,0.9981012705439
CUST03061,0.005913904851557964
CUST03062,0.9999800632671475
CUST03063,0.9999550238946849
CUST03065,0.021866324973338624
CUST03066,0.9999768257517809
CUST03067,0.9976205996365821
CUST03068,0.9999852446533909
CUST03069,0.9999399478207956
CUST03070,0.9999984649351586
CUST03071,0.9999944007947742
CUST03072,0.999859584628583
CUST03073,0.9999741149879516
CUST03074,0.9999978197705323
CUST03075,0.9999715962306615
CUST03076,0.9999725283731449
CUST03077,0.9999668755444396
CUST03079,0.9999641782468283
CUST03080,0.9999103668678209
CUST03081,0.9999963513099029
CUST03082,0.9996609184939884
CUST03084,0.9996064213260021
CUST03085,0.9928437929054699
CUST03086,0.9999985970347866
CUST03087,0.9999879123780785
CUST03088,0.9996813445368625
CUST03089,0.3616594000558158
CUST03090,0.9999927387384837
CUST03091,0.9999901961934243
CUST03092,0.9992117721939489
CUST03094,0.1639386459571528
CUST03095,0.05945920216157307
CUST03096,0.999861276698599
CUST03097,0.9977024696282731
CUST03098,0.999983291519414
CUST03099,0.9926288822293888
CUST03100,0.999750826425086
CUST03101,0.9999273742208666
CUST03102,0.02096585181053557
CUST03103,0.7009700612425854
CUST03104,0.003948777581657755
CUST03105,0.9997179148319196
CUST03106,0.9999165649900817
CUST03107,0.9999967993121888
CUST03108,0.9999883419704745
CUST03109,0.9999384637618043
CUST03110,0.999991105592771
CUST03111,0.06785469320339883
CUST03113,0.998477670722746
CUST03114,0.9999253916648849
CUST03115,0.0889810284991027
CUST03116,0.08873360457938859
CUST03117,0.9997697967405074
CUST03119,0.9992196136027076
CUST03120,0.9999988221803598
CUST03121,0.999976945260066
CUST03122,0.9996654978248054
CUST03124,0.0043048348036238224
CUST03125,0.9996875818273568
CUST03127,0.9999496071986863
CUST03128,0.994264023111412
CUST03129,0.9899278925453564
CUST03130,0.9999592986035492
CUST03131,0.9999855919530531
CUST03132,0.00018867181603571435
CUST03133,0.9999833190509204
CUST03134,0.9998075929430703
CUST03135,0.9995753462569825
CUST03136,0.9999825808549672
CUST03137,0.999990770814054
CUST03138,0.9999993324469025
CUST03140,0.9979572226680568
CUST03141,0.9994419910898655
CUST03142,0.999726657294628
CUST03143,0.9999547204902244
CUST03144,0.9998350018402397
CUST03145,0.9999943607858485
CUST03146,0.999969728749756
CUST03147,0.9962181007335411
CUST03148,0.9999963602687371
CUST03149,0.9998769318222319
CUST03150,0.998349632464665
CUST03151,0.9999708524019886
CUST03152,0.04612099320391298
CUST03153,0.9998552283672878
CUST03155,0.9924546882875731
CUST03156,0.9999829034995078
CUST03158,0.9999949472841276
CUST03159,0.9999916675866866
CUST03160,0.9991508718962488
CUST03161,0.9710974242947535
CUST03162,0.9999638585840216
CUST03163,0.9843695900142062
CUST03164,0.998931248781432
CUST03165,0.9991190444097581
CUST03166,0.9999495511192781
CUST03167,0.9999236204706863
CUST03168,0.9999814730904895
CUST03170,0.9999911295732992
CUST03171,0.9999991976204335
CUST03172,0.9999908167896787
CUST03173,0.9996581573659828
CUST03175,0.9999696434093335
CUST03176,0.9999789752233493
CUST03177,0.9618546451585145
CUST03179,0.999975257084413
CUST03180,0.9999710073860926
CUST03181,0.9999334642033245
CUST03183,0.9999196774079245
CUST03184,0.9999771258514448
CUST03185,0.9998749633080034
CUST03186,0.9072973606101378
CUST03187,0.9986308843710208
CUST03188,0.9965100020286782
CUST03189,0.9999987221134107
CUST03190,0.9999124492872733
CUST03191,0.9999431212160156
CUST03192,0.9999809500420406
CUST03193,0.9998250798242851
CUST03194,0.9999397419164843
CUST03195,0.9997367820916551
CUST03196,0.02101330659583469
CUST03197,0.9999920184466928
CUST03198,0.9999975624824669
CUST03199,0.9998698431725646
CUST03200,0.999895645316655
CUST03201,0.9999964948305339
CUST03203,0.9998455853674298
CUST03204,0.9999890779822441
CUST03205,0.9999416918511872
CUST03206,0.9998949405737937
CUST03207,0.9996426808680824
CUST03208,0.9999769867605576
CUST03209,0.9999613184315838
CUST03210,0.9975704117383052
CUST03211,0.9999954778442653
CUST03212,0.9994859706032468
CUST03213,0.9998925434650087
CUST03215,0.9999905965147833
CUST03217,0.9910620840413189
CUST03218,0.9999394181967584
CUST03220,0.9982372432411929
CUST03221,0.9999979360831542
CUST03222,0.9997682355118702
CUST03223,0.9999251319994674
CUST03224,0.9999734502219275
CUST03225,0.9997082174678138
CUST03227,0.9996022132921393
CUST03228,0.9999649078309747
CUST03229,0.9990374539040533
CUST03230,0.9999933046087823
CUST03231,0.0018001834679775353
CUST03232,0.9999815804619142
CUST03233,0.9996489614365152
CUST03234,0.9999638924401174
CUST03235,0.998354764281479
CUST03236,0.9999732153320031
CUST03237,0.9998348964157948
CUST03238,0.9999640198397607
CUST03239,0.9999004909659519
CUST03240,0.999958992377907
CUST03241,0.9999600057271765
CUST03242,0.9999717334649781
CUST03243,0.9460235380753547
CUST03244,0.9999780847640941
CUST03246,0.9999395333075705
CUST03247,0.9998661725730291
CUST03249,0.9999668727735325
CUST03250,0.998774295223046
CUST03251,0.9955795069611163
CUST03252,0.49178774871262737
CUST03253,0.9999882617482985
CUST03254,0.999967180741858
CUST03255,0.9999956100006706
CUST03256,0.9999864531016502
CUST03257,0.9977609869948618
CUST03258,0.9999783722242453
CUST03259,0.9992191162789209
CUST03260,0.9966398658996665
CUST03261,0.999943084951199
CUST03263,0.9998767717615213
CUST03264,0.9999803661234913
CUST03266,0.9999518107089729
CUST03267,0.9999782151825563
CUST03268,0.9999966307735862
CUST03270,0.9995395585765655
CUST03271,0.9997961545382349
CUST03272,0.9999254662354711
CUST03273,0.993658274339592
CUST03274,0.9998053377895894
CUST03275,0.9984269774365774
CUST03276,0.9994307119120686
CUST03277,0.9964564180709519
CUST03279,0.9999377903321746
CUST03280,0.9999643681322476
CUST03281,0.9999805558094689
CUST03282,0.9999208996517067
CUST03283,0.9999858969472732
CUST03284,0.9195179268033179
CUST03285,0.999984792104749
CUST03287,0.99997472354293
CUST03289,0.999975981597706
CUST03290,0.9751844784089854
CUST03291,0.9998236187175722
CUST03292,0.9999930307192954
CUST03293,0.9995532845609403
CUST03295,0.9996642768361719
CUST03296,0.9999639192599937
CUST03297,0.9999987621719731
CUST03298,0.9997797933686154
CUST03299,0.9998384465451223
CUST03300,0.9999503044141032
CUST03301,0.9987724697968831
CUST03302,0.9988974431887878
CUST03303,0.019032140333344712
CUST03304,0.9999298968531479
CUST03305,0.015035083730320226
CUST03306,0.9999932431206342
CUST03308,0.9998797903306101
CUST03309,0.9994120745129991
CUST03310,0.9999844200166167
CUST03311,0.9998915062278798
CUST03312,0.9999664522588773
CUST03314,0.9998522021000472
CUST03316,0.9999947420210061
CUST03317,0.06427602534548899
CUST03318,0.9999757660105237
CUST03319,0.9958014082269082
CUST03320,0.9999884290906275
CUST03321,0.9999857474529339
CUST03322,0.999858592535537
CUST03323,0.9366447562786027
CUST03324,0.9997653103647823
CUST03325,0.9999349760826661
CUST03326,0.9999976303699839
CUST03327,0.9998895082748983
CUST03328,0.9975957050099196
CUST03329,0.9996256098126057
CUST03330,0.9999417608680867
CUST03331,0.9998733860915553
CUST03332,0.9999915116989457
CUST03333,0.9966091620450993
CUST03335,0.9978468665763145
CUST03336,0.999995330908449
CUST03337,0.9999121370486801
CUST03338,0.9996818279984719
CUST03339,0.9999750534654661
CUST03340,0.9988993240494656
CUST03341,0.9872146527209982
CUST03342,0.9999805124420987
CUST03343,0.9969925676673855
CUST03344,0.9994436541100995
CUST03345,0.9999838432712473
CUST03346,0.999976548488362
CUST03347,0.9999614130929048
CUST03348,0.999995078304455
CUST03349,0.9999253519521109
CUST03350,0.8726063291602294
CUST03351,0.9946123029499327
CUST03352,0.9999789854172864
CUST03353,0.9463276294487886
CUST03354,0.9777703967388416
CUST03355,0.9998893286264664
CUST03356,0.9989345584985638
CUST03357,0.9997195474219444
CUST03358,0.9999237391539022
CUST03359,0.9996010144491914
CUST03360,0.999511459913326
CUST03361,0.9998431896851407
CUST03362,0.9984491263213473
CUST03363,0.9458027300363215
CUST03364,0.9968833728481493
CUST03365,0.9999889372077899
CUST03366,0.9999922242729059
CUST03367,0.9999944047317311
CUST03369,0.9999722933396452
CUST03370,0.0023475235445793025
CUST03371,0.04215900485440025
CUST03372,0.9999691749915006
CUST03373,0.9994263914072651
CUST03374,0.9996732668593369
CUST03375,0.99989355628271
CUST03376,0.9998290732016036
CUST03377,0.9988382270774196
CUST03378,0.9998408421161158
CUST03380,0.9999657354988293
CUST03381,0.9999365648255881
CUST03382,0.9997232364645988
CUST03383,0.99996604773476
CUST03384,0.9982001680044009
CUST03385,0.9996498916435486
CUST03386,0.9953659348581144
CUST03388,0.9989353703489708
CUST03389,0.9999157624316796
CUST03390,0.99834611581579
CUST03391,0.9999388675530277
CUST03392,0.9999037948771623
CUST03393,0.9999798529752509
CUST03395,0.9966345275036398
CUST03396,0.9998823220151117
CUST03397,0.9998783903422617
CUST03398,0.9998817648312635
CUST03399,0.9999931123754736
CUST03400,0.999702760396659
CUST03401,0.9999952589965401
CUST03402,0.9999305829764736
CUST03405,0.9827421277790458
CUST03406,0.9998109738187738
CUST03407,0.9999575569023114
CUST03408,0.9999953481469988
CUST03409,0.9999443415026879
CUST03410,0.9961728391245026
CUST03411,0.9999904136398137
CUST03412,0.9771607562703142
CUST03413,0.9999930181688623
CUST03415,0.9986076270771903
CUST03416,0.9999882188374483
CUST03417,0.9998810583768769
CUST03418,0.9999867603236439
CUST03419,0.9999820596956652
CUST03420,0.9999859496764701
CUST03421,0.9996985720959953
CUST03422,0.9999870571095953
CUST03425,0.9998456065450976
CUST03426,0.999989591597384
CUST03427,0.9999988117806246
CUST03428,0.9998272859297653
CUST03429,0.9999910399712114
CUST03430,0.07291575882958014
CUST03431,0.9999733174519958
CUST03432,0.0007023037317624537
CUST03434,0.996444854382154
CUST03435,0.9999803263527273
CUST03437,0.9998141025562104
CUST03438,0.999994067741488
CUST03439,0.9999580160053266
CUST03440,0.9974507884198777
CUST03441,0.9999401036930409
CUST03442,0.9999674087433058
CUST03443,0.9999289971912084
CUST03444,0.0013085156269270872
CUST03445,0.9999389011237061
CUST03446,0.9998130411074806
CUST03447,0.9999078887842832
CUST03448,0.9999964959885219
CUST03449,0.9999633049697925
CUST03450,0.9990338540665733
CUST03451,0.9999931044590316
CUST03452,0.9952447464255919
CUST03453,0.999986560085121
CUST03454,0.997286722697676
CUST03455,0.9999849980522283
CUST03456,0.9999816751347544
CUST03457,0.999974078689346
CUST03458,0.9999498560485638
CUST03459,0.9999480433656855
CUST03460,0.999525782851771
CUST03461,0.9994870237171559
CUST03462,0.9991729055516447
CUST03463,0.9994718546787824
CUST03464,0.06203537201586065
CUST03465,0.999978472539367
CUST03466,0.9999851306009718
CUST03467,0.9999082455648288
CUST03468,0.9746179889050213
CUST03469,0.9999894428239716
CUST03470,0.9995709566597508
CUST03471,0.9999963006962581
CUST03473,0.12215547997224993
CUST03474,0.9999213601866662
CUST03476,0.9996510042043676
CUST03477,1.779998673660153e-07
CUST03478,0.9999416767341711
CUST03479,0.9964333234017285
CUST03480,0.9995548695758001
CUST03481,0.9994383325440249
CUST03482,0.9968644692294515
CUST03483,0.9998316739090439
CUST03485,0.9999127744379817
CUST03486,0.9869321356206726
CUST03487,0.9993007990511703
CUST03488,0.9997693343678927
CUST03489,0.9998454002642032
CUST03490,0.9999620364378906
CUST03491,0.9999829362391108
CUST03492,0.9997813857935256
CUST03493,0.004278239100565474
CUST03494,0.9999535535172842
CUST03495,0.9999723457933611
CUST03496,0.9997904957071282
CUST03497,0.9999443828907315
CUST03498,0.9994844029288074
CUST03499,0.999847142324439
CUST03500,0.005289105581759332
CUST03501,0.19938583552998887
CUST03502,0.9985841800820011
CUST03503,0.9987746386219032
CUST03504,0.9999904476920853
CUST03505,0.9999833038764756
CUST03506,0.9999942001728073
CUST03507,0.9999644902481836
CUST03508,0.036088465367711216
CUST03509,0.9988139365800844
CUST03510,0.9999928843588765
CUST03511,0.9992936247141012
CUST03512,0.9908091689209351
CUST03513,0.9999798858728809
CUST03514,0.2181797761126542
CUST03515,0.9992509836176869
CUST03516,0.9999968411409104
CUST03517,0.9999972801044743
CUST03518,0.9999642332221149
CUST03519,0.9997993914300028
CUST03520,0.9999758588688419
CUST03521,0.999998503973717
CUST03522,0.9999513275974369
CUST03523,0.9989354156179476
CUST03524,0.9998048244852569
CUST03525,0.9974103142846908
CUST03526,0.9999973550746243
CUST03527,0.9999193745867793
CUST03528,0.9999996242518514
CUST03529,0.9976397255060706
CUST03530,0.9974383600924966
CUST03531,0.999987346415449
CUST03532,0.9957000608096547
CUST03533,0.9999749697785605
CUST03534,0.9975674806120589
CUST03535,0.9999781182996935
CUST03536,0.9995184236112671
CUST03537,0.9995725482765035
CUST03538,0.9996520101479875
CUST03539,0.9997067998835114
CUST03540,0.9999295245820782
CUST03541,0.9999700529975172
CUST03544,0.9976324283509949
CUST03545,0.9999909824152233
CUST03546,0.999946718360088
CUST03547,0.9999595945557361
CUST03548,0.04407213291883222
CUST03549,0.9824354397913404
CUST03550,0.9997071112101743
CUST03551,0.9999112571580744
CUST03552,0.9994302489292748
CUST03553,0.9999917925631014
CUST03554,0.9999760917728902
CUST03555,0.9999712463411989
CUST03556,0.9999896807683167
CUST03557,0.9999896061268952
CUST03558,0.9999513897589916
CUST03559,0.9999969288262761
CUST03560,0.999996857604135
CUST03561,0.9997328554444695
CUST03562,0.9999916157137194
CUST03563,0.9999986578292746
CUST03564,0.9999188001240914
CUST03565,0.999980676686668
CUST03566,0.0009979315918674514
CUST03567,0.9998895385182412
CUST03568,0.9999575707441426
CUST03569,0.9999979988557519
CUST03570,0.9999970835831983
CUST03572,0.9999502202571835
CUST03573,0.9999081312282132
CUST03574,0.995659830473211
CUST03575,0.9999702662223539
CUST03576,0.9941429379691173
CUST03577,0.9999913757888357
CUST03578,0.9998381302550731
CUST03579,0.9990085228523349
CUST03580,0.9995821101910806
CUST03581,5.512372499313161e-06
CUST03582,0.9968495653869593
CUST03583,0.9999375448136435
CUST03584,0.9999911550850855
CUST03585,0.9998398782380579
CUST03586,0.9999914369403368
CUST03587,0.9995702288593298
CUST03588,0.9982759797879577
CUST03589,0.9998720697221656
CUST03590,0.2293076940403233
CUST03591,0.9988108986130495
CUST03592,0.9999065691639577
CUST03593,0.6928409126403797
CUST03594,0.9999419280801499
CUST03595,0.9999894935901602
CUST03596,0.9935869257186977
CUST03597,0.9995483865691621
CUST03598,0.9999244401927517
CUST03599,0.9999658758839557
CUST03600,0.999992537287765
CUST03601,0.9999946166277802
CUST03602,0.8142507779552013
CUST03603,0.9999508519907497
CUST03604,0.9999969878865992
CUST03605,0.9994747356703132
CUST03606,0.9999787375084074
CUST03607,0.9999599671159778
CUST03608,0.9979180225742065
CUST03609,0.9998476546362094
CUST03610,0.9999708788014263
CUST03611,0.9993679046833407
CUST03612,0.9999546652543794
CUST03613,0.9999939057712177
CUST03614,0.9998792315205937
CUST03615,0.9992650746063797
CUST03616,0.9945435393569888
CUST03617,0.9999975785391164
CUST03618,0.9986518198913437
CUST03619,0.9989780404931131
CUST03620,0.9999389710275389
CUST03621,0.9999914067710254
CUST03622,0.9996596582573296
CUST03623,0.9999828334791709
CUST03624,0.9997320724117512
CUST03625,0.9999914583555232
CUST03626,0.9999835348994395
CUST03627,0.9993478194353013
CUST03628,0.9986385392595073
CUST03629,0.9997919673144903
CUST03630,0.999971030383657
CUST03631,0.9979819288187514
CUST03633,0.9999252596775677
CUST03634,0.9999927380947161
CUST03635,0.9999822119380856
CUST03636,0.9999792549827184
CUST03637,0.9999724219633467
CUST03638,0.9996891968337531
CUST03639,0.9990498105638157
CUST03641,0.9988347910748689
CUST03642,0.9945986414966311
CUST03643,0.9999970345480215
CUST03644,0.9995840715360674
CUST03645,0.99999070037396
CUST03647,0.9999071568112964
CUST03648,0.0003263720417289646
CUST03649,0.9999413124631998
CUST03650,0.9997880071509458
CUST03651,0.9978068196638991
CUST03652,0.9997923301572688
CUST03653,0.998523396635219
CUST03654,0.9968029485001194
CUST03655,0.9984670416024864
CUST03656,0.9999715394580003
CUST03657,0.9999578504491358
CUST03658,0.9999178592524158
CUST03659,0.9999919066168554
CUST03660,0.9999792315495509
CUST03661,0.9999965470416085
CUST03662,0.9998325501521667
CUST03663,0.9998968306193945
CUST03665,0.9999388776701752
CUST03666,0.9963044103585753
CUST03667,0.9998395346678375
CUST03668,0.9986794321936768
CUST03669,0.9995718970566531
CUST03670,0.9997004420192633
CUST03671,0.9999818937568274
CUST03672,0.9999104465979441
CUST03673,0.9999815736253752
CUST03674,0.9982199765928343
CUST03675,0.2379044275940314
CUST03676,0.9999632268612714
CUST03677,0.9999801891848062
CUST03678,0.9999524214777574
CUST03679,0.9998253074799933
CUST03680,0.9998841874485468
CUST03681,0.9998951459985326
CUST03682,0.9961411090790987
CUST03683,0.9999848677790414
CUST03684,0.9999332375959569
CUST03685,0.5901731215478886
CUST03686,0.999966796096778
CUST03687,0.9996599487296146
CUST03688,0.9999657403239083
CUST03689,0.9100074209911536
CUST03690,0.9999766229329147
CUST03691,0.9999926981040393
CUST03692,0.9999602407655616
CUST03693,0.9999962341209104
CUST03695,0.9999669740711649
CUST03697,0.9997277341491101
CUST03698,0.999979863336411
CUST03699,0.9999625086714398
CUST03700,0.9994325138028701
CUST03701,0.9999781697106673
CUST03703,0.9999650179050295
CUST03704,0.9998441764864818
CUST03705,0.9999964132889184
CUST03706,0.9867987781186889
CUST03707,0.9999247674529723
CUST03708,0.9939925078560338
CUST03709,0.9942805857042532
CUST03710,0.9999998476630242
CUST03711,0.9719043313110751
CUST03712,0.999988962662243
CUST03713,0.9989393246997379
CUST03714,0.019450441762726433
CUST03715,0.9999193568514027
CUST03716,0.998572855132892
CUST03717,0.9999946334881187
CUST03718,0.983269704549675
CUST03719,0.9996245262085252
CUST03720,0.9998831711584709
CUST03721,0.9995239365635975
CUST03723,0.9999168267792717
CUST03724,0.9992086034728135
CUST03725,0.9999728887561715
CUST03726,0.9999809354572826
CUST03727,0.9998646965498817
CUST03728,0.999842597641744
CUST03729,0.9999263400842209
CUST03730,0.9943632726177638
CUST03731,0.9999806405609801
CUST03732,0.9999382640694392
CUST03733,0.9970696771535558
CUST03734,0.9999515945793963
CUST03735,0.9976563572560981
CUST03736,0.9999752405058996
CUST03737,0.9998821263814094
CUST03738,0.9995424639204179
CUST03739,0.9999814209803225
CUST03740,0.9999916110131546
CUST03741,0.9999636586585088
CUST03742,0.9998929288065757
CUST03743,0.9997144991734659
CUST03744,0.9995602860564088
CUST03745,0.9999617921403173
CUST03746,0.9954896767116135
CUST03747,0.9999501409670815
CUST03748,0.999996423662566
CUST03749,0.9998918939025679
CUST03750,0.9989626477221948
CUST03752,0.9999663049724525
CUST03753,0.9999869169991557
CUST03754,0.9999302635300517
CUST03755,0.9999926210410607
CUST03756,0.00868678060902988
CUST03757,0.9999886343332137
CUST03758,0.9998969518011706
CUST03759,0.9999911531574909
CUST03760,0.9999610014892826
CUST03761,0.9999820324056445
CUST03764,0.9999834883261314
CUST03765,0.9999594115642026
CUST03766,0.9999478003073293
CUST03767,0.9999774717697073
CUST03768,0.9998893082511021
CUST03769,0.8996158399513924
CUST03771,0.9999976354720396
CUST03772,0.9998627398517507
CUST03773,0.9999220925032919
CUST03774,0.9999446862427238
CUST03775,0.9892478928615165
CUST03776,0.999989523493844
CUST03777,0.9999761130613697
CUST03778,0.9757250852067912
CUST03779,0.9999184276895181
CUST03780,0.99696019253284
CUST03781,0.0020254915534482997
CUST03782,0.999929134164353
CUST03783,0.9997063798383871
CUST03784,0.9997074029095074
CUST03785,0.9998877298776124
CUST03786,0.999980542423534
CUST03787,0.9992630448973081
CUST03788,0.9996832855442408
CUST03789,0.9998155416807032
CUST03790,0.9997627126989345
CUST03791,0.9998100616843919
CUST03792,0.9999244313659734
CUST03793,0.9984690514015937
CUST03794,0.99988275673981
CUST03795,0.9998836846124927
CUST03796,0.9999890434861308
CUST03797,0.9997349614750817
CUST03798,0.9999438860326888
CUST03800,0.9999971471630508
CUST03801,0.9998446648963688
CUST03802,0.9997216790223543
CUST03803,0.9999800626561197
CUST03804,0.9999283729105629
CUST03805,0.999947818319118
CUST03807,0.9999851682000562
CUST03808,0.9999437191777703
CUST03809,0.9997156971184675
CUST03810,0.996683169690986
CUST03811,0.9418492449340149
CUST03812,0.9997104558735374
CUST03813,0.985769681434512
CUST03814,0.02571700814656117
CUST03815,0.9996134312688455
CUST03816,0.00073156846455167
CUST03817,0.09176613501656475
CUST03818,0.9945957717223571
CUST03819,0.9999617528586755
CUST03820,0.9999552748955074
CUST03821,0.9999791377296745
CUST03822,0.9999946342653362
CUST03823,0.010530653413289216
CUST03824,0.9999972359906518
CUST03825,0.9995442210663037
CUST03826,0.9997493108834092
CUST03827,0.9976934598545697
CUST03828,0.9999307311582165
CUST03829,0.9960582271122531
CUST03830,0.9999902872109208
CUST03832,0.9999805862264045
CUST03833,0.9998895297508242
CUST03834,0.9996885308245084
CUST03835,0.9997216733646997
CUST03836,0.9996644867968424
CUST03837,0.9999749642896637
CUST03838,0.014229150633101751
CUST03839,0.9997368743579741
CUST03840,0.9998306237908862
CUST03841,0.999952627596646
CUST03842,0.9956145565909523
CUST03843,0.9999845754850997
CUST03844,0.9996233066410504
CUST03845,0.9999965377308273
CUST03846,0.9999927457631981
CUST03847,0.9669207370477544
CUST03848,0.9996100484575311
CUST03849,0.9999202510601835
CUST03850,0.9999453186119563
CUST03851,0.9999977137041869
CUST03853,0.99994824194964
CUST03854,0.9999543478121512
CUST03855,0.9901899510446718
CUST03856,0.9961626799907899
CUST03857,0.9996050310877707
CUST03858,0.999928151915855
CUST03859,0.9999655702181584
CUST03860,0.9996594956297877
CUST03861,0.9999755318214587
CUST03862,0.9999051759678971
CUST03863,0.9999943487386238
CUST03864,1.5983169958794152e-05
CUST03865,0.9994612990406245
CUST03866,0.999986154218565
CUST03867,0.9999761597593987
CUST03868,0.9996035968923666
CUST03869,0.9999901227004799
CUST03870,0.999940526249999
CUST03871,0.9998351012370991
CUST03872,0.9990774999803735
CUST03873,0.9998260572026207
CUST03874,0.9998103639839527
CUST03876,0.9999452949810167
CUST03877,0.9999894264274748
CUST03878,0.9999935264488093
CUST03879,0.9999434191460969
CUST03880,0.9999945514579501
CUST03881,0.9988217659484383
CUST03882,0.9999964154426724
CUST03883,0.9999929319344641
CUST03884,0.9999214336018666
CUST03885,0.9999951075883479
CUST03886,0.010300347570570637
CUST03887,0.02168660372990428
CUST03888,0.9999800644702393
CUST03889,0.9665360606467986
CUST03890,0.956732870487542
CUST03891,0.9999708398743087
CUST03892,0.9997201988782047
CUST03893,0.9999197541344187
CUST03894,0.9999648663451618
CUST03895,0.9999217924409826
CUST03896,0.9999883379675663
CUST03897,0.9999967630709795
CUST03898,0.9999427450546612
CUST03899,0.9998135871174579
CUST03900,0.9993433510140612
CUST03901,0.9999951895368625
CUST03902,0.9999895392191591
CUST03903,0.9999951644770113
CUST03904,0.9999658666168917
CUST03905,0.9999289096389025
CUST03906,0.9999914126490932
CUST03907,0.9989164261864888
CUST03908,0.9999758436411995
CUST03909,0.9996829642686966
CUST03910,0.9963437555657346
CUST03911,0.9999492611912156
CUST03912,0.9996173933240001
CUST03913,0.9999928979587184
CUST03914,0.9999853845810494
CUST03915,0.9999210576271486
CUST03916,0.0041988081419740975
CUST03917,0.9999974844047526
CUST03918,0.99997601426778
CUST03919,0.9900092963878785
CUST03920,0.9999948822065121
CUST03921,0.9999966475200496
CUST03922,0.9759386752384211
CUST03923,0.9999413883426808
CUST03924,0.9996485112696426
CUST03925,0.9810106587837438
CUST03926,0.9813201167539245
CUST03927,0.9999607439910875
CUST03928,0.02150572316177373
CUST03929,0.9993237831888916
CUST03930,0.9999921737288766
CUST03931,0.9999273821992463
CUST03932,0.999843507342035
CUST03933,0.00034700240228866794
CUST03934,0.9999670536054998
CUST03936,0.9999952488283848
CUST03937,0.9998851712835718
CUST03938,0.9998985124442423
CUST03939,0.9982183422851665
CUST03940,0.6947140124599439
CUST03941,0.9598279705183684
CUST03942,0.9996232666962848
CUST03943,0.01201909624700401
CUST03944,0.009857026832553106
CUST03945,0.9739304204408
CUST03946,0.9999281106297807
CUST03947,0.99999056020497
CUST03948,0.9998691702665471
CUST03949,0.9999944651852983
CUST03950,0.9937806482552843
CUST03951,0.9992823982090521
CUST03952,0.9999416418723395
CUST03953,0.999951079071728
CUST03954,0.9999647773254652
CUST03955,0.9998209102557107
CUST03956,0.999854389833107
CUST03957,0.9998155255264211
CUST03958,0.9999780447903323
CUST03959,0.9999129205282711
CUST03960,0.9995183954004092
CUST03961,0.9881809896424303
CUST03962,0.9993533004933701
CUST03963,0.9999603014898085
CUST03964,0.9992552898946251
CUST03965,0.9999809577016842
CUST03966,0.9999820766147314
CUST03967,0.9999964124800043
CUST03968,0.9999880777168295
CUST03969,0.9999150881980825
CUST03970,0.9999340146523693
CUST03971,0.9999980862364958
CUST03972,0.9999906991429244
CUST03973,0.999970309678425
CUST03974,0.999656235153394
CUST03975,0.9999564813124286
CUST03976,0.9998492578204796
CUST03977,0.18700726326387923
CUST03978,0.9999347567947975
CUST03979,0.9994996268137032
CUST03980,0.9994765532130949
CUST03981,0.9999167735748522
CUST03982,0.9999970900705233
CUST03983,6.347227328716229e-19
CUST03984,0.9998657155216671
CUST03985,0.9998666451629837
CUST03986,0.9985528048268042
CUST03987,0.999891986232154
CUST03988,0.9999962205728934
CUST03989,0.9993627185334009
CUST03990,0.9999893311436606
CUST03991,0.9999889142509794
CUST03992,0.9910715530688964
CUST03993,0.9915520606184051
CUST03994,0.9999083637472027
CUST03995,0.9998145206798552
CUST03997,0.9999871678266389
CUST03998,0.9999930555936852
CUST03999,0.9999290703455147
CUST04000,0.9999830090727658
CUST04001,0.9999742615413855
CUST04002,0.9999120107998398
CUST04003,0.9999777841669041
CUST04004,0.058111619947572746
CUST04005,0.007090048385518759
CUST04006,0.9998958160024733
CUST04007,0.9726080777859134
CUST04008,0.9999842567061809
CUST04009,0.9979514836661509
CUST04010,0.9970114571752989
CUST04011,0.9999986990932349
CUST04012,0.9984255033743461
CUST04013,0.9999980401574807
CUST04014,0.9999179346520364
CUST04015,0.9999523178270454
CUST04016,0.9999904390171992
CUST04017,0.9999775587756083
CUST04018,0.9996377302844757
CUST04019,0.999744674874225
CUST04020,0.995301626185986
CUST04023,0.9996122643703838
CUST04024,0.9993796112297629
CUST04025,0.9999895189281981
CUST04026,0.9999610804958743
CUST04027,0.978412249310894
CUST04028,0.9993067738554536
CUST04029,0.999963304344876
CUST04030,0.999621471439468
CUST04031,0.9999886243129458
CUST04032,0.9998997782940776
CUST04033,0.999947585864305
CUST04034,0.9997280702698996
CUST04035,0.9998027194438143
CUST04037,0.9999062939341858
CUST04039,0.9985317042594021
CUST04040,0.9999807044867831
CUST04041,0.9998574380737759
CUST04042,0.9998380558050285
CUST04043,0.9999412139419347
CUST04044,0.9999962528464093
CUST04045,0.9999760745586596
CUST04046,0.9999918960878758
CUST04047,0.9999792446515827
CUST04048,0.1384730479949857
CUST04049,0.9999960346431256
CUST04050,0.99440513683422
CUST04051,0.0043441406113970404
CUST04052,0.9998629047706322
CUST04053,0.9997151153073124
CUST04054,0.9998068182104631
CUST04055,0.9999307378221672
CUST04056,0.040046257314699664
CUST04057,0.9999978856752327
CUST04058,0.9999103003750097
CUST04059,0.9975331393080361
CUST04060,0.9999543725182719
CUST04062,0.9998250457884089
CUST04063,0.9999942247292257
CUST04064,0.999736193445111
CUST04065,0.9994670938529403
CUST04067,0.9996023914713973
CUST04068,0.9999809926821672
CUST04069,0.9269203870559101
CUST04070,0.999787593061172
CUST04071,0.9999781733691013
CUST04072,0.9999997029180389
CUST04073,0.9999824488667032
CUST04074,0.05729430706128502
CUST04076,0.9996717437103934
CUST04077,0.999781576914334
CUST04078,0.999959402271754
CUST04079,0.9997510770907851
CUST04080,0.9999927780643456
CUST04082,0.03294946773686618
CUST04083,0.9880481991088237
CUST04084,0.9987750492897239
CUST04085,0.9999899029853171
CUST04086,0.9999740291220633
CUST04087,0.9999953656108822
CUST04088,0.9999690446142525
CUST04089,0.999857199123649
CUST04090,0.9999977300664168
CUST04091,0.047701796480319636
CUST04092,0.9994860971725364
CUST04093,0.9996844373502412
CUST04095,0.9999857345473634
CUST04096,0.9999837414157782
CUST04097,0.9999897555697113
CUST04099,0.9994669566871338
CUST04101,0.9999772401937876
CUST04102,0.99998203108154
CUST04103,0.9999569061674725
CUST04104,0.9999508827175302
CUST04105,0.999723120802227
CUST04106,0.9999851303323654
CUST04107,0.9998453894230618
CUST04108,0.9998291326193898
CUST04109,0.9997914030345433
CUST04110,0.9990331569010636
CUST04111,0.9999921788142873
CUST04112,0.9999636421050826
CUST04113,0.9999986488087108
CUST04115,0.9746457616964449
CUST04116,0.9994364829849757
CUST04117,0.9999980405914765
CUST04118,0.9999834698850245
CUST04119,0.9998038002291545
CUST04120,0.9999644484467134
CUST04121,0.9998045830248049
CUST04123,0.9999920042698249
CUST04124,0.9999251297378366
CUST04125,0.9999845318478376
CUST04126,0.9999742374459523
CUST04127,0.999945996026835
CUST04128,0.999965668386347
CUST04129,0.9999123219503357
CUST04130,0.9999880632748188
CUST04131,1.5540441488973438e-05
CUST04132,0.9984085267799157
CUST04134,0.9995611545023424
CUST04135,0.9999832804357304
CUST04136,0.9995357399828569
CUST04138,0.9999965404557422
CUST04139,0.999998689634249
CUST04140,0.9999920322809389
CUST04141,0.9999754670519272
CUST04142,0.9999981073828663
CUST04143,0.9997694142914008
CUST04144,0.9723364400951255
CUST04145,0.999985719390348
CUST04146,0.9999659205041049
CUST04147,0.9999049730052119
CUST04148,0.9997037729702486
CUST04149,0.9998604344943942
CUST04150,0.9997438410296767
CUST04151,0.999977342804594
CUST04152,0.9999956329963958
CUST04153,0.9999863272563185
CUST04154,0.999690511335931
CUST04155,0.9990205165470786
CUST04156,0.9963957500127671
CUST04158,0.9999745663878664
CUST04159,0.9997675657711128
CUST04160,0.9999902523349072
CUST04161,0.9999428229593611
CUST04162,0.9999355154446666
CUST04163,0.9999327420514226
CUST04164,0.9998854414488806
CUST04165,0.9999076123328519
CUST04166,0.9999169912018151
CUST04167,0.9999484141169688
CUST04168,0.9999847855905573
CUST04169,0.9999933731611976
CUST04170,0.9999578065138541
CUST04171,0.9999264718013418
CUST04172,0.9253441863309738
CUST04173,0.9997703165927553
CUST04174,0.9998974437256403
CUST04175,0.9999965994037514
CUST04176,0.9998837200302974
CUST04177,0.988290974167422
CUST04179,0.9999751687378337
CUST04180,0.9842021620999862
CUST04181,0.9999881759890837
CUST04182,0.9999834601795113
CUST04183,0.9999815427872623
CUST04184,0.9997037671629448
CUST04186,0.9998947199419636
CUST04187,0.9999761799939656
CUST04188,0.9999951607525388
CUST04189,0.9992495085931901
CUST04190,0.999942581343782
CUST04191,0.002369640080381657
CUST04192,0.9999963160355237
CUST04193,0.9865401627606244
CUST04194,0.9984687693294636
CUST04195,0.9999737839707232
CUST04197,0.9995077794309131
CUST04199,0.9999743302373519
CUST04200,0.9976148217931429
CUST04201,0.9999955757901915
CUST04202,0.9960887669495421
CUST04203,0.9999824946258624
CUST04204,0.9998557502415962
CUST04205,0.9229006825656265
CUST04206,0.9593942877447599
CUST04207,0.9999944405328861
CUST04208,0.9999493104755968
CUST04209,0.9999975447267658
CUST04210,0.9998375735593347
CUST04211,7.661793691546553e-05
CUST04212,0.9996684202176559
CUST04213,0.9998776483618914
CUST04214,0.9999833561838983
CUST04215,0.9997839473906958
CUST04216,0.9999989823434754
CUST04217,0.9992284060912506
CUST04218,0.08168895764131615
CUST04219,0.9998984612138792
CUST04222,0.999899530202496
CUST04223,0.004701520044154325
CUST04224,0.9966794760578743
CUST04225,0.9999763116796281
CUST04226,0.9996727620411623
CUST04227,0.9898693790120847
CUST04229,0.9999974311042318
CUST04230,0.9982973204700155
CUST04231,0.999972896007177
CUST04232,0.9954677448636774
CUST04233,0.996487778936464
CUST04234,0.9999128354179885
CUST04235,0.9912523975964723
CUST04236,0.9993756628894925
CUST04237,0.9997379087444727
CUST04239,0.999641507652697
CUST04240,0.9999804182442958
CUST04241,0.9999589900784593
CUST04242,0.9959929157736028
CUST04243,0.027854504094532218
CUST04244,0.9999924568468159
CUST04245,0.997835545546396
CUST04246,0.9999285048390887
CUST04248,0.9995961356587532
CUST04249,0.9999593256213177
CUST04250,0.9999902184538537
CUST04251,0.9998623363734618
CUST04252,0.9999118853955272
CUST04253,0.9997416472797016
CUST04254,0.9999971813366612
CUST04255,0.999353601761261
CUST04256,0.9999929583159255
CUST04257,0.9958583588178966
CUST04258,0.9914835231933686
CUST04259,0.9477254350974296
CUST04260,0.9997335586705749
CUST04262,0.9999863208448692
CUST04263,0.9999028379127164
CUST04264,0.9999736389645173
CUST04265,0.9999949807508373
CUST04266,0.9798497034714473
CUST04267,0.9999906973995565
CUST04269,0.9999970098782736
CUST04270,0.01632746615161592
CUST04271,0.9992558994530985
CUST04272,0.9997325861330734
CUST04273,0.2566011248247428
CUST04274,0.9999311405880648
CUST04275,0.999984745632052
CUST04276,0.9999912776235433
CUST04277,0.999975848268711
CUST04278,0.9996994536264308
CUST04279,0.9999903455353497
CUST04280,0.9998519699531038
CUST04281,0.9987350252049526
CUST04282,0.9999924902410708
CUST04283,0.9999864479001127
CUST04285,0.9999669141813081
CUST04286,0.9854253870605713
CUST04287,0.9940725553655325
CUST04288,0.9999985582123823
CUST04289,0.9287994138647677
CUST04290,0.9999720799056376
CUST04291,0.9999927109156025
CUST04292,0.9999723802525184
CUST04293,0.999961555848624
CUST04294,0.9610107990143342
CUST04295,0.9999799723717665
CUST04296,0.9927613478201353
CUST04297,0.9964365891723269
CUST04298,0.02886231129927921
CUST04299,0.9999951430809797
CUST04300,0.9997604745600066
CUST04301,0.9980504716360963
CUST04302,0.9466583120956678
CUST04303,0.9999848563965806
CUST04305,0.9369710499463824
CUST04306,0.9999440926827893
CUST04307,0.9998974594893932
CUST04308,0.9999753455305883
CUST04309,0.9999920197928771
CUST04310,0.9997581839869589
CUST04311,0.9999551749713053
CUST04312,0.9999241238062438
CUST04314,0.9768313346258048
CUST04315,0.9999048373738937
CUST04316,0.9999986553630368
CUST04317,0.9999184756192945
CUST04318,0.9999485398822809
CUST04319,0.0007895346603004865
CUST04320,0.9999891246883384
CUST04321,0.9997944510773572
CUST04322,0.0019837221308876426
CUST04323,0.9999790591184834
CUST04324,0.9995156228885514
CUST04325,0.9893149094318302
CUST04326,0.9998925885363054
CUST04327,0.9945963466715433
CUST04328,0.9999986984049558
CUST04329,0.9996644879262387
CUST04330,0.9999198111287954
CUST04331,0.999461012849
CUST04332,0.9997609562640958
CUST04334,0.9997777552611412
CUST04335,0.9999159973165241
CUST04336,0.9998890633296779
CUST04337,0.99998847707223
CUST04339,6.744454063155112e-11
CUST04340,0.998674673937676
CUST04341,0.9998100361585406
CUST04342,0.9999152215954813
CUST04343,0.9999863557718163
CUST04344,0.9997781378142686
CUST04345,0.9998735946295068
CUST04346,0.997991424620706
CUST04347,0.9997393962225537
CUST04348,0.9993639034840627
CUST04349,0.9999263516873486
CUST04350,0.9757517341362165
CUST04351,0.9715137628456757
CUST04352,0.9999177505079044
CUST04353,0.9999711438651098
CUST04354,0.9999563891049928
CUST04355,0.9999733201708717
CUST04356,0.9925793511107426
CUST04357,0.9999098329042532
CUST04358,0.9999829174517031
CUST04359,0.9987027424765231
CUST04360,0.998934620569616
CUST04361,0.0219792442427386
CUST04362,0.9999711399525555
CUST04363,0.9997216711357274
CUST04364,0.9997654626269952
CUST04365,0.9999764037451055
CUST04366,0.9961311750582555
CUST04367,0.9999723105590229
CUST04368,0.9999897227061584
CUST04370,0.9999416083191884
CUST04371,0.9997564427862249
CUST04372,0.9999463157695482
CUST04373,0.9998398395541689
CUST04374,0.9996761806731735
CUST04375,0.9999874845002571
CUST04376,0.9999975344840634
CUST04377,0.020582757022265155
CUST04378,0.9999726730576908
CUST04379,0.9948546743012332
CUST04380,0.999983807819413
CUST04381,0.9999569278019802
CUST04382,0.9999909054377427
CUST04383,0.9999248885978635
CUST04384,0.9974282930075944
CUST04385,0.9994600069705579
CUST04386,0.9998208203363115
CUST04387,0.9999903754164052
CUST04388,0.9970414400511337
CUST04389,0.9999873170537302
CUST04390,0.06597582659840233
CUST04391,0.998047282630888
CUST04392,0.9996798198217286
CUST04394,0.9999833653151322
CUST04395,0.9999898601939728
CUST04396,0.9999571925531442
CUST04397,0.13103423945585618
CUST04398,0.9998116126429969
CUST04399,0.9999053954906426
CUST04400,0.999630123835339
CUST04401,0.9955119877131575
CUST04402,0.9999914330129259
CUST04403,0.9883952799971557
CUST04404,0.9998850595269866
CUST04405,0.9999799456775748
CUST04406,0.9997598872920417
CUST04407,0.9996619581716993
CUST04408,0.45599594390828596
CUST04409,0.9999796121138984
CUST04410,0.9998734128627702
CUST04411,0.9997854308245693
CUST04413,0.9991693720648084
CUST04414,0.9999274001396623
CUST04415,0.9612405891152124
CUST04416,0.005745253478466885
CUST04417,0.9999965200593882
CUST04418,0.9999790539573465
CUST04419,0.006953340934404432
CUST04420,0.9999925663812679
CUST04421,0.999975080041735
CUST04422,0.9998061240365762
CUST04423,0.07624293509532347
CUST04424,0.9999855857670308
CUST04425,0.9999987332253797
CUST04426,0.9999899285383177
CUST04427,0.9948814349726147
CUST04428,0.9997426518058472
CUST04429,0.003930920005190742
CUST04430,0.9994910366507656
CUST04432,0.9999876016376337
CUST04433,0.9993139159938328
CUST04434,0.9999346996576485
CUST04435,0.9999955094121995
CUST04436,0.9984228784332294
CUST04437,0.9995374438558546
CUST04438,0.9999493959890575
CUST04439,0.9972542231722715
CUST04440,0.9990412433332362
CUST04441,0.999997895038246
CUST04442,0.9998268132011836
CUST04443,0.98440204079744
CUST04444,0.999185303303782
CUST04445,0.11587499156952165
CUST04446,0.9999899565730593
CUST04447,0.9796811249819828
CUST04448,0.9993403083143877
CUST04449,0.9876639774396542
CUST04450,0.9576321633782303
CUST04451,0.9999885639933875
CUST04452,0.9999720258120874
CUST04453,0.5113263393582844
CUST04454,0.999411216789985
CUST04455,0.9999737314518241
CUST04456,0.9999902666953225
CUST04457,0.9997563167570392
CUST04458,0.9956148964705415
CUST04459,0.9999660227601259
CUST04460,0.9998164700567186
CUST04461,0.9892406193039184
CUST04462,0.9932684259963023
CUST04463,0.999992971779798
CUST04464,0.9998404556504684
CUST04465,0.9999769919990056
CUST04466,0.06387805914992974
CUST04467,0.9998352442324417
CUST04468,0.9999867575690492
CUST04469,0.9991543916664191
CUST04470,0.9998212046279421
CUST04471,0.9999704442677148
CUST04472,0.9999686438846747
CUST04473,0.9044676849230148
CUST04474,0.9998719445272859
CUST04475,0.999863762142514
CUST04476,0.003795314430295604
CUST04477,0.9982849440599748
CUST04478,0.9999490680467247
CUST04479,0.9998941521581868
CUST04480,0.9977283715318939
CUST04481,0.9980125713498718
CUST04482,0.9995190971211529
CUST04483,0.9927960147310799
CUST04484,0.0041298455268187605
CUST04485,0.9999950337748612
CUST04486,0.9999887606720016
CUST04487,0.9999983248479759
CUST04488,0.9999819560158757
CUST04489,0.9999358914498075
CUST04490,0.9999645748367213
CUST04491,0.9995635493880778
CUST04492,0.9999773556108439
CUST04493,0.9999258642214567
CUST04494,0.9941329443940375
CUST04495,0.9997534102675318
CUST04496,0.9999233512110701
CUST04497,0.9999975919806784
CUST04498,0.9997790282759117
CUST04499,0.056295043728583086
CUST04500,0.9920441561006779
CUST04501,0.9988847858287305
CUST04502,0.9999589335243282
CUST04503,0.9999801087896276
CUST04504,0.9997146357343277
CUST04506,0.9986889917880009
CUST04507,0.999949208822728
CUST04508,0.9993992068479537
CUST04509,0.9978807778753633
CUST04510,0.999926683812806
CUST04511,0.9999932591766545
CUST04512,0.9999647876393599
CUST04513,0.9999657860362332
CUST04514,0.999976710165777
CUST04515,0.9988284001134733
CUST04516,0.9990720288710385
CUST04517,0.8017784164497103
CUST04518,0.9995777838909862
CUST04519,0.9997026732306789
CUST04520,0.9995508649059582
CUST04521,0.9989810813854064
CUST04522,0.9997085956487289
CUST04524,0.9999742628615013
CUST04525,0.9997316320560781
CUST04526,0.9999781455548437
CUST04527,7.335985822536943e-05
CUST04528,0.9999950504373104
CUST04529,0.9999993062706495
CUST04530,0.9999735072573602
CUST04531,0.9981107951371587
CUST04532,0.9999670928580958
CUST04533,0.9999841262076075
CUST04535,0.9999713705205187
CUST04536,0.0002182268056697297
CUST04537,0.9999837311613509
CUST04538,0.9999043342387096
CUST04539,0.9994040371279037
CUST04540,0.1445641854354787
CUST04541,0.9999586417337921
CUST04542,0.9992320220480403
CUST04543,0.9481131095360301
CUST04544,0.9999765875690457
CUST04545,0.9983265978949692
CUST04546,0.9999857953427923
CUST04547,0.9999932281336467
CUST04548,0.99999491390486
CUST04553,0.9979474740919299
CUST04554,0.9999862391749762
CUST04555,0.9998658328848784
CUST04556,0.9999447800142163
CUST04557,0.9999416505128156
CUST04558,0.9686162714491008
CUST04559,0.9999470575642203
CUST04560,0.9999586786612124
CUST04561,0.9999960793274139
CUST04562,0.9984460386353228
CUST04563,0.999838229668682
CUST04564,0.8951508608532823
CUST04565,0.9999842122453096
CUST04566,0.9995839250218531
CUST04567,0.9998370258306924
CUST04568,0.9999493396794067
CUST04569,0.999998652362849
CUST04571,0.9999955239605595
CUST04572,0.9999831383960384
CUST04573,0.9996261438659048
CUST04574,0.999947579131303
CUST04575,0.9999972989837311
CUST04576,0.9999622520391105
CUST04577,0.9999745551417424
CUST04578,0.9117863544969352
CUST04579,0.9999977089047614
CUST04580,0.9999989350932219
CUST04582,0.9999970307271816
CUST04583,0.9986837951334925
CUST04584,0.997998491602414
CUST04585,0.9995111300340753
CUST04586,0.9999742164877468
CUST04587,0.9999927045131987
CUST04588,0.9839308154151125
CUST04589,0.9988073337628169
CUST04590,0.9999747317078539
CUST04591,0.9989510084021118
CUST04592,0.9959721268918336
CUST04593,0.9999988912472578
CUST04594,0.9976903339495834
CUST04595,0.00045790858594729305
CUST04596,0.9999972171832224
CUST04597,0.9998174637032933
CUST04598,0.9999825269670901
CUST04599,0.9999253640905689
CUST04600,0.9999947070319225
CUST04601,0.9991761081961741
CUST04602,0.9999538859543323
CUST04603,0.9998556958333455
CUST04604,0.9999914024588107
CUST04605,0.9975060462998351
CUST04606,0.9999972327963185
CUST04607,0.9998764584192561
CUST04608,0.9997642988470599
CUST04609,0.9999724721830567
CUST04610,0.9998943677995829
CUST04611,0.7971960413822463
CUST04612,0.9993167447811564
CUST04613,0.998508171201615
CUST04614,0.02825047963281744
CUST04615,0.9994610300259206
CUST04616,0.9995600398060762
CUST04617,0.9999995089350893
CUST04618,0.997498277553449
CUST04619,0.9993939488338169
CUST04620,0.9999988931686973
CUST04621,0.9997543059819536
CUST04622,0.003865489217937078
CUST04623,0.9999989816013568
CUST04624,0.9999772516573574
CUST04625,0.999555073408288
CUST04626,0.9999900224298411
CUST04627,0.999169169692717
CUST04628,0.9999971024910467
CUST04629,0.9939804345251255
CUST04630,0.9999870763325349
CUST04631,0.999058724011523
CUST04632,0.9999596959905542
CUST04633,0.999993601325089
CUST04634,0.9999581518283643
CUST04635,0.00028404698439217925
CUST04636,0.020137649773920848
CUST04637,0.9999259357870793
CUST04638,2.3846068151790036e-09
CUST04639,0.9984048067481576
CUST04640,0.9999801144489526
CUST04641,0.9629837215435937
CUST04642,0.9999851341931325
CUST04643,0.9999803978898453
CUST04644,0.9999500206730405
CUST04645,0.9988743241671273
CUST04646,0.9998266267930377
CUST04647,0.9999627737372244
CUST04648,0.9999666702636224
CUST04649,0.9999394688466071
CUST04650,0.9998779639898875
CUST04651,0.9997747626737294
CUST04652,0.9777708280726549
CUST04653,0.9999912587610026
CUST04654,0.9977062680676676
CUST04655,0.02266419575226707
CUST04656,0.9988542804798726
CUST04657,0.9999387260349534
CUST04658,0.999351695264853
CUST04659,0.9999940807179627
CUST04660,0.9997380308084719
CUST04661,0.9998589400200509
CUST04662,0.9976829976092313
CUST04663,0.9995914705944327
CUST04664,0.9999573537433301
CUST04665,0.9993484261072196
CUST04666,0.9998390832752883
CUST04667,0.9999346882208141
CUST04668,0.9999860347509797
CUST04669,0.999975952673039
CUST04671,0.9997702800865226
CUST04672,0.9999736213876999
CUST04673,0.07758459102729916
CUST04674,0.9997456846878805
CUST04676,0.9999055517610155
CUST04677,0.9999522728191799
CUST04678,0.9995073183030084
CUST04679,0.9999483188404641
CUST04680,0.9999996277209067
CUST04681,0.9999891320935159
CUST04683,0.9999938651762326
CUST04684,0.9983939577696193
CUST04685,0.9998464533742257
CUST04686,0.9995106739893836
CUST04687,0.9997500761633689
CUST04689,0.9999886598292376
CUST04690,0.999997578581191
CUST04691,0.9998587553398024
CUST04692,0.9988820696036482
CUST04693,0.9983410350403347
CUST04694,0.9984524063227834
CUST04695,0.9958388154720809
CUST04696,0.9995499365748426
CUST04697,0.9998776651477033
CUST04698,0.9999968136586148
CUST04699,0.9998170826639741
CUST04700,0.9999944799080194
CUST04701,0.9952081800111574
CUST04702,0.9998337007329674
CUST04703,0.9984974884760524
CUST04704,0.9283543133561944
CUST04705,0.9999097407787797
CUST04706,0.9997753866879812
CUST04707,0.9993693484479655
CUST04708,0.999777028954026
CUST04709,0.998704602183959
CUST04710,0.9999728537150453
CUST04711,0.9999258696679106
CUST04712,0.9999568691300235
CUST04713,0.9999927507434451
CUST04714,0.9999940066403605
CUST04716,0.9997404637829204
CUST04717,0.999939150696336
CUST04718,0.9993298979854282
CUST04720,0.9999922330003154
CUST04722,0.9998119113475722
CUST04723,0.9999779681803377
CUST04725,0.9998511035952253
CUST04726,0.9999855508499182
CUST04727,8.886926859703728e-08
CUST04728,0.9898904966638866
CUST04729,0.9999169970468008
CUST04730,0.9613539638369498
CUST04731,0.9996748465305273
CUST04733,0.9999981164144253
CUST04734,0.9999832541501493
CUST04735,0.9996347314678777
CUST04736,0.999961938911079
CUST04737,0.9999044558827224
CUST04738,0.9999882019594547
CUST04739,0.9999823356790243
CUST04740,0.9999946196650291
CUST04741,0.9999672543737428
CUST04742,0.07701476210420245
CUST04744,0.9999974333194823
CUST04745,0.9997009896842614
CUST04746,0.9999990365632007
CUST04747,0.999719622807348
CUST04748,0.9999592340043824
CUST04749,0.9999562400830881
CUST04750,0.9999989377226814
CUST04752,0.99959642955907
CUST04753,0.9997112013124239
CUST04754,0.9999328480290913
CUST04755,0.9999273075201349
CUST04756,0.9999940805039822
CUST04757,0.9999956616285729
CUST04758,0.9999733373450274
CUST04759,0.8254337509435469
CUST04760,0.9999923530595936
CUST04761,0.7031843860468391
CUST04763,0.9999939566612417
CUST04764,0.9999677494029694
CUST04765,0.9945037514864437
CUST04766,0.999122885893631
CUST04767,0.9991566343086675
CUST04768,0.9999967527147402
CUST04769,0.9998825463260248
CUST04770,0.9999903351036464
CUST04771,0.9987867432285079
CUST04772,0.9726680675850782
CUST04773,0.999128908457372
CUST04774,0.999988261121074
CUST04775,0.9999936521906395
CUST04776,0.9999970785418737
CUST04778,0.9999680627623991
CUST04779,0.9989276386448296
CUST04780,9.525344316649294e-05
CUST04781,0.999922326887413
CUST04782,0.9816218078114926
CUST04783,0.9997439097213566
CUST04784,0.9999812318041141
CUST04785,0.9999626475734824
CUST04786,0.999958794427085
CUST04787,0.9996134011437103
CUST04788,0.9999991247022056
CUST04789,0.9985786276811994
CUST04790,0.9995625365722803
CUST04791,0.9921907238249158
CUST04792,0.9998054568964705
CUST04793,0.9997179061541479
CUST04794,0.9999786287706179
CUST04795,0.08865329903222292
CUST04796,0.999220086609637
CUST04797,0.999540031041909
CUST04798,0.9996498626427388
CUST04799,0.9955896588358681
CUST04800,0.9999241963195842
CUST04801,0.99999432417951
CUST04802,0.999932829757903
CUST04803,0.9999763394713873
CUST04804,0.9462590075295312
CUST04805,0.9999878465464443
CUST04806,0.9999443601948022
CUST04807,0.9997296806657093
CUST04808,0.9998819491263549
CUST04809,0.999617543760808
CUST04810,0.996469991695129
CUST04811,0.9999916340156891
CUST04812,0.9999952790071328
CUST04814,0.9990275623660728
CUST04815,0.8850148930342977
CUST04816,0.9999953308474857
CUST04817,0.9999862249024288
CUST04818,0.026119196943289853
CUST04819,0.9998828495433593
CUST04820,0.9993085880955517
CUST04821,0.9999633879393411
CUST04822,0.003278795107821506
CUST04823,0.9999503510358163
CUST04824,0.999747531299785
CUST04825,0.9999966717244889
CUST04826,0.9614862844659348
CUST04827,0.9999513672829212
CUST04828,0.9990315843062948
CUST04829,0.9999761501184546
CUST04830,0.9998502318055204
CUST04831,0.2963978842108412
CUST04833,0.9999862056050881
CUST04834,0.025526270269776597
CUST04835,0.9999988266516756
CUST04836,0.9999985192669508
CUST04837,0.9999379646056353
CUST04838,0.9999971682628813
CUST04839,0.9999100439121202
CUST04840,0.9999051682286687
CUST04841,0.038245152013935094
CUST04842,0.9999460591769385
CUST04843,0.9999977793065021
CUST04844,0.9999864404343121
CUST04845,0.9997964365816191
CUST04846,0.004626068838077252
CUST04847,0.9999523056891108
CUST04849,0.9999982203444587
CUST04850,0.9999945821508153
CUST04851,0.9910869091157413
CUST04852,0.9999600550468634
CUST04854,0.9935313890086238
CUST04855,0.9999335014407196
CUST04856,0.9999876707582908
CUST04857,0.18035905850169012
CUST04858,0.9999889821762049
CUST04859,0.9999644651098799
CUST04860,0.9999606104805349
CUST04861,0.9998825997157986
CUST04862,0.9771025741367131
CUST04863,0.998195722696322
CUST04864,0.9999311519597129
CUST04865,0.9999691188658507
CUST04866,0.9999599434925666
CUST04867,0.0005467658470719142
CUST04868,0.9998082235384196
CUST04869,0.9959537730391456
CUST04870,0.9997667638807356
CUST04871,0.9997997073130064
CUST04872,0.9999191288686567
CUST04873,0.9998920311327604
CUST04874,0.999909829939292
CUST04875,0.9992843751885971
CUST04876,0.999915670775806
CUST04877,0.9999602663783814
CUST04878,0.9998811822215679
CUST04879,0.9999307489547811
CUST04880,0.9999653896960141
CUST04881,0.9966083949690185
CUST04882,0.9999980872915812
CUST04883,0.07782623465432399
CUST04884,0.9997351890659414
CUST04885,0.9999956339723792
CUST04887,0.9996926057273596
CUST04888,0.9999845598892408
CUST04889,0.9999118435648418
CUST04890,0.9999310467631228
CUST04891,0.999991778154597
CUST04892,0.9992237229652373
CUST04893,0.9995318335394212
CUST04894,0.9999908561772188
CUST04895,0.9982384069884267
CUST04896,0.9998842281988753
CUST04897,0.99997028961776
CUST04898,0.9998606034574303
CUST04899,0.9998689796124945
CUST04900,0.9999980678080077
CUST04902,0.9999496245556252
CUST04903,0.9999892817998544
CUST04904,0.005166950900384198
CUST04905,0.999981492207651
CUST04906,0.999991198652819
CUST04907,0.9999362157913781
CUST04909,0.9972455369715423
CUST04910,0.9983742397526955
CUST04911,0.9999979916405631
CUST04912,0.9998601214870179
CUST04913,0.9999642437884948
CUST04914,0.9999332903577155
CUST04915,0.999954674506798
CUST04917,0.999754799547094
CUST04918,0.9998755350758933
CUST04919,0.9991947753544569
CUST04920,0.9989953381133816
CUST04921,0.9999709904267439
CUST04922,0.9985043848254348
CUST04923,0.9999484456977968
CUST04924,0.9985303923761166
CUST04925,0.9995320025923589
CUST04926,0.9997714132990073
CUST04927,0.9994939025424999
CUST04928,0.9986718400760897
CUST04929,0.9999832937486016
CUST04930,0.9999956799311451
CUST04931,0.9994422613745139
CUST04932,0.9997102157934443
CUST04933,0.0025982594961511257
CUST04934,0.9999929866369076
CUST04935,0.9999015714040846
CUST04936,0.9999850257298696
CUST04937,0.9998434421504502
CUST04938,0.9992516606013742
CUST04939,0.9930009438285378
CUST04940,0.9997410818458299
CUST04941,0.9999470256691012
CUST04942,0.9997402075021401
CUST04944,0.9999978077167548
CUST04945,0.3889182575018237
CUST04946,0.9988192232843918
CUST04947,5.734380194025616e-07
CUST04948,0.9993828326077485
CUST04949,0.9990303196205564
CUST04950,0.9999598457843788
CUST04951,0.999961629764173
CUST04952,0.9998728289976876
CUST04953,0.9999743113059368
CUST04954,0.9792097382225886
CUST04955,0.9992197779609321
CUST04956,0.998939410815097
CUST04957,0.9707772769625358
CUST04958,0.0004130921071247358
CUST04959,0.9994612961368858
CUST04960,0.9999647480293352
CUST04961,0.9998956257144332
CUST04962,0.9999499477470348
CUST04963,0.9995809522479789
CUST04964,0.9989202980832665
CUST04965,0.9999974650227003
CUST04966,0.9979903025825436
CUST04968,0.9989299996801171
CUST04969,0.00033615348435862515
CUST04970,0.9999077576940355
CUST04971,0.007344092152692752
CUST04972,0.9999972051354371
CUST04973,0.9991850018861568
CUST04974,0.999985891060932
CUST04975,0.99981965931234
CUST04977,0.9999775304018063
CUST04978,0.9999871688491433
CUST04979,0.0002018520856722568
CUST04980,0.9992140456597743
CUST04981,0.9996573704069611
CUST04982,0.9995775074050932
CUST04983,0.9999389368011428
CUST04984,0.9995113404755579
CUST04985,0.9999923524923102
CUST04986,0.9999980105798293
CUST04987,0.9999881630282467
CUST04989,0.9999948767735575
CUST04990,0.9998892950661875
CUST04991,0.058287705803741624
CUST04992,0.9999969903906613
CUST04993,0.9996802838808668
CUST04994,0.9998274382165758
CUST04996,0.9531855279203971
CUST04997,0.9996984357605397
CUST04998,0.9999455338578653
CUST04999,0.9999740046056345
