CustomerID,propensity
CUST00000,0.001210815687209068
CUST00002,0.9999988904140167
CUST00003,1.1744281434053987e-06
CUST00004,3.390492840474348e-05
CUST00005,1.6493608636676622e-08
CUST00008,0.03883187045215536
CUST00009,0.9999999730152783
CUST00010,0.00011896654427903157
CUST00012,5.364120718170772e-10
CUST00014,0.00781210096191383
CUST00015,0.9999999907330938
CUST00016,0.9996379202194823
CUST00017,1.8980200930640406e-10
CUST00018,0.9998963642348522
CUST00019,0.99999984963475
CUST00020,0.005109994647335549
CUST00021,9.923823629548638e-05
CUST00022,0.0016828552764864598
CUST00024,0.9999999969970392
CUST00025,0.9997030859764584
CUST00026,4.295039984131931e-12
CUST00027,0.9999999544452066
CUST00028,0.9999987940805563
CUST00029,0.955866531513939
CUST00030,5.928326777799834e-05
CUST00031,0.9990736943065566
CUST00032,0.0002302412717559246
CUST00033,9.357698534801974e-08
CUST00036,0.8369734182818582
CUST00037,1.3791014269042302e-07
CUST00038,0.023053002909697643
CUST00039,6.207535711702773e-09
CUST00040,7.703126492125232e-08
CUST00043,0.9999999963945998
CUST00044,0.9811385605395642
CUST00045,0.9814520529456072
CUST00046,0.9999999679642176
CUST00047,1.8038496364978077e-10
CUST00048,1.1378852915767645e-06
CUST00049,0.999020748892588
CUST00050,0.0028823055292379607
CUST00051,1.5660304442470164e-06
CUST00053,0.1123158918655333
CUST00054,1.5847895114880236e-07
CUST00055,0.9999999986087373
CUST00056,0.9999999992982116
CUST00057,0.9999995129745853
CUST00058,1.0532340236452083e-05
CUST00059,0.9944744119536036
CUST00060,0.9999999881218912
CUST00061,0.9970949243993912
CUST00062,4.4736910740203005e-10
CUST00064,0.0041691792564560945
CUST00067,0.0006395197926075809
CUST00068,0.16290009557387405
CUST00069,1.573847511733585e-14
CUST00070,0.0015441181179127964
CUST00071,0.0009830185164986943
CUST00072,0.9999999935532373
CUST00073,2.3805948043057254e-08
CUST00074,0.999767009095886
CUST00075,0.9990360154563618
CUST00076,7.614391599343806e-08
CUST00078,2.7944858109163116e-08
CUST00079,0.046039067598236665
CUST00080,2.4241639388223457e-11
CUST00081,1.1421751065249903e-05
CUST00082,0.029783183107349596
CUST00083,0.0025764755199799805
CUST00084,0.004993520725892193
CUST00086,3.9250499333338655e-09
CUST00087,0.9999583349370181
CUST00089,0.9988910136326221
CUST00090,0.9961088543938307
CUST00091,0.008150821047963766
CUST00092,0.9999999919941632
CUST00093,0.16113147553499815
CUST00095,4.2199917470548915e-05
CUST00096,0.9836845304596964
CUST00097,0.007026715248208335
CUST00099,7.277059783827582e-08
CUST00100,0.9876684877151616
CUST00102,0.9999999928818843
CUST00104,0.011775845664751839
CUST00105,2.2679637165149737e-11
CUST00106,0.23501804790154346
CUST00107,0.9999999144057818
CUST00108,0.007372668127855279
CUST00109,0.9998210113858089
CUST00112,4.3392981986090466e-08
CUST00113,0.9999565156544887
CUST00114,0.9999999968644058
CUST00115,0.9999999975092835
CUST00116,2.92288331509755e-12
CUST00117,0.9990773308294513
CUST00118,0.0001882888882097548
CUST00119,0.9999999498705231
CUST00120,0.9999867201527652
CUST00121,0.9997099323577585
CUST00122,0.9999050709801448
CUST00123,0.019541268977654378
CUST00124,8.624705436168651e-08
CUST00125,1.8942306383362543e-07
CUST00126,0.00527135527477907
CUST00127,0.9927122477300012
CUST00128,0.9999965710090105
CUST00129,0.9999999940524948
CUST00130,1.8731442510596515e-06
CUST00131,1.0388862090181916e-09
CUST00132,2.523150512686731e-10
CUST00133,2.5730451638869286e-07
CUST00134,2.0625901180805036e-06
CUST00135,0.9811465226749102
CUST00137,0.9999999878755578
CUST00138,0.9999998906954215
CUST00139,0.9995293297810076
CUST00140,0.014883350738039303
CUST00141,0.9999998556481908
CUST00142,0.7361504054920547
CUST00143,0.9999999103070354
CUST00144,0.005708756118176829
CUST00145,0.998739994832981
CUST00146,0.986282736806978
CUST00147,0.9998926324317335
CUST00148,0.9969916152724486
CUST00149,2.7442011935459674e-07
CUST00150,0.9999999915416763
CUST00151,0.9999999974775764
CUST00152,0.9999999875183104
CUST00153,2.2814065786467838e-09
CUST00154,0.9999999814771828
CUST00155,0.001218167763537613
CUST00156,4.559065949348879e-05
CUST00157,5.7136982978533295e-08
CUST00160,0.9999293608266264
CUST00161,2.0951376187758426e-09
CUST00162,0.9968679809885085
CUST00164,0.004045717202975763
CUST00165,0.9984683689318937
CUST00166,2.4796555091304934e-07
CUST00167,0.9999979365595798
CUST00168,0.01471128210798883
CUST00169,0.9997088511302417
CUST00170,0.9913808160175143
CUST00171,0.9999587583287282
CUST00172,0.9999999639272901
CUST00173,0.9992304958856824
CUST00175,0.012203644283094778
CUST00176,8.483322267447544e-06
CUST00177,0.9999846867389206
CUST00179,0.999999987863592
CUST00180,0.9999938097498883
CUST00181,0.9999920059860602
CUST00182,0.9981131345770229
CUST00183,4.054803998127321e-09
CUST00185,0.9999999807803334
CUST00186,0.03625274721302294
CUST00189,0.00015680188691675987
CUST00190,0.9999989370501717
CUST00191,0.00020386286265730992
CUST00192,1.2309601653552746e-11
CUST00193,2.4820483548915352e-08
CUST00194,0.999980002050899
CUST00195,8.422901971407241e-08
CUST00197,2.106119557217509e-05
CUST00198,0.979940305522416
CUST00199,0.000117363536627085
CUST00200,0.9999974801935877
CUST00202,8.204610725785017e-07
CUST00203,0.9999999618281151
CUST00204,1.0916268233510144e-05
CUST00205,0.006719730730850648
CUST00206,0.9999999990728516
CUST00208,8.957686662300819e-08
CUST00209,5.245446048991064e-10
CUST00210,0.00012012286213105577
CUST00211,0.9999999869707303
CUST00212,0.02295315796948452
CUST00213,9.652012752242514e-09
CUST00214,0.9996516179094578
CUST00215,5.74337110739868e-07
CUST00216,0.0006558684252039696
CUST00218,0.051433820835683916
CUST00220,0.01309872754056231
CUST00221,7.6203166930377e-11
CUST00222,0.0022582247237568184
CUST00223,0.9984520581241565
CUST00224,1.4978791795648237e-07
CUST00225,0.00011120055761802916
CUST00226,0.9991037185188942
CUST00227,0.06647599823829745
CUST00228,0.02927799075061644
CUST00229,0.9999999995648354
CUST00230,0.9909303418459317
CUST00231,0.09662687956140492
CUST00232,0.9983938260833702
CUST00233,4.6375289707794886e-14
CUST00236,0.9982140048605203
CUST00237,0.9999985677384912
CUST00238,0.9999997945605468
CUST00240,1.1568283160577372e-08
CUST00241,0.9981219361052726
CUST00242,0.0004268179544863888
CUST00243,0.0005238304113290711
CUST00244,0.3474722265098538
CUST00245,0.9999986485610878
CUST00246,0.9999999976480538
CUST00247,6.253609989169144e-10
CUST00248,0.9999694598481742
CUST00249,0.9999957057411767
CUST00251,0.000805440956298347
CUST00252,0.30715490416436253
CUST00253,5.313748158411136e-06
CUST00254,0.23929576475177983
CUST00255,5.271877080881986e-07
CUST00257,0.9999999872211419
CUST00258,0.9998340565402659
CUST00259,1.4943970052033191e-06
CUST00260,0.9998779645595047
CUST00262,2.6491117712050804e-06
CUST00263,2.4962618220468767e-14
CUST00264,1.540179321009398e-05
CUST00266,0.9998897245533943
CUST00267,0.00887106632885021
CUST00268,0.9999551610038083
CUST00269,5.952417571506277e-10
CUST00271,0.9991894915054937
CUST00272,7.552230846289941e-08
CUST00273,0.004228324445030688
CUST00274,0.26826637298644446
CUST00275,7.219152715105688e-05
CUST00276,0.08508440037559266
CUST00277,0.9994775684933073
CUST00278,3.114268885626395e-11
CUST00279,0.07071932467761076
CUST00280,0.00905813818634549
CUST00281,0.9932644254351531
CUST00282,9.690893686102108e-08
CUST00283,3.6324817270338236e-06
CUST00284,1.8779060016733096e-09
CUST00285,0.999999902218988
CUST00286,0.9998010033516654
CUST00288,7.84986049676665e-08
CUST00289,0.9997356998086969
CUST00290,9.732291097405681e-09
CUST00293,0.999370366453506
CUST00294,4.7435818338720796e-11
CUST00295,1.4103650373162837e-10
CUST00297,1.3890181269732862e-05
CUST00298,0.001333512318449811
CUST00299,0.9988979949495957
CUST00300,0.9999960723326929
CUST00301,4.7961973934013396e-06
CUST00302,0.9946625941267424
CUST00304,1.0736699291426824e-05
CUST00307,0.9999997933612718
CUST00310,7.939981378372087e-08
CUST00311,0.9999440814431745
CUST00312,0.9987520328492482
CUST00314,0.9999531631877153
CUST00315,0.9999998918725169
CUST00316,1.6761503477791684e-11
CUST00317,0.9999999973474922
CUST00318,0.08723845033148543
CUST00319,0.00044906385868776193
CUST00320,1.7448773936662983e-08
CUST00321,0.9997611309888327
CUST00323,0.9960459328082526
CUST00324,0.00010213146987430554
CUST00326,0.04436148019273318
CUST00327,0.9986741396456021
CUST00328,5.000339116814472e-07
CUST00329,0.9973985636162109
CUST00332,1.1163619212568573e-06
CUST00333,4.3774575774568935e-07
CUST00334,4.254840106806262e-06
CUST00335,0.008634887420300214
CUST00336,0.9970646963183976
CUST00337,0.757632553967794
CUST00339,7.629943992713163e-05
CUST00341,0.2850112091573959
CUST00342,0.9999999799032624
CUST00343,0.0006918682883308998
CUST00344,0.08699185918924175
CUST00345,8.928035731474946e-05
CUST00346,0.9999999939378041
CUST00347,0.031211182019742226
CUST00348,0.0008083939000544559
CUST00349,1.9913698652661787e-07
CUST00351,6.596561799858518e-12
CUST00352,0.0005764829967118316
CUST00353,0.9999839197931077
CUST00355,7.182567183896539e-09
CUST00356,0.38762428685709127
CUST00357,0.9986168297838065
CUST00358,0.999927824824438
CUST00359,0.9992726302874588
CUST00360,5.529275333976406e-12
CUST00361,0.9986542185273558
CUST00362,0.8953206156282237
CUST00363,0.9982023409213798
CUST00364,0.9999999954665963
CUST00365,1.3402208108294595e-06
CUST00366,0.9989015474109941
CUST00367,7.256852233368378e-09
CUST00368,0.999999981532743
CUST00369,0.15107682008661896
CUST00370,0.6791684315872074
CUST00371,0.99999996989912
CUST00372,1.290671700778677e-09
CUST00373,0.9986684859920872
CUST00375,0.998605017405844
CUST00376,0.0013480092208429644
CUST00379,5.3876093616961586e-08
CUST00380,0.9991420348590869
CUST00381,0.9999999994248265
CUST00382,3.7074306424776616e-05
CUST00383,4.0755193455536244e-07
CUST00384,0.018099064746699076
CUST00385,0.03791847807447823
CUST00386,0.28365581888960245
CUST00388,0.0030788862505528925
CUST00391,9.943790152761922e-05
CUST00392,0.03301781492715388
CUST00393,0.9999990738217992
CUST00394,0.03534853408681789
CUST00395,0.9999999949972047
CUST00396,0.9999993677587444
CUST00398,0.9969916590468442
CUST00399,8.125036982121807e-14
CUST00400,0.9998371653674593
CUST00401,7.839902639365857e-05
CUST00402,1.075891252770558e-09
CUST00403,4.4750620380910546e-05
CUST00404,0.999995714211576
CUST00405,0.9999999384906098
CUST00406,4.215203242210989e-06
CUST00407,1.0075554660305062e-06
CUST00408,2.2449669251714148e-05
CUST00409,0.37358997866899246
CUST00410,0.9998604766741939
CUST00411,0.9978223993529199
CUST00412,0.033230088195920736
CUST00413,0.9988410932422501
CUST00414,0.999999916043422
CUST00416,0.00021145167682655604
CUST00417,0.013465878723266775
CUST00419,2.0182339700002687e-06
CUST00420,2.288969344443814e-09
CUST00421,1.3769259060013952e-11
CUST00422,2.1306124873044612e-09
CUST00423,4.867657643327492e-07
CUST00426,1.8573155595101983e-08
CUST00427,1.0258019085685085e-09
CUST00428,1.6411139144033005e-09
CUST00430,0.9662122577602477
CUST00432,0.0017825188727969461
CUST00433,0.9959637322182785
CUST00434,0.9725874845866574
CUST00436,0.00031634956038668123
CUST00438,0.9999999999909286
CUST00440,0.22998833252220316
CUST00441,0.9972629984924248
CUST00442,0.9999975801542414
CUST00443,1.7455000972274593e-12
CUST00445,0.9990754871713915
CUST00447,0.9999999882147533
CUST00448,9.712852566835886e-09
CUST00450,0.09744443719316578
CUST00451,4.94023196806383e-06
CUST00452,0.5106552696328995
CUST00453,0.9993855747514827
CUST00454,6.80700984831076e-09
CUST00455,0.9999999970566593
CUST00456,0.8437996810101037
CUST00457,0.0026645515428819254
CUST00458,0.9992103164153285
CUST00459,0.9999986602560448
CUST00461,0.9915205063901034
CUST00462,0.024659857905765154
CUST00464,0.9997132565003152
CUST00465,2.902467931438517e-07
CUST00467,0.9999999869312513
CUST00468,0.9999999901523814
CUST00469,0.034982259843963005
CUST00470,0.011245768443937891
CUST00472,0.9999995920281913
CUST00473,0.9999952266118908
CUST00475,8.235192997686397e-09
CUST00477,9.408972829834945e-08
CUST00478,0.9999999475540721
CUST00479,0.9933723037223623
CUST00480,1.7316999539651603e-12
CUST00481,9.604035340814134e-12
CUST00482,0.9981618225361891
CUST00484,0.0022086121085265966
CUST00486,0.9999992139118641
CUST00487,0.010261425844721311
CUST00488,9.481131136372014e-09
CUST00489,0.9999999902678091
CUST00490,0.999999957056844
CUST00491,0.9999960739014044
CUST00493,3.3427818292652133e-06
CUST00494,0.9999519833055353
CUST00496,4.90235921649705e-09
CUST00497,0.999998433334061
CUST00498,0.9998799282768103
CUST00499,0.9999999892025321
CUST00500,0.0011177927645430873
CUST00502,0.006019601383366206
CUST00503,0.0013963507166452375
CUST00504,4.497545284312019e-05
CUST00505,4.4299526376928266e-08
CUST00506,2.463436544057673e-08
CUST00507,7.49245854345737e-08
CUST00508,7.749648566386495e-08
CUST00509,0.00010703295894571164
CUST00510,2.982998821534681e-06
CUST00511,0.9999998014045263
CUST00512,3.059507315160319e-07
CUST00513,5.375213274366631e-07
CUST00515,0.22476423201096524
CUST00516,4.833166398750659e-06
CUST00517,3.946077318362795e-07
CUST00518,2.0679116233855377e-06
CUST00520,0.9999970655453495
CUST00521,1.6076195729964812e-08
CUST00522,0.9999999847360279
CUST00523,4.2953888305810346e-08
CUST00524,0.9999999699015638
CUST00525,2.9154874245692687e-07
CUST00527,0.4411236312675036
CUST00528,0.9993673483849895
CUST00529,0.6762599414085477
CUST00531,0.943036042498326
CUST00532,2.2200709055087686e-11
CUST00533,0.9999321754412241
CUST00534,2.5413995911763674e-11
CUST00535,0.04245871839747656
CUST00536,0.9702257519115589
CUST00538,8.8670814814211e-08
CUST00539,9.173553341491237e-09
CUST00540,0.9999999993061539
CUST00541,0.9959968565712354
CUST00542,0.0003018688503398719
CUST00545,0.00016891624841551797
CUST00546,3.34139539500295e-08
CUST00547,0.09242461960153463
CUST00548,1.042482884987546e-07
CUST00550,0.9999999829525325
CUST00551,0.9999066292514006
CUST00552,5.856111801870965e-08
CUST00553,0.999999972368398
CUST00554,0.00027403069759063486
CUST00555,0.005005713944298529
CUST00556,0.023838815091425943
CUST00557,0.9999999688507403
CUST00558,8.25574318380881e-05
CUST00559,0.9999999982622032
CUST00560,0.9257276014207969
CUST00561,4.156812096491177e-06
CUST00562,0.9999999986856298
CUST00563,1.0170009573887469e-08
CUST00564,1.8863822853233292e-11
CUST00565,0.9976806998378517
CUST00567,2.0046859929586956e-07
CUST00568,0.9999995730616331
CUST00569,0.11627996832560308
CUST00570,7.700235360778365e-07
CUST00571,5.921633407661772e-10
CUST00572,0.00540914446880021
CUST00573,0.07688570780463976
CUST00574,0.0914453902523172
CUST00575,0.0011037744186741132
CUST00576,0.999874954716128
CUST00577,0.003518420511302695
CUST00578,0.13030048453831938
CUST00579,2.603632093717268e-11
CUST00581,1.2082294201164814e-08
CUST00582,5.7385318644815787e-11
CUST00583,0.9999997341500922
CUST00584,0.9999999658194675
CUST00585,0.9985264714026812
CUST00586,0.9999054179375794
CUST00587,0.9998857228378785
CUST00588,3.4320552306580076e-14
CUST00589,2.8630856056394297e-09
CUST00590,0.23864751984445345
CUST00591,2.2832079714185e-10
CUST00592,0.9999999369859123
CUST00593,0.9999996574413595
CUST00595,3.85522378081812e-05
CUST00596,0.9954264223050439
CUST00597,5.855043399465066e-12
CUST00598,0.9996667313946815
CUST00600,8.730430191892196e-08
CUST00601,2.6617729874472658e-05
CUST00602,0.9999999943140305
CUST00604,5.434138265411584e-05
CUST00605,1.6552980596560477e-14
CUST00606,0.06864954293422183
CUST00607,5.806404590200205e-06
CUST00608,0.9999191650886163
CUST00609,8.417850952660786e-13
CUST00610,2.4684394751152073e-09
CUST00611,5.5732448880827536e-11
CUST00612,0.9997177548898629
CUST00613,0.934394900015013
CUST00616,0.9997849647720376
CUST00617,0.880113314842625
CUST00618,1.9036692383417416e-10
CUST00619,0.9993317350284573
CUST00621,0.03581697982685842
CUST00622,2.1371213800225865e-11
CUST00623,0.918719687288709
CUST00624,0.0001270982476672463
CUST00625,0.9982481631008513
CUST00626,9.211267461120654e-10
CUST00628,8.635438631019898e-16
CUST00629,1.6235299452532911e-06
CUST00631,0.9986272654861689
CUST00632,1.033484714148121e-07
CUST00633,3.353858632450838e-10
CUST00634,1.8657124334584215e-10
CUST00635,0.9999995464779491
CUST00636,2.9797615739192184e-05
CUST00637,0.9999999973209583
CUST00638,0.008951582677030804
CUST00639,1.3511333309910356e-08
CUST00640,1.177517990126326e-12
CUST00641,0.9998271570617857
CUST00642,0.9560554219628378
CUST00645,0.03350421670516365
CUST00646,1.0826505475118936e-08
CUST00647,0.9997026065831128
CUST00648,0.9999475793504361
CUST00650,0.9997404896087034
CUST00651,2.4678412288583208e-11
CUST00652,1.4405494441927865e-07
CUST00653,0.9990532929285881
CUST00654,0.9999997625894799
CUST00655,0.9986910549762669
CUST00656,0.9999832126907781
CUST00657,0.9908248954403321
CUST00659,0.0003080587144581448
CUST00660,6.234961425847782e-10
CUST00662,0.9933659630328335
CUST00665,0.9999999879513667
CUST00666,0.9999999613561777
CUST00667,0.0004261265964857032
CUST00668,7.687927527409525e-09
CUST00669,0.5344493493651017
CUST00670,7.439630708398253e-06
CUST00675,3.319842436404806e-08
CUST00676,0.00016198255129907678
CUST00677,0.9999510220977539
CUST00679,5.859453114457846e-08
CUST00680,6.052712439563017e-09
CUST00682,0.9999999638628678
CUST00683,0.001562623650438607
CUST00684,0.99999999629235
CUST00686,2.4621448353452224e-08
CUST00687,0.9999999848781589
CUST00688,0.9259228593828737
CUST00689,0.9999999741624968
CUST00690,0.009385762054405203
CUST00691,3.1738236840074894e-08
CUST00693,3.354868589373662e-08
CUST00694,0.9856050763887191
CUST00695,0.9989135857448967
CUST00696,0.017191252508196104
CUST00697,0.9950816207881339
CUST00698,0.9999999521164847
CUST00699,5.13577030147318e-06
CUST00700,0.0076503496137090175
CUST00701,0.13803061650661513
CUST00702,8.31877729848353e-11
CUST00704,0.02326403641343515
CUST00705,1.574936151228311e-06
CUST00706,1.2143360657983903e-07
CUST00707,0.8887231901919753
CUST00709,1.1923469160133732e-07
CUST00710,0.9999999958010701
CUST00711,0.0055687340252851625
CUST00712,0.999976515170617
CUST00713,0.9992943440145376
CUST00714,0.007150544463247649
CUST00715,0.9995348319664453
CUST00716,1.2407746473761225e-07
CUST00718,0.00013974891610808181
CUST00719,3.980437355519928e-12
CUST00720,0.9999999525074199
CUST00721,0.004049572315935044
CUST00722,3.157318606612316e-16
CUST00724,1.731308604861296e-09
CUST00726,0.003594036440544795
CUST00727,2.1526986818237138e-09
CUST00728,0.0004093160350833878
CUST00730,0.9995782590730576
CUST00731,0.9999999988414159
CUST00732,0.9997787508547857
CUST00733,0.999999987965373
CUST00734,6.250634514858467e-09
CUST00735,0.9997787826817918
CUST00736,3.608152799785399e-05
CUST00737,0.1081144474756467
CUST00738,3.429012802632888e-09
CUST00739,5.951594463398348e-07
CUST00741,0.9988246730640599
CUST00742,0.9987664504080241
CUST00743,2.7135414460745736e-07
CUST00744,0.9995221747369043
CUST00745,4.7577142543904945e-06
CUST00746,0.9999999776456364
CUST00747,8.124804618205608e-05
CUST00748,0.00011282905404900124
CUST00749,0.999719000408527
CUST00750,3.4020424514081683e-07
CUST00751,0.9805571633138666
CUST00752,0.026340863940141637
CUST00753,0.995511388786941
CUST00754,0.999799046757557
CUST00755,0.00025401763062870143
CUST00756,0.9784880646971073
CUST00758,0.0416324334247752
CUST00762,4.13498379270029e-08
CUST00763,0.0023835558964029556
CUST00765,0.00013344274468203717
CUST00766,0.9999999963886719
CUST00767,0.9999989055319313
CUST00768,3.836356748084809e-10
CUST00769,5.300794793662597e-06
CUST00770,3.5436317477248095e-05
CUST00771,0.9999662524357791
CUST00772,0.9996965956651757
CUST00773,0.9999048703681815
CUST00774,0.03542155585591496
CUST00775,0.0002356608104889343
CUST00776,0.9999999999492852
CUST00777,1.3547605008944411e-08
CUST00778,0.9999650985020365
CUST00779,0.9999999995257347
CUST00780,0.9998251367032815
CUST00781,0.012060822339398493
CUST00782,0.9999993094605645
CUST00783,0.9958363787937755
CUST00784,0.9990630320392928
CUST00785,0.9999999779148618
CUST00786,0.9995558615200048
CUST00788,0.06547001089905889
CUST00789,1.1903470339476521e-05
CUST00790,0.01646143514830295
CUST00791,0.037934026108883134
CUST00793,0.9995498472161239
CUST00794,0.9998802907353911
CUST00795,0.9901543707797931
CUST00796,0.999999991626601
CUST00797,0.00040738807024692184
CUST00798,0.9985002732237629
CUST00799,5.821553234901666e-06
CUST00801,1.5366248425783036e-10
CUST00802,0.9993218965591625
CUST00803,4.747146870559818e-07
CUST00804,4.184391834319575e-06
CUST00805,0.9999997217048553
CUST00806,0.9999999908987357
CUST00809,1.0804810247593075e-14
CUST00810,0.1852033116588537
CUST00811,0.999992193603305
CUST00812,1.1831576039976677e-07
CUST00813,0.9999999879287679
CUST00814,0.999817782942419
CUST00815,0.9999999777339039
CUST00816,4.547372766594229e-12
CUST00818,2.942068702215529e-07
CUST00819,0.999996451392814
CUST00820,5.6164083516217125e-06
CUST00821,8.835962113909449e-06
CUST00823,0.00048332310836709906
CUST00824,0.999999970421589
CUST00825,0.9964598978192758
CUST00826,0.9999999842439744
CUST00828,1.8489097675523227e-05
CUST00829,0.9999044044186071
CUST00830,0.020519619916983093
CUST00832,0.9999999886096486
CUST00834,0.000984242006896089
CUST00835,0.9999999993429758
CUST00836,1.276653059854151e-07
CUST00838,0.7957065292509515
CUST00839,0.0545968920112329
CUST00840,0.9997125470360706
CUST00842,7.44695185382603e-05
CUST00843,0.018299004290238896
CUST00844,0.00016235536252773696
CUST00846,0.9999999946018068
CUST00847,1.4523396942775513e-11
CUST00848,0.9999999812782908
CUST00849,0.9968010230471956
CUST00850,8.084052768084408e-08
CUST00851,0.9999979718287523
CUST00853,9.217712105277248e-06
CUST00854,1.9336158717120223e-10
CUST00855,1.7178996897787145e-07
CUST00856,0.9997178585641967
CUST00857,1.408744925068444e-10
CUST00858,0.9999999995198501
CUST00859,0.00036613269674590503
CUST00860,0.0009492973676200994
CUST00861,0.7780643373408725
CUST00862,4.6596846410584915e-11
CUST00863,0.9996992398994466
CUST00864,0.9999997746333004
CUST00865,0.9997195407720866
CUST00866,0.00992492578765472
CUST00867,0.26330405972525633
CUST00868,0.9998784305769329
CUST00869,6.833960128766093e-07
CUST00870,0.023530803094520842
CUST00871,5.022140120025275e-07
CUST00872,0.9979143339195808
CUST00873,0.06248132864308669
CUST00874,1.803569333249212e-09
CUST00875,3.3247014737497425e-09
CUST00877,0.9999971534810995
CUST00881,0.009416321293788716
CUST00882,2.606062675459848e-09
CUST00883,0.9998791138306132
CUST00884,0.011051082817304055
CUST00885,0.9999999893982149
CUST00886,0.999999998456039
CUST00887,0.9999999991576556
CUST00888,1.257962216618449e-06
CUST00889,0.9998917914601456
CUST00890,1.2805529904489885e-05
CUST00891,0.008259824833816437
CUST00892,1.1843653686734064e-06
CUST00893,0.9999999943352003
CUST00894,0.9411092251149565
CUST00895,0.9948039517786992
CUST00896,2.926277247545042e-07
CUST00897,0.9999999955315795
CUST00898,4.914740001463356e-09
CUST00899,2.7761735229931848e-06
CUST00900,2.175676919888755e-05
CUST00901,0.035860878020842785
CUST00904,4.702169832825895e-05
CUST00905,0.0002744613848705016
CUST00907,5.580312225965926e-11
CUST00908,0.9999999975059048
CUST00909,2.6777625203764704e-08
CUST00911,1.3067001114160023e-10
CUST00912,0.029813967397736247
CUST00913,0.1060101364996874
CUST00914,4.5469614896679975e-05
CUST00915,0.9998201871829974
CUST00916,1.3228050014526036e-07
CUST00917,0.013092864344097002
CUST00918,3.6939872224144906e-05
CUST00919,7.499310360019027e-08
CUST00920,0.99365846301019
CUST00921,0.9128275330065607
CUST00924,5.869520401787272e-05
CUST00925,1.0244905050129148e-06
CUST00926,0.9999997956786648
CUST00927,0.9999998368918028
CUST00928,1.7620280278467176e-07
CUST00929,3.68002823216656e-11
CUST00930,0.1329364226633917
CUST00932,2.911876127573017e-11
CUST00933,3.439043191081307e-11
CUST00934,0.06193272499879243
CUST00936,0.0021553546977425234
CUST00937,2.971702157474814e-05
CUST00938,3.3117337605021773e-05
CUST00940,1.0029754995712817e-06
CUST00941,0.3278387972319664
CUST00942,0.9999993191100123
CUST00943,0.9999999995495563
CUST00944,0.02517975276597998
CUST00945,0.03693558339151647
CUST00946,0.999999996687194
CUST00947,0.004382403848231798
CUST00948,0.999999987469416
CUST00949,0.024119044195933546
CUST00950,1.6866328756065396e-07
CUST00953,9.51309271411286e-09
CUST00955,0.0009686907658357616
CUST00956,5.525353960096671e-09
CUST00957,0.004023819482805304
CUST00959,0.9999998130037259
CUST00960,0.9999999969757256
CUST00961,0.9999999245851329
CUST00963,0.9999912798604452
CUST00964,2.3689171345414305e-08
CUST00965,0.014837152784583347
CUST00966,0.9999999797373704
CUST00967,2.528114295153378e-09
CUST00968,0.041487251182108054
CUST00969,0.998802482423898
CUST00971,1.5790038908960355e-09
CUST00972,0.9989366051570705
CUST00973,9.083925199439123e-12
CUST00976,0.008630518044349505
CUST00977,4.567564550356511e-07
CUST00978,1.5051031889695853e-08
CUST00979,0.0036274399896850757
CUST00980,8.687555037275534e-08
CUST00981,2.0585054285457886e-07
CUST00982,0.999972931406913
CUST00983,0.9999925803528487
CUST00984,0.9999999787447775
CUST00986,0.9997558714399004
CUST00987,0.0014563623226006067
CUST00990,1.9274770600961053e-08
CUST00991,0.5239995182207001
CUST00992,0.05025792687279624
CUST00993,0.015286548508411256
CUST00994,0.03205665168937983
CUST00995,1.5435377645332906e-08
CUST00996,0.9998287853295278
CUST00998,0.0853069335676446
CUST00999,1.2027035493517212e-11
CUST01000,2.789798455177864e-09
CUST01002,0.0023773389271942325
CUST01003,2.0307349342082018e-07
CUST01004,0.008687963319244818
CUST01005,0.9999999625480468
CUST01006,0.9999735133289547
CUST01007,0.9999995268674509
CUST01008,7.3728112079978955e-09
CUST01009,3.663272136370754e-10
CUST01010,6.98980960614838e-05
CUST01011,1.6239117319183222e-12
CUST01013,3.6203988037919764e-10
CUST01014,0.19201912195985002
CUST01015,0.062368695931121945
CUST01017,6.037790455657051e-08
CUST01018,0.9999999436155841
CUST01019,0.9263748930519635
CUST01020,0.00021688274112610284
CUST01021,3.413444690013308e-07
CUST01024,0.9999988595041227
CUST01025,0.9956084929923349
CUST01027,0.9937217186662399
CUST01028,0.9998537353579637
CUST01029,0.03206138668518481
CUST01030,0.9999999983802734
CUST01031,0.7514136431671267
CUST01032,7.650357852192669e-09
CUST01033,9.873548165158288e-05
CUST01037,0.0027431384657927303
CUST01038,0.99934350961298
CUST01039,0.9999997597161492
CUST01040,0.9999999870487049
CUST01041,5.987959664294823e-06
CUST01042,0.4950239131590331
CUST01043,1.0196157421778144e-09
CUST01045,5.3882124363790564e-05
CUST01046,0.059119929422741795
CUST01047,6.01016836003643e-10
CUST01049,2.470571334935259e-07
CUST01050,4.257162889281829e-09
CUST01051,5.777999940475535e-07
CUST01053,4.033204808712098e-09
CUST01054,0.017861936871217232
CUST01056,3.0953036308414176e-06
CUST01058,0.9999999557738251
CUST01059,0.9999999955806453
CUST01060,0.9999998666788208
CUST01061,0.9958042186433792
CUST01063,1.8294512891287747e-06
CUST01064,0.9999999886092307
CUST01065,0.000181277743466365
CUST01068,0.9999999701465032
CUST01069,0.9999999894845234
CUST01070,1.965065510003156e-05
CUST01071,3.0628848450452154e-06
CUST01072,0.0013093445229444846
CUST01073,0.007957866939734793
CUST01074,0.020600982136150383
CUST01076,6.67441697747827e-06
CUST01077,0.9989798593014181
CUST01078,3.292781421629924e-06
CUST01079,4.235558287081555e-10
CUST01080,1.7950417925965483e-10
CUST01081,0.00529553923453666
CUST01082,0.0015880362134132512
CUST01084,0.022178016191301407
CUST01085,2.076628630174441e-05
CUST01086,7.600030682233902e-06
CUST01087,1.4419552109110422e-05
CUST01088,0.01055371948473565
CUST01089,0.9999999947833518
CUST01090,8.307759978701137e-06
CUST01091,6.466139112890446e-05
CUST01092,0.9999999965449566
CUST01093,0.277503826778558
CUST01094,0.042729315102112767
CUST01095,0.9052499206414708
CUST01096,0.9999999623771244
CUST01097,0.00019526315869643456
CUST01098,0.9999998693074987
CUST01099,1.8117283687087372e-08
CUST01100,0.00011750258851767924
CUST01101,2.962553937947898e-05
CUST01105,3.726190666800407e-11
CUST01106,0.9859076906697153
CUST01107,0.01407747267047149
CUST01108,0.10173661501524786
CUST01109,0.9999978446510857
CUST01111,0.0659826424458355
CUST01112,1.6798442885365954e-08
CUST01113,0.0035231820782463353
CUST01114,6.700501193096439e-09
CUST01115,0.0038575819287415374
CUST01116,1.0598400365358058e-07
CUST01118,0.9995750884670987
CUST01119,6.789428411080428e-07
CUST01120,0.9996430523487294
CUST01121,1.7705771124515307e-05
CUST01122,0.9999999967403082
CUST01123,5.710750568500558e-08
CUST01124,5.802810359317621e-08
CUST01127,6.814099958695725e-10
CUST01128,0.1848776506827187
CUST01129,0.9593962264402225
CUST01130,0.9850967228423421
CUST01132,1.248413511386041e-09
CUST01134,0.0006275851294372599
CUST01135,1.8595908678048703e-05
CUST01137,6.803446869040905e-05
CUST01138,0.05443276860030915
CUST01139,5.7294985012480605e-09
CUST01140,7.783890020453136e-11
CUST01141,0.999999269717029
CUST01142,1.9541522755528137e-08
CUST01143,0.9995532350406621
CUST01144,0.9999804183993042
CUST01146,0.9999999994590758
CUST01147,0.9996025319969116
CUST01148,3.0421503237987575e-09
CUST01149,6.883248825771378e-10
CUST01150,0.9999608316503682
CUST01151,1.5916321099206016e-07
CUST01152,0.9999997413259062
CUST01154,0.9999999937295521
CUST01155,1.9982286679644055e-08
CUST01156,8.038488595201476e-14
CUST01157,1.7104346364329817e-05
CUST01159,1.6208486074699874e-05
CUST01160,0.999999512813263
CUST01162,3.5827477152611167e-10
CUST01163,1.0464961282906773e-06
CUST01164,0.9999999896035107
CUST01165,0.9999999379359746
CUST01167,0.030577596226606607
CUST01169,7.555733333944743e-12
CUST01170,0.024044665360821012
CUST01171,1.5085700940724682e-07
CUST01172,3.0150868389445412e-05
CUST01173,2.1426810949714208e-05
CUST01174,0.9999998956293459
CUST01175,1.0079022652542342e-09
CUST01176,1.5399937147204605e-11
CUST01177,0.07320331672294428
CUST01178,2.9097685105449606e-08
CUST01179,0.01176394299689296
CUST01181,0.999998324210413
CUST01183,8.794718821826333e-06
CUST01184,3.267505504311773e-08
CUST01185,1.393841661035226e-05
CUST01186,0.9999999792288397
CUST01187,7.19898733014033e-09
CUST01188,5.271908491156386e-07
CUST01189,0.9343878359413995
CUST01190,0.6518928373521438
CUST01191,0.00020384719801999933
CUST01192,0.8267592088440571
CUST01194,0.9990969071236255
CUST01195,3.40210337108837e-08
CUST01196,0.10575670288068599
CUST01198,0.0033585533840514146
CUST01199,1.1983326582613121e-06
CUST01200,0.9999999947635487
CUST01202,0.0014771061069916032
CUST01203,0.9958948058323484
CUST01204,0.0008297593691172283
CUST01205,0.0015802384669619655
CUST01208,0.9984573766157371
CUST01209,0.999999985224735
CUST01210,6.303889913895246e-10
CUST01211,0.0599756207279101
CUST01212,0.0004398038449305496
CUST01213,5.0587761855014664e-05
CUST01215,1.143642534386264e-06
CUST01216,0.31045954716505536
CUST01217,7.727364957564891e-10
CUST01220,9.846303050984403e-07
CUST01222,5.3389888837203275e-09
CUST01224,0.0407751458485651
CUST01225,0.999619879571012
CUST01226,0.04746710254984219
CUST01229,3.6209295694623456e-13
CUST01230,7.349901721572675e-13
CUST01231,0.04204373179201156
CUST01232,1.0880767497031276e-08
CUST01233,0.9999980350797413
CUST01235,0.02309539725921609
CUST01237,0.9999998785456082
CUST01238,1.5567730051748035e-07
CUST01239,0.9999922139696323
CUST01242,0.9999999502441537
CUST01243,0.9977440873580219
CUST01244,3.652722079865518e-07
CUST01245,0.04964232161128566
CUST01246,0.9998452375605517
CUST01248,6.394057144124267e-10
CUST01249,0.9997922255453255
CUST01250,4.383582442934217e-09
CUST01251,5.175933643113733e-09
CUST01252,1.4684015996091277e-10
CUST01255,0.982530257281655
CUST01256,0.9999998452562016
CUST01258,0.999914868737493
CUST01260,2.6964811055550545e-10
CUST01261,0.10488938591828559
CUST01262,7.51017179668963e-06
CUST01263,0.9999999799686701
CUST01264,2.447844218137723e-06
CUST01265,0.00010937638046866375
CUST01266,2.132931672900499e-05
CUST01267,0.9932354792651438
CUST01268,4.966028121860787e-08
CUST01269,0.9999999603142102
CUST01270,1.0268676123294449e-06
CUST01271,5.116793604310993e-11
CUST01272,0.001148322553943638
CUST01273,6.601128093045532e-08
CUST01274,0.991946521527776
CUST01275,2.5453838962302225e-09
CUST01276,0.006722657884763272
CUST01277,0.9999998807173045
CUST01279,0.004309628515415355
CUST01280,0.9999999982569869
CUST01281,2.8205545621416466e-07
CUST01284,7.853113649633826e-05
CUST01286,2.6870529552093767e-05
CUST01287,0.9999998562501371
CUST01288,0.02640512320328297
CUST01289,0.7855986211438521
CUST01290,0.9999999824848215
CUST01291,0.9999993778658307
CUST01292,1.0896935419555835e-10
CUST01294,0.998172078268029
CUST01295,1.7726213364926915e-08
CUST01296,2.934907524685835e-05
CUST01297,0.9998397459074446
CUST01298,0.020422116405098164
CUST01299,0.121940652399633
CUST01300,0.9957423241392332
CUST01301,0.9999955912981556
CUST01302,1.5211868696914576e-09
CUST01303,0.005671939975058039
CUST01304,0.9999968934272444
CUST01305,0.9991981406127408
CUST01306,0.9970806278469695
CUST01307,0.9998769996671428
CUST01308,0.303475490961709
CUST01309,0.999999999318091
CUST01310,0.034418644569886546
CUST01311,1.4272361252230204e-08
CUST01312,0.034506298832237284
CUST01313,2.209030544663657e-05
CUST01314,0.9999191930951598
CUST01315,0.9999999935953505
CUST01318,0.9989914767324959
CUST01319,0.9999995573374535
CUST01320,0.9999998762530746
CUST01322,0.00043949882020187416
CUST01323,4.805759669493259e-10
CUST01324,3.551499092160736e-11
CUST01325,4.361819707131154e-05
CUST01326,0.9999902223559614
CUST01327,0.8531568626537034
CUST01328,8.328641664492527e-09
CUST01330,4.218679310188363e-07
CUST01331,5.54341207342857e-11
CUST01332,0.9984708658267913
CUST01333,0.9992471414097258
CUST01335,3.239020968221166e-11
CUST01336,0.9991604469316433
CUST01337,0.9887483697350684
CUST01338,0.013385616343863456
CUST01339,0.0001802332761441647
CUST01340,0.9999999973862972
CUST01341,2.776476036123488e-11
CUST01342,4.9591588636011014e-05
CUST01343,4.194852252755751e-07
CUST01344,0.9999997814262696
CUST01345,3.972979104956277e-09
CUST01346,0.021009913100272372
CUST01347,1.9628286183768448e-05
CUST01348,0.017540407184649207
CUST01349,1.1384482083679004e-06
CUST01350,0.9909175707129451
CUST01351,2.0490361017106348e-05
CUST01352,0.0008761941149143943
CUST01353,4.566923168606942e-05
CUST01354,0.6933480571981772
CUST01355,7.234192772664762e-06
CUST01356,3.0359304631903213e-10
CUST01357,0.9999999761660757
CUST01358,0.9997564078000393
CUST01360,0.9999999923841837
CUST01361,0.687733889402871
CUST01362,0.9999999820131494
CUST01364,1.2679059204892252e-05
CUST01365,0.9997572238007575
CUST01366,4.69679413325616e-06
CUST01368,0.999999999964559
CUST01369,0.01701073229481564
CUST01373,0.9999999924041415
CUST01376,1.1019781935929106e-05
CUST01377,4.981211148025865e-09
CUST01378,0.9999999192448149
CUST01379,0.9999997162341757
CUST01381,7.233552018319119e-08
CUST01382,0.9999858623698137
CUST01383,4.51538646181827e-08
CUST01384,0.9999975537833244
CUST01385,0.04536195800255682
CUST01386,0.9999999982903722
CUST01387,0.9999999656205766
CUST01388,0.0006358135721743732
CUST01389,1.2333617053129667e-09
CUST01390,1.2871415268783276e-09
CUST01391,0.9987673390386623
CUST01393,0.9999999908502183
CUST01394,1.94461514014018e-07
CUST01396,0.9707406134704479
CUST01397,1.9146060003326923e-09
CUST01398,0.9831660315425848
CUST01399,0.014011851530525716
CUST01400,9.849547646279916e-08
CUST01402,0.9999949360373676
CUST01404,2.5670394747012967e-05
CUST01405,0.0016344389151779568
CUST01407,3.1642456672266163e-10
CUST01409,3.7511620462694555e-07
CUST01411,0.00044845391412579266
CUST01413,0.9999999774804867
CUST01414,3.5063660301337913e-07
CUST01415,0.99999948512247
CUST01416,0.999964435243271
CUST01417,0.001963417201727012
CUST01418,1.7882461483113297e-08
CUST01419,5.081532596904414e-09
CUST01420,0.999999990205629
CUST01421,0.00033910440743394266
CUST01422,0.0896948063111173
CUST01424,0.9507252581601998
CUST01425,0.9999999637008423
CUST01426,0.9999994134908128
CUST01427,0.9999999862073574
CUST01428,1.7817103479519427e-05
CUST01429,0.9999999808151508
CUST01430,0.04702899040576701
CUST01431,0.9986673513759007
CUST01432,0.9999999797853143
CUST01433,0.00968786253672575
CUST01434,0.04503347500349986
CUST01435,0.0013598422454529741
CUST01436,0.9999999821392017
CUST01437,6.336925058789718e-10
CUST01438,3.3396606043842274e-07
CUST01439,6.788602577834942e-09
CUST01440,0.9995559897145373
CUST01441,0.9999996545038871
CUST01442,6.594594353877465e-09
CUST01443,0.11604794737219294
CUST01444,0.0001495665321851751
CUST01445,2.219842142304012e-07
CUST01446,9.090827731245492e-09
CUST01447,0.9889475015497424
CUST01448,0.9940213649258631
CUST01449,0.9990406622866539
CUST01451,7.617887914940021e-08
CUST01452,3.9580625773530965e-10
CUST01453,0.9999999578878092
CUST01454,0.9999995656489172
CUST01455,3.570599886751115e-05
CUST01457,0.03613353891266829
CUST01458,0.9999465306847246
CUST01459,0.9999999967836719
CUST01460,0.18133166741038492
CUST01461,0.9999992131690474
CUST01462,1.4933222794012058e-06
CUST01463,3.1334615098585194e-09
CUST01464,0.9999999238637378
CUST01465,0.9999999662406465
CUST01466,0.9996885694322422
CUST01467,0.9999999772500309
CUST01470,2.206190403008069e-14
CUST01471,3.649586654958498e-05
CUST01472,2.525325291443186e-08
CUST01473,2.1397418112670887e-08
CUST01474,0.00024053760364481936
CUST01475,8.073815626721558e-08
CUST01476,0.9997149109092698
CUST01479,0.9999999620609598
CUST01480,4.787723079132546e-08
CUST01481,0.9999837426020395
CUST01484,0.9934507515632203
CUST01485,0.9992868661049077
CUST01486,8.281153814822461e-14
CUST01488,1.2625598348572207e-05
CUST01490,0.9999985141802382
CUST01492,0.9999924261656954
CUST01494,0.999999997797266
CUST01495,0.9999990300281227
CUST01497,2.553433718573491e-07
CUST01500,3.0869247357999405e-06
CUST01501,4.595739018513582e-14
CUST01502,0.999999974575073
CUST01503,0.999999673278212
CUST01504,1.240515263376902e-10
CUST01505,2.7935354600282986e-11
CUST01506,4.3706577538620976e-07
CUST01507,0.9999999664770947
CUST01508,0.9908567203684874
CUST01509,0.118892202372922
CUST01510,2.1808251147725418e-05
CUST01511,0.9994785839018367
CUST01512,0.9488266910592873
CUST01513,6.197377099346374e-08
CUST01514,0.17839497582379382
CUST01516,0.00015246711442061512
CUST01518,0.042337000005892675
CUST01519,4.038290591818354e-06
CUST01521,8.755417481205072e-12
CUST01522,0.0946829684848226
CUST01523,0.5344439543403322
CUST01524,1.2466836956629295e-09
CUST01525,0.06845470575324963
CUST01526,4.178285369272418e-08
CUST01527,7.9227299231152e-11
CUST01530,0.026011237160197723
CUST01531,0.46789439866777716
CUST01532,1.4498950609781537e-08
CUST01533,1.2240806695931974e-10
CUST01536,0.00588829909960955
CUST01538,0.9999999999267222
CUST01541,0.00037211680736294736
CUST01542,1.369971405569585e-09
CUST01543,0.9517932933599603
CUST01544,0.9999956590381005
CUST01545,0.999933170142086
CUST01546,1.6380767805398758e-07
CUST01548,0.9999999459386459
CUST01549,6.4464962614476996e-09
CUST01550,5.7655080618658394e-08
CUST01551,0.9615131494915097
CUST01552,0.036213061687892616
CUST01553,0.9848557361699888
CUST01555,0.9994277387457812
CUST01556,0.9873175519671652
CUST01557,0.002970933504437114
CUST01559,0.9999999905172668
CUST01560,0.9999997278812497
CUST01561,0.9990470811976329
CUST01562,0.1549184544912988
CUST01564,0.9999991419042218
CUST01565,0.005655930393631066
CUST01567,0.9963125357502727
CUST01568,0.0008113775281458127
CUST01569,0.1446639785424617
CUST01570,7.911059486088558e-08
CUST01571,0.999999919191984
CUST01572,0.9993320424875995
CUST01573,0.0007949243170904948
CUST01574,0.9999089325294674
CUST01575,1.6591065902034032e-07
CUST01576,0.00016721813013190456
CUST01577,0.0002229344339179436
CUST01578,1.902806601697244e-11
CUST01579,0.9999980747270792
CUST01580,2.852461115117612e-10
CUST01581,1.0411305630766438e-08
CUST01582,0.9999999373269565
CUST01583,0.9999999526431136
CUST01584,5.070669204788032e-12
CUST01585,0.011081087991542178
CUST01586,0.9999999132152286
CUST01587,0.9999103977658798
CUST01589,1.9448242840683683e-09
CUST01591,0.04741946687667435
CUST01592,0.9999998525547458
CUST01594,0.026865911019897225
CUST01595,3.020219318618301e-11
CUST01596,7.244929458887535e-07
CUST01597,0.992971324078554
CUST01598,0.9998110724406196
CUST01599,0.20823553326232222
CUST01600,0.9999999879397451
CUST01602,3.653859490682454e-09
CUST01603,0.9999139973873475
CUST01605,0.998906915069064
CUST01606,0.00844142982211353
CUST01608,0.999999997377361
CUST01610,0.010649070995576687
CUST01611,0.018939365388038882
CUST01612,9.151864322178793e-13
CUST01613,0.9996948362767885
CUST01615,2.615919141735692e-09
CUST01616,0.17645064237313457
CUST01618,1.0280246876486922e-08
CUST01620,0.8185251895842287
CUST01622,0.03365050659245062
CUST01623,5.236692328770951e-05
CUST01624,0.9999999978785834
CUST01625,2.1815531064637178e-08
CUST01627,0.9999999925312769
CUST01628,0.9976055809400317
CUST01629,0.016642169639672716
CUST01630,0.08838925259906608
CUST01631,4.2749863204442433e-07
CUST01632,0.8796154709045275
CUST01633,0.9996045410248228
CUST01634,0.9999999897654598
CUST01635,0.036017607705767736
CUST01636,0.9999999882559519
CUST01637,0.018481555358329013
CUST01638,1.2770544258400553e-09
CUST01639,0.9996383806210714
CUST01640,0.003380125509788648
CUST01641,3.063744251159366e-08
CUST01642,0.07166628171569853
CUST01643,0.9999999998246605
CUST01644,0.9999979748938997
CUST01645,1.2743766398258092e-11
CUST01646,0.9980682503181892
CUST01647,2.1244817874434148e-05
CUST01648,0.1153748645391938
CUST01649,0.050225156355767867
CUST01650,0.9987116586281534
CUST01651,0.9658119808730823
CUST01652,6.652171395437515e-06
CUST01653,3.7599226221051397e-07
CUST01654,0.9999999998153384
CUST01655,2.097836341620932e-08
CUST01656,0.7243561988734523
CUST01657,1.0933379995289385e-06
CUST01660,0.00025043837926888785
CUST01662,0.9988326356468962
CUST01664,0.010142632491859902
CUST01667,0.2680516817120297
CUST01668,0.07052401845254787
CUST01669,0.9993579993171617
CUST01670,9.212948970420996e-09
CUST01671,0.9999999217257803
CUST01672,1.2418397236417701e-10
CUST01673,0.9992573915365541
CUST01674,0.00023013850008664873
CUST01675,0.9999686921117843
CUST01678,3.921907490436973e-08
CUST01679,0.9969866246912611
CUST01680,0.06489109047069691
CUST01681,0.0005549862821715856
CUST01682,0.03462749421001625
CUST01683,0.9999999457124126
CUST01684,0.9996165343803469
CUST01685,0.002309355716270856
CUST01686,2.464591865341806e-09
CUST01687,0.9957653390418665
CUST01688,0.9993378642259291
CUST01689,0.9999998450986913
CUST01690,0.9999999927328578
CUST01691,0.000890220891323312
CUST01692,5.309648140880872e-06
CUST01693,0.021626830751103967
CUST01694,0.0008000579067628226
CUST01695,0.991658056881388
CUST01696,9.652147275639089e-05
CUST01697,0.9904729309410897
CUST01698,0.999997269104544
CUST01699,2.2553858926375834e-07
CUST01700,7.595663675439562e-05
CUST01701,5.610168468667475e-13
CUST01702,0.9982640793407099
CUST01704,1.4258485906514152e-06
CUST01705,8.503162828540752e-07
CUST01707,0.9441443191931835
CUST01708,0.016685797488172685
CUST01709,4.5481190859020163e-10
CUST01712,4.3391216926476396e-08
CUST01713,1.0034950236193347e-07
CUST01714,0.9825176715850708
CUST01715,0.02521778404996552
CUST01717,0.0009257236816141977
CUST01718,0.9998625875036965
CUST01720,0.9999514936497628
CUST01722,0.9995968106126525
CUST01723,7.612885046769184e-05
CUST01724,0.999999978034076
CUST01725,7.054199040597632e-09
CUST01726,5.509975761626144e-06
CUST01727,0.99874113808952
CUST01728,1.5186450662391774e-08
CUST01729,0.06716737669507232
CUST01730,5.0414129027733394e-17
CUST01731,0.9999998037967136
CUST01732,3.059633023472875e-05
CUST01733,6.0985752243799e-08
CUST01734,2.648281597849537e-16
CUST01735,2.8411687539431704e-08
CUST01736,0.016868191306117223
CUST01737,1.8784396210090217e-10
CUST01738,0.0013788535822524914
CUST01739,3.027946094832067e-11
CUST01740,0.9999999018101681
CUST01741,0.9999999053225656
CUST01742,0.01109241378021094
CUST01744,1.2273077986898659e-14
CUST01746,0.0007031264150277449
CUST01747,7.857430594776944e-09
CUST01748,8.394705455174683e-07
CUST01749,1.258125112876138e-08
CUST01751,0.9930236089175817
CUST01752,0.10291338023861149
CUST01753,0.00048101776149966756
CUST01754,0.001419313015957552
CUST01755,2.593873436665878e-06
CUST01756,0.9999997914697041
CUST01757,0.012182047532836787
CUST01758,1.8316576222299473e-10
CUST01759,0.00011349137465917565
CUST01760,1.0341535378866444e-08
CUST01761,0.999999983312598
CUST01762,3.0935889374309975e-08
CUST01763,0.0005256507596444592
CUST01764,1.6770010474291884e-09
CUST01766,0.004436447241970449
CUST01768,1.4607195975292938e-08
CUST01769,0.025464831156887167
CUST01770,1.3991567763441796e-06
CUST01772,0.998692257306982
CUST01773,0.00011850321656670233
CUST01776,0.8390727257189456
CUST01777,0.9999982631226962
CUST01780,0.9995004748069378
CUST01781,0.9998671208957618
CUST01782,0.9999998820097545
CUST01783,5.664508027276919e-08
CUST01788,1.6729463883496614e-10
CUST01789,0.961968832117575
CUST01790,4.968417037798424e-05
CUST01791,1.9958649906489075e-07
CUST01792,0.35847793440896286
CUST01793,0.999909891024154
CUST01794,0.005541212402686067
CUST01795,0.28649921635334125
CUST01796,0.9996146992272673
CUST01797,0.9999999980478873
CUST01799,0.19388562058840667
CUST01800,0.9997288210813673
CUST01801,0.9998868503227245
CUST01802,0.997813516240532
CUST01806,0.002147884199087239
CUST01807,5.2551776576030276e-08
CUST01809,5.6725176037150246e-08
CUST01810,6.958556249107729e-08
CUST01811,0.9720868495875468
CUST01812,0.0003285110050828683
CUST01813,1.1338864627220824e-14
CUST01814,0.1573085528078594
CUST01815,3.9329207779428214e-08
CUST01816,5.349775396806966e-06
CUST01817,0.9999999210032748
CUST01818,0.9999999964019408
CUST01819,0.000790012471678367
CUST01820,1.8973220698222968e-07
CUST01821,1.9069352087063457e-07
CUST01822,4.8423624968101285e-06
CUST01824,0.8134860377951855
CUST01825,0.0009354732757048291
CUST01826,0.9999085494045189
CUST01827,0.9999999994627706
CUST01828,7.117246611268364e-09
CUST01829,0.006819793787873496
CUST01830,0.09827749171052937
CUST01831,0.7502142722218987
CUST01832,0.8882178669682235
CUST01833,0.00017478934173057294
CUST01834,0.9999991764562911
CUST01835,6.349513442659873e-08
CUST01837,0.9999885344359691
CUST01838,2.330175187187509e-06
CUST01839,0.9999999981400052
CUST01840,0.9975361335140253
CUST01841,0.001612750756331638
CUST01842,0.0070945456943787765
CUST01844,0.9996361539243488
CUST01845,0.12763642062580888
CUST01847,0.9997999614902963
CUST01848,0.9989640079679608
CUST01849,0.9841898420069598
CUST01850,0.03941115175214896
CUST01851,0.9974482955657971
CUST01852,0.03915184633741515
CUST01853,3.21080849571021e-10
CUST01854,0.8522393762822353
CUST01855,4.9963030724739765e-08
CUST01856,0.9999999911334904
CUST01857,0.4094937907974266
CUST01858,0.029859213428032976
CUST01859,4.058803537342721e-08
CUST01860,0.9995647138396319
CUST01861,0.9999999994595825
CUST01862,0.07472970165466518
CUST01863,6.986450496814634e-13
CUST01864,0.9221260066486922
CUST01866,0.015107943189305048
CUST01867,0.9999999986207488
CUST01868,0.07853285941278884
CUST01869,1.6203163305729202e-12
CUST01870,5.081275886497003e-09
CUST01871,0.9999998779425159
CUST01872,0.056960323760279305
CUST01873,0.0003696920371326293
CUST01874,0.013307789957669836
CUST01875,0.9999999653202417
CUST01876,1.4597737746807064e-08
CUST01877,0.05841592186079627
CUST01879,0.00020379998812261667
CUST01880,9.919837735579584e-09
CUST01882,0.2626680919659129
CUST01885,0.9999034555951043
CUST01886,0.9999998143347875
CUST01887,0.02931172204527935
CUST01889,0.9919905351897297
CUST01890,0.9999909797865375
CUST01891,5.203084610851782e-05
CUST01893,7.681589852086453e-07
CUST01894,1.1723707203686206e-06
CUST01897,0.0027259173804355242
CUST01898,4.8291987112626746e-11
CUST01899,0.9999999328007082
CUST01900,0.9999653041462379
CUST01901,0.01443928621591895
CUST01902,0.0005747046968485871
CUST01903,1.3598697944050916e-08
CUST01904,1.1844895029458923e-12
CUST01905,1.6803111272642337e-05
CUST01906,0.9992801774182943
CUST01907,7.711074640530852e-10
CUST01908,0.004322212659345264
CUST01909,0.9995164732627675
CUST01911,1.5869332104631722e-10
CUST01912,0.999999988667276
CUST01913,0.0005192455969897597
CUST01914,0.9997636957733854
CUST01915,0.07951533417537522
CUST01916,0.0005145203602298724
CUST01917,0.0006396453493259473
CUST01918,0.9676357459817416
CUST01919,0.8762095879956932
CUST01921,0.7303414112836805
CUST01923,3.729925041105844e-10
CUST01924,0.368140553074995
CUST01926,8.143887700872715e-10
CUST01927,0.9227675823333179
CUST01928,0.9974220332582986
CUST01929,5.063464357344513e-12
CUST01930,5.189937994983397e-09
CUST01931,0.9520039699125167
CUST01932,0.3370869869638227
CUST01933,0.99770935468308
CUST01934,0.08210286834047813
CUST01935,0.0001778441658521461
CUST01936,3.2179187101916984e-10
CUST01937,1.1568159630083412e-05
CUST01939,0.999998665133734
CUST01941,1.5015794173972037e-11
CUST01942,4.9042383029022115e-09
CUST01943,8.403660094611839e-10
CUST01944,0.29271108898930376
CUST01946,0.05565231970393598
CUST01948,0.9999999990838373
CUST01949,0.0014274594688069454
CUST01950,0.030565687504221464
CUST01951,0.01284731653329109
CUST01952,0.034858553525554274
CUST01953,0.9999999955841274
CUST01955,9.716088434869325e-07
CUST01956,3.138293830193671e-09
CUST01957,0.9999973996504127
CUST01958,0.0005568936666676007
CUST01960,4.5241771590465314e-11
CUST01961,5.998905701684491e-10
CUST01962,0.9999999133637054
CUST01963,4.00694274881107e-08
CUST01964,0.9999460547285147
CUST01965,1.6432288001172659e-07
CUST01967,0.9978108827135411
CUST01968,2.46139133636558e-06
CUST01969,6.636581790341702e-05
CUST01972,0.9992425249828455
CUST01973,0.9999977058868835
CUST01976,7.484906469995995e-05
CUST01978,0.011355049720531122
CUST01979,4.572676150716012e-06
CUST01980,0.9982081606625611
CUST01981,0.0006795135154332733
CUST01983,0.9999194992308678
CUST01984,0.0009458015291122482
CUST01986,0.9999307199847602
CUST01988,0.9999999041691309
CUST01989,0.9317803769586125
CUST01990,4.167513675650435e-05
CUST01991,0.010942208039910596
CUST01992,0.009336641222089536
CUST01993,4.582814539574319e-10
CUST01994,0.0009079482576105257
CUST01998,0.07111132125928074
CUST01999,0.9999924042606289
CUST02001,0.9998603428423105
CUST02002,0.9999999690333464
CUST02005,0.05835031110644605
CUST02006,0.4166472894010869
CUST02007,0.0013694425911782535
CUST02008,0.9981300323791243
CUST02009,0.155941964487766
CUST02010,0.9999748047478373
CUST02011,1.2058018984341202e-07
CUST02013,3.3006121800721286e-07
CUST02014,0.7355579761869834
CUST02015,0.009024631998016671
CUST02016,0.9999040590359475
CUST02017,6.586762051125979e-15
CUST02018,0.014816753375886135
CUST02019,0.999913093797082
CUST02020,1.3393529316703438e-11
CUST02021,0.9992994119994477
CUST02022,1.7686815040202272e-09
CUST02023,0.9994286647504237
CUST02024,0.018502839010483968
CUST02025,0.9999999997547377
CUST02026,0.9999999971233071
CUST02027,0.05662118643076117
CUST02028,0.9994877818621554
CUST02029,0.006450219405754346
CUST02030,0.01892841411134102
CUST02031,0.038423428489615226
CUST02032,0.012375981568232218
CUST02033,0.0013499601169245218
CUST02034,2.0330534279315577e-11
CUST02036,2.916865605125399e-06
CUST02037,0.00030115015164955015
CUST02038,6.458369501224982e-09
CUST02040,0.0007372539924536517
CUST02043,0.0064659555861238125
CUST02044,0.00012040201916900841
CUST02045,0.9999787846124204
CUST02047,2.2285152685960314e-07
CUST02048,0.9914013477565162
CUST02049,0.0008477447169271699
CUST02050,3.520776570945956e-08
CUST02051,0.029036316332010936
CUST02052,0.9999999589167773
CUST02053,0.00012850144510709752
CUST02054,1.2254766123908183e-06
CUST02055,9.755180099017152e-09
CUST02057,1.3812862581219185e-09
CUST02058,7.979883001585449e-05
CUST02059,2.323400094664173e-08
CUST02060,0.144574327584153
CUST02062,0.998395124018123
CUST02064,0.9999994802365567
CUST02065,1.9620643626475484e-09
CUST02066,0.010116867463162824
CUST02068,5.6314510812081795e-08
CUST02069,3.6071206385361304e-08
CUST02070,0.9927169407438088
CUST02072,0.9999999991820179
CUST02073,0.9902021101403283
CUST02074,0.9999999959179353
CUST02075,0.03420778693386943
CUST02076,0.9999999899648394
CUST02077,0.9999999719013376
CUST02079,0.9996685022545924
CUST02080,1.13047509658891e-09
CUST02081,0.9994668046980273
CUST02082,3.298463217885156e-11
CUST02086,0.0020779969164642616
CUST02087,7.342293484427989e-09
CUST02088,5.675436654671439e-09
CUST02089,0.00657116355828006
CUST02090,0.9995009798960858
CUST02093,0.06899482368193494
CUST02095,0.9994264446404232
CUST02097,7.595859757887393e-07
CUST02098,0.9999994358207659
CUST02099,0.9999775553944869
CUST02101,3.9086601251142213e-07
CUST02102,0.9999999936179043
CUST02103,0.9999636084922127
CUST02104,0.9991582055790784
CUST02105,0.9616790226366722
CUST02106,3.005444610379614e-08
CUST02108,0.005780447412367631
CUST02109,0.0001639556921106719
CUST02110,0.00028289370733164615
CUST02111,0.0481287642140654
CUST02112,0.00021999485339425202
CUST02113,1.2627167015965756e-09
CUST02114,7.304317562978112e-08
CUST02116,8.974442092566218e-08
CUST02117,0.014050552307847963
CUST02118,0.015050389108963004
CUST02121,0.9999998785837175
CUST02123,0.047416565512463045
CUST02124,1.0817578391206621e-05
CUST02125,0.9970445721934613
CUST02127,0.9454716044893883
CUST02128,1.5856297905530686e-10
CUST02129,0.9983393582390176
CUST02130,1.5198220650445734e-08
CUST02131,3.410108229006623e-05
CUST02132,0.999973028580604
CUST02133,0.007629063931538001
CUST02134,0.973375027381835
CUST02135,1.6066549228059025e-08
CUST02136,0.9991439017220372
CUST02137,0.9999929074207486
CUST02138,0.9961153063215683
CUST02139,8.014413734975686e-15
CUST02140,0.038002077855709214
CUST02141,0.9808384006037394
CUST02142,6.855690900484908e-08
CUST02143,3.3901645373381566e-05
CUST02144,2.951825408336574e-13
CUST02145,2.3494668324563996e-06
CUST02148,0.0034306285730106925
CUST02149,5.83985732450309e-06
CUST02150,0.04101667348952235
CUST02151,0.9996405794464583
CUST02152,0.9993007904966568
CUST02153,0.9435948193572015
CUST02154,1.9206606857864145e-07
CUST02155,1.2600087650772118e-10
CUST02156,0.009252023134084061
CUST02159,0.012397602154868213
CUST02161,1.7197725774488508e-12
CUST02163,2.1614618554954678e-10
CUST02164,1.2807821933027013e-07
CUST02165,0.6812797860412888
CUST02166,0.9999999757748171
CUST02168,0.9999999993813387
CUST02169,1.6201651870518123e-12
CUST02170,0.9999978073396577
CUST02171,0.1392336201092588
CUST02172,0.9999999491019375
CUST02173,2.7689753120910692e-09
CUST02174,0.9990738620138495
CUST02175,0.059639175777407266
CUST02176,0.00106252872756498
CUST02177,0.3870454602241304
CUST02178,0.9997711956669891
CUST02179,0.0021869765486947352
CUST02180,0.9990825154598316
CUST02181,3.435714497151235e-05
CUST02182,4.474302985812888e-09
CUST02184,0.9999997766049975
CUST02185,0.9985512951104587
CUST02186,0.004082244202884599
CUST02188,0.18258393816507484
CUST02190,0.18781611405070775
CUST02191,7.653080317793963e-09
CUST02193,1.9555444125771107e-05
CUST02194,0.0015948290976786595
CUST02195,0.9993998815481945
CUST02196,1.2699258221149843e-07
CUST02197,0.9996447093335951
CUST02198,0.9998298233318094
CUST02199,0.9999978743148127
CUST02200,8.63223919388548e-07
CUST02201,0.005087825452269358
CUST02202,7.391374877225119e-06
CUST02203,0.9999999560387444
CUST02204,4.4360741806624065e-13
CUST02205,0.9996555710745106
CUST02207,9.111463769462758e-07
CUST02211,1.0055461583757552e-07
CUST02212,1.7554174766421453e-10
CUST02214,0.9999998554476128
CUST02215,0.23838931123604157
CUST02216,0.0032619165992436275
CUST02219,0.00010891904651947118
CUST02220,0.9999999449939719
CUST02221,0.9999267542935696
CUST02222,4.69458713491979e-06
CUST02223,1.2978260991923686e-05
CUST02224,8.885480370163946e-10
CUST02225,0.9999999956871297
CUST02226,0.00024977280461627903
CUST02227,2.0506298905054725e-06
CUST02228,0.9939255574083081
CUST02230,0.02289174644233378
CUST02231,0.9992471143047469
CUST02232,3.2818804232987317e-14
CUST02233,0.9999985147219292
CUST02234,0.9999999444277519
CUST02235,2.5771830865180426e-05
CUST02237,1.4710051951744494e-05
CUST02238,0.00010586760164541371
CUST02239,2.878175610701092e-10
CUST02241,2.281905033195168e-10
CUST02242,1.4957727699799115e-05
CUST02243,0.2611660178071057
CUST02244,1.20237174046029e-07
CUST02245,3.5257460209417747e-07
CUST02248,0.06781334995552508
CUST02249,0.9999987617018306
CUST02250,0.00927609619987817
CUST02251,1.1173855553996616e-06
CUST02252,0.00010146293858576817
CUST02253,0.9999787711471262
CUST02254,0.1842482070117726
CUST02255,0.9999999948527958
CUST02256,4.682125631037831e-09
CUST02257,0.03572126399881186
CUST02258,3.2783359974031555e-05
CUST02259,0.9979916973737175
CUST02260,4.3000836617390054e-09
CUST02261,0.9999999368051182
CUST02263,1.691438434628767e-07
CUST02265,3.649790757322903e-07
CUST02266,0.00011396671041492772
CUST02267,0.9996146149995843
CUST02268,3.3380988856229286e-08
CUST02269,1.2092253579096552e-07
CUST02270,0.9736810264284006
CUST02271,0.00010708044375160396
CUST02272,0.02127112192306425
CUST02273,0.0006180020798286175
CUST02274,0.00011506312811872179
CUST02275,1.0156855552739533e-09
CUST02276,0.10626814275912856
CUST02278,0.9998594948872268
CUST02279,0.5109964899060647
CUST02280,6.83577310205189e-12
CUST02281,0.38095194170417035
CUST02283,1.635984761124246e-07
CUST02284,0.9956554523737059
CUST02285,1.1545481490560534e-05
CUST02286,1.1197674567912577e-05
CUST02287,4.933873061738398e-05
CUST02288,1.5175484396425562e-07
CUST02289,0.9983067539614913
CUST02291,0.004852376692794418
CUST02292,0.9994966536669407
CUST02293,0.9999999990713311
CUST02294,0.9928905524963405
CUST02296,0.8730385793857364
CUST02297,0.999339408229667
CUST02299,0.9997606382845607
CUST02301,0.11155472396300922
CUST02302,0.9823744648577848
CUST02303,7.610552941715617e-09
CUST02304,0.002224424615577131
CUST02305,4.01538007228722e-12
CUST02307,0.44008425244160415
CUST02310,9.520284449082112e-06
CUST02311,0.9966189259981905
CUST02312,0.00017298633592896572
CUST02313,8.224753994326287e-07
CUST02314,0.9999981610647564
CUST02315,0.999304948102746
CUST02316,0.9999999944908913
CUST02317,7.632900291484499e-09
CUST02318,0.009611631094782563
CUST02319,1.4284209443949065e-09
CUST02320,0.9999851445149285
CUST02321,0.3330939972130698
CUST02322,4.017177316119607e-05
CUST02323,2.3250574710141438e-05
CUST02324,2.4985757982017515e-08
CUST02325,6.284482216623885e-10
CUST02326,1.064437409774628e-15
CUST02327,0.010262164425806292
CUST02328,0.061185801694805815
CUST02329,0.006684429348455494
CUST02330,0.005635638497125
CUST02332,0.9999943502316251
CUST02333,7.572995519987332e-09
CUST02334,2.6800054702843727e-10
CUST02335,9.081765729982669e-10
CUST02336,0.04627579243562733
CUST02337,0.8124701138497772
CUST02338,0.08015819052814957
CUST02339,2.435978559578249e-07
CUST02340,0.9999999912049421
CUST02341,0.00023469404732530006
CUST02342,6.455674710949433e-11
CUST02343,0.9999997941581193
CUST02344,3.557114898546972e-07
CUST02345,0.9353164515263827
CUST02346,0.999579280257166
CUST02347,3.634548898808524e-08
CUST02348,0.9999999495124107
CUST02349,0.9999999146171268
CUST02350,0.999964010471041
CUST02351,0.37016087046407314
CUST02352,4.292265254427221e-09
CUST02353,0.9219759250448708
CUST02355,2.5997068965599745e-08
CUST02358,4.407235471637062e-08
CUST02360,0.00013329028761824922
CUST02361,0.08324911657174595
CUST02362,0.0007324781451054491
CUST02363,0.0028752650837534648
CUST02365,3.3097390749181816e-05
CUST02366,0.3830849361173716
CUST02367,1.5252356270548265e-07
CUST02368,2.1224861869165336e-13
CUST02369,0.13468054143424488
CUST02370,0.1335735448832729
CUST02371,0.19006656442152242
CUST02373,0.00018757363564476915
CUST02374,0.9999999952949754
CUST02375,0.12406755907973695
CUST02376,0.9999999806163767
CUST02377,4.2622244934542295e-09
CUST02379,0.8815702743493175
CUST02380,0.0001260912640368252
CUST02381,0.056467505258738074
CUST02382,6.772646188892416e-05
CUST02383,0.9987580633052285
CUST02385,1.5706354815696364e-05
CUST02386,0.02483265686311196
CUST02387,6.0885088516463505e-09
CUST02388,3.047136368711977e-05
CUST02389,0.9985640611062133
CUST02390,0.9999915630296841
CUST02391,9.981797502616784e-06
CUST02392,0.9999984106244845
CUST02394,0.9999999826772002
CUST02395,0.07862511235923376
CUST02396,0.8926099425796357
CUST02397,0.9929123655708363
CUST02399,0.9999999617327201
CUST02401,0.9999999867352019
CUST02402,0.007500288981483587
CUST02403,0.00010520780222081414
CUST02405,0.9968689693610561
CUST02407,5.90182860240538e-06
CUST02408,0.999999484578007
CUST02409,0.11535832874399052
CUST02410,5.417607585620386e-08
CUST02411,0.9999961690948581
CUST02412,0.02470101764640962
CUST02413,2.570253781326964e-06
CUST02414,7.025142841504692e-09
CUST02415,0.0039027005577143337
CUST02416,0.007580545591525525
CUST02419,0.9999976452668212
CUST02420,7.274845625035147e-12
CUST02421,0.011179380872436286
CUST02425,0.9999490294818845
CUST02426,3.761438817957682e-08
CUST02427,0.9999984563966602
CUST02428,6.1135257376725625e-09
CUST02429,3.496079498583149e-12
CUST02430,0.9975707281904173
CUST02431,0.9999997793555674
CUST02432,0.0016916858359193997
CUST02433,3.3372998002800823e-08
CUST02434,0.009590083056218428
CUST02435,0.9572803223586455
CUST02436,0.0694887119938302
CUST02438,8.70465355822021e-05
CUST02439,1.3378371412313736e-07
CUST02440,0.999999988095735
CUST02442,2.2776207781710572e-07
CUST02443,0.16054511161134216
CUST02444,0.9999786726583295
CUST02445,3.383132345933052e-05
CUST02446,8.922498382196206e-11
CUST02449,0.9991652942224136
CUST02450,0.9999998751891845
CUST02451,0.013141892889570966
CUST02452,7.143657825697801e-09
CUST02453,1.1042671611460454e-06
CUST02454,0.00028285245774587354
CUST02455,3.5837837003573608e-09
CUST02456,2.612241919779069e-06
CUST02457,0.0008445787908544061
CUST02458,0.9999978252066928
CUST02459,1.8400334949384398e-07
CUST02460,0.006064035022236386
CUST02461,1.1987255345653599e-07
CUST02462,0.9999999991743724
CUST02463,0.007959363212187022
CUST02464,0.010367645865632252
CUST02465,0.9999998681327037
CUST02466,0.9999943218603001
CUST02467,0.9999999999903966
CUST02468,0.9956938197018251
CUST02469,0.9999999906193372
CUST02470,0.026682642606731196
CUST02471,9.996881073982752e-10
CUST02472,1.3085978513274112e-08
CUST02473,0.00027141376478905633
CUST02474,0.9973028303643726
CUST02476,2.7211412809712643e-13
CUST02477,0.9683682993815811
CUST02479,0.0035872853504287333
CUST02480,6.36970544159838e-08
CUST02483,1.8975793878527486e-08
CUST02484,9.735923739003168e-10
CUST02487,0.11463198031910372
CUST02488,0.025595036706095198
CUST02489,0.750116884299937
CUST02491,0.999999994735083
CUST02492,0.9917010038254356
CUST02494,0.9844843981720053
CUST02495,4.395670911451748e-09
CUST02497,0.9999998902909244
CUST02498,0.0003179623217241067
CUST02499,0.0003875367470563409
CUST02500,0.9946947574770258
CUST02501,0.28187483052671175
CUST02502,0.9943486395819694
CUST02503,4.635961872448448e-10
CUST02504,1.4804154139700273e-09
CUST02505,1.1412651797017606e-06
CUST02506,4.1692016094847095e-12
CUST02508,0.9992868015541958
CUST02509,0.9999997684954899
CUST02510,2.41029722234765e-10
CUST02511,1.569649793902277e-13
CUST02513,7.063258758251183e-16
CUST02514,6.792560044399503e-08
CUST02515,0.9999999962328141
CUST02517,1.7915940306685795e-07
CUST02518,0.005585558965303339
CUST02519,0.9993923784777192
CUST02520,0.999999856555844
CUST02521,0.9999999175157629
CUST02522,1.2965480248384116e-11
CUST02523,0.9201789984139463
CUST02524,0.9999937089030162
CUST02525,0.9997806805924556
CUST02526,3.024811081120117e-09
CUST02527,0.0016369540050852462
CUST02529,0.01835218792867457
CUST02530,0.00042357122573641424
CUST02531,1.2318906847986867e-05
CUST02534,0.06404734200556589
CUST02535,0.010515545257134527
CUST02536,0.9999999825465983
CUST02538,0.9999474399890772
CUST02540,9.684635032062524e-05
CUST02541,0.9999999926966505
CUST02543,0.9572246716764344
CUST02544,0.00024249992369811466
CUST02545,0.9998303058896474
CUST02546,5.97105780780075e-06
CUST02549,0.9998326094973715
CUST02550,9.18106066818443e-09
CUST02551,1.8833641790979709e-07
CUST02552,3.0038163663726674e-13
CUST02554,0.03343658289636545
CUST02555,0.9999999887414891
CUST02556,1.5643824028584231e-06
CUST02557,7.549612182185634e-11
CUST02558,0.013299169058865813
CUST02559,1.079794811752739e-09
CUST02560,0.00892182959069151
CUST02562,0.9772172023373901
CUST02563,0.991166063035286
CUST02564,0.07322802980218791
CUST02566,0.0003290970396363643
CUST02568,0.9970241624211276
CUST02569,0.9999999525871095
CUST02570,8.225407943212789e-09
CUST02571,0.9999964924881565
CUST02573,0.9999999570068955
CUST02574,0.4807987060028614
CUST02575,8.715655185181036e-10
CUST02577,4.94184639852351e-11
CUST02578,3.2809120116084996e-12
CUST02579,0.8379960647267181
CUST02580,7.645458482851821e-08
CUST02581,7.498672438388146e-06
CUST02582,1.8414133691542664e-09
CUST02583,0.999999981124262
CUST02584,1.0793599267334094e-08
CUST02585,0.9999999911792489
CUST02586,0.9999999993565334
CUST02587,2.7523669243248945e-07
CUST02588,6.828628976804344e-08
CUST02589,0.9999976303875415
CUST02590,2.8518267798983446e-05
CUST02591,0.0008246290279873708
CUST02592,0.999999953389451
CUST02593,3.090672922845358e-05
CUST02595,1.3796529496896769e-06
CUST02596,0.9999999903029532
CUST02597,2.576207405606177e-11
CUST02598,0.9999897217209628
CUST02599,1.0303563228528334e-07
CUST02600,5.804295491788192e-10
CUST02601,3.651031894625478e-12
CUST02602,0.038398716889294714
CUST02603,4.794190937698073e-12
CUST02604,0.9738111885570703
CUST02605,3.997069914142994e-11
CUST02606,0.9999999989803814
CUST02608,0.06178112524368335
CUST02609,4.7369006994932976e-09
CUST02610,6.115462317226181e-10
CUST02611,0.9994141234148122
CUST02612,0.9940615981917237
CUST02613,0.9988961335864643
CUST02614,0.00828174144840599
CUST02615,1.9920895359989287e-11
CUST02616,0.01038946740695272
CUST02617,1.1065563555894577e-06
CUST02618,0.030147742294970997
CUST02619,7.254192123078549e-08
CUST02620,0.9519993981035815
CUST02621,0.9999999653060226
CUST02622,0.23147978534617183
CUST02623,0.9994563150924075
CUST02624,0.9909699859618432
CUST02625,0.9989606004849577
CUST02626,1.737309108667707e-08
CUST02627,8.929848532077185e-10
CUST02628,4.0728428747218997e-07
CUST02629,4.885280539708686e-09
CUST02630,0.9999311678298998
CUST02632,2.4805547674621378e-08
CUST02633,2.553101383623666e-06
CUST02635,6.801812643531655e-09
CUST02636,0.9999999670686557
CUST02637,0.9999999813139827
CUST02638,1.8070843882363244e-11
CUST02639,0.9999999588702003
CUST02640,0.4649274602593765
CUST02641,1.8021205128984343e-08
CUST02642,0.05816409243818905
CUST02644,3.092184420224102e-11
CUST02645,0.9981770510824227
CUST02646,0.9955813639440476
CUST02648,0.9999999809633277
CUST02649,0.013162479023695082
CUST02650,1.804347510705522e-07
CUST02651,7.491378248846642e-05
CUST02652,5.0308415950316007e-05
CUST02653,0.9999981772278568
CUST02654,0.9999999487590505
CUST02655,0.00015262431976537032
CUST02656,0.9999998997744495
CUST02657,0.9999964687323345
CUST02659,0.9995561140433069
CUST02660,0.5538659128576732
CUST02661,0.022985781587599067
CUST02662,7.426368428985468e-06
CUST02663,0.009967433203631493
CUST02664,5.783554853131813e-10
CUST02665,0.05691294728794914
CUST02666,0.9999843516850871
CUST02668,0.002641523263854092
CUST02669,0.04918963859271743
CUST02671,0.40539833066183273
CUST02672,0.05640144640797398
CUST02673,1.9647416514495657e-07
CUST02674,0.11105046896928063
CUST02675,7.083353600697604e-10
CUST02676,0.9999999841367104
CUST02677,2.3186800543626304e-05
CUST02678,3.052575868172241e-08
CUST02679,0.9998938165431366
CUST02680,7.597980160392419e-13
CUST02681,0.8940456805363586
CUST02682,0.9999997112317954
CUST02683,0.9999999932172277
CUST02684,1.6840453872628034e-05
CUST02686,0.9999999813335304
CUST02688,5.931083539633769e-14
CUST02690,1.1683939273718889e-09
CUST02691,0.0601427105141385
CUST02692,0.1714087256375539
CUST02693,6.849963939832823e-06
CUST02694,0.9999999934727044
CUST02695,0.0018488391315003591
CUST02697,0.9990775395348555
CUST02698,0.013962677596828817
CUST02700,1.1895170289781185e-09
CUST02702,6.846414631309864e-07
CUST02703,0.10032869474513725
CUST02704,0.9999989087079576
CUST02705,0.9999999694504109
CUST02706,0.9456448997075292
CUST02707,0.01507115208220589
CUST02708,0.9992091213072085
CUST02709,0.00011096229021013099
CUST02710,0.9999999998926421
CUST02712,0.11801347138865
CUST02713,6.67996889314838e-05
CUST02715,0.9832971308940556
CUST02716,5.04896315318982e-06
CUST02717,4.452779283661129e-06
CUST02718,0.044456563244388764
CUST02719,5.616753894417365e-09
CUST02720,0.11436405686333456
CUST02721,0.015592668731757187
CUST02722,0.019743872225862717
CUST02723,1.1405773678986579e-08
CUST02724,0.9990163817352038
CUST02725,2.3553693568114492e-08
CUST02727,0.0009564803732527382
CUST02729,0.999999968570984
CUST02730,0.8662007441688945
CUST02731,1.700255333324972e-05
CUST02732,0.02275691602986168
CUST02733,6.69735559970233e-09
CUST02734,0.00012673280878909332
CUST02737,4.120683987644872e-09
CUST02739,5.629208174456168e-05
CUST02740,0.9990373718634905
CUST02741,0.024780797669304435
CUST02742,0.00013085561522288406
CUST02743,0.9999966312394838
CUST02744,0.9999998818402844
CUST02746,0.0844347744151917
CUST02747,2.835551726516013e-09
CUST02749,4.712105547545897e-06
CUST02750,0.20576938673613748
CUST02751,0.007162613334332213
CUST02752,5.798998739793882e-12
CUST02753,0.9999999692173275
CUST02755,2.478178131496929e-05
CUST02756,8.12840107723935e-07
CUST02758,0.06167809445597323
CUST02759,0.9996720516419572
CUST02760,4.766424291518894e-08
CUST02761,0.8734891310117427
CUST02762,0.17166602865864605
CUST02763,0.9913633975891476
CUST02764,1.049182224438688e-10
CUST02765,3.667079055754372e-11
CUST02767,0.9999999950618905
CUST02768,0.994375621842327
CUST02769,0.9999999928658319
CUST02770,0.9999999803247738
CUST02771,0.008123813772865477
CUST02772,0.023798025953875094
CUST02773,0.990128143733503
CUST02774,0.9991102275660888
CUST02775,0.010590799640176141
CUST02776,7.815662280373521e-08
CUST02777,0.0009291835290933759
CUST02778,0.9994621494988801
CUST02779,2.1266120714625871e-10
CUST02780,0.048222784672348626
CUST02781,0.004491305299208145
CUST02782,0.9999999953790037
CUST02783,2.841975042481632e-16
CUST02784,0.9995351119354575
CUST02785,0.08127673949291113
CUST02787,3.292797214162851e-05
CUST02788,0.9608760972192032
CUST02789,0.00014795163533555986
CUST02790,0.003896078991734295
CUST02791,3.5658552293136724e-05
CUST02792,0.9999999947026157
CUST02793,0.07747286864173111
CUST02794,0.9999999096462375
CUST02795,0.9999999993579742
CUST02796,5.885728585543155e-11
CUST02797,2.6584704549929167e-08
CUST02799,0.000133427054209787
CUST02800,3.5890492209672046e-06
CUST02802,0.6965019731053625
CUST02803,6.345715224867618e-07
CUST02804,3.7709287502708846e-06
CUST02805,3.0836021292977826e-10
CUST02807,3.1058991125959903e-09
CUST02808,1.7279897459396733e-08
CUST02809,2.4401934057749208e-09
CUST02810,0.9997738926243174
CUST02813,0.9999629496248367
CUST02814,3.5403844121202433e-06
CUST02815,0.07348381395768698
CUST02816,8.737437152187518e-13
CUST02818,0.9999460280145536
CUST02819,1.2361696132832586e-07
CUST02820,5.6247681758020066e-05
CUST02821,0.8686231276765058
CUST02822,6.168771637557949e-11
CUST02823,0.9995333036897401
CUST02824,0.998452426008614
CUST02825,0.99999995175791
CUST02826,0.00012880115709702728
CUST02827,9.835686649167474e-06
CUST02828,0.0003101620351848216
CUST02830,0.9999999981509844
CUST02831,0.999999998722773
CUST02832,0.9982599534228924
CUST02833,6.864098931849137e-12
CUST02834,0.9260725856915102
CUST02835,9.45874029845792e-11
CUST02836,0.9989140013263865
CUST02837,0.17787180625894494
CUST02838,3.2899417091646523e-10
CUST02840,0.20858558098389982
CUST02841,0.9847172494058939
CUST02843,0.04442647944198548
CUST02844,5.779001426073096e-09
CUST02845,0.9999999926839422
CUST02846,0.1778321773747459
CUST02847,2.8293670036670746e-10
CUST02848,7.986375871848768e-07
CUST02850,1.5246123955973513e-06
CUST02851,1.0805492955354118e-07
CUST02852,0.0006098753971168889
CUST02853,4.609749345154551e-07
CUST02854,0.01190334119575901
CUST02856,0.9999999845231016
CUST02858,0.999791287804433
CUST02859,0.9999224258877142
CUST02860,0.9999999772728231
CUST02862,0.0009498711648964941
CUST02863,6.727998233390411e-05
CUST02864,0.977486660854626
CUST02865,5.169719446703798e-06
CUST02868,4.6213678575854794e-06
CUST02869,5.625459339850379e-09
CUST02870,0.9999995615942546
CUST02871,2.6790041549070594e-10
CUST02873,0.008223666947767844
CUST02874,0.1470870007716871
CUST02875,1.5007060392604044e-09
CUST02876,0.5434778548345582
CUST02877,0.9999999930726977
CUST02878,3.0297081713989534e-07
CUST02880,0.018922439127289713
CUST02881,0.9983941110757231
CUST02882,0.9999999697560051
CUST02883,0.9982721061157751
CUST02884,1.5838790505074612e-07
CUST02885,0.0006048051478645333
CUST02886,0.8570439222395737
CUST02887,0.989882194357947
CUST02890,0.006522663409970366
CUST02891,8.442408239015741e-08
CUST02893,6.080308942275664e-05
CUST02894,0.9999999682557469
CUST02895,0.01983537175980784
CUST02896,0.9999999169358003
CUST02897,0.9985245562797773
CUST02899,2.628920684845887e-10
CUST02900,1.1077298084379044e-07
CUST02901,0.0008793529971447352
CUST02903,0.3741736504850572
CUST02904,0.012479180167114497
CUST02906,5.807537918884259e-06
CUST02908,0.9999870709061789
CUST02909,0.9986055202653158
CUST02910,1.4699876881727871e-10
CUST02911,5.874530256118927e-11
CUST02912,0.33158894402812733
CUST02913,9.59575686070535e-09
CUST02914,0.9652234154171595
CUST02917,0.033079310987576806
CUST02918,0.0005208039199856396
CUST02919,0.9999997246025606
CUST02921,0.9999498992100677
CUST02922,0.9999999926851255
CUST02923,0.9999999915715373
CUST02924,0.9999999824617879
CUST02925,0.004749807262393983
CUST02926,1.5314764400900158e-06
CUST02928,0.9982403965459941
CUST02929,0.998883517247974
CUST02930,4.273585087316087e-10
CUST02931,0.37423810100697436
CUST02932,8.534520263440148e-05
CUST02933,5.245040468530982e-10
CUST02934,0.9999999065133628
CUST02935,0.9129172553972147
CUST02937,0.9582484653271095
CUST02938,1.4796982442050945e-10
CUST02939,0.9999999020511343
CUST02941,8.822094525362403e-09
CUST02942,0.9997496830931327
CUST02943,0.5679504446483121
CUST02945,0.021881891169238905
CUST02946,0.9999706898125645
CUST02947,0.014660492150349633
CUST02948,9.701348070762632e-07
CUST02949,1.0302124664457049e-08
CUST02950,0.9999946785343997
CUST02951,0.9999999962612207
CUST02953,1.642096644845107e-09
CUST02954,0.0003070924128534802
CUST02955,0.3156536507718474
CUST02956,0.00474630688616873
CUST02958,7.809656860151587e-05
CUST02959,0.002351465939644141
CUST02960,0.05751506322898235
CUST02962,1.2926812340155219e-11
CUST02963,1.918942149085731e-06
CUST02965,0.9999999953290304
CUST02966,1.132694405966037e-07
CUST02967,0.0010101448539792507
CUST02968,0.999756488221116
CUST02969,4.3935459672010907e-08
CUST02970,0.9999999987965418
CUST02971,1.774385853286392e-05
CUST02973,2.5998500344630303e-08
CUST02974,0.9999999703499389
CUST02975,0.00013590749522376255
CUST02976,0.9999985393966582
CUST02977,0.020542917915648475
CUST02978,0.007623400375577248
CUST02979,5.727279565635283e-13
CUST02980,1.6939645720907003e-06
CUST02981,0.004014336205788857
CUST02982,9.90686159647742e-05
CUST02983,0.9988599101085304
CUST02984,4.908431469218069e-09
CUST02985,0.9999998058077229
CUST02986,3.4519222295278853e-06
CUST02987,0.022005247326244974
CUST02988,5.0043905092994375e-09
CUST02989,0.04771827673610561
CUST02990,0.0005032314540232051
CUST02992,0.9999974088078359
CUST02993,1.6506720195155233e-07
CUST02994,1.1178699743501762e-09
CUST02995,0.1619083070749386
CUST02996,0.0011025245068859793
CUST02997,3.3673734078992368e-12
CUST02998,0.9999998629642594
CUST02999,0.6722621808600953
CUST03000,2.0637276467779005e-12
CUST03001,0.9998279743317888
CUST03002,1.3456738539041552e-12
CUST03003,0.01867831596317727
CUST03004,0.9999999994949484
CUST03007,4.98963464142603e-10
CUST03008,0.999999994634515
CUST03009,5.91518627003701e-05
CUST03010,0.03549799892225308
CUST03011,1.4829286965818853e-06
CUST03012,5.634043439809159e-10
CUST03013,7.796523247157172e-06
CUST03014,0.595088282411304
CUST03016,0.9999959727394122
CUST03018,0.0005799424324611182
CUST03019,0.0013778247450305285
CUST03020,0.9996858540553544
CUST03021,0.4222291085505341
CUST03023,0.9995608349756476
CUST03024,6.345137786803401e-05
CUST03025,0.9998633930716648
CUST03026,7.532075857857603e-05
CUST03027,0.04176536524801173
CUST03028,0.9994545304099272
CUST03029,0.999961042633625
CUST03030,3.5179154249560966e-07
CUST03031,0.9999957799200155
CUST03032,0.004709035201186559
CUST03034,3.4679412895722774e-07
CUST03036,0.9985742716528496
CUST03037,0.9999999993510722
CUST03040,0.9999585227813047
CUST03041,0.73397057393817
CUST03042,3.9388895062568716e-05
CUST03043,0.015496780185516876
CUST03044,0.25437776024423503
CUST03045,0.9999999801106305
CUST03046,0.22980691616016838
CUST03047,0.9999997812059843
CUST03048,0.9999999952936935
CUST03050,0.14798223731704424
CUST03051,0.9988867160755329
CUST03052,0.9999999759233745
CUST03053,0.9999540309978971
CUST03054,2.705604054126948e-12
CUST03055,4.3528896962231344e-09
CUST03056,1.2682175814245071e-05
CUST03057,1.3299452072069977e-11
CUST03058,1.23052581608664e-07
CUST03059,0.00035013517905236696
CUST03060,3.1614333721500503e-09
CUST03061,8.051699457411289e-05
CUST03062,4.654327924345638e-06
CUST03063,0.0005450870491848273
CUST03064,0.9999912470302788
CUST03065,1.0301344653894742e-09
CUST03066,0.9999999707658835
CUST03067,2.1791165238899913e-05
CUST03069,0.026612652233904934
CUST03070,0.9999999861469877
CUST03071,0.8913531311562303
CUST03072,0.03572669777436404
CUST03073,0.9999999960903745
CUST03074,0.9999676062022806
CUST03075,0.999499286963379
CUST03076,0.9999969640792468
CUST03077,0.9998786898620368
CUST03078,1.7349812499969257e-09
CUST03079,2.7812011794203312e-08
CUST03081,0.09829643792217202
CUST03082,7.070237553566941e-09
CUST03083,0.9999946599895349
CUST03084,0.9999879852544615
CUST03085,2.9004474847852023e-08
CUST03087,0.9999999641195245
CUST03088,2.8647040443321762e-05
CUST03089,5.2948858398423485e-14
CUST03091,0.07319712693106059
CUST03092,3.47104080628018e-09
CUST03094,2.779203854569217e-07
CUST03095,2.5839946337700758e-08
CUST03096,0.009475917132022674
CUST03097,1.3150651420469871e-08
CUST03098,0.999999957251976
CUST03102,3.796416189711611e-09
CUST03103,1.8218302389606233e-09
CUST03104,1.3137654853413758e-08
CUST03105,5.192712181113259e-08
CUST03106,0.8117133272238022
CUST03107,0.0032119125257724927
CUST03108,0.9994007734031697
CUST03109,0.9999997271433035
CUST03110,0.9999999884395506
CUST03111,1.7385750236606153e-06
CUST03113,2.060425693100653e-08
CUST03114,0.9983610935103272
CUST03115,7.922347261021762e-07
CUST03116,1.2326576745293374e-09
CUST03117,0.9961419265579302
CUST03118,0.999999896505382
CUST03119,3.1132484976835926e-06
CUST03122,2.761309713621281e-07
CUST03123,2.0671832934120347e-06
CUST03125,0.9998924827216034
CUST03128,7.880219793700884e-07
CUST03131,0.9998826976601601
CUST03132,2.6823767695062664e-11
CUST03133,0.2011404791089849
CUST03134,4.262615839387449e-05
CUST03135,0.999999639062971
CUST03136,0.9257213189270922
CUST03137,0.9999974360824456
CUST03139,1.665022332365281e-09
CUST03140,1.867156855325089e-10
CUST03141,0.017747351382279734
CUST03144,1.5336613372704217e-08
CUST03145,0.9999999913482888
CUST03146,0.80616097352523
CUST03147,1.225603655979121e-07
CUST03150,0.16955188379328134
CUST03151,0.9998593898334094
CUST03153,5.871824586015985e-08
CUST03154,0.6972679183097306
CUST03156,0.06067672024310198
CUST03158,0.5809813952336726
CUST03159,0.9984434203835204
CUST03160,0.06795265681866187
CUST03162,5.40364897392731e-07
CUST03163,3.092098735045918e-08
CUST03164,1.2084415111198025e-08
CUST03166,0.9998811910190709
CUST03167,0.9999324682450805
CUST03169,0.9999980812894338
CUST03170,0.07519332584400511
CUST03172,0.9999971912345097
CUST03173,3.2861656087480357e-06
CUST03174,2.1212540910266926e-09
CUST03175,0.028688063105905864
CUST03176,0.01578620064627761
CUST03177,1.3863782517114618e-10
CUST03178,1.2950686923957156e-09
CUST03179,0.000396685182749277
CUST03181,0.013531307369649229
CUST03182,0.9630119030008467
CUST03184,0.9993524617836967
CUST03185,0.07849666339510962
CUST03186,5.944457366786681e-07
CUST03187,4.396365380278647e-08
CUST03190,0.08879866686247118
CUST03191,0.9523147073680222
CUST03193,0.9999998073951442
CUST03195,0.9977528338752241
CUST03196,3.1241401677019836e-08
CUST03198,0.6117950440353334
CUST03199,0.015594022628496294
CUST03200,0.9999969427563768
CUST03201,0.9999918645349904
CUST03202,0.9999967598160592
CUST03203,0.005384225983192519
CUST03204,0.002192313193723063
CUST03206,0.08539220872578836
CUST03207,0.9999516505037629
CUST03208,0.1604974457118895
CUST03210,3.498296511452533e-05
CUST03211,0.9999957796840085
CUST03212,4.074852314444366e-06
CUST03213,0.003934322176468483
CUST03214,0.9999998991751049
CUST03216,3.592779834682405e-12
CUST03217,1.378510848453838e-10
CUST03221,0.9999996490608468
CUST03222,4.063818553603508e-08
CUST03223,0.9999999985904888
CUST03224,0.9997058128822246
CUST03225,0.9985442111349311
CUST03226,2.802975464392941e-05
CUST03227,0.006958397801476129
CUST03228,0.9999999047800101
CUST03229,0.007157647111415691
CUST03230,0.9999999966205242
CUST03231,8.300524508127018e-09
CUST03232,0.9999999735482157
CUST03233,1.0362511483958882e-07
CUST03234,0.9968206834259353
CUST03235,2.820040812608763e-06
CUST03236,0.001109650552457312
CUST03237,0.004357718259344221
CUST03238,0.594624931027692
CUST03240,0.09647414177570264
CUST03241,0.05067699368557199
CUST03242,0.9999999892391093
CUST03243,2.823081654750595e-11
CUST03244,0.9999999829640392
CUST03245,1.45790141403019e-09
CUST03246,0.9976628631383975
CUST03247,1.6845765107938482e-07
CUST03249,0.08577065131880421
CUST03250,4.167140135426808e-05
CUST03251,1.1302960801578787e-10
CUST03252,9.017805820232356e-07
CUST03253,0.9999999998441347
CUST03254,0.9988323773484878
CUST03255,0.9999999995335402
CUST03256,0.9999997135639397
CUST03257,8.548489214398595e-11
CUST03259,0.006309102715936505
CUST03260,0.08776067070176105
CUST03261,0.17583105600815932
CUST03262,2.35541663940901e-06
CUST03263,0.025481815560597275
CUST03264,0.9999999936745143
CUST03265,0.35627436507711535
CUST03266,0.9999999117980347
CUST03267,0.9997946733429175
CUST03268,0.9999999969199955
CUST03270,3.823236415917581e-09
CUST03271,4.4953002831081686e-07
CUST03272,0.9988715286361246
CUST03273,3.267240450290616e-09
CUST03274,0.011373571593791043
CUST03275,5.192376451755116e-08
CUST03276,2.151422030632535e-07
CUST03277,0.000310520329973456
CUST03278,8.051909487862554e-05
CUST03279,0.9999759518244374
CUST03281,0.9995942375693189
CUST03282,0.9992174436138255
CUST03283,0.999999991823418
CUST03284,0.023974015130168367
CUST03285,0.9992266055881402
CUST03286,0.9999612599021791
CUST03288,0.999909848910715
CUST03289,0.9997159339309227
CUST03290,1.2853520626008855e-08
CUST03293,1.5585021163254293e-07
CUST03294,3.761861589527014e-05
CUST03296,0.9998326441659788
CUST03297,0.9999999572997762
CUST03298,0.0001432744853440794
CUST03299,0.0026617189854284233
CUST03302,6.838597826900355e-06
CUST03303,1.3786588923806589e-05
CUST03306,0.9999017443896294
CUST03307,9.28421103780627e-09
CUST03308,0.0029403420201300308
CUST03309,0.0019296664887164018
CUST03311,4.806620353797942e-07
CUST03312,0.9999997349112303
CUST03313,0.0009124892679696305
CUST03314,0.996840509871607
CUST03316,0.9994728322173537
CUST03317,1.4174653152868924e-07
CUST03318,0.997672835013045
CUST03319,1.73158725623878e-05
CUST03320,0.9993515153714383
CUST03321,2.3530139208233472e-05
CUST03322,0.999999922448455
CUST03323,7.207596439886024e-07
CUST03325,0.9481218812612641
CUST03327,0.9999999998553508
CUST03328,7.624231080334129e-06
CUST03330,0.9999999846837431
CUST03331,0.9999999499017126
CUST03332,0.9999489955539324
CUST03333,2.688713768730016e-09
CUST03335,1.5924008498701957e-08
CUST03336,0.11942149057195074
CUST03337,0.08234685732331685
CUST03338,3.831724038744102e-09
CUST03339,0.99999666805019
CUST03340,3.72812603417073e-09
CUST03341,1.235705691899354e-10
CUST03342,0.9999999513142964
CUST03343,2.1065971990678165e-10
CUST03344,3.512085038980853e-06
CUST03346,0.9661236261617444
CUST03347,0.9999999759244153
CUST03349,0.5917796879458346
CUST03351,2.26905642227881e-06
CUST03353,2.491681787172896e-11
CUST03354,9.916909062219328e-12
CUST03355,0.9999812152657526
CUST03356,1.685396296834771e-07
CUST03357,0.9960178735802229
CUST03358,0.011872740849566271
CUST03359,7.632884275912836e-05
CUST03360,0.007645112327702302
CUST03361,0.8631484206464862
CUST03362,1.8160202045037625e-08
CUST03363,5.82296304486063e-11
CUST03364,1.478403811452593e-08
CUST03365,0.9999999622214722
CUST03366,0.999999998238057
CUST03368,1.2468838153861799e-05
CUST03369,0.15994314065061654
CUST03370,1.1906596088549501e-12
CUST03371,2.328599320047882e-07
CUST03373,5.37730127652845e-08
CUST03374,0.9998441762158551
CUST03375,0.0001028749461096478
CUST03376,2.6931722867285823e-09
CUST03377,0.0009806836711119455
CUST03378,0.9999996323246461
CUST03379,0.815009755014519
CUST03380,0.9999999200445637
CUST03381,0.9966221426118407
CUST03382,6.28161754894763e-06
CUST03384,1.1396221969082009e-07
CUST03386,4.5051752448416766e-08
CUST03387,0.9999998407731132
CUST03388,2.9152169959101335e-08
CUST03389,0.9999998999649653
CUST03390,0.13053393307854155
CUST03391,4.720784219230557e-05
CUST03394,0.5019515565512025
CUST03395,5.333920995653574e-07
CUST03397,0.019148272466418193
CUST03398,0.9989214917929045
CUST03399,0.9999969402105846
CUST03401,0.9994323094458394
CUST03403,0.23586538013912692
CUST03404,2.695728468995619e-10
CUST03406,0.11955121484223745
CUST03407,0.9994269234184675
CUST03409,0.8950881123306943
CUST03410,9.890938782752075e-10
CUST03411,0.9999999996220585
CUST03412,7.994631091189338e-08
CUST03413,0.9997927247363422
CUST03415,0.00024958730146954985
CUST03416,0.056259234845721574
CUST03417,0.9987740482448942
CUST03418,0.9981801935702295
CUST03419,0.9998551667397223
CUST03422,0.9998169203866547
CUST03424,1.376013094941335e-10
CUST03425,0.9983378205457245
CUST03426,0.9999999966556674
CUST03428,1.5127875901295956e-05
CUST03430,1.705767270672248e-08
CUST03431,0.046171708726341305
CUST03432,5.497817917310879e-10
CUST03433,0.0001332167434677356
CUST03434,0.017508922148190255
CUST03435,0.9987023114937094
CUST03436,2.510308287495211e-11
CUST03437,0.0007377820652254327
CUST03438,3.568634143611038e-06
CUST03439,0.9999999577345116
CUST03440,3.488205601744419e-11
CUST03441,0.9999992553933756
CUST03442,0.003069576880381694
CUST03443,0.09784932919073298
CUST03444,8.521145547311419e-05
CUST03445,0.07070260554149074
CUST03446,0.9871606390759797
CUST03447,0.9519880882685138
CUST03449,0.9999999797541586
CUST03450,5.723297828836528e-06
CUST03451,0.016013860031359076
CUST03452,4.231715602856679e-09
CUST03453,0.9998910667581086
CUST03454,0.6521507366904151
CUST03456,0.9999716870947654
CUST03457,0.18173104850533292
CUST03459,0.9999999879027709
CUST03460,7.007191567247689e-09
CUST03461,1.343221290603965e-05
CUST03462,2.4971446789242185e-05
CUST03463,9.193660536300923e-05
CUST03465,0.9998071512346937
CUST03468,7.130324252044865e-09
CUST03470,0.026581743959859794
CUST03471,0.7707814577220895
CUST03472,0.9856049210209318
CUST03474,0.13976576133519367
CUST03475,8.835401645874872e-12
CUST03476,8.486738699801321e-06
CUST03477,5.400301971899943e-09
CUST03479,0.9997101392965737
CUST03480,0.9977361677667099
CUST03481,6.301022041423222e-10
CUST03482,8.12310942064001e-09
CUST03484,0.2976199162027628
CUST03485,0.033806629347330086
CUST03486,5.968422917551199e-10
CUST03487,0.0018429282860133553
CUST03488,0.9999999839423637
CUST03489,2.1307881699161328e-05
CUST03490,0.0023076869886595724
CUST03491,0.08528591688174628
CUST03493,2.383544630295609e-09
CUST03494,0.055175355980392554
CUST03495,0.9997634663541237
CUST03496,1.1524253461252686e-07
CUST03497,0.12516311307820377
CUST03499,0.07625416788956141
CUST03500,3.983355717061771e-11
CUST03501,0.6229331399744621
CUST03506,0.050249641654274035
CUST03507,0.9999999703857596
CUST03508,3.0440149774473814e-09
CUST03510,0.9999999382023137
CUST03511,3.234739984528562e-08
CUST03512,7.518590369136888e-05
CUST03513,0.05486715999235875
CUST03514,1.3450454978243118e-07
CUST03515,1.2168062385979217e-07
CUST03518,0.8965051905876232
CUST03519,0.005732762276240865
CUST03520,0.9992513149918199
CUST03521,0.9999910969766451
CUST03522,5.1007208911566684e-05
CUST03523,5.031219482004741e-07
CUST03524,3.380878323615623e-08
CUST03525,8.509278467191425e-07
CUST03526,0.9884566819234222
CUST03529,3.7304055458001913e-08
CUST03530,2.5732294319587657e-09
CUST03531,0.12171583030170444
CUST03532,3.3743189073495875e-10
CUST03533,0.9999999229894719
CUST03534,2.4765254050643214e-10
CUST03535,0.0029849743457992695
CUST03536,4.135791148523508e-05
CUST03537,8.035460000134627e-05
CUST03538,2.0936999041305085e-09
CUST03539,0.9411753822993264
CUST03541,7.420995471091689e-06
CUST03542,0.9999999682225108
CUST03543,0.9942373766138007
CUST03545,0.9992825452635105
CUST03546,0.9858857782188238
CUST03547,0.7671021464358133
CUST03548,5.097493649774681e-09
CUST03549,7.569158341789056e-08
CUST03550,0.0015116890633305345
CUST03551,0.0412897624988809
CUST03553,0.9958674436277415
CUST03554,0.9999993432289874
CUST03557,0.9999999042683366
CUST03559,0.9999999067889072
CUST03560,0.9999999974330802
CUST03561,0.013154416623892329
CUST03562,0.9979888726809649
CUST03564,0.9756568135579375
CUST03565,1.7714772963861314e-05
CUST03566,1.0481282766824033e-08
CUST03567,0.9999999989384589
CUST03568,0.004939973651663047
CUST03569,0.9999999952284544
CUST03570,0.9999609628716658
CUST03571,8.828852941565243e-06
CUST03572,0.08403628780003584
CUST03573,1.9108045094015988e-07
CUST03574,3.0267816403851477e-07
CUST03575,0.9992838934962828
CUST03576,7.678574980603062e-05
CUST03577,0.13514257632269297
CUST03578,0.9995372325685901
CUST03580,0.0025841898815171876
CUST03581,2.799954180019499e-12
CUST03582,0.06149516667977911
CUST03583,0.0002514042888051961
CUST03584,0.282034035489022
CUST03585,0.9983157241244665
CUST03586,0.0001871329841711665
CUST03587,0.03847204693856189
CUST03588,2.7995830975286535e-05
CUST03589,0.13957557117881725
CUST03590,1.7230767247817135e-12
CUST03591,8.871986288337012e-05
CUST03592,0.9999999905629374
CUST03593,9.322204000227144e-08
CUST03595,0.9990024068329247
CUST03596,4.163097664066225e-09
CUST03597,0.0010196495227357512
CUST03600,0.9998988027387152
CUST03601,0.9999999994593314
CUST03602,5.542780300995329e-09
CUST03603,0.13092744900680325
CUST03604,0.9999797606987508
CUST03605,4.197243714521347e-07
CUST03606,0.9960660815511504
CUST03608,1.1569275956167285e-08
CUST03609,0.012677378519883353
CUST03610,0.9999999058150539
CUST03611,1.4197746559163996e-05
CUST03612,0.026803143959737343
CUST03613,0.9996340201262073
CUST03614,0.002818531515901981
CUST03615,6.359709930526164e-07
CUST03616,4.749218272520861e-08
CUST03617,0.47961161990819284
CUST03618,5.610138402249206e-06
CUST03619,0.9999966175218497
CUST03620,0.017334601638828485
CUST03621,0.9991076918060213
CUST03622,0.9999382590866038
CUST03623,0.9999999983888472
CUST03624,0.0018064969200230314
CUST03626,0.8901961606800757
CUST03628,7.782801814712109e-08
CUST03630,0.03506420593384618
CUST03631,8.145111170433424e-07
CUST03634,0.9999999929005983
CUST03635,0.9984355646447577
CUST03637,0.5963350967478105
CUST03639,3.845503886484413e-06
CUST03640,2.690353765418961e-06
CUST03641,1.519383341911637e-06
CUST03642,4.729658162282226e-07
CUST03643,0.9999875487653324
CUST03644,4.44276875757689e-05
CUST03646,0.9999999999987275
CUST03648,7.21856305701213e-11
CUST03649,0.01123534426351676
CUST03650,0.5940149936358277
CUST03651,4.258200019697378e-09
CUST03652,0.0020630691951443424
CUST03653,0.8805361234837203
CUST03655,7.262566636974525e-07
CUST03656,0.001314679967316293
CUST03657,0.03986761248873646
CUST03659,0.9999967226536951
CUST03660,0.999760650802686
CUST03661,0.9999999903291873
CUST03662,3.813287823428366e-05
CUST03663,0.9997426930328344
CUST03665,0.9836537744838854
CUST03666,3.193673426099574e-08
CUST03667,0.9983207879583971
CUST03668,7.45109198011765e-08
CUST03669,0.9947548235390327
CUST03670,0.9999991287632178
CUST03672,0.003938150604110531
CUST03674,0.7596827850884131
CUST03676,0.16771108004261728
CUST03677,0.9913519440904467
CUST03678,0.00017153228599465546
CUST03679,0.9999998414836138
CUST03680,0.2675001877494116
CUST03681,0.014939454200130271
CUST03682,3.9155071546207374e-11
CUST03684,0.9999686183977395
CUST03685,1.2606469374614402e-08
CUST03686,0.9885344854297841
CUST03688,0.19484020685954667
CUST03689,1.0368326582326793e-10
CUST03690,0.9999603162785908
CUST03691,0.9977433671891796
CUST03693,0.999993037366905
CUST03694,0.9999413832704583
CUST03695,0.3503136512670771
CUST03696,0.9838807128085925
CUST03697,0.024744112540538255
CUST03699,0.9999999906052145
CUST03700,0.003147306218504968
CUST03701,0.9999999364702825
CUST03702,3.356106474896982e-11
CUST03703,0.9999996032759604
CUST03704,0.1906675824508649
CUST03706,2.259418874473348e-08
CUST03707,0.12418808663659697
CUST03708,2.6735387078867362e-08
CUST03709,9.20002414716268e-08
CUST03712,0.9995154915390182
CUST03714,0.0008789183302006809
CUST03715,2.991575472492475e-07
CUST03716,3.1624868320992375e-07
CUST03719,2.234623166455947e-08
CUST03721,0.9994681254556996
CUST03722,0.8796973395336818
CUST03723,0.9978715092670924
CUST03725,0.9999998992578448
CUST03726,0.5061230583296885
CUST03728,0.9996481720154
CUST03729,0.9999999231246645
CUST03730,4.191264668817115e-08
CUST03732,7.49182622813644e-05
CUST03733,1.5284932227073634e-05
CUST03734,0.998246005306064
CUST03735,2.1864727110914054e-08
CUST03737,1.1069612552410498e-07
CUST03738,0.9764872504045982
CUST03739,0.0003691334281930879
CUST03740,0.9949820412178754
CUST03741,1.102294613662847e-05
CUST03742,1.3869565288972513e-06
CUST03743,0.0001203306638721798
CUST03744,2.1599606239698927e-08
CUST03745,0.9999807279740495
CUST03746,5.058868786937275e-09
CUST03748,0.9999999991695216
CUST03749,0.9742098200109814
CUST03750,1.924940565231772e-07
CUST03751,0.8191808064828905
CUST03752,0.054587674783102565
CUST03753,0.9725651146634174
CUST03754,0.999999998969548
CUST03755,0.9999999819439201
CUST03756,4.940181571968557e-09
CUST03758,0.9987871802326835
CUST03759,0.9999999946625486
CUST03760,0.9999225952740094
CUST03761,0.9999999992911612
CUST03762,0.9998717035968894
CUST03763,4.853362939349289e-10
CUST03765,0.05578744225691943
CUST03766,0.7326646541372768
CUST03767,0.01596047973363355
CUST03768,0.023695993060575588
CUST03769,1.200639210375696e-13
CUST03770,0.008118907646775673
CUST03771,0.9999999999503777
CUST03772,0.9994948713015978
CUST03773,0.9999982969037122
CUST03775,3.31074559362492e-08
CUST03776,0.9999999036804914
CUST03777,0.9999994625307935
CUST03778,3.5242815441379098e-09
CUST03779,0.40152668834497723
CUST03780,1.3306831489960252e-07
CUST03781,3.433870473452515e-11
CUST03782,0.9999999002551625
CUST03783,0.008836194149398804
CUST03785,0.00012269431185048395
CUST03786,0.9981497890078254
CUST03787,1.3887818207051455e-06
CUST03790,0.9749549426054557
CUST03791,0.9872757998289368
CUST03792,0.9999878498292124
CUST03793,0.0003553107489348554
CUST03794,0.006973429033161824
CUST03795,0.020670089549703282
CUST03797,8.187758599327643e-05
CUST03798,0.9993870745189415
CUST03799,9.520167754108099e-06
CUST03800,0.9999999983715135
CUST03803,0.9858514649740422
CUST03804,0.0249788481512794
CUST03805,0.9999089555068926
CUST03806,2.0001427013880728e-08
CUST03807,0.9999999945435678
CUST03808,0.07392383406302265
CUST03809,0.31137069516859317
CUST03810,2.855565278862334e-09
CUST03811,4.3387208140108666e-07
CUST03812,0.014730444831389636
CUST03813,1.980879251396537e-06
CUST03814,6.96132651406466e-05
CUST03815,3.2740840167456975e-07
CUST03816,5.698342711618866e-07
CUST03817,7.44355119831373e-08
CUST03818,9.458283786835798e-09
CUST03819,0.1990710576224224
CUST03820,2.5020489451611793e-06
CUST03821,0.9998907188860834
CUST03823,9.063174386867222e-07
CUST03824,0.9999997123830419
CUST03825,0.07325093453398525
CUST03826,0.6916293068723505
CUST03827,0.00032595598126188046
CUST03828,1.0603160707042841e-08
CUST03829,8.772856934493613e-07
CUST03830,0.0036697647174298176
CUST03832,0.9986373735727464
CUST03833,0.0005889522563451668
CUST03835,6.779731286429304e-05
CUST03836,0.9600489902015659
CUST03837,0.999837910300251
CUST03838,0.0004280665080572613
CUST03840,1.0979845430358376e-06
CUST03842,0.011927025556398666
CUST03843,1.75262046121905e-05
CUST03844,1.484172448789871e-07
CUST03845,0.9999999789845107
CUST03847,6.3051707757101895e-06
CUST03849,0.01589620393388123
CUST03850,0.0016915089764066818
CUST03851,0.9999999822701205
CUST03852,0.00044637200487989456
CUST03853,4.13137174365722e-07
CUST03854,0.024831696048193623
CUST03855,0.03557414561349261
CUST03856,4.275636403602517e-08
CUST03859,1.582659376038568e-05
CUST03860,8.208295275609229e-07
CUST03861,0.99249876291949
CUST03862,2.263083002222645e-09
CUST03863,0.9999948507279054
CUST03864,9.475048874680503e-14
CUST03865,1.071520019390884e-08
CUST03867,0.05750460586325616
CUST03868,0.045277768461292854
CUST03869,0.4030698984160915
CUST03870,0.136903560699096
CUST03871,0.9999996833365882
CUST03872,0.0068131394740572546
CUST03873,0.0006529551986212166
CUST03874,0.9999999157905017
CUST03875,2.484163278072653e-06
CUST03876,0.9999999500978736
CUST03879,0.00015260529388396108
CUST03880,0.9996591068254614
CUST03881,1.485624538167251e-08
CUST03883,0.9999997815466233
CUST03884,0.9906875270920441
CUST03886,6.44453958740529e-07
CUST03887,3.825758010836227e-09
CUST03890,4.6769137138541686e-11
CUST03891,0.9999729426158167
CUST03892,3.3394768095407666e-06
CUST03893,0.009544276672105943
CUST03894,0.9999626976608311
CUST03895,0.049863000555694335
CUST03897,0.32424253626430505
CUST03898,0.024382559955040347
CUST03900,7.557657299358526e-05
CUST03901,0.9999958202262388
CUST03902,0.9999999683529687
CUST03903,0.99999972655085
CUST03904,0.9999998914320616
CUST03907,0.003128115482246847
CUST03908,0.9999998526328446
CUST03909,7.507812580431953e-05
CUST03910,4.415759416248512e-09
CUST03912,0.9402918902834266
CUST03913,0.002574797505125261
CUST03915,0.9992539492329693
CUST03916,2.120714407875361e-09
CUST03918,0.021472991824525504
CUST03919,5.941873460635597e-05
CUST03920,0.9999999980812027
CUST03921,0.999972753667218
CUST03922,0.001484541182426272
CUST03924,0.9959937137985011
CUST03925,1.3403940094568642e-08
CUST03926,1.2949319302209685e-06
CUST03927,0.0007583119748097914
CUST03928,6.244419489938496e-10
CUST03929,0.00532759260674493
CUST03931,0.10254955764991852
CUST03933,1.5760518803418518e-10
CUST03934,0.9999908100664002
CUST03936,0.9998846076683221
CUST03937,0.823572062280611
CUST03938,0.0008968011779009831
CUST03939,4.089063112727289e-08
CUST03940,7.633198268055588e-13
CUST03941,1.3880958261346024e-09
CUST03942,0.05829517316824796
CUST03943,2.5715800936224684e-11
CUST03944,4.9659364193053475e-09
CUST03945,7.858328673398812e-10
CUST03946,0.9999995628692934
CUST03947,0.9948039440395029
CUST03949,0.9999999974210858
CUST03951,5.427220397368936e-09
CUST03952,0.12119417539338517
CUST03954,0.9999248203982822
CUST03955,0.00033274876966040464
CUST03956,0.9925661202583441
CUST03957,6.019892595331781e-05
CUST03958,0.9999999298890176
CUST03959,0.00013717129807383464
CUST03960,0.00034254466732222967
CUST03961,1.0897502621099703e-08
CUST03962,6.511118272193882e-09
CUST03963,0.9995567222879359
CUST03966,0.9995754572644913
CUST03967,0.9999999816811745
CUST03968,0.0401209962248876
CUST03970,0.055849612522403634
CUST03971,0.9999331292386585
CUST03972,0.9999999385369456
CUST03973,0.9999028672003345
CUST03974,1.7760041426599873e-07
CUST03975,0.9938903890796247
CUST03976,2.2327249991081376e-07
CUST03977,1.367712033734448e-14
CUST03978,0.13801824095263035
CUST03979,5.095022796431965e-10
CUST03980,0.008721010221411855
CUST03981,0.9301188389915714
CUST03982,0.9841075000656063
CUST03984,2.2101123322028576e-07
CUST03986,2.8386991905176153e-07
CUST03989,0.0027671602346508867
CUST03990,0.9999999924889159
CUST03993,2.7049660639714266e-10
CUST03994,0.999876934035286
CUST03995,0.6372778104003587
CUST03996,0.9999998318550974
CUST03997,0.9370838743764583
CUST03999,0.9997254716936336
CUST04000,0.9999999996899425
CUST04001,0.6774217506852123
CUST04002,0.03693974489863402
CUST04003,0.999999852322679
CUST04004,2.1406236310166594e-09
CUST04005,4.881256493452167e-08
CUST04007,3.901514993695106e-10
CUST04008,0.9995042088156518
CUST04009,0.015369579024549279
CUST04010,0.0003071055530254132
CUST04011,0.9999947279323822
CUST04012,8.976991741960211e-07
CUST04013,0.9999996865090351
CUST04015,4.575784802007391e-09
CUST04016,1.860978065829144e-06
CUST04017,0.998398112584656
CUST04018,0.001847943030333214
CUST04019,3.10768768550304e-05
CUST04020,2.1528381214178948e-09
CUST04022,0.6415545413931488
CUST04024,0.03475565395932202
CUST04025,0.1653701787352409
CUST04026,0.9988381306829924
CUST04027,3.361956278973699e-10
CUST04028,4.5580958191468723e-07
CUST04030,0.9999641552159888
CUST04031,0.5382340205149964
CUST04032,0.04082160821467373
CUST04033,0.999282415265591
CUST04035,1.0200927771820332e-07
CUST04037,1.7432413555784315e-07
CUST04038,0.2226781766092184
CUST04039,1.220263313543576e-08
CUST04040,0.9999999988282022
CUST04041,1.4394671061727035e-05
CUST04042,0.11024406883193931
CUST04043,0.937233721533352
CUST04044,0.9110178333878969
CUST04045,0.03380793477042904
CUST04046,0.9735625249891403
CUST04047,0.9995774377804318
CUST04048,1.2924704204956723e-08
CUST04049,0.9995879421811394
CUST04051,5.94663011318623e-08
CUST04052,0.9725841971071825
CUST04053,6.016349907199999e-06
CUST04054,0.9970277888568494
CUST04055,0.99688734008573
CUST04057,0.08696857209670071
CUST04058,0.9999999142154263
CUST04059,2.9581442388063004e-07
CUST04060,0.9999999168658864
CUST04061,0.0048441815366710985
CUST04062,0.0009124341335223905
CUST04063,0.9999999911235239
CUST04064,0.9996873685153815
CUST04065,0.0015371865802510886
CUST04066,0.9551187828808694
CUST04067,0.9977715744234299
CUST04068,0.45251037527365534
CUST04069,9.826761127905185e-11
CUST04072,0.9999999872142563
CUST04073,0.9999919906251774
CUST04074,2.2198735651505012e-07
CUST04075,0.9999998671800757
CUST04076,0.9527447225399025
CUST04077,8.158262972836677e-06
CUST04078,0.024427965158058732
CUST04079,0.0016534239805576195
CUST04080,0.9999981543836388
CUST04081,0.011485506188241715
CUST04082,1.750207984495206e-09
CUST04083,2.739467121784351e-10
CUST04084,0.9968004853744654
CUST04085,0.029666777115676207
CUST04086,0.012843099484415409
CUST04089,0.999999811247117
CUST04090,0.9999095879926916
CUST04093,3.0900155139423867e-06
CUST04094,1.5907852405330744e-06
CUST04095,0.9999999902497748
CUST04096,0.9996946674477938
CUST04097,0.11935832754681718
CUST04098,0.9999999388060106
CUST04099,0.13388859461377847
CUST04101,0.9999999950769887
CUST04102,0.9999998694622746
CUST04103,5.095176394744056e-05
CUST04104,0.017584248180532232
CUST04105,0.9651960948168926
CUST04107,0.9979412447492715
CUST04108,0.9997948601677535
CUST04110,0.9612653903468487
CUST04111,0.03635529245260993
CUST04112,0.02608768439491627
CUST04113,0.9754236672735167
CUST04114,0.0006478291689470921
CUST04116,4.007272756239009e-05
CUST04118,0.9993660814916909
CUST04119,0.032407778090196904
CUST04120,0.9996949443649487
CUST04121,0.0038702575586819503
CUST04125,0.9999999805213172
CUST04126,0.06416793314913476
CUST04127,0.0019699120360941987
CUST04128,0.9342773263507034
CUST04129,0.30967940304093494
CUST04130,0.9996941884190961
CUST04131,4.930666703847836e-12
CUST04132,3.943960713731968e-07
CUST04133,0.9092950824410196
CUST04134,4.779555725829914e-06
CUST04135,0.01455112307228163
CUST04136,0.9994437769697945
CUST04137,1.885149379355669e-09
CUST04138,0.9992665345147191
CUST04140,0.9999999068688268
CUST04141,8.141832934463666e-05
CUST04142,0.9999999953409686
CUST04143,0.005129358727292063
CUST04144,2.659532741109946e-08
CUST04146,0.9996805669082446
CUST04147,0.9999947177804035
CUST04148,6.121642525856982e-05
CUST04149,0.9954817329365064
CUST04150,3.762483922731594e-10
CUST04152,0.9998263377751017
CUST04153,0.9999999222092654
CUST04155,0.07162385943924467
CUST04156,1.11266571326975e-09
CUST04157,2.0951316990229618e-10
CUST04159,0.8088590301395545
CUST04160,0.026452914850579858
CUST04162,1.8063389848586203e-05
CUST04163,0.9999999567617383
CUST04164,0.9995322201078479
CUST04165,0.9985847732621872
CUST04166,0.03700733816616565
CUST04167,0.9996358598193835
CUST04168,0.99999803185328
CUST04169,0.9999999874524755
CUST04170,0.9917783335662617
CUST04171,0.999070061205197
CUST04172,1.1626023223840046e-11
CUST04173,0.0034640177141017302
CUST04174,0.02219044729195973
CUST04175,0.9999993060801607
CUST04177,1.260333360606344e-07
CUST04179,0.9993533913966774
CUST04180,2.0166518844221644e-09
CUST04181,5.365892504217132e-05
CUST04182,0.04137990743942595
CUST04183,0.9967987850899664
CUST04184,0.9999997453589333
CUST04187,0.031041542639625302
CUST04188,0.9999999211588244
CUST04190,0.9995270950024446
CUST04191,6.050372050885422e-12
CUST04193,0.9834961423747705
CUST04195,0.00018505000283973048
CUST04196,5.965039308521388e-11
CUST04197,1.2388962616747333e-06
CUST04198,1.2230660080710275e-11
CUST04199,0.9999998335850316
CUST04200,7.786913784137362e-09
CUST04202,1.1304290038278994e-10
CUST04203,0.9999999969778819
CUST04204,0.9994349956842206
CUST04205,1.8681550957791552e-11
CUST04208,0.06302871987810285
CUST04209,0.16535405097916567
CUST04210,1.475507772817835e-07
CUST04211,1.5977743066731212e-14
CUST04212,0.004923410447045741
CUST04213,0.03303239189444261
CUST04214,0.9999998914841077
CUST04215,0.5805763294653535
CUST04217,0.9942020521547651
CUST04218,1.4169375003646925e-09
CUST04219,0.9961571951283962
CUST04220,5.356741749968475e-06
CUST04221,0.00026158889290844563
CUST04222,0.0001363787498503429
CUST04223,2.2407403714835128e-10
CUST04224,1.42209346328172e-09
CUST04225,0.038057199319521756
CUST04226,0.006933389122735554
CUST04227,3.4805089576837337e-11
CUST04228,6.339262725884608e-10
CUST04230,1.6508957538162186e-06
CUST04231,9.019582009536218e-05
CUST04232,1.3272055255674416e-08
CUST04233,5.521028396498831e-06
CUST04234,0.01452845421337839
CUST04236,0.0003948480383772851
CUST04237,0.9963830950374478
CUST04238,0.9999990762268545
CUST04239,8.209412996769976e-09
CUST04240,0.9999998323071194
CUST04242,1.3792184894501148e-11
CUST04243,3.152409702958618e-09
CUST04244,0.9856614435540867
CUST04245,9.504374865132555e-10
CUST04246,0.04109631371058035
CUST04247,0.9999993843624855
CUST04248,0.030741404788519822
CUST04249,0.09661849897808593
CUST04252,0.9998347038163681
CUST04253,0.03305905020695691
CUST04255,0.7035815350859456
CUST04256,0.9999994060253534
CUST04258,0.00011633404649831843
CUST04259,6.282589809385306e-08
CUST04260,2.0065552078127555e-08
CUST04261,0.00502104038781527
CUST04262,0.9999999952521814
CUST04263,8.829988814276482e-08
CUST04264,6.947800089330633e-05
CUST04265,0.9999995934783833
CUST04267,0.9983844901620862
CUST04269,0.9999999380586463
CUST04270,5.688635656925933e-09
CUST04271,9.868897637683737e-07
CUST04272,0.999885573733825
CUST04273,2.646725838542121e-07
CUST04274,0.9990677585303644
CUST04275,0.9999984844680352
CUST04276,0.9373707037247413
CUST04278,2.931471723970831e-06
CUST04279,0.9987897197599787
CUST04280,6.021018540056829e-05
CUST04281,2.0837273843130088e-10
CUST04282,0.11339624154651468
CUST04284,1.3041281913704697e-09
CUST04286,1.0103067429422752e-09
CUST04287,0.892295118926791
CUST04288,0.9999999890413312
CUST04289,4.187172297878114e-08
CUST04290,0.00010721589625397995
CUST04293,0.9998112864079514
CUST04295,0.9999986803245549
CUST04296,8.17303977438644e-10
CUST04300,9.319844150012316e-05
CUST04301,0.0028756107708220653
CUST04302,4.019713446170909e-13
CUST04303,0.9993188194869935
CUST04304,0.9152085559097635
CUST04307,0.9989051188216462
CUST04308,0.00022870050225486127
CUST04309,0.9999999660019057
CUST04310,0.9959546504233738
CUST04311,0.14825343828982498
CUST04312,0.9999957267492627
CUST04313,0.00023393743292989853
CUST04314,1.6451369534257095e-11
CUST04315,0.9962075058427838
CUST04317,0.0010605499858690648
CUST04318,0.004100403565242676
CUST04319,4.18436852366166e-11
CUST04320,0.14163667730223164
CUST04321,0.9940304411337766
CUST04322,1.2342410351345762e-08
CUST04323,0.08090939213205614
CUST04324,3.058612611796952e-08
CUST04326,0.025087669452417145
CUST04328,0.9999443129722183
CUST04329,0.9934799281999623
CUST04332,0.1913846899915455
CUST04334,0.0034438441722500547
CUST04336,0.9998012426029839
CUST04337,0.9999999728008725
CUST04339,2.469969417127675e-16
CUST04340,0.993186986274649
CUST04341,0.001367835812585954
CUST04342,0.9999999457838431
CUST04343,0.999999980012876
CUST04344,0.006623859012819936
CUST04345,8.917190696925056e-09
CUST04346,8.203703095013583e-05
CUST04349,0.018602030861093945
CUST04350,3.881491074171601e-11
CUST04351,9.951903984160877e-12
CUST04352,0.14367563514695722
CUST04353,0.1380295519867058
CUST04354,0.009687792212588755
CUST04356,6.691130655317791e-07
CUST04358,0.9980468202558191
CUST04359,9.879980243505023e-09
CUST04361,1.0712645755086676e-08
CUST04362,5.370504239325778e-05
CUST04363,0.0003825022389873142
CUST04364,0.0007050618331373363
CUST04365,0.26193097003490823
CUST04366,2.503373276699543e-10
CUST04368,0.9856428026990605
CUST04369,1.0591969775006199e-11
CUST04370,0.9978487158676321
CUST04372,0.0001760987819864267
CUST04373,6.270330978910167e-06
CUST04374,0.9973836698634135
CUST04375,0.9999825313906352
CUST04376,0.9999999925151714
CUST04377,1.1341613408790958e-09
CUST04378,0.9999996946039431
CUST04379,1.079155544113228e-08
CUST04380,0.9999902360793771
CUST04382,0.9999999088648922
CUST04384,5.291496752999676e-10
CUST04386,4.810811340140337e-08
CUST04387,0.9901268546217078
CUST04388,1.0516548527267575e-09
CUST04390,1.0312121122673938e-08
CUST04391,2.643756809053425e-08
CUST04392,0.999999531939885
CUST04395,0.9999999991905215
CUST04396,0.9997826541300557
CUST04397,3.897637965839041e-07
CUST04400,0.0070492629626366455
CUST04401,7.55155837994901e-09
CUST04402,0.9999999848161809
CUST04403,0.000267172973363177
CUST04404,0.1757924083502102
CUST04405,0.9999999913521994
CUST04407,0.999999954849319
CUST04408,1.063738098666645e-06
CUST04409,0.037462635389552086
CUST04410,0.9999999722764784
CUST04411,0.9999732228477225
CUST04412,1.078277258061204e-08
CUST04414,0.9999999848504519
CUST04415,5.047585197502689e-10
CUST04417,0.9999999997952553
CUST04418,0.0027625273744749657
CUST04419,8.403296271200682e-09
CUST04420,0.9806196013932302
CUST04421,0.9995939640141241
CUST04424,0.9999991438614528
CUST04425,0.9999999849823584
CUST04426,0.9994433873584982
CUST04427,0.6250594378777781
CUST04428,0.03142705653137598
CUST04429,9.080907654891238e-10
CUST04430,3.9521039612239283e-07
CUST04431,2.9969911528577252e-05
CUST04432,0.9983768344796263
CUST04433,3.417773474055516e-08
CUST04434,0.997936301160622
CUST04435,0.9999847519115783
CUST04436,2.31590835075287e-08
CUST04437,1.513083938530312e-10
CUST04439,1.1779322031748848e-06
CUST04440,1.9628605136824147e-05
CUST04442,0.9999875064512258
CUST04443,9.907381499139503e-10
CUST04444,7.30946355151556e-08
CUST04445,1.7698995411087661e-06
CUST04446,0.9999995152705246
CUST04447,3.9943957545918326e-07
CUST04448,5.642557385478651e-08
CUST04449,1.9224090091961723e-12
CUST04450,2.317735379363785e-08
CUST04451,0.9996649947839639
CUST04453,4.556295204817694e-11
CUST04455,0.9999160156303071
CUST04457,0.9997460610477122
CUST04459,4.9733543433277806e-09
CUST04460,0.9973056097748352
CUST04461,1.8178359293524694e-08
CUST04462,1.7409284347875364e-06
CUST04463,0.9999999953661476
CUST04464,0.9891979154593257
CUST04465,0.9999852644006114
CUST04466,7.201436935307808e-07
CUST04467,4.118248713143462e-09
CUST04468,0.997231611987282
CUST04469,0.0008743886868486886
CUST04470,4.229770611207987e-05
CUST04471,0.1123867145186958
CUST04472,0.999999977623307
CUST04473,4.499856298545778e-12
CUST04474,0.0016067806250294697
CUST04476,8.999528696026638e-11
CUST04477,2.144543266391518e-05
CUST04478,2.2270031381918133e-06
CUST04480,6.057696058071326e-08
CUST04481,0.013330775726706797
CUST04482,0.9825787137566563
CUST04483,3.639351328185609e-06
CUST04484,5.919285912310118e-09
CUST04487,0.9999999973720863
CUST04489,0.9988575961168097
CUST04491,0.01453394777342429
CUST04492,0.09421925648774389
CUST04493,0.9635543142646077
CUST04494,1.9077688301940578e-06
CUST04499,3.8507786697583775e-06
CUST04500,1.1101143051514934e-11
CUST04503,0.99756747887721
CUST04504,0.18051267111630284
CUST04505,0.9999913062876336
CUST04506,1.3883153141054099e-05
CUST04507,0.9949428654030114
CUST04508,0.029976788110463976
CUST04509,2.977806669753639e-10
CUST04511,0.9885877111563778
CUST04512,0.9999718180829028
CUST04513,5.960883350423345e-08
CUST04514,0.9999993541697861
CUST04515,1.9308824443914165e-05
CUST04517,7.253555371624118e-12
CUST04518,0.00010138411884934985
CUST04520,7.280987123965626e-06
CUST04521,2.2889252768338138e-10
CUST04522,0.002450569610192903
CUST04524,0.9999999830561349
CUST04525,7.163040660494458e-05
CUST04526,0.030339016106835055
CUST04528,0.9999999906742384
CUST04530,0.9997238019023612
CUST04531,3.8305216975157825e-09
CUST04532,0.9999990723281512
CUST04533,0.9999371648993036
CUST04534,0.9853837781288259
CUST04535,4.041202725843156e-07
CUST04536,3.580938091602888e-11
CUST04538,0.9902236101622749
CUST04539,0.0005012065288026688
CUST04541,0.10047660647559332
CUST04542,0.9997425654294887
CUST04543,1.1856783788541397e-08
CUST04544,0.9999999896807147
CUST04545,0.017280050088620984
CUST04546,0.9990365136791217
CUST04547,0.9999999979172471
CUST04549,4.940324504371045e-14
CUST04551,4.670748318901596e-12
CUST04552,0.9999999995190989
CUST04553,3.176332704125647e-08
CUST04554,0.01633790721011917
CUST04556,2.053341283917899e-06
CUST04558,2.1087553121374403e-07
CUST04560,0.9635505304510265
CUST04561,0.9999988828742216
CUST04562,3.980554167549082e-07
CUST04563,2.683787215309911e-05
CUST04565,0.13614225014431983
CUST04566,1.4509412851222265e-05
CUST04567,0.019679893082552198
CUST04568,0.9999999009208875
CUST04570,1.4123731816848914e-11
CUST04571,0.9999999902897211
CUST04572,0.9999999979269565
CUST04573,0.014136281785334505
CUST04574,0.027454421983651205
CUST04576,0.9999977892608807
CUST04577,0.2547894620717469
CUST04578,4.377702212428549e-11
CUST04579,0.9841648315755811
CUST04580,0.9999959417944695
CUST04582,0.9999999964208712
CUST04584,4.2421819897040303e-07
CUST04585,2.5622021564879207e-07
CUST04586,0.9999999943265505
CUST04587,0.9999999908602307
CUST04588,1.348223396883165e-11
CUST04589,0.06504117347068739
CUST04590,0.9919180533801495
CUST04592,1.5623881196475175e-08
CUST04595,4.760565048078957e-09
CUST04596,0.9989926442058048
CUST04597,9.877485410102223e-06
CUST04598,0.9992963465520817
CUST04599,0.5920285030569264
CUST04601,7.572735796027204e-08
CUST04602,0.999999988861796
CUST04603,0.005846936445511946
CUST04604,0.1016970068532416
CUST04605,2.076036402494423e-08
CUST04607,0.0024560994713834963
CUST04609,0.02234630174672023
CUST04610,0.9993814728969281
CUST04612,1.0381671201804318e-08
CUST04613,0.5494744209265003
CUST04614,1.5034203444814673e-09
CUST04615,6.553832679030665e-06
CUST04616,0.9996829417582305
CUST04618,1.5699127058378886e-06
CUST04619,0.46010126641864646
CUST04620,0.4153210194747507
CUST04621,0.9994890021278388
CUST04623,0.9999999937341006
CUST04624,0.9999605666398699
CUST04625,3.030840008415483e-06
CUST04626,0.9995934485525138
CUST04627,0.0014400004798309073
CUST04628,0.9999910301365977
CUST04629,2.8358265366426728e-08
CUST04630,0.9997609971549263
CUST04633,0.0011017558921944093
CUST04634,0.03192012736862368
CUST04635,1.854715074963268e-12
CUST04636,0.22369099774300394
CUST04637,0.9994710735206607
CUST04639,0.7180310158747456
CUST04640,0.9996911928154137
CUST04641,4.0388398649487164e-07
CUST04642,0.9963499417851941
CUST04643,0.9969499688636142
CUST04644,0.04060654543283299
CUST04645,1.1027708278494978e-05
CUST04646,0.9988429680613905
CUST04647,0.149443891778704
CUST04648,0.9997411706418454
CUST04649,9.408838816211164e-07
CUST04650,0.0005168553510934198
CUST04651,0.0006641354327306455
CUST04652,8.499018507479505e-11
CUST04653,0.9999984319923756
CUST04654,1.3042023831511637e-11
CUST04655,4.054394979133262e-09
CUST04656,0.00018845565831997711
CUST04657,0.9499779383086092
CUST04658,8.167551105594494e-06
CUST04659,0.9988669949415686
CUST04660,0.9960714773613685
CUST04661,9.694203746627484e-09
CUST04662,5.606134694876707e-09
CUST04663,4.547818843627832e-08
CUST04664,0.9994326868959096
CUST04665,3.467410327162483e-06
CUST04667,0.9996629985042869
CUST04668,4.4008913639486735e-05
CUST04669,0.049108187710515394
CUST04670,2.2805843027343323e-10
CUST04671,2.595165431644309e-05
CUST04672,0.0002612685696111647
CUST04673,2.2007560215523991e-07
CUST04675,2.0394585737542104e-11
CUST04676,0.14493353779219745
CUST04677,0.056385576799973434
CUST04678,0.9934100637561234
CUST04679,0.8598110829380977
CUST04681,0.9981895299139251
CUST04682,0.007530263633142768
CUST04683,0.9999998696298354
CUST04684,1.0123959934615293e-07
CUST04685,0.0001621790068708651
CUST04686,3.2585516312852224e-08
CUST04688,2.374338399851869e-13
CUST04689,0.9999999984264527
CUST04692,1.6083559372944062e-08
CUST04693,4.503288227824968e-10
CUST04694,1.6424398986445743e-07
CUST04696,6.235284131306002e-07
CUST04697,0.6002544041545944
CUST04698,0.9997898476273009
CUST04699,0.08185634790432281
CUST04701,1.0276519647811121e-11
CUST04702,0.0007471137187558313
CUST04703,5.714019992565812e-12
CUST04704,0.0010276258744850752
CUST04707,0.9625024623381055
CUST04708,0.32195413710291315
CUST04709,0.0001331454996628871
CUST04710,0.9989867813309784
CUST04711,0.32101045879497264
CUST04712,6.215484699162553e-05
CUST04713,0.9998928460807068
CUST04714,0.9999999470056337
CUST04715,1.8021944904682343e-06
CUST04716,0.9943836574281398
CUST04717,1.1231524919194142e-05
CUST04718,1.5376716543425655e-08
CUST04719,1.0465010736214487e-10
CUST04721,0.999998731680103
CUST04722,3.389868197716449e-05
CUST04723,0.9964781560300893
CUST04724,5.85873696217232e-09
CUST04725,0.9725224146330358
CUST04726,0.9999636232734463
CUST04727,1.409073243374489e-09
CUST04728,1.4831530985019287e-08
CUST04729,0.9560507014397929
CUST04730,4.954488312310489e-12
CUST04731,0.9961469953482914
CUST04732,0.9993360527155394
CUST04734,0.0004406219705429185
CUST04736,0.019103248370815788
CUST04740,0.999999892249975
CUST04741,0.9999998569102999
CUST04742,1.7156667981172089e-09
CUST04743,0.9297153102126591
CUST04745,0.9282250927479431
CUST04746,0.9999999998996223
CUST04747,0.8868356378341987
CUST04748,0.9954790312776561
CUST04749,0.9999999770008446
CUST04750,0.9999750038567151
CUST04751,1.1064525711755866e-08
CUST04753,8.17526228637152e-07
CUST04754,3.594641505509371e-05
CUST04755,1.7018366155097177e-07
CUST04757,0.9999999988525272
CUST04758,0.017837523687932767
CUST04759,4.3478214333742597e-10
CUST04761,3.6429846210126675e-14
CUST04764,0.999710244036338
CUST04765,2.3016677404544108e-05
CUST04766,0.999999824219364
CUST04767,1.354452924885378e-08
CUST04768,0.9995415796652355
CUST04769,3.7082539349163373e-10
CUST04771,3.315337964749028e-10
CUST04772,5.016727737149196e-10
CUST04773,0.02583091881838823
CUST04774,0.9999999061255506
CUST04776,0.9999919954862675
CUST04777,0.9988734787352225
CUST04778,0.9999998953558785
CUST04779,3.6995982230618476e-05
CUST04780,1.2071312796724022e-08
CUST04782,2.809588980042376e-12
CUST04784,0.9999999996210058
CUST04785,0.999999994291185
CUST04786,0.9999997008536052
CUST04787,0.9987912976586338
CUST04788,0.9999999983490049
CUST04789,3.582731992710419e-11
CUST04790,0.00783516379496263
CUST04791,1.003060951145881e-06
CUST04792,0.0588349802289405
CUST04795,4.2211318054899347e-10
CUST04796,0.9999993903080029
CUST04798,5.421266220931217e-09
CUST04799,1.3706457057503871e-05
CUST04801,0.9993534682149889
CUST04802,0.9999999688715041
CUST04803,0.9999980294361188
CUST04804,1.4244819235505985e-11
CUST04805,0.9999999874992055
CUST04807,9.68358300458386e-08
CUST04808,0.03777570042761821
CUST04810,1.508021180803607e-10
CUST04811,0.9999140834716012
CUST04812,0.6788259771595895
CUST04815,1.4930589342293244e-09
CUST04816,0.9999999927736503
CUST04817,0.15642152154337863
CUST04819,0.9998330525893347
CUST04820,3.0789646317366806e-09
CUST04822,3.9439589513878704e-13
CUST04823,0.9999993652203302
CUST04824,2.0316056812132774e-08
CUST04825,0.9999806489181895
CUST04827,6.115504022878648e-10
CUST04828,8.775798627079432e-05
CUST04829,0.9999995996617685
CUST04830,0.9992616172973326
CUST04831,3.135499615675299e-12
CUST04832,0.005627139235464865
CUST04833,4.593814453202096e-05
CUST04834,5.526647252688783e-08
CUST04836,0.9999999955657242
CUST04837,6.123081413658487e-05
CUST04838,0.9999999986721717
CUST04839,0.12833965179819956
CUST04841,2.4114166261222658e-08
CUST04842,0.9998356614904402
CUST04843,0.9999999787745499
CUST04844,0.9998079727796585
CUST04845,0.008314467557934349
CUST04846,0.00015084846964089717
CUST04847,0.9999999758489161
CUST04848,5.434761896803136e-08
CUST04849,0.9999689379512604
CUST04850,0.024485155821708078
CUST04851,7.249269727291985e-08
CUST04852,0.16478834632153008
CUST04853,4.837512884943618e-06
CUST04854,8.98841214908516e-05
CUST04855,0.9976719736162395
CUST04856,0.8645843192581044
CUST04857,5.309853063638582e-06
CUST04858,0.9833706954395055
CUST04860,0.9999999684872934
CUST04861,3.871815675315417e-06
CUST04862,8.2094456533111e-08
CUST04866,0.9999999998537064
CUST04867,1.0680219891213e-09
CUST04868,1.5187804765844526e-06
CUST04871,0.0005289715187248424
CUST04872,0.9999988507167726
CUST04873,0.016480853859617315
CUST04874,0.06358975945431386
CUST04875,2.163425713511832e-06
CUST04876,0.034045550702596725
CUST04877,0.9995862166262532
CUST04878,5.192068313278745e-05
CUST04879,0.5949490151002708
CUST04880,0.9995835704450464
CUST04881,0.9979517646775118
CUST04882,0.9999999764629727
CUST04883,9.97566458209748e-10
CUST04884,0.0003508930080854406
CUST04885,0.9999999780194304
CUST04886,0.9949109834957489
CUST04887,0.0015397818744327225
CUST04888,0.9999999378320484
CUST04889,0.9974777579377897
CUST04890,0.9999998155023005
CUST04891,0.9999999581466805
CUST04893,0.0009293671426486453
CUST04895,1.6434040944282108e-06
CUST04898,4.655545831406613e-05
CUST04899,7.883641397628794e-06
CUST04900,0.9999670631314492
CUST04901,3.276099742533252e-07
CUST04902,0.9999999758362969
CUST04904,2.378331669067628e-08
CUST04906,0.9999999079911055
CUST04907,7.385093219145716e-05
CUST04908,9.686837748435832e-10
CUST04909,6.936780455865517e-09
CUST04910,3.68161292382822e-10
CUST04911,0.9999999790939784
CUST04912,1.2505382102322261e-07
CUST04913,0.9997765446953316
CUST04917,0.9998069926399249
CUST04918,5.830478284397158e-05
CUST04920,0.9065738854251272
CUST04921,0.9987651098072928
CUST04922,1.3739841999887654e-08
CUST04923,0.016011771653970087
CUST04924,7.027593519151035e-07
CUST04925,5.217023469794208e-07
CUST04927,0.0005180330238496103
CUST04928,0.9993094350036554
CUST04929,0.9990700666935853
CUST04930,0.9998932862030437
CUST04931,3.918567535697743e-09
CUST04932,1.5288133012506305e-07
CUST04933,2.922114584565073e-10
CUST04934,0.9999999967287574
CUST04935,0.9992210799224023
CUST04936,0.999999827648939
CUST04937,1.0778354331265427e-05
CUST04939,7.159400874820525e-11
CUST04940,4.893924894855418e-07
CUST04942,0.010201694152451136
CUST04945,6.11651725908653e-08
CUST04946,8.123195983119979e-08
CUST04947,2.129856967780618e-09
CUST04948,0.00036829375651224733
CUST04949,7.535352936202727e-05
CUST04950,0.9999894127872907
CUST04951,0.9999999897353266
CUST04952,0.9999998865223783
CUST04953,0.9997948921056928
CUST04954,1.5333053816265068e-09
CUST04955,0.15760689588649912
CUST04956,0.0001805140163636573
CUST04957,2.1117295050904717e-10
CUST04958,5.518131075350122e-14
CUST04961,0.9999208099575838
CUST04963,0.002899005851688803
CUST04965,0.9999043613947564
CUST04966,0.9088761506871532
CUST04968,1.0617342622282692e-07
CUST04969,7.018606967102749e-05
CUST04970,0.016555837443585512
CUST04971,0.00016546758367807382
CUST04972,0.9999999960738908
CUST04974,0.9895294268332255
CUST04975,0.027826367578209783
CUST04978,0.9999999996045921
CUST04980,0.001298640933938875
CUST04981,0.9911649177340893
CUST04982,3.5053774299697897e-06
CUST04983,0.00010501281181446503
CUST04984,0.9999998900935364
CUST04985,0.999999939739484
CUST04986,0.9999999942351518
CUST04987,0.9999364040537214
CUST04989,0.9999999983278907
CUST04990,0.0047260820763813
CUST04991,1.3827456125207718e-09
CUST04992,0.99999999578672
CUST04993,5.63215092816899e-07
CUST04994,0.050392259280480335
CUST04995,0.002618616045075619
CUST04996,7.227983172908461e-12
CUST04997,0.032616420133417666
CUST04998,0.9203603768125047
CUST04999,0.9999999798981942
