CustomerID,propensity_whole_life_cluster0,propensity_term_life_cluster1
CUST00000,0.9991378442843305,0.001210815687209068
CUST00001,0.999993261875948,
CUST00002,0.9983237290073983,0.9999988904140167
CUST00003,0.9999916198767019,1.1744281434053987e-06
CUST00004,0.9998647252610162,3.390492840474348e-05
CUST00005,0.9880299468077137,1.6493608636676622e-08
CUST00006,0.9994792772444563,
CUST00008,0.9999388877507069,0.03883187045215536
CUST00009,0.9999900438584614,0.9999999730152783
CUST00010,,0.00011896654427903157
CUST00011,0.9999971477128503,
CUST00012,,5.364120718170772e-10
CUST00013,0.9999691396769433,
CUST00014,0.9979766897546738,0.00781210096191383
CUST00015,0.999931531852707,0.9999999907330938
CUST00016,0.9999919272339937,0.9996379202194823
CUST00017,0.9956770428843409,1.8980200930640406e-10
CUST00018,0.9999880835405808,0.9998963642348522
CUST00019,0.9999355473318856,0.99999984963475
CUST00020,0.9988393336129647,0.005109994647335549
CUST00021,,9.923823629548638e-05
CUST00022,0.9940177493739955,0.0016828552764864598
CUST00023,0.9999762799814451,
CUST00024,0.9999977158821165,0.9999999969970392
CUST00025,0.9999937719903642,0.9997030859764584
CUST00026,,4.295039984131931e-12
CUST00027,,0.9999999544452066
CUST00028,0.9999140853760728,0.9999987940805563
CUST00029,0.9995007939004508,0.955866531513939
CUST00030,0.9999832731541444,5.928326777799834e-05
CUST00031,0.9999280304513339,0.9990736943065566
CUST00032,0.9996857362291924,0.0002302412717559246
CUST00033,0.9997737148020756,9.357698534801974e-08
CUST00034,0.9999261907011607,
CUST00035,0.9999716658335236,
CUST00036,0.9998578410332613,0.8369734182818582
CUST00037,0.010328159685357495,1.3791014269042302e-07
CUST00038,0.9998883214785974,0.023053002909697643
CUST00039,,6.207535711702773e-09
CUST00040,0.993699614883598,7.703126492125232e-08
CUST00041,0.9999958879556391,
CUST00042,0.9988587499078415,
CUST00043,0.9999813698287191,0.9999999963945998
CUST00044,0.9999955417631915,0.9811385605395642
CUST00045,0.9998829452975805,0.9814520529456072
CUST00046,0.9999654803982775,0.9999999679642176
CUST00047,0.004738863557228947,1.8038496364978077e-10
CUST00048,0.979647133481677,1.1378852915767645e-06
CUST00049,0.9996651636321914,0.999020748892588
CUST00050,0.9998129456492924,0.0028823055292379607
CUST00051,,1.5660304442470164e-06
CUST00052,0.9999768863518237,
CUST00053,0.9999728873768826,0.1123158918655333
CUST00054,0.9998128555627036,1.5847895114880236e-07
CUST00055,0.9999952849582108,0.9999999986087373
CUST00056,0.9999938791845794,0.9999999992982116
CUST00057,0.999086277701317,0.9999995129745853
CUST00058,,1.0532340236452083e-05
CUST00059,0.999954845528502,0.9944744119536036
CUST00060,0.9999851106210795,0.9999999881218912
CUST00061,0.9999972929404315,0.9970949243993912
CUST00062,0.9788641115048564,4.4736910740203005e-10
CUST00063,0.9999300504958687,
CUST00064,0.9999156288520351,0.0041691792564560945
CUST00065,0.9999933392648018,
CUST00066,0.9978028808705721,
CUST00067,0.9999544130496448,0.0006395197926075809
CUST00068,0.9999600664467008,0.16290009557387405
CUST00069,0.7233899691712737,1.573847511733585e-14
CUST00070,0.9998938317929306,0.0015441181179127964
CUST00071,0.9999660546599446,0.0009830185164986943
CUST00072,0.9999759963264974,0.9999999935532373
CUST00073,0.03984075460446175,2.3805948043057254e-08
CUST00074,,0.999767009095886
CUST00075,,0.9990360154563618
CUST00076,0.732970457094157,7.614391599343806e-08
CUST00077,0.9975647736248268,
CUST00078,0.9999639156478958,2.7944858109163116e-08
CUST00079,0.9999725316344542,0.046039067598236665
CUST00080,0.9155082010516256,2.4241639388223457e-11
CUST00081,0.9872322623786174,1.1421751065249903e-05
CUST00082,0.999941967997586,0.029783183107349596
CUST00083,0.9999639020337813,0.0025764755199799805
CUST00084,0.9996784692083178,0.004993520725892193
CUST00085,0.9999825062808035,
CUST00086,0.9985457156120959,3.9250499333338655e-09
CUST00087,0.9999907569112372,0.9999583349370181
CUST00088,0.9999891004716375,
CUST00089,0.9999683567872815,0.9988910136326221
CUST00090,,0.9961088543938307
CUST00091,0.9999705674701392,0.008150821047963766
CUST00092,0.9999952047520306,0.9999999919941632
CUST00093,0.029416267632888394,0.16113147553499815
CUST00094,0.9999786182601497,
CUST00095,0.9999786235875098,4.2199917470548915e-05
CUST00096,0.9994542228919887,0.9836845304596964
CUST00097,0.9998138764331397,0.007026715248208335
CUST00098,0.9988305856505648,
CUST00099,0.999947757583127,7.277059783827582e-08
CUST00100,,0.9876684877151616
CUST00101,0.9999572232223476,
CUST00102,0.9999953254368974,0.9999999928818843
CUST00103,0.9999841239560241,
CUST00104,0.9997076309956905,0.011775845664751839
CUST00105,0.939303665928888,2.2679637165149737e-11
CUST00106,0.9989914342375746,0.23501804790154346
CUST00107,0.9999872583721138,0.9999999144057818
CUST00108,0.9998826964724078,0.007372668127855279
CUST00109,0.9998174385402665,0.9998210113858089
CUST00110,0.9995982158907536,
CUST00111,0.9928391470559904,
CUST00112,0.9997987714603038,4.3392981986090466e-08
CUST00113,0.9999968525727574,0.9999565156544887
CUST00114,0.9999931888859923,0.9999999968644058
CUST00115,0.9999978910609416,0.9999999975092835
CUST00116,0.9997452441822685,2.92288331509755e-12
CUST00117,,0.9990773308294513
CUST00118,0.9999157492867053,0.0001882888882097548
CUST00119,0.9999510818290874,0.9999999498705231
CUST00120,0.9999954519441442,0.9999867201527652
CUST00121,0.9999925381961584,0.9997099323577585
CUST00122,0.9999880222367235,0.9999050709801448
CUST00123,0.9997123160886655,0.019541268977654378
CUST00124,0.9673021299829611,8.624705436168651e-08
CUST00125,0.9992864516109763,1.8942306383362543e-07
CUST00126,,0.00527135527477907
CUST00127,0.9999894995756649,0.9927122477300012
CUST00128,0.999957219840789,0.9999965710090105
CUST00129,0.999960070562373,0.9999999940524948
CUST00130,0.999913001104467,1.8731442510596515e-06
CUST00131,0.97362818344361,1.0388862090181916e-09
CUST00132,0.9908365895565947,2.523150512686731e-10
CUST00133,0.9998072319897254,2.5730451638869286e-07
CUST00134,0.9999313761904219,2.0625901180805036e-06
CUST00135,0.9997084324856547,0.9811465226749102
CUST00136,0.9999897277650388,
CUST00137,0.9999976177304608,0.9999999878755578
CUST00138,0.9999995538954637,0.9999998906954215
CUST00139,0.9998329200261723,0.9995293297810076
CUST00140,0.9999515255442766,0.014883350738039303
CUST00141,0.9999907540053223,0.9999998556481908
CUST00142,0.9999628758927245,0.7361504054920547
CUST00143,0.9999583882373317,0.9999999103070354
CUST00144,0.9999474726715757,0.005708756118176829
CUST00145,0.9996233375519089,0.998739994832981
CUST00146,0.9999947410757964,0.986282736806978
CUST00147,0.9999613363782099,0.9998926324317335
CUST00148,0.9999622353448713,0.9969916152724486
CUST00149,0.9998800600960366,2.7442011935459674e-07
CUST00150,0.9999620065787286,0.9999999915416763
CUST00151,0.9996943280505841,0.9999999974775764
CUST00152,0.9999573681819529,0.9999999875183104
CUST00153,0.9895716368730497,2.2814065786467838e-09
CUST00154,0.9997345568830756,0.9999999814771828
CUST00155,,0.001218167763537613
CUST00156,0.9918703319216015,4.559065949348879e-05
CUST00157,0.9990099876534899,5.7136982978533295e-08
CUST00159,0.9830061582988117,
CUST00160,0.99997025266159,0.9999293608266264
CUST00161,0.9990245204647195,2.0951376187758426e-09
CUST00162,0.9999757147691705,0.9968679809885085
CUST00163,0.992650504981407,
CUST00164,0.9998281245759582,0.004045717202975763
CUST00165,0.999993411860633,0.9984683689318937
CUST00166,0.0192503245134726,2.4796555091304934e-07
CUST00167,0.9999915863763508,0.9999979365595798
CUST00168,,0.01471128210798883
CUST00169,0.9999958877172981,0.9997088511302417
CUST00170,0.9999829210406016,0.9913808160175143
CUST00171,0.999891310579707,0.9999587583287282
CUST00172,0.9999863441247472,0.9999999639272901
CUST00173,0.9999946221163698,0.9992304958856824
CUST00174,0.9998826804184144,
CUST00175,0.9999234032155505,0.012203644283094778
CUST00176,0.9998117291009362,8.483322267447544e-06
CUST00177,,0.9999846867389206
CUST00178,0.9999894318519136,
CUST00179,0.9999920455693417,0.999999987863592
CUST00180,0.9999930730525088,0.9999938097498883
CUST00181,0.99936273252224,0.9999920059860602
CUST00182,0.9999950215402614,0.9981131345770229
CUST00183,1.070993145015265e-07,4.054803998127321e-09
CUST00184,0.9987036220190463,
CUST00185,0.9998804983359421,0.9999999807803334
CUST00186,0.999970333591662,0.03625274721302294
CUST00187,0.999900850803189,
CUST00188,0.9999787889667233,
CUST00189,0.9991701402625849,0.00015680188691675987
CUST00190,0.9999721014856996,0.9999989370501717
CUST00191,0.9967687900154532,0.00020386286265730992
CUST00192,0.8888247991716839,1.2309601653552746e-11
CUST00193,0.20560883728920176,2.4820483548915352e-08
CUST00194,0.9999815747307511,0.999980002050899
CUST00195,0.9995052319059763,8.422901971407241e-08
CUST00197,0.9995117661153584,2.106119557217509e-05
CUST00198,0.9999990570918911,0.979940305522416
CUST00199,0.9993575212400055,0.000117363536627085
CUST00200,,0.9999974801935877
CUST00201,0.999990545329138,
CUST00202,0.9999372474185482,8.204610725785017e-07
CUST00203,,0.9999999618281151
CUST00204,0.9425533085701705,1.0916268233510144e-05
CUST00205,0.996229145602466,0.006719730730850648
CUST00206,0.9999985232957223,0.9999999990728516
CUST00207,0.9999082816427232,
CUST00208,0.9989030778557282,8.957686662300819e-08
CUST00209,0.9617354036909429,5.245446048991064e-10
CUST00210,,0.00012012286213105577
CUST00211,0.9999887506551912,0.9999999869707303
CUST00212,0.9998299666430837,0.02295315796948452
CUST00213,0.9889140488039501,9.652012752242514e-09
CUST00214,0.9997365665342889,0.9996516179094578
CUST00215,0.9993359084001942,5.74337110739868e-07
CUST00216,0.9999681903124021,0.0006558684252039696
CUST00217,0.997939905794254,
CUST00218,0.9994590193137387,0.051433820835683916
CUST00220,0.9999914992062845,0.01309872754056231
CUST00221,0.01889199831828419,7.6203166930377e-11
CUST00222,0.9993961378389443,0.0022582247237568184
CUST00223,0.9999896801632981,0.9984520581241565
CUST00224,0.9995353623950916,1.4978791795648237e-07
CUST00225,,0.00011120055761802916
CUST00226,0.999862555913399,0.9991037185188942
CUST00227,0.9997643616028008,0.06647599823829745
CUST00228,0.9997376964069682,0.02927799075061644
CUST00229,0.9999967353402056,0.9999999995648354
CUST00230,0.9999773236816265,0.9909303418459317
CUST00231,0.9999192530945263,0.09662687956140492
CUST00232,0.9998699969836402,0.9983938260833702
CUST00233,1.6493731406547045e-14,4.6375289707794886e-14
CUST00234,0.9998427588816788,
CUST00235,0.7847284807377667,
CUST00236,0.9999946309296252,0.9982140048605203
CUST00237,0.9999786847086775,0.9999985677384912
CUST00238,0.999993568574825,0.9999997945605468
CUST00239,0.9999940060030358,
CUST00240,0.03813008068303325,1.1568283160577372e-08
CUST00241,0.9996136147999092,0.9981219361052726
CUST00242,0.998750963922437,0.0004268179544863888
CUST00243,0.9988042181806693,0.0005238304113290711
CUST00244,0.9997612046603106,0.3474722265098538
CUST00245,0.9999916848211597,0.9999986485610878
CUST00246,0.999998365778611,0.9999999976480538
CUST00247,0.9974582790684399,6.253609989169144e-10
CUST00248,0.9999963422132726,0.9999694598481742
CUST00249,0.9996355698332045,0.9999957057411767
CUST00250,0.9999947532009561,
CUST00251,0.9999237928482922,0.000805440956298347
CUST00252,0.9999490781451993,0.30715490416436253
CUST00253,0.9993586634555998,5.313748158411136e-06
CUST00254,,0.23929576475177983
CUST00255,0.9917419098988514,5.271877080881986e-07
CUST00256,0.9999819204644104,
CUST00257,0.9998000788047635,0.9999999872211419
CUST00258,0.9998982217229533,0.9998340565402659
CUST00259,1.857518682945287e-05,1.4943970052033191e-06
CUST00260,0.9999850998140143,0.9998779645595047
CUST00261,0.9999223152130775,
CUST00262,0.9997894054857395,2.6491117712050804e-06
CUST00263,0.0040924961773660794,2.4962618220468767e-14
CUST00264,0.9998378066796311,1.540179321009398e-05
CUST00265,0.9999995274110987,
CUST00266,0.9999637549484275,0.9998897245533943
CUST00267,0.9991812017557142,0.00887106632885021
CUST00268,,0.9999551610038083
CUST00269,0.672382039016384,5.952417571506277e-10
CUST00271,0.9999803190712224,0.9991894915054937
CUST00272,0.999533680690193,7.552230846289941e-08
CUST00273,,0.004228324445030688
CUST00274,0.9999708135755357,0.26826637298644446
CUST00275,0.9999934545191166,7.219152715105688e-05
CUST00276,0.9995781933707156,0.08508440037559266
CUST00277,0.9999770022988241,0.9994775684933073
CUST00278,0.9697128939177304,3.114268885626395e-11
CUST00279,0.9999917257499847,0.07071932467761076
CUST00280,,0.00905813818634549
CUST00281,,0.9932644254351531
CUST00282,0.9980577853389608,9.690893686102108e-08
CUST00283,0.9980888227019798,3.6324817270338236e-06
CUST00284,0.9987283497414357,1.8779060016733096e-09
CUST00285,0.9999620558385882,0.999999902218988
CUST00286,0.9999804940452484,0.9998010033516654
CUST00287,0.999977291820377,
CUST00288,0.9996883727872534,7.84986049676665e-08
CUST00289,0.9999948946386551,0.9997356998086969
CUST00290,0.9988225493614526,9.732291097405681e-09
CUST00291,0.9999854375849284,
CUST00292,0.9999796391194118,
CUST00293,0.9999685167209519,0.999370366453506
CUST00294,3.855449772922785e-05,4.7435818338720796e-11
CUST00295,0.9984995714618127,1.4103650373162837e-10
CUST00296,0.9999967836214122,
CUST00297,0.9867939321680768,1.3890181269732862e-05
CUST00298,0.040666780058281796,0.001333512318449811
CUST00299,0.9999074072542111,0.9988979949495957
CUST00300,0.9999835468460657,0.9999960723326929
CUST00301,0.9998653276314265,4.7961973934013396e-06
CUST00302,0.9999764941648578,0.9946625941267424
CUST00303,0.999872665621811,
CUST00304,0.999675142671971,1.0736699291426824e-05
CUST00305,0.9756032624270397,
CUST00307,0.9998695703864571,0.9999997933612718
CUST00308,0.9998136780419623,
CUST00309,0.999992273983916,
CUST00310,,7.939981378372087e-08
CUST00311,0.9999758602542677,0.9999440814431745
CUST00312,0.9999897699540874,0.9987520328492482
CUST00313,0.9999803059161894,
CUST00314,0.9999802807438616,0.9999531631877153
CUST00315,0.9999523548677228,0.9999998918725169
CUST00316,0.9975409470284471,1.6761503477791684e-11
CUST00317,0.999984608641403,0.9999999973474922
CUST00318,0.9999943637767817,0.08723845033148543
CUST00319,0.9998436195433534,0.00044906385868776193
CUST00320,0.9896172950125129,1.7448773936662983e-08
CUST00321,0.9999764632273028,0.9997611309888327
CUST00322,0.004951348131661123,
CUST00323,0.9999020872323005,0.9960459328082526
CUST00324,0.9993909282673081,0.00010213146987430554
CUST00325,0.9999597380391422,
CUST00326,0.006527870257520514,0.04436148019273318
CUST00327,0.9998951163924543,0.9986741396456021
CUST00328,0.9979784616414785,5.000339116814472e-07
CUST00329,0.9999254795408031,0.9973985636162109
CUST00330,0.999911938769611,
CUST00331,0.9998539488083454,
CUST00332,0.9985074646771053,1.1163619212568573e-06
CUST00333,0.9990968104393675,4.3774575774568935e-07
CUST00334,0.9999423629982528,4.254840106806262e-06
CUST00335,0.9994260405277394,0.008634887420300214
CUST00336,,0.9970646963183976
CUST00337,0.999356157428128,0.757632553967794
CUST00338,0.9999948355530316,
CUST00339,0.9997717528271115,7.629943992713163e-05
CUST00340,0.9999259129558551,
CUST00341,,0.2850112091573959
CUST00342,0.9999808599571187,0.9999999799032624
CUST00343,0.9999184797591927,0.0006918682883308998
CUST00344,0.9999831409391425,0.08699185918924175
CUST00345,0.9996811557842737,8.928035731474946e-05
CUST00346,0.9999795244905099,0.9999999939378041
CUST00347,0.9999899839739279,0.031211182019742226
CUST00348,0.9999626366255758,0.0008083939000544559
CUST00349,0.9995643846969127,1.9913698652661787e-07
CUST00350,0.9262710510305903,
CUST00351,0.9648699316478829,6.596561799858518e-12
CUST00352,0.9997951053082651,0.0005764829967118316
CUST00353,0.9999532103943768,0.9999839197931077
CUST00355,0.9934435637625999,7.182567183896539e-09
CUST00356,0.9999650401077316,0.38762428685709127
CUST00357,0.9999893381231602,0.9986168297838065
CUST00358,0.9999706134841372,0.999927824824438
CUST00359,0.9998520564473277,0.9992726302874588
CUST00360,0.937842109424146,5.529275333976406e-12
CUST00361,0.9999736822683316,0.9986542185273558
CUST00362,,0.8953206156282237
CUST00363,0.9999198372170613,0.9982023409213798
CUST00364,0.9997588559888166,0.9999999954665963
CUST00365,0.9992935936610482,1.3402208108294595e-06
CUST00366,0.9999617716546558,0.9989015474109941
CUST00367,0.007144981871947913,7.256852233368378e-09
CUST00368,0.9999891261647192,0.999999981532743
CUST00369,,0.15107682008661896
CUST00370,0.9999750774285352,0.6791684315872074
CUST00371,0.999988402784869,0.99999996989912
CUST00372,0.0004076652425483306,1.290671700778677e-09
CUST00373,0.9999449899523379,0.9986684859920872
CUST00374,0.9997950387479759,
CUST00375,0.9999985877029427,0.998605017405844
CUST00376,0.9997376910395103,0.0013480092208429644
CUST00377,0.8815189128649467,
CUST00378,0.9998941716877939,
CUST00379,0.9998397800709021,5.3876093616961586e-08
CUST00380,0.9999244358302495,0.9991420348590869
CUST00381,0.9999896058198371,0.9999999994248265
CUST00382,0.9998640211129296,3.7074306424776616e-05
CUST00383,0.9999404271742753,4.0755193455536244e-07
CUST00384,0.9999758560127404,0.018099064746699076
CUST00385,0.9999886524595594,0.03791847807447823
CUST00386,0.9999327595319095,0.28365581888960245
CUST00387,0.008199544696382672,
CUST00388,0.9998115737818458,0.0030788862505528925
CUST00389,0.9999211914744942,
CUST00390,0.9999963855876646,
CUST00391,0.9991444006861097,9.943790152761922e-05
CUST00392,0.9999813260987547,0.03301781492715388
CUST00393,0.9999990376719005,0.9999990738217992
CUST00394,0.9999668672937744,0.03534853408681789
CUST00395,0.9999729075253837,0.9999999949972047
CUST00396,0.9998904192202148,0.9999993677587444
CUST00398,0.9999393315045803,0.9969916590468442
CUST00399,0.7000965320221191,8.125036982121807e-14
CUST00400,0.9999959344136496,0.9998371653674593
CUST00401,0.062220092276949225,7.839902639365857e-05
CUST00402,0.9970190817569302,1.075891252770558e-09
CUST00403,0.9998682202753942,4.4750620380910546e-05
CUST00404,0.9997995912233585,0.999995714211576
CUST00405,0.9999912872708488,0.9999999384906098
CUST00406,,4.215203242210989e-06
CUST00407,0.9997081236675645,1.0075554660305062e-06
CUST00408,0.9999212507941235,2.2449669251714148e-05
CUST00409,0.9999910996343234,0.37358997866899246
CUST00410,0.9999249533073147,0.9998604766741939
CUST00411,0.9999692384248994,0.9978223993529199
CUST00412,0.9999662770181783,0.033230088195920736
CUST00413,0.9999653253604394,0.9988410932422501
CUST00414,0.9999976752493377,0.999999916043422
CUST00415,0.24844769043192638,
CUST00416,0.9930672986183311,0.00021145167682655604
CUST00417,0.9997674217949319,0.013465878723266775
CUST00419,0.9999429641079951,2.0182339700002687e-06
CUST00420,0.008432536027793454,2.288969344443814e-09
CUST00421,0.9906794870448314,1.3769259060013952e-11
CUST00422,0.9839021651256235,2.1306124873044612e-09
CUST00423,0.9962797580915275,4.867657643327492e-07
CUST00424,0.9999976295111077,
CUST00425,0.9999733966633322,
CUST00426,0.05361363231747124,1.8573155595101983e-08
CUST00427,0.9768081997772458,1.0258019085685085e-09
CUST00428,0.9998434906042242,1.6411139144033005e-09
CUST00429,0.998906631616495,
CUST00430,,0.9662122577602477
CUST00431,0.9996299762009293,
CUST00432,0.9932735425782879,0.0017825188727969461
CUST00433,0.999886606986194,0.9959637322182785
CUST00434,0.9996945627732923,0.9725874845866574
CUST00435,0.9999812406883356,
CUST00436,0.9997905042008423,0.00031634956038668123
CUST00437,0.7577678286269038,
CUST00438,,0.9999999999909286
CUST00439,0.9999635301788182,
CUST00440,0.9996329614644065,0.22998833252220316
CUST00441,0.9999829989415531,0.9972629984924248
CUST00442,0.999946484714618,0.9999975801542414
CUST00443,0.9955214559333899,1.7455000972274593e-12
CUST00444,0.9999960285200977,
CUST00445,0.9999718602163761,0.9990754871713915
CUST00446,0.021876987393667436,
CUST00447,0.9999990435584389,0.9999999882147533
CUST00448,0.9993877630850808,9.712852566835886e-09
CUST00449,0.9999914541068609,
CUST00450,0.9998964923131309,0.09744443719316578
CUST00451,0.9951074531855544,4.94023196806383e-06
CUST00452,,0.5106552696328995
CUST00453,0.9999386170188566,0.9993855747514827
CUST00454,0.088381350265191,6.80700984831076e-09
CUST00455,0.9999988251211352,0.9999999970566593
CUST00456,0.9999851006990153,0.8437996810101037
CUST00457,0.99996288618539,0.0026645515428819254
CUST00458,0.9999800193445724,0.9992103164153285
CUST00459,0.9999929200946445,0.9999986602560448
CUST00460,0.9999933113680345,
CUST00461,,0.9915205063901034
CUST00462,0.9999321264221671,0.024659857905765154
CUST00463,0.999863128293386,
CUST00464,0.9999567387763098,0.9997132565003152
CUST00465,0.9953487646791357,2.902467931438517e-07
CUST00466,0.9999414472977196,
CUST00467,0.9999929246924478,0.9999999869312513
CUST00468,0.9992238872325072,0.9999999901523814
CUST00469,0.9998534094144534,0.034982259843963005
CUST00470,0.9999254327114747,0.011245768443937891
CUST00471,0.9999909921384019,
CUST00472,0.9955317707820901,0.9999995920281913
CUST00473,0.9999935028225235,0.9999952266118908
CUST00474,0.999962046525558,
CUST00475,0.9993590095575924,8.235192997686397e-09
CUST00476,0.9955194522113144,
CUST00477,0.9945224824603723,9.408972829834945e-08
CUST00478,0.9999974864771801,0.9999999475540721
CUST00479,0.9999140382578746,0.9933723037223623
CUST00480,0.9997736346741679,1.7316999539651603e-12
CUST00481,0.4926770621388407,9.604035340814134e-12
CUST00482,0.9998057346009493,0.9981618225361891
CUST00483,0.9999861047160059,
CUST00484,0.9999901518299726,0.0022086121085265966
CUST00485,0.999970446945055,
CUST00486,0.9998956888738281,0.9999992139118641
CUST00487,0.9997895214216248,0.010261425844721311
CUST00488,0.7119796914680249,9.481131136372014e-09
CUST00489,0.9999888072921416,0.9999999902678091
CUST00490,0.9998882706551255,0.999999957056844
CUST00491,0.9999959027212327,0.9999960739014044
CUST00492,0.9997994829950553,
CUST00493,0.9998037257609669,3.3427818292652133e-06
CUST00494,0.999870875489551,0.9999519833055353
CUST00496,0.9995697952091752,4.90235921649705e-09
CUST00497,0.9999793020310707,0.999998433334061
CUST00498,0.9999264157193097,0.9998799282768103
CUST00499,0.999983649266533,0.9999999892025321
CUST00500,0.9999599157411121,0.0011177927645430873
CUST00501,0.9999779394399494,
CUST00502,0.9998642905519742,0.006019601383366206
CUST00503,0.9893945299688504,0.0013963507166452375
CUST00504,0.9999848300068863,4.497545284312019e-05
CUST00505,0.9967323181197606,4.4299526376928266e-08
CUST00506,0.19304224381573792,2.463436544057673e-08
CUST00507,0.9996386695959198,7.49245854345737e-08
CUST00508,,7.749648566386495e-08
CUST00509,0.9995252433679862,0.00010703295894571164
CUST00510,0.999917767801657,2.982998821534681e-06
CUST00511,0.9999877633097378,0.9999998014045263
CUST00512,0.9910864066381146,3.059507315160319e-07
CUST00513,0.05036991451782023,5.375213274366631e-07
CUST00514,0.9999677640340232,
CUST00515,0.9999803291476135,0.22476423201096524
CUST00516,0.9993135709976484,4.833166398750659e-06
CUST00517,0.9970836795311177,3.946077318362795e-07
CUST00518,0.9977224764817546,2.0679116233855377e-06
CUST00519,0.9999557055458239,
CUST00520,0.999991870659737,0.9999970655453495
CUST00521,0.06165307427823442,1.6076195729964812e-08
CUST00522,0.9999985594862014,0.9999999847360279
CUST00523,0.04844051658463827,4.2953888305810346e-08
CUST00524,0.9999907272311401,0.9999999699015638
CUST00525,0.9996635435077552,2.9154874245692687e-07
CUST00526,0.9995794740853357,
CUST00527,,0.4411236312675036
CUST00528,0.9999815196113089,0.9993673483849895
CUST00529,0.9923065905143468,0.6762599414085477
CUST00530,0.9998339555991922,
CUST00531,0.9997706299515258,0.943036042498326
CUST00532,,2.2200709055087686e-11
CUST00533,0.9996027349271969,0.9999321754412241
CUST00534,0.005526544650637509,2.5413995911763674e-11
CUST00535,0.9997739761159599,0.04245871839747656
CUST00536,0.9999443491857759,0.9702257519115589
CUST00537,0.9997277323949993,
CUST00538,0.9988669549275477,8.8670814814211e-08
CUST00539,0.9950830210274972,9.173553341491237e-09
CUST00540,0.9999939274328498,0.9999999993061539
CUST00541,0.9996138890059174,0.9959968565712354
CUST00542,0.9993318677563777,0.0003018688503398719
CUST00543,0.9999404406258124,
CUST00544,0.9996708349102756,
CUST00545,0.9999216659414719,0.00016891624841551797
CUST00546,0.9996977967995325,3.34139539500295e-08
CUST00547,0.9999569339319179,0.09242461960153463
CUST00548,0.9947148396035574,1.042482884987546e-07
CUST00549,0.9999643919105775,
CUST00550,0.9999978599743298,0.9999999829525325
CUST00551,0.9999896229432951,0.9999066292514006
CUST00552,0.9991048500208531,5.856111801870965e-08
CUST00553,0.9999778664697977,0.999999972368398
CUST00554,,0.00027403069759063486
CUST00555,,0.005005713944298529
CUST00556,0.9996235695887974,0.023838815091425943
CUST00557,0.9999857770338171,0.9999999688507403
CUST00558,,8.25574318380881e-05
CUST00559,0.9999910791649637,0.9999999982622032
CUST00560,0.9995795683324737,0.9257276014207969
CUST00561,0.996045415903462,4.156812096491177e-06
CUST00562,0.9999681877986891,0.9999999986856298
CUST00563,0.9918836106545735,1.0170009573887469e-08
CUST00564,0.0008028319842727401,1.8863822853233292e-11
CUST00565,0.9999052754517055,0.9976806998378517
CUST00566,0.9968997691119947,
CUST00567,0.9966944049624037,2.0046859929586956e-07
CUST00568,,0.9999995730616331
CUST00569,0.9999965237137056,0.11627996832560308
CUST00570,0.9996981852354896,7.700235360778365e-07
CUST00571,0.9845806660405517,5.921633407661772e-10
CUST00572,0.9997591525193311,0.00540914446880021
CUST00573,0.9997512119573515,0.07688570780463976
CUST00574,0.9849606112965135,0.0914453902523172
CUST00575,0.9988510030284798,0.0011037744186741132
CUST00576,0.9998965966834156,0.999874954716128
CUST00577,0.9999672352631702,0.003518420511302695
CUST00578,0.9999430768310328,0.13030048453831938
CUST00579,0.0015360384669000462,2.603632093717268e-11
CUST00580,0.999861136866333,
CUST00581,0.998816695077019,1.2082294201164814e-08
CUST00582,0.3892320715651067,5.7385318644815787e-11
CUST00583,0.9999986042669232,0.9999997341500922
CUST00584,0.9997908208023992,0.9999999658194675
CUST00585,0.9994723092929931,0.9985264714026812
CUST00586,0.9999770412816866,0.9999054179375794
CUST00587,0.9999952607777051,0.9998857228378785
CUST00588,0.44916987128960306,3.4320552306580076e-14
CUST00589,0.028482912685258547,2.8630856056394297e-09
CUST00590,,0.23864751984445345
CUST00591,0.9819615212547267,2.2832079714185e-10
CUST00592,0.9999917831919074,0.9999999369859123
CUST00593,,0.9999996574413595
CUST00594,0.9985779881568143,
CUST00595,0.9999139692714527,3.85522378081812e-05
CUST00596,0.9999905328880548,0.9954264223050439
CUST00597,0.9542441726905005,5.855043399465066e-12
CUST00598,0.9999954243570965,0.9996667313946815
CUST00599,0.9999910441512668,
CUST00600,0.981146392318134,8.730430191892196e-08
CUST00601,0.9984801057228317,2.6617729874472658e-05
CUST00602,0.9999962867867395,0.9999999943140305
CUST00603,0.0017595069314903717,
CUST00604,0.9998723236444724,5.434138265411584e-05
CUST00605,0.0004228085929992626,1.6552980596560477e-14
CUST00606,0.9998352786372993,0.06864954293422183
CUST00607,0.999196812216188,5.806404590200205e-06
CUST00608,0.9999920895903953,0.9999191650886163
CUST00609,0.9603995500697701,8.417850952660786e-13
CUST00610,0.9989281583381535,2.4684394751152073e-09
CUST00611,0.06957463196217058,5.5732448880827536e-11
CUST00612,0.9999956003011501,0.9997177548898629
CUST00613,0.9999534806585048,0.934394900015013
CUST00614,0.991313856450693,
CUST00615,0.9999134473053801,
CUST00616,0.999977357724401,0.9997849647720376
CUST00617,0.999752172762907,0.880113314842625
CUST00618,0.9996191111498125,1.9036692383417416e-10
CUST00619,0.9999882124880208,0.9993317350284573
CUST00620,1.420424261238485e-07,
CUST00621,0.9992733911015347,0.03581697982685842
CUST00622,,2.1371213800225865e-11
CUST00623,0.9998702680592111,0.918719687288709
CUST00624,0.999767592868597,0.0001270982476672463
CUST00625,0.9997278016749467,0.9982481631008513
CUST00626,,9.211267461120654e-10
CUST00627,0.9997943035621589,
CUST00628,0.008319889978949325,8.635438631019898e-16
CUST00629,0.9984200770172155,1.6235299452532911e-06
CUST00630,0.9963120309743272,
CUST00631,0.9999271723480642,0.9986272654861689
CUST00632,0.9965718439959614,1.033484714148121e-07
CUST00633,0.9850591571946281,3.353858632450838e-10
CUST00634,0.9987979557803585,1.8657124334584215e-10
CUST00635,0.999980222831171,0.9999995464779491
CUST00636,0.9957489000010739,2.9797615739192184e-05
CUST00637,0.9999989344156873,0.9999999973209583
CUST00638,0.9998729614636095,0.008951582677030804
CUST00639,0.998962379353219,1.3511333309910356e-08
CUST00640,0.8991941591333436,1.177517990126326e-12
CUST00641,0.9999902855593364,0.9998271570617857
CUST00642,0.9998214467860274,0.9560554219628378
CUST00643,0.1102230929431834,
CUST00644,0.9999161767816959,
CUST00645,0.1576103548680022,0.03350421670516365
CUST00646,0.999968247361504,1.0826505475118936e-08
CUST00647,0.9999756564387011,0.9997026065831128
CUST00648,0.999939313887059,0.9999475793504361
CUST00649,0.999990871441665,
CUST00650,0.9998746958888931,0.9997404896087034
CUST00651,0.973796133470443,2.4678412288583208e-11
CUST00652,0.999916137889447,1.4405494441927865e-07
CUST00653,0.9999191239614653,0.9990532929285881
CUST00654,0.9999966306987889,0.9999997625894799
CUST00655,0.9999484354806596,0.9986910549762669
CUST00656,0.9999964679495418,0.9999832126907781
CUST00657,,0.9908248954403321
CUST00658,0.9999962435381856,
CUST00659,0.9999806127238209,0.0003080587144581448
CUST00660,0.9997183349084,6.234961425847782e-10
CUST00661,0.9998743245881155,
CUST00662,,0.9933659630328335
CUST00663,0.9999840850971339,
CUST00664,0.9999954320035862,
CUST00665,0.9999938434112047,0.9999999879513667
CUST00666,0.9999919604594862,0.9999999613561777
CUST00667,0.998951122197396,0.0004261265964857032
CUST00668,0.9967157002453543,7.687927527409525e-09
CUST00669,0.9999820456494187,0.5344493493651017
CUST00670,0.9999775765428114,7.439630708398253e-06
CUST00671,0.9999826704248289,
CUST00672,0.999981802588134,
CUST00673,0.9999803374998141,
CUST00674,0.9999620290942461,
CUST00675,1.4166292205687244e-06,3.319842436404806e-08
CUST00676,0.9999162051057743,0.00016198255129907678
CUST00677,0.9999963403382498,0.9999510220977539
CUST00678,0.999999223044966,
CUST00679,,5.859453114457846e-08
CUST00680,0.9995421250184647,6.052712439563017e-09
CUST00681,0.9999788188446987,
CUST00682,0.9999912576222604,0.9999999638628678
CUST00683,0.9999734725273843,0.001562623650438607
CUST00684,0.9999976791957301,0.99999999629235
CUST00685,0.9999794694692471,
CUST00686,0.9971267858478776,2.4621448353452224e-08
CUST00687,0.9999491928110541,0.9999999848781589
CUST00688,0.9999258514995971,0.9259228593828737
CUST00689,0.9999809601048912,0.9999999741624968
CUST00690,0.999527634739837,0.009385762054405203
CUST00691,0.982676607894286,3.1738236840074894e-08
CUST00692,0.9999698232233112,
CUST00693,0.966968769942784,3.354868589373662e-08
CUST00694,0.9999939921063227,0.9856050763887191
CUST00695,0.9999822676949075,0.9989135857448967
CUST00696,0.9997254095497027,0.017191252508196104
CUST00697,,0.9950816207881339
CUST00698,0.9999669176658855,0.9999999521164847
CUST00699,0.9993044083610688,5.13577030147318e-06
CUST00700,0.9993291003097688,0.0076503496137090175
CUST00701,0.999984824585094,0.13803061650661513
CUST00702,0.9870585078909452,8.31877729848353e-11
CUST00703,0.999905295245717,
CUST00704,0.9999500482507245,0.02326403641343515
CUST00705,0.3216587573265919,1.574936151228311e-06
CUST00706,0.9984602682050231,1.2143360657983903e-07
CUST00707,,0.8887231901919753
CUST00708,0.08588109030216576,
CUST00709,0.9993550387976239,1.1923469160133732e-07
CUST00710,0.9999718644594927,0.9999999958010701
CUST00711,0.9997739010624332,0.0055687340252851625
CUST00712,0.9999913147400138,0.999976515170617
CUST00713,0.9999730836116022,0.9992943440145376
CUST00714,0.9998868366952488,0.007150544463247649
CUST00715,0.9999939716721222,0.9995348319664453
CUST00716,0.9999280850752114,1.2407746473761225e-07
CUST00717,0.9997843791080152,
CUST00718,0.9999736334234378,0.00013974891610808181
CUST00719,0.9939765582303957,3.980437355519928e-12
CUST00720,0.9999662613300594,0.9999999525074199
CUST00721,0.9999699295131894,0.004049572315935044
CUST00722,0.7449335918584936,3.157318606612316e-16
CUST00724,0.9993147977594106,1.731308604861296e-09
CUST00725,0.9998974117412559,
CUST00726,0.9983238061166897,0.003594036440544795
CUST00727,0.004374615254408943,2.1526986818237138e-09
CUST00728,0.9976396069779903,0.0004093160350833878
CUST00729,0.9998937069418082,
CUST00730,0.999986535178846,0.9995782590730576
CUST00731,0.9999925308785881,0.9999999988414159
CUST00732,0.999995085277407,0.9997787508547857
CUST00733,0.9999871914995885,0.999999987965373
CUST00734,0.9995164187259419,6.250634514858467e-09
CUST00735,0.999995259367925,0.9997787826817918
CUST00736,0.9997633988332735,3.608152799785399e-05
CUST00737,0.9998654255585755,0.1081144474756467
CUST00738,0.999969886997641,3.429012802632888e-09
CUST00739,0.9981390154145375,5.951594463398348e-07
CUST00740,0.9997443988871744,
CUST00741,0.9999157616459713,0.9988246730640599
CUST00742,0.9999656768617187,0.9987664504080241
CUST00743,0.9946984012058713,2.7135414460745736e-07
CUST00744,0.9998985945017683,0.9995221747369043
CUST00745,0.9995233443233248,4.7577142543904945e-06
CUST00746,0.9998428985842055,0.9999999776456364
CUST00747,0.9997631137428498,8.124804618205608e-05
CUST00748,,0.00011282905404900124
CUST00749,0.9999775740520368,0.999719000408527
CUST00750,0.019517853462251298,3.4020424514081683e-07
CUST00751,0.9999931906253515,0.9805571633138666
CUST00752,0.9999962639138176,0.026340863940141637
CUST00753,0.9999628411565094,0.995511388786941
CUST00754,0.999916189337391,0.999799046757557
CUST00755,0.9999283944398089,0.00025401763062870143
CUST00756,0.9997646632561549,0.9784880646971073
CUST00757,0.997429529995438,
CUST00758,0.9998591732949889,0.0416324334247752
CUST00759,0.9999828810842095,
CUST00760,0.9999724337058365,
CUST00762,0.9996639375699986,4.13498379270029e-08
CUST00763,0.99998473913946,0.0023835558964029556
CUST00765,0.9999328329235777,0.00013344274468203717
CUST00766,,0.9999999963886719
CUST00767,0.9999996317428695,0.9999989055319313
CUST00768,0.9973706487841528,3.836356748084809e-10
CUST00769,0.9999353117639224,5.300794793662597e-06
CUST00770,0.9975150998841259,3.5436317477248095e-05
CUST00771,0.9999883380815306,0.9999662524357791
CUST00772,0.9999958610785624,0.9996965956651757
CUST00773,0.9999846373220599,0.9999048703681815
CUST00774,0.9983896623895726,0.03542155585591496
CUST00775,,0.0002356608104889343
CUST00776,0.999976617931395,0.9999999999492852
CUST00777,0.9982148493706614,1.3547605008944411e-08
CUST00778,0.9999950809826694,0.9999650985020365
CUST00779,0.9999950084331053,0.9999999995257347
CUST00780,0.9999531025221653,0.9998251367032815
CUST00781,0.9999339506247313,0.012060822339398493
CUST00782,0.9999967698479282,0.9999993094605645
CUST00783,0.9999502588558091,0.9958363787937755
CUST00784,0.9999884478833106,0.9990630320392928
CUST00785,0.9999721840762646,0.9999999779148618
CUST00786,0.9999475471342626,0.9995558615200048
CUST00787,0.9999978108752025,
CUST00788,0.999966847384935,0.06547001089905889
CUST00789,0.9999060489899508,1.1903470339476521e-05
CUST00790,0.9998158696663361,0.01646143514830295
CUST00791,0.9999791168188118,0.037934026108883134
CUST00792,0.9998966087044958,
CUST00793,0.9999377150289113,0.9995498472161239
CUST00794,0.999995457991347,0.9998802907353911
CUST00795,0.9975820914934377,0.9901543707797931
CUST00796,0.9999935796120576,0.999999991626601
CUST00797,0.9999966583360879,0.00040738807024692184
CUST00798,0.9999895315629647,0.9985002732237629
CUST00799,0.9986363519418369,5.821553234901666e-06
CUST00800,0.9989436052495514,
CUST00801,,1.5366248425783036e-10
CUST00802,0.9999627555717471,0.9993218965591625
CUST00803,0.0022737037990102774,4.747146870559818e-07
CUST00804,0.9995558591143628,4.184391834319575e-06
CUST00805,0.9999848578298467,0.9999997217048553
CUST00806,0.9999809162170822,0.9999999908987357
CUST00807,0.9990320643392042,
CUST00808,0.9998854782597913,
CUST00809,0.13388584812715468,1.0804810247593075e-14
CUST00810,0.9995583935755415,0.1852033116588537
CUST00811,,0.999992193603305
CUST00812,0.9999004127587716,1.1831576039976677e-07
CUST00813,0.9999898985100028,0.9999999879287679
CUST00814,0.9998274627750233,0.999817782942419
CUST00815,0.9999983362788745,0.9999999777339039
CUST00816,0.0014689192653686636,4.547372766594229e-12
CUST00818,0.9993367010379736,2.942068702215529e-07
CUST00819,0.9999977420963766,0.999996451392814
CUST00820,0.9986259355639647,5.6164083516217125e-06
CUST00821,0.9996784622273717,8.835962113909449e-06
CUST00822,0.999909862806224,
CUST00823,,0.00048332310836709906
CUST00824,0.9999826220071993,0.999999970421589
CUST00825,0.9999556326603811,0.9964598978192758
CUST00826,0.9999701726633741,0.9999999842439744
CUST00827,0.9998886750779242,
CUST00828,0.99963487877033,1.8489097675523227e-05
CUST00829,,0.9999044044186071
CUST00830,0.9999190009070644,0.020519619916983093
CUST00831,0.999674646885917,
CUST00832,0.9999499617989185,0.9999999886096486
CUST00833,0.999996897501562,
CUST00834,0.9997534596113637,0.000984242006896089
CUST00835,0.9999794337461044,0.9999999993429758
CUST00836,0.9966078190066567,1.276653059854151e-07
CUST00837,0.9999668564548936,
CUST00838,0.9999859285659842,0.7957065292509515
CUST00839,0.9999571364676096,0.0545968920112329
CUST00840,0.9999468380759057,0.9997125470360706
CUST00841,0.9999786794873331,
CUST00842,0.9999944369493703,7.44695185382603e-05
CUST00843,0.9999715808578871,0.018299004290238896
CUST00844,0.9970346380739511,0.00016235536252773696
CUST00845,0.9999942772634073,
CUST00846,0.9999946673673993,0.9999999946018068
CUST00847,0.999078785483003,1.4523396942775513e-11
CUST00848,0.9999948445078068,0.9999999812782908
CUST00849,0.999752494710101,0.9968010230471956
CUST00850,0.0012136832131185076,8.084052768084408e-08
CUST00851,0.999990788037302,0.9999979718287523
CUST00852,0.9949009361801607,
CUST00853,0.9998219816133617,9.217712105277248e-06
CUST00854,0.9993769890770595,1.9336158717120223e-10
CUST00855,0.9998884736955957,1.7178996897787145e-07
CUST00856,0.9999189386825932,0.9997178585641967
CUST00857,0.016147746071409588,1.408744925068444e-10
CUST00858,0.9999983920662414,0.9999999995198501
CUST00859,0.999966618685876,0.00036613269674590503
CUST00860,0.9999435502386064,0.0009492973676200994
CUST00861,,0.7780643373408725
CUST00862,0.9810321790502012,4.6596846410584915e-11
CUST00863,0.9999493166818646,0.9996992398994466
CUST00864,0.9999976913035379,0.9999997746333004
CUST00865,0.9999820614537407,0.9997195407720866
CUST00866,0.9999532246378493,0.00992492578765472
CUST00867,0.9999699042210756,0.26330405972525633
CUST00868,0.9999743853605129,0.9998784305769329
CUST00869,0.9937869288508939,6.833960128766093e-07
CUST00870,0.9998149402324321,0.023530803094520842
CUST00871,0.08548773422524092,5.022140120025275e-07
CUST00872,0.9999544729544759,0.9979143339195808
CUST00873,0.9999814947567575,0.06248132864308669
CUST00874,0.0026685084430797317,1.803569333249212e-09
CUST00875,0.9935434181973746,3.3247014737497425e-09
CUST00876,0.9999884361019742,
CUST00877,0.9999925344877367,0.9999971534810995
CUST00878,0.9999490303468885,
CUST00879,0.9998478068817794,
CUST00880,0.9999851557393877,
CUST00881,,0.009416321293788716
CUST00882,0.9754057346312088,2.606062675459848e-09
CUST00883,0.9999884289489046,0.9998791138306132
CUST00884,0.9998770320114171,0.011051082817304055
CUST00885,0.9999981275393413,0.9999999893982149
CUST00886,0.9999688356241232,0.999999998456039
CUST00887,0.9999955038331623,0.9999999991576556
CUST00888,0.046880538222049975,1.257962216618449e-06
CUST00889,0.9999959510476745,0.9998917914601456
CUST00890,0.9999138767243951,1.2805529904489885e-05
CUST00891,,0.008259824833816437
CUST00892,0.9994502102935933,1.1843653686734064e-06
CUST00893,0.9999992905471367,0.9999999943352003
CUST00894,0.10301485248344207,0.9411092251149565
CUST00895,0.9999492815803089,0.9948039517786992
CUST00896,0.06016202571787652,2.926277247545042e-07
CUST00897,0.9999986078594438,0.9999999955315795
CUST00898,0.08126200214703257,4.914740001463356e-09
CUST00899,0.9968552715770511,2.7761735229931848e-06
CUST00900,0.996528667038355,2.175676919888755e-05
CUST00901,0.9999786416342626,0.035860878020842785
CUST00902,0.0462274587245265,
CUST00903,0.9999948716876009,
CUST00904,0.9890035505814659,4.702169832825895e-05
CUST00905,0.9999588991771753,0.0002744613848705016
CUST00906,0.9999982877553487,
CUST00907,0.9715470072891704,5.580312225965926e-11
CUST00908,0.999997173787195,0.9999999975059048
CUST00909,0.9980068150324577,2.6777625203764704e-08
CUST00911,0.9949282194161947,1.3067001114160023e-10
CUST00912,0.9999499150281018,0.029813967397736247
CUST00913,0.9999358795699931,0.1060101364996874
CUST00914,0.9999555650558033,4.5469614896679975e-05
CUST00915,0.9999962861218346,0.9998201871829974
CUST00916,0.9999199794280125,1.3228050014526036e-07
CUST00917,0.9999752524648318,0.013092864344097002
CUST00918,0.9997435880225843,3.6939872224144906e-05
CUST00919,0.3474605484414806,7.499310360019027e-08
CUST00920,0.9999692870647653,0.99365846301019
CUST00921,0.9999831442692791,0.9128275330065607
CUST00922,0.9986357383015693,
CUST00923,0.9973268743892996,
CUST00924,0.9983848979621377,5.869520401787272e-05
CUST00925,0.9999922498821161,1.0244905050129148e-06
CUST00926,0.999998831873245,0.9999997956786648
CUST00927,0.9999754627009526,0.9999998368918028
CUST00928,0.9984890233086278,1.7620280278467176e-07
CUST00929,0.8764039025008435,3.68002823216656e-11
CUST00930,0.9999803394472365,0.1329364226633917
CUST00931,0.9999831061001759,
CUST00932,,2.911876127573017e-11
CUST00933,0.921149523025714,3.439043191081307e-11
CUST00934,0.9999835480653332,0.06193272499879243
CUST00936,0.9993528520892878,0.0021553546977425234
CUST00937,0.9996470408071737,2.971702157474814e-05
CUST00938,,3.3117337605021773e-05
CUST00939,0.999989984767839,
CUST00940,0.9985143616858962,1.0029754995712817e-06
CUST00941,,0.3278387972319664
CUST00942,0.9997932608164763,0.9999993191100123
CUST00943,0.99999835647467,0.9999999995495563
CUST00944,0.9999364229798773,0.02517975276597998
CUST00945,0.9998739932499261,0.03693558339151647
CUST00946,0.9999714912933205,0.999999996687194
CUST00947,0.9999843410783087,0.004382403848231798
CUST00948,0.999989104341738,0.999999987469416
CUST00949,0.9999958656909806,0.024119044195933546
CUST00950,0.9967549582248436,1.6866328756065396e-07
CUST00953,0.9986661256783448,9.51309271411286e-09
CUST00954,0.9998955067154496,
CUST00955,0.9997391528725952,0.0009686907658357616
CUST00956,0.9950564213968414,5.525353960096671e-09
CUST00957,0.9998797307619433,0.004023819482805304
CUST00958,0.9999975805067018,
CUST00959,0.9999989610517636,0.9999998130037259
CUST00960,0.9999879429216875,0.9999999969757256
CUST00961,0.9999978800620386,0.9999999245851329
CUST00962,0.9999984046290188,
CUST00963,0.9999941348516276,0.9999912798604452
CUST00964,0.7049278123346293,2.3689171345414305e-08
CUST00965,0.9999829818876224,0.014837152784583347
CUST00966,0.9999932487548203,0.9999999797373704
CUST00967,0.8622889983743072,2.528114295153378e-09
CUST00968,0.9999654237227615,0.041487251182108054
CUST00969,0.999948497180489,0.998802482423898
CUST00970,0.9995904522879434,
CUST00971,0.0001930662211160417,1.5790038908960355e-09
CUST00972,0.9999644525678607,0.9989366051570705
CUST00973,0.6571016059683212,9.083925199439123e-12
CUST00974,0.8942528386101289,
CUST00975,0.034643844645531566,
CUST00976,0.9999342227957355,0.008630518044349505
CUST00977,0.9998566156126956,4.567564550356511e-07
CUST00978,0.07095647911503623,1.5051031889695853e-08
CUST00979,0.9999759391077578,0.0036274399896850757
CUST00980,0.997670517329062,8.687555037275534e-08
CUST00981,0.9985594426637979,2.0585054285457886e-07
CUST00982,0.9999843208841331,0.999972931406913
CUST00983,,0.9999925803528487
CUST00984,0.9999913556948519,0.9999999787447775
CUST00985,0.9997834512171632,
CUST00986,0.9999770448172784,0.9997558714399004
CUST00987,0.9973840516183147,0.0014563623226006067
CUST00988,0.9996902449426116,
CUST00989,0.999834046331404,
CUST00990,0.9998534564074731,1.9274770600961053e-08
CUST00991,0.9999949517285733,0.5239995182207001
CUST00992,0.9999610517613443,0.05025792687279624
CUST00993,0.9998069511723546,0.015286548508411256
CUST00994,0.9966370752830372,0.03205665168937983
CUST00995,0.0009239892959055766,1.5435377645332906e-08
CUST00996,0.9998698342506516,0.9998287853295278
CUST00997,0.9997720368737706,
CUST00998,0.9998091452120569,0.0853069335676446
CUST00999,0.9949132948099093,1.2027035493517212e-11
CUST01000,0.9983541938906341,2.789798455177864e-09
CUST01001,0.9999810791680402,
CUST01002,0.9987894770865638,0.0023773389271942325
CUST01003,0.9999613288265554,2.0307349342082018e-07
CUST01004,0.9999041577288135,0.008687963319244818
CUST01005,0.9999755011133746,0.9999999625480468
CUST01006,0.9999537174330655,0.9999735133289547
CUST01007,0.9999704863912198,0.9999995268674509
CUST01008,0.004442718470524174,7.3728112079978955e-09
CUST01009,0.4390704717530456,3.663272136370754e-10
CUST01010,0.9939327603045933,6.98980960614838e-05
CUST01011,0.03413255968578835,1.6239117319183222e-12
CUST01012,0.9988416894340528,
CUST01013,0.07452988858041998,3.6203988037919764e-10
CUST01014,0.9999482070740597,0.19201912195985002
CUST01015,0.9999239707816965,0.062368695931121945
CUST01016,0.9993223381215348,
CUST01017,0.9981722985255665,6.037790455657051e-08
CUST01018,0.9999948929219741,0.9999999436155841
CUST01019,0.9999857060161775,0.9263748930519635
CUST01020,0.9997823661453337,0.00021688274112610284
CUST01021,0.999915462280191,3.413444690013308e-07
CUST01022,0.9999538136580715,
CUST01023,0.9999918369055483,
CUST01024,0.9999645456970522,0.9999988595041227
CUST01025,0.9999857735505786,0.9956084929923349
CUST01026,0.9999988449494971,
CUST01027,0.9996196639343309,0.9937217186662399
CUST01028,0.999867319753061,0.9998537353579637
CUST01029,0.9999763784548921,0.03206138668518481
CUST01030,0.9999543514629708,0.9999999983802734
CUST01031,0.9998868926640279,0.7514136431671267
CUST01032,0.994411856299673,7.650357852192669e-09
CUST01033,0.9999322078511348,9.873548165158288e-05
CUST01034,0.9998515030290813,
CUST01035,0.9997607627636915,
CUST01036,0.9999713797264534,
CUST01037,0.9954172409834782,0.0027431384657927303
CUST01038,0.999960508361835,0.99934350961298
CUST01039,0.9998060107309207,0.9999997597161492
CUST01040,0.9999960379060241,0.9999999870487049
CUST01041,0.99988644336355,5.987959664294823e-06
CUST01042,0.9999353871623274,0.4950239131590331
CUST01043,0.9495935289740004,1.0196157421778144e-09
CUST01044,0.9999981676045034,
CUST01045,0.9986997386887315,5.3882124363790564e-05
CUST01046,0.9999935616560086,0.059119929422741795
CUST01047,0.9099185928590349,6.01016836003643e-10
CUST01048,0.9999308892603898,
CUST01049,0.9865320837529301,2.470571334935259e-07
CUST01050,0.9994432533067114,4.257162889281829e-09
CUST01051,0.9999635473593307,5.777999940475535e-07
CUST01053,0.9999544812839196,4.033204808712098e-09
CUST01054,0.9998300521651421,0.017861936871217232
CUST01055,0.9999968122417213,
CUST01056,0.9986169955695576,3.0953036308414176e-06
CUST01057,0.9998920002385208,
CUST01058,0.9999934056450298,0.9999999557738251
CUST01059,0.9999966108356823,0.9999999955806453
CUST01060,0.9999973374629753,0.9999998666788208
CUST01061,0.9999763487357037,0.9958042186433792
CUST01062,0.9986166526695821,
CUST01063,0.9986862893402565,1.8294512891287747e-06
CUST01064,0.9999966529768705,0.9999999886092307
CUST01065,0.9998904120842741,0.000181277743466365
CUST01066,0.9998584404812859,
CUST01067,0.99999290962954,
CUST01068,0.9999854875958131,0.9999999701465032
CUST01069,0.999990794578118,0.9999999894845234
CUST01070,0.995321434067401,1.965065510003156e-05
CUST01071,0.9996296070363394,3.0628848450452154e-06
CUST01072,0.9994593804535717,0.0013093445229444846
CUST01073,0.9998121641417497,0.007957866939734793
CUST01074,0.9998237590464962,0.020600982136150383
CUST01076,0.9998490861661206,6.67441697747827e-06
CUST01077,0.9999880463333678,0.9989798593014181
CUST01078,0.9997377174970646,3.292781421629924e-06
CUST01079,0.9771156481705606,4.235558287081555e-10
CUST01080,0.9989632179157165,1.7950417925965483e-10
CUST01081,,0.00529553923453666
CUST01082,0.9988260230571246,0.0015880362134132512
CUST01083,0.9696603016506395,
CUST01084,0.9996237360417531,0.022178016191301407
CUST01085,0.9983362838894961,2.076628630174441e-05
CUST01086,0.9989011379055119,7.600030682233902e-06
CUST01087,0.9999904567491116,1.4419552109110422e-05
CUST01088,0.998201093576073,0.01055371948473565
CUST01089,0.9999988159107568,0.9999999947833518
CUST01090,0.9996180656214078,8.307759978701137e-06
CUST01091,0.9999193230351717,6.466139112890446e-05
CUST01092,0.9999958051557751,0.9999999965449566
CUST01093,0.9999340521198805,0.277503826778558
CUST01094,0.9993571698769447,0.042729315102112767
CUST01095,0.9999861730926485,0.9052499206414708
CUST01096,0.9999908000890945,0.9999999623771244
CUST01097,0.012851292107390149,0.00019526315869643456
CUST01098,0.9999976485821729,0.9999998693074987
CUST01099,0.8915958122435307,1.8117283687087372e-08
CUST01100,0.9999238402733174,0.00011750258851767924
CUST01101,0.9998488202817774,2.962553937947898e-05
CUST01103,0.9950217916310186,
CUST01104,0.9998901650984635,
CUST01105,0.9864733922166073,3.726190666800407e-11
CUST01106,0.9999537839193847,0.9859076906697153
CUST01107,0.9998405822041404,0.01407747267047149
CUST01108,0.9998845687692741,0.10173661501524786
CUST01109,0.9999542757439198,0.9999978446510857
CUST01110,0.9999015727726323,
CUST01111,0.9999675683311218,0.0659826424458355
CUST01112,0.9866753409858573,1.6798442885365954e-08
CUST01113,0.9997759422626975,0.0035231820782463353
CUST01114,0.0750433707223886,6.700501193096439e-09
CUST01115,0.999960360874475,0.0038575819287415374
CUST01116,0.9972250419542962,1.0598400365358058e-07
CUST01117,0.9999964092730697,
CUST01118,0.9999776021065354,0.9995750884670987
CUST01119,0.9999061836636135,6.789428411080428e-07
CUST01120,0.9999695623898054,0.9996430523487294
CUST01121,0.9994963923399887,1.7705771124515307e-05
CUST01122,0.9999917278800604,0.9999999967403082
CUST01123,0.9998300930673494,5.710750568500558e-08
CUST01124,0.9975258631550049,5.802810359317621e-08
CUST01125,0.007677925786052012,
CUST01127,0.9860923735058298,6.814099958695725e-10
CUST01128,0.9999937629281068,0.1848776506827187
CUST01129,0.999984257064032,0.9593962264402225
CUST01130,0.9998819641533365,0.9850967228423421
CUST01131,0.9999974410416999,
CUST01132,0.9986855282512637,1.248413511386041e-09
CUST01133,0.9999942035170325,
CUST01134,0.9997211251811984,0.0006275851294372599
CUST01135,0.9993688021620147,1.8595908678048703e-05
CUST01137,0.9999279588930011,6.803446869040905e-05
CUST01138,0.9998985707262716,0.05443276860030915
CUST01139,0.044780195917822244,5.7294985012480605e-09
CUST01140,0.5056806325808272,7.783890020453136e-11
CUST01141,0.999761995752151,0.999999269717029
CUST01142,0.9998937825721048,1.9541522755528137e-08
CUST01143,0.9999953117498492,0.9995532350406621
CUST01144,0.9999708142856154,0.9999804183993042
CUST01145,0.9998857992773579,
CUST01146,0.9999974008095885,0.9999999994590758
CUST01147,0.9999798287038437,0.9996025319969116
CUST01148,0.9961550766083226,3.0421503237987575e-09
CUST01149,0.9663280018441106,6.883248825771378e-10
CUST01150,,0.9999608316503682
CUST01151,,1.5916321099206016e-07
CUST01152,0.9999183425702088,0.9999997413259062
CUST01153,0.9999591220721968,
CUST01154,0.9999704688482037,0.9999999937295521
CUST01155,0.9528150669233888,1.9982286679644055e-08
CUST01156,0.9951725830382103,8.038488595201476e-14
CUST01157,0.9998584117396623,1.7104346364329817e-05
CUST01158,0.9893604368312683,
CUST01159,,1.6208486074699874e-05
CUST01160,0.9997127667427683,0.999999512813263
CUST01161,0.9999977486827385,
CUST01162,0.9979199855049774,3.5827477152611167e-10
CUST01163,0.999126856738567,1.0464961282906773e-06
CUST01164,0.9999974307874732,0.9999999896035107
CUST01165,0.9999878784326487,0.9999999379359746
CUST01167,0.999924436455806,0.030577596226606607
CUST01168,0.9999949949344902,
CUST01169,0.9115352599346653,7.555733333944743e-12
CUST01170,0.9998941247085982,0.024044665360821012
CUST01171,0.9971740413392003,1.5085700940724682e-07
CUST01172,0.999923300138083,3.0150868389445412e-05
CUST01173,0.9997500433173852,2.1426810949714208e-05
CUST01174,0.99991258832415,0.9999998956293459
CUST01175,0.005474911209132512,1.0079022652542342e-09
CUST01176,0.9164719211386043,1.5399937147204605e-11
CUST01177,0.9999924386485728,0.07320331672294428
CUST01178,0.9997202233363334,2.9097685105449606e-08
CUST01179,0.9998789355592483,0.01176394299689296
CUST01180,0.9998671429483886,
CUST01181,0.9996839771402547,0.999998324210413
CUST01182,0.9999829652958825,
CUST01183,0.9996028107484198,8.794718821826333e-06
CUST01184,0.9998251319652017,3.267505504311773e-08
CUST01185,0.9997749361166142,1.393841661035226e-05
CUST01186,0.9999653640588456,0.9999999792288397
CUST01187,0.9986700591953958,7.19898733014033e-09
CUST01188,0.9871926244861994,5.271908491156386e-07
CUST01189,0.9998509873037662,0.9343878359413995
CUST01190,,0.6518928373521438
CUST01191,0.9993684147266926,0.00020384719801999933
CUST01192,0.9995259529141208,0.8267592088440571
CUST01193,0.9790646972131775,
CUST01194,0.9999922723968849,0.9990969071236255
CUST01195,0.9930198023382751,3.40210337108837e-08
CUST01196,0.9997027965385543,0.10575670288068599
CUST01197,0.9999982919921967,
CUST01198,0.9981105932545977,0.0033585533840514146
CUST01199,0.9995208536229647,1.1983326582613121e-06
CUST01200,0.9999977465168446,0.9999999947635487
CUST01202,0.9999361127816025,0.0014771061069916032
CUST01203,0.9999543777042094,0.9958948058323484
CUST01204,0.9998791371319127,0.0008297593691172283
CUST01205,0.998452345123017,0.0015802384669619655
CUST01206,0.9985809788574838,
CUST01207,0.9999693198314777,
CUST01208,0.9999539986716551,0.9984573766157371
CUST01209,0.9999978189069662,0.999999985224735
CUST01210,0.9942651843433975,6.303889913895246e-10
CUST01211,0.9999402433481691,0.0599756207279101
CUST01212,0.9999931198710389,0.0004398038449305496
CUST01213,0.9999951915960565,5.0587761855014664e-05
CUST01214,0.9999924510072653,
CUST01215,0.9998436472896162,1.143642534386264e-06
CUST01216,0.999914607251552,0.31045954716505536
CUST01217,0.0003107454984469461,7.727364957564891e-10
CUST01218,0.999998075231736,
CUST01219,0.9999129762927541,
CUST01220,0.9884550803299622,9.846303050984403e-07
CUST01221,0.9999959608695915,
CUST01222,0.9983065275731601,5.3389888837203275e-09
CUST01223,0.999819214622667,
CUST01224,0.9999418835671432,0.0407751458485651
CUST01225,0.9996724613423935,0.999619879571012
CUST01226,0.9998026529217091,0.04746710254984219
CUST01227,0.9999423526194461,
CUST01228,0.9984437852399679,
CUST01229,2.2127545417945417e-05,3.6209295694623456e-13
CUST01230,0.9300939431241182,7.349901721572675e-13
CUST01231,0.9996531940496214,0.04204373179201156
CUST01232,0.9987693516632328,1.0880767497031276e-08
CUST01233,0.9999109613510527,0.9999980350797413
CUST01235,0.9998378612720886,0.02309539725921609
CUST01236,0.999901900750516,
CUST01237,0.99997870115808,0.9999998785456082
CUST01238,0.9985714609039099,1.5567730051748035e-07
CUST01239,0.9999886989270498,0.9999922139696323
CUST01240,0.9995493039913746,
CUST01241,0.9998555946590973,
CUST01242,0.9999404221962965,0.9999999502441537
CUST01243,0.9995024312098613,0.9977440873580219
CUST01244,0.9992456692922229,3.652722079865518e-07
CUST01245,0.9996953338346033,0.04964232161128566
CUST01246,0.9999901406208099,0.9998452375605517
CUST01247,0.9999977147685195,
CUST01248,0.008035703518901928,6.394057144124267e-10
CUST01249,0.9999931011408196,0.9997922255453255
CUST01250,,4.383582442934217e-09
CUST01251,0.030740059074383812,5.175933643113733e-09
CUST01252,0.9902406229619685,1.4684015996091277e-10
CUST01253,0.9951166266880952,
CUST01254,0.999948249334981,
CUST01255,0.9993890685211384,0.982530257281655
CUST01256,0.9999938659349894,0.9999998452562016
CUST01257,0.9999857335945657,
CUST01258,0.999996043561882,0.999914868737493
CUST01259,0.9999905046199541,
CUST01260,,2.6964811055550545e-10
CUST01261,0.999946521271129,0.10488938591828559
CUST01262,0.05541620007248914,7.51017179668963e-06
CUST01263,0.9999776178611578,0.9999999799686701
CUST01264,0.9999504053441938,2.447844218137723e-06
CUST01265,0.6443449873358573,0.00010937638046866375
CUST01266,0.9997602640988879,2.132931672900499e-05
CUST01267,0.9997262434108102,0.9932354792651438
CUST01268,0.9997878257845414,4.966028121860787e-08
CUST01269,0.9999876011592196,0.9999999603142102
CUST01270,0.9997581440934245,1.0268676123294449e-06
CUST01271,,5.116793604310993e-11
CUST01272,0.01391122277575903,0.001148322553943638
CUST01273,0.9990273574696923,6.601128093045532e-08
CUST01274,0.999994760456749,0.991946521527776
CUST01275,0.7315683229383825,2.5453838962302225e-09
CUST01276,0.9994699295222882,0.006722657884763272
CUST01277,0.9999776913469917,0.9999998807173045
CUST01279,0.999665688902435,0.004309628515415355
CUST01280,,0.9999999982569869
CUST01281,0.9997408569692482,2.8205545621416466e-07
CUST01282,0.9999956553159249,
CUST01283,0.9999522117484158,
CUST01284,0.999747784561315,7.853113649633826e-05
CUST01286,0.999950936548532,2.6870529552093767e-05
CUST01287,0.99999363937105,0.9999998562501371
CUST01288,0.9995504339479095,0.02640512320328297
CUST01289,,0.7855986211438521
CUST01290,0.9999885877322245,0.9999999824848215
CUST01291,0.9970514745914846,0.9999993778658307
CUST01292,0.995594836239667,1.0896935419555835e-10
CUST01293,0.9998684105442347,
CUST01294,0.9999942414640336,0.998172078268029
CUST01295,0.9985948971462066,1.7726213364926915e-08
CUST01296,,2.934907524685835e-05
CUST01297,0.9999775896504791,0.9998397459074446
CUST01298,0.9999863188923629,0.020422116405098164
CUST01299,0.9999332985863985,0.121940652399633
CUST01300,0.9998769900610214,0.9957423241392332
CUST01301,0.9999931920562756,0.9999955912981556
CUST01302,0.9846364587707395,1.5211868696914576e-09
CUST01303,0.9999927337038189,0.005671939975058039
CUST01304,0.9999952475428013,0.9999968934272444
CUST01305,0.9996119336799874,0.9991981406127408
CUST01306,0.9999699978804211,0.9970806278469695
CUST01307,0.9999837861367687,0.9998769996671428
CUST01308,0.9999917225328251,0.303475490961709
CUST01309,0.999997780236801,0.999999999318091
CUST01310,0.9999736255807233,0.034418644569886546
CUST01311,0.9071061052530442,1.4272361252230204e-08
CUST01312,0.999017051124799,0.034506298832237284
CUST01313,0.9996935476257792,2.209030544663657e-05
CUST01314,0.9999965664094758,0.9999191930951598
CUST01315,0.9999969839808766,0.9999999935953505
CUST01316,0.9999362867534327,
CUST01317,0.99998164510362,
CUST01318,0.9998376929721666,0.9989914767324959
CUST01319,0.996621577759941,0.9999995573374535
CUST01320,0.9999857970094664,0.9999998762530746
CUST01321,0.9986334682004285,
CUST01322,0.999947961479102,0.00043949882020187416
CUST01323,0.9996312313582336,4.805759669493259e-10
CUST01324,,3.551499092160736e-11
CUST01325,0.9998821814200048,4.361819707131154e-05
CUST01326,0.9999603864949361,0.9999902223559614
CUST01327,,0.8531568626537034
CUST01328,0.9996773323266905,8.328641664492527e-09
CUST01329,0.9999897257674537,
CUST01330,0.9997888782130075,4.218679310188363e-07
CUST01331,0.988499713987971,5.54341207342857e-11
CUST01332,0.9999754252475337,0.9984708658267913
CUST01333,0.9999715050767377,0.9992471414097258
CUST01334,0.9999994468751472,
CUST01335,0.9942084550766558,3.239020968221166e-11
CUST01336,0.9998416664550264,0.9991604469316433
CUST01337,0.9999837903158163,0.9887483697350684
CUST01338,0.9998989977858757,0.013385616343863456
CUST01339,0.9999804859388797,0.0001802332761441647
CUST01340,0.9999947353104831,0.9999999973862972
CUST01341,0.9754564930756792,2.776476036123488e-11
CUST01342,0.999915947992596,4.9591588636011014e-05
CUST01343,0.9960357857479053,4.194852252755751e-07
CUST01344,0.9999935849631715,0.9999997814262696
CUST01345,,3.972979104956277e-09
CUST01346,0.9999407319889368,0.021009913100272372
CUST01347,0.9999143211572777,1.9628286183768448e-05
CUST01348,0.9999922984864763,0.017540407184649207
CUST01349,0.9998770423944933,1.1384482083679004e-06
CUST01350,0.9992562609313328,0.9909175707129451
CUST01351,0.9976141470920143,2.0490361017106348e-05
CUST01352,0.9999124681975878,0.0008761941149143943
CUST01353,0.9997606357082697,4.566923168606942e-05
CUST01354,0.9999795905054246,0.6933480571981772
CUST01355,0.999968012252913,7.234192772664762e-06
CUST01356,0.826261321102263,3.0359304631903213e-10
CUST01357,0.9999967939813311,0.9999999761660757
CUST01358,0.9999530545657562,0.9997564078000393
CUST01359,0.9988949896049615,
CUST01360,0.99997867324969,0.9999999923841837
CUST01361,0.9999019350716425,0.687733889402871
CUST01362,0.9999773205917368,0.9999999820131494
CUST01364,0.9999232212797001,1.2679059204892252e-05
CUST01365,0.999991951177677,0.9997572238007575
CUST01366,,4.69679413325616e-06
CUST01367,0.999950813093533,
CUST01368,0.9999983261938433,0.999999999964559
CUST01369,0.9998931333693191,0.01701073229481564
CUST01370,0.999926625896355,
CUST01371,0.9999747977879838,
CUST01372,0.9999866639326578,
CUST01373,0.9999890373957191,0.9999999924041415
CUST01374,0.9997487841183147,
CUST01375,0.9994857271904086,
CUST01376,0.9996621651498496,1.1019781935929106e-05
CUST01377,0.007235053842260939,4.981211148025865e-09
CUST01378,0.9999579029787377,0.9999999192448149
CUST01379,0.9999753142554761,0.9999997162341757
CUST01380,0.9992933285633427,
CUST01381,0.9993850371431351,7.233552018319119e-08
CUST01382,0.9999497847074958,0.9999858623698137
CUST01383,0.17515606920247687,4.51538646181827e-08
CUST01384,0.9999975281683731,0.9999975537833244
CUST01385,0.9999863821689965,0.04536195800255682
CUST01386,0.9999981766272528,0.9999999982903722
CUST01387,0.9998680694195249,0.9999999656205766
CUST01388,0.9827999522652676,0.0006358135721743732
CUST01389,0.9997719674692506,1.2333617053129667e-09
CUST01390,0.0504995562596558,1.2871415268783276e-09
CUST01391,0.9999850815299361,0.9987673390386623
CUST01392,0.999980207677291,
CUST01393,0.9999937743879864,0.9999999908502183
CUST01394,0.9979279905378068,1.94461514014018e-07
CUST01395,0.9999887845699956,
CUST01396,0.9999656976282688,0.9707406134704479
CUST01397,0.9818704938404977,1.9146060003326923e-09
CUST01398,0.9998650433160989,0.9831660315425848
CUST01399,0.9999766344188791,0.014011851530525716
CUST01400,0.9977702847916949,9.849547646279916e-08
CUST01401,0.9999973591234568,
CUST01402,0.9999937246816879,0.9999949360373676
CUST01403,0.9999822768508051,
CUST01404,0.9998229531407401,2.5670394747012967e-05
CUST01405,0.9997518005651586,0.0016344389151779568
CUST01407,0.9466285732865503,3.1642456672266163e-10
CUST01408,0.9983710836149075,
CUST01409,0.9999081028983595,3.7511620462694555e-07
CUST01410,0.9999400438895883,
CUST01411,0.9998798276559325,0.00044845391412579266
CUST01412,0.9998482808348538,
CUST01413,,0.9999999774804867
CUST01414,0.0007529545882591113,3.5063660301337913e-07
CUST01415,,0.99999948512247
CUST01416,0.9999967138882121,0.999964435243271
CUST01417,0.9999678937367593,0.001963417201727012
CUST01418,0.9988359972967741,1.7882461483113297e-08
CUST01419,,5.081532596904414e-09
CUST01420,0.9999483833022161,0.999999990205629
CUST01421,0.9999752735122994,0.00033910440743394266
CUST01422,0.9999649849136469,0.0896948063111173
CUST01423,0.9999605369285133,
CUST01424,0.9999804062535276,0.9507252581601998
CUST01425,0.9999771650686096,0.9999999637008423
CUST01426,0.9999156420931569,0.9999994134908128
CUST01427,,0.9999999862073574
CUST01428,0.9997652689646356,1.7817103479519427e-05
CUST01429,0.999998216414381,0.9999999808151508
CUST01430,0.9996809270443568,0.04702899040576701
CUST01431,0.9999883376308191,0.9986673513759007
CUST01432,0.9998342799170629,0.9999999797853143
CUST01433,0.9999893502451279,0.00968786253672575
CUST01434,0.9998505775214201,0.04503347500349986
CUST01435,,0.0013598422454529741
CUST01436,0.9999765246724442,0.9999999821392017
CUST01437,0.9760591542626188,6.336925058789718e-10
CUST01438,0.03764818530113677,3.3396606043842274e-07
CUST01439,0.9576723657254824,6.788602577834942e-09
CUST01440,0.9999922359871881,0.9995559897145373
CUST01441,0.9998048038261319,0.9999996545038871
CUST01442,0.9975445149254187,6.594594353877465e-09
CUST01443,0.9999948542765968,0.11604794737219294
CUST01444,0.9997345575949962,0.0001495665321851751
CUST01445,0.999082327063203,2.219842142304012e-07
CUST01446,0.9869728095879682,9.090827731245492e-09
CUST01447,0.999968845306109,0.9889475015497424
CUST01448,0.9999451138320139,0.9940213649258631
CUST01449,0.9999817816190611,0.9990406622866539
CUST01450,0.955657868991949,
CUST01451,0.9983199365766158,7.617887914940021e-08
CUST01452,0.996946000313652,3.9580625773530965e-10
CUST01453,0.9999910087737696,0.9999999578878092
CUST01454,0.999966044555925,0.9999995656489172
CUST01455,0.9853262179158445,3.570599886751115e-05
CUST01456,0.9999933240633875,
CUST01457,0.9999592437175105,0.03613353891266829
CUST01458,0.9999932192739158,0.9999465306847246
CUST01459,0.9999799547018472,0.9999999967836719
CUST01460,0.9999900623040792,0.18133166741038492
CUST01461,0.9999803174522199,0.9999992131690474
CUST01462,0.9993072239894787,1.4933222794012058e-06
CUST01463,0.9948653158123407,3.1334615098585194e-09
CUST01464,0.9999830375070818,0.9999999238637378
CUST01465,0.9999896723233026,0.9999999662406465
CUST01466,0.9999881750875675,0.9996885694322422
CUST01467,0.9999991519617764,0.9999999772500309
CUST01468,0.9998589154715214,
CUST01469,0.9999508319063575,
CUST01470,1.6686914299689685e-05,2.206190403008069e-14
CUST01471,0.999925268194003,3.649586654958498e-05
CUST01472,0.037321770317685014,2.525325291443186e-08
CUST01473,0.12853728054965982,2.1397418112670887e-08
CUST01474,0.9930055846146476,0.00024053760364481936
CUST01475,0.9994059584649879,8.073815626721558e-08
CUST01476,0.9999741340589522,0.9997149109092698
CUST01477,0.9985534637498988,
CUST01478,0.999987240075205,
CUST01479,0.9999809141702484,0.9999999620609598
CUST01480,,4.787723079132546e-08
CUST01481,0.999907571550232,0.9999837426020395
CUST01483,0.9999759174792794,
CUST01484,,0.9934507515632203
CUST01485,0.9999575417002112,0.9992868661049077
CUST01486,0.2579785439909502,8.281153814822461e-14
CUST01487,0.9999863363538799,
CUST01488,0.9992394729457413,1.2625598348572207e-05
CUST01489,0.9999283318289549,
CUST01490,0.9999796651237735,0.9999985141802382
CUST01491,0.9998802464257802,
CUST01492,0.9999433900572843,0.9999924261656954
CUST01493,0.9999333914639673,
CUST01494,0.9999529233906433,0.999999997797266
CUST01495,0.9991909320649668,0.9999990300281227
CUST01496,0.999924117717434,
CUST01497,0.9981679377778342,2.553433718573491e-07
CUST01498,0.9999528933519117,
CUST01499,0.9999886223456724,
CUST01500,0.9979634521880508,3.0869247357999405e-06
CUST01501,0.5764991128632914,4.595739018513582e-14
CUST01502,0.9999831140322194,0.999999974575073
CUST01503,0.9999956890433579,0.999999673278212
CUST01504,0.9990469913966101,1.240515263376902e-10
CUST01505,0.9924626081894866,2.7935354600282986e-11
CUST01506,0.9995997173480863,4.3706577538620976e-07
CUST01507,0.9999992649655141,0.9999999664770947
CUST01508,0.9999736058772093,0.9908567203684874
CUST01509,0.9999060312341689,0.118892202372922
CUST01510,0.9998434988157427,2.1808251147725418e-05
CUST01511,0.9999879122371524,0.9994785839018367
CUST01512,0.9998854770627555,0.9488266910592873
CUST01513,0.9983648598888442,6.197377099346374e-08
CUST01514,0.9996948035181207,0.17839497582379382
CUST01515,0.999986482587957,
CUST01516,0.9999736839026033,0.00015246711442061512
CUST01517,0.9999996187140751,
CUST01518,0.9999641566022105,0.042337000005892675
CUST01519,0.9997698024813466,4.038290591818354e-06
CUST01520,0.9999956432965879,
CUST01521,0.9902249663285773,8.755417481205072e-12
CUST01522,0.9970704856266657,0.0946829684848226
CUST01523,0.9999408968400447,0.5344439543403322
CUST01524,0.004246618674372161,1.2466836956629295e-09
CUST01525,0.9998099503483693,0.06845470575324963
CUST01526,0.9999253252787077,4.178285369272418e-08
CUST01527,0.9995833916286992,7.9227299231152e-11
CUST01528,0.9999793956042348,
CUST01529,0.9999147849967566,
CUST01530,0.9999461930999464,0.026011237160197723
CUST01531,0.9999472584610648,0.46789439866777716
CUST01532,0.007657519729863034,1.4498950609781537e-08
CUST01533,0.9994148591272567,1.2240806695931974e-10
CUST01534,0.9999812674576568,
CUST01535,0.9999373088425775,
CUST01536,0.9998651205468986,0.00588829909960955
CUST01537,0.007525791672642337,
CUST01538,0.9999997688406624,0.9999999999267222
CUST01539,0.9972505434474954,
CUST01540,0.005341518163852194,
CUST01541,0.9999710082056463,0.00037211680736294736
CUST01542,0.9936845876601679,1.369971405569585e-09
CUST01543,,0.9517932933599603
CUST01544,0.9999807811143636,0.9999956590381005
CUST01545,0.9999131361392523,0.999933170142086
CUST01546,0.9956381806323763,1.6380767805398758e-07
CUST01547,0.8314890879792619,
CUST01548,0.9999685803106908,0.9999999459386459
CUST01549,0.9998674673105691,6.4464962614476996e-09
CUST01550,0.9995944835615768,5.7655080618658394e-08
CUST01551,0.9996492138172397,0.9615131494915097
CUST01552,0.99996832594378,0.036213061687892616
CUST01553,,0.9848557361699888
CUST01554,0.9999947119749801,
CUST01555,0.999970826732719,0.9994277387457812
CUST01556,0.9999891074406357,0.9873175519671652
CUST01557,0.9998674382156802,0.002970933504437114
CUST01558,0.9955227349111885,
CUST01559,0.9995099628438754,0.9999999905172668
CUST01560,0.9999904590166422,0.9999997278812497
CUST01561,0.9999799987127982,0.9990470811976329
CUST01562,,0.1549184544912988
CUST01563,0.9999649682814185,
CUST01564,0.999924936068909,0.9999991419042218
CUST01565,0.99837230851,0.005655930393631066
CUST01566,0.999994204107581,
CUST01567,,0.9963125357502727
CUST01568,0.9998451437826766,0.0008113775281458127
CUST01569,,0.1446639785424617
CUST01570,0.9999447432846974,7.911059486088558e-08
CUST01571,0.9999376964736805,0.999999919191984
CUST01572,0.9999878266382582,0.9993320424875995
CUST01573,0.9993277637805609,0.0007949243170904948
CUST01574,0.9998761153547292,0.9999089325294674
CUST01575,0.9995034362692023,1.6591065902034032e-07
CUST01576,0.99795000431876,0.00016721813013190456
CUST01577,0.9972092237594337,0.0002229344339179436
CUST01578,,1.902806601697244e-11
CUST01579,0.9999953522554097,0.9999980747270792
CUST01580,0.005858938892438552,2.852461115117612e-10
CUST01581,0.9954250591064883,1.0411305630766438e-08
CUST01582,0.999992237938031,0.9999999373269565
CUST01583,0.9999988716017308,0.9999999526431136
CUST01584,,5.070669204788032e-12
CUST01585,0.9998737629418798,0.011081087991542178
CUST01586,0.9999095927799984,0.9999999132152286
CUST01587,0.9998379528369127,0.9999103977658798
CUST01588,0.9990310200959501,
CUST01589,0.9975731832999851,1.9448242840683683e-09
CUST01590,0.9980792273061868,
CUST01591,0.9999830724197888,0.04741946687667435
CUST01592,0.9999470235976179,0.9999998525547458
CUST01593,0.9999698933065873,
CUST01594,0.9999816457955064,0.026865911019897225
CUST01595,0.9975560690793694,3.020219318618301e-11
CUST01596,0.9967176985341416,7.244929458887535e-07
CUST01597,0.999916445836865,0.992971324078554
CUST01598,0.9999963756856147,0.9998110724406196
CUST01599,0.999906534305905,0.20823553326232222
CUST01600,0.999998072528263,0.9999999879397451
CUST01601,0.9999893754262255,
CUST01602,0.9992560672522406,3.653859490682454e-09
CUST01603,0.9999886449036336,0.9999139973873475
CUST01604,0.9977456461468907,
CUST01605,0.9999101711156211,0.998906915069064
CUST01606,0.9997961504014335,0.00844142982211353
CUST01607,0.9999392704408229,
CUST01608,0.9999947851719427,0.999999997377361
CUST01609,0.99998206609425,
CUST01610,0.9998841821859392,0.010649070995576687
CUST01611,0.9999305496758977,0.018939365388038882
CUST01612,,9.151864322178793e-13
CUST01613,0.9999929546610304,0.9996948362767885
CUST01614,0.9999311940222918,
CUST01615,0.9896431562802683,2.615919141735692e-09
CUST01616,0.9997004099528413,0.17645064237313457
CUST01617,0.9999426447233744,
CUST01618,0.9971234049098071,1.0280246876486922e-08
CUST01619,0.9993171941482941,
CUST01620,0.9999731271252945,0.8185251895842287
CUST01621,0.9999983931029659,
CUST01622,0.9994093059668572,0.03365050659245062
CUST01623,,5.236692328770951e-05
CUST01624,0.9999869328589891,0.9999999978785834
CUST01625,0.9998288660498597,2.1815531064637178e-08
CUST01626,0.9998506955222167,
CUST01627,0.9999971459010797,0.9999999925312769
CUST01628,0.9999738092825864,0.9976055809400317
CUST01629,0.9999872911141489,0.016642169639672716
CUST01630,0.9999720528391629,0.08838925259906608
CUST01631,0.9979433223287414,4.2749863204442433e-07
CUST01632,0.9999909674854065,0.8796154709045275
CUST01633,0.9992473882263436,0.9996045410248228
CUST01634,0.9999933713900903,0.9999999897654598
CUST01635,0.9999773913368367,0.036017607705767736
CUST01636,0.9999712081316701,0.9999999882559519
CUST01637,0.9999814072980366,0.018481555358329013
CUST01638,0.19706991153934275,1.2770544258400553e-09
CUST01639,0.999968798334335,0.9996383806210714
CUST01640,0.9998420997536149,0.003380125509788648
CUST01641,0.9996554020352956,3.063744251159366e-08
CUST01642,0.9999889366797955,0.07166628171569853
CUST01643,0.9999986553290134,0.9999999998246605
CUST01644,0.9999919013050856,0.9999979748938997
CUST01645,0.9901941447423428,1.2743766398258092e-11
CUST01646,0.9999630199397591,0.9980682503181892
CUST01647,0.9999065230015056,2.1244817874434148e-05
CUST01648,0.9997621799974874,0.1153748645391938
CUST01649,0.9999928795208611,0.050225156355767867
CUST01650,,0.9987116586281534
CUST01651,0.9999876702166689,0.9658119808730823
CUST01652,0.010857641021143581,6.652171395437515e-06
CUST01653,0.9893013551763595,3.7599226221051397e-07
CUST01654,0.9999963182952852,0.9999999998153384
CUST01655,0.9992898636419424,2.097836341620932e-08
CUST01656,0.999993549518287,0.7243561988734523
CUST01657,0.9993906020125973,1.0933379995289385e-06
CUST01658,0.9999927233827047,
CUST01659,0.9999371351353468,
CUST01660,0.9999687623275259,0.00025043837926888785
CUST01661,0.9999953799322676,
CUST01662,0.9999874430744955,0.9988326356468962
CUST01664,0.9997998473708325,0.010142632491859902
CUST01665,0.004019168425446358,
CUST01666,0.9999458537339241,
CUST01667,0.9998729260815025,0.2680516817120297
CUST01668,0.9999830026265643,0.07052401845254787
CUST01669,,0.9993579993171617
CUST01670,0.9763977971030285,9.212948970420996e-09
CUST01671,0.9999876083912451,0.9999999217257803
CUST01672,0.0041537246308642325,1.2418397236417701e-10
CUST01673,0.9999767294947539,0.9992573915365541
CUST01674,0.9997940044521971,0.00023013850008664873
CUST01675,0.9999016628656963,0.9999686921117843
CUST01676,0.999995141823748,
CUST01677,0.9999881246556747,
CUST01678,0.9969221895228152,3.921907490436973e-08
CUST01679,0.9999686051047076,0.9969866246912611
CUST01680,0.9999529690125811,0.06489109047069691
CUST01681,0.9986604052005577,0.0005549862821715856
CUST01682,0.9989941212083375,0.03462749421001625
CUST01683,0.9999949164755285,0.9999999457124126
CUST01684,0.9999913400567148,0.9996165343803469
CUST01685,0.9959640096162515,0.002309355716270856
CUST01686,0.9836177173688072,2.464591865341806e-09
CUST01687,0.9996745306433309,0.9957653390418665
CUST01688,0.9999788331156731,0.9993378642259291
CUST01689,0.9999730886868312,0.9999998450986913
CUST01690,0.999963672161138,0.9999999927328578
CUST01691,0.9999209699469279,0.000890220891323312
CUST01692,0.9999645795373772,5.309648140880872e-06
CUST01693,0.9999820605711663,0.021626830751103967
CUST01694,0.9996419610655786,0.0008000579067628226
CUST01695,0.9999370395730136,0.991658056881388
CUST01696,0.9996924588618677,9.652147275639089e-05
CUST01697,0.9997968359067748,0.9904729309410897
CUST01698,0.9999928049745279,0.999997269104544
CUST01699,0.9890484193986832,2.2553858926375834e-07
CUST01700,0.9999925044558403,7.595663675439562e-05
CUST01701,0.345370542682279,5.610168468667475e-13
CUST01702,0.9999268466650943,0.9982640793407099
CUST01703,0.7261492247092273,
CUST01704,0.9991810326229119,1.4258485906514152e-06
CUST01705,0.999328600877475,8.503162828540752e-07
CUST01706,0.9999913084181007,
CUST01707,,0.9441443191931835
CUST01708,0.9999797505561637,0.016685797488172685
CUST01709,0.9138636873349544,4.5481190859020163e-10
CUST01710,0.9999786682361161,
CUST01711,0.9999225563825436,
CUST01712,0.989639325635267,4.3391216926476396e-08
CUST01713,0.9999801917841372,1.0034950236193347e-07
CUST01714,0.9998751723539082,0.9825176715850708
CUST01715,0.9999337027654753,0.02521778404996552
CUST01716,0.9999874515949554,
CUST01717,0.9999213388755562,0.0009257236816141977
CUST01718,0.9999819997172089,0.9998625875036965
CUST01719,0.991999532940392,
CUST01720,0.9999764318102521,0.9999514936497628
CUST01721,0.9999300874066498,
CUST01722,0.9999479082089665,0.9995968106126525
CUST01723,,7.612885046769184e-05
CUST01724,0.9999958690319315,0.999999978034076
CUST01725,0.9999820663064991,7.054199040597632e-09
CUST01726,0.9986762824044649,5.509975761626144e-06
CUST01727,0.9999847090019883,0.99874113808952
CUST01728,0.9952479557264349,1.5186450662391774e-08
CUST01729,0.9999124603164717,0.06716737669507232
CUST01730,0.9278296545801497,5.0414129027733394e-17
CUST01731,0.9999548424678967,0.9999998037967136
CUST01732,0.9998477803899327,3.059633023472875e-05
CUST01733,0.982158584503983,6.0985752243799e-08
CUST01734,,2.648281597849537e-16
CUST01735,0.9807780746724096,2.8411687539431704e-08
CUST01736,0.9998585559535451,0.016868191306117223
CUST01737,,1.8784396210090217e-10
CUST01738,0.9933106340053747,0.0013788535822524914
CUST01739,0.9847326861044402,3.027946094832067e-11
CUST01740,0.9999886894738492,0.9999999018101681
CUST01741,0.9999867263325819,0.9999999053225656
CUST01742,0.9997900488767502,0.01109241378021094
CUST01743,0.9999710062322077,
CUST01744,,1.2273077986898659e-14
CUST01746,0.9999790129505994,0.0007031264150277449
CUST01747,0.999767041864848,7.857430594776944e-09
CUST01748,0.9999924245723596,8.394705455174683e-07
CUST01749,0.023368678746718576,1.258125112876138e-08
CUST01751,0.997713861211808,0.9930236089175817
CUST01752,0.9999861809630498,0.10291338023861149
CUST01753,,0.00048101776149966756
CUST01754,0.9999372197569611,0.001419313015957552
CUST01755,0.9999834521365782,2.593873436665878e-06
CUST01756,0.9998409024650105,0.9999997914697041
CUST01757,0.9988671937969938,0.012182047532836787
CUST01758,0.009590039214527939,1.8316576222299473e-10
CUST01759,,0.00011349137465917565
CUST01760,0.0006246152320897529,1.0341535378866444e-08
CUST01761,0.9994746452847545,0.999999983312598
CUST01762,0.9996704663663828,3.0935889374309975e-08
CUST01763,0.9911940674630584,0.0005256507596444592
CUST01764,0.0027812508776239274,1.6770010474291884e-09
CUST01765,0.999999556910592,
CUST01766,0.9971260080639239,0.004436447241970449
CUST01767,0.9999810792814189,
CUST01768,0.9990937373953518,1.4607195975292938e-08
CUST01769,0.9999263155093475,0.025464831156887167
CUST01770,0.9999826883543717,1.3991567763441796e-06
CUST01771,0.9999223645355478,
CUST01772,0.999989765121204,0.998692257306982
CUST01773,0.9990014243889519,0.00011850321656670233
CUST01774,0.9999992643296837,
CUST01776,0.9999084280178822,0.8390727257189456
CUST01777,0.9999893193999331,0.9999982631226962
CUST01778,0.9999380596127116,
CUST01780,0.9998701795572801,0.9995004748069378
CUST01781,0.9999935347534583,0.9998671208957618
CUST01782,0.9999789175776616,0.9999998820097545
CUST01783,0.9914768662368382,5.664508027276919e-08
CUST01784,0.9994522281815509,
CUST01785,0.9999334179187611,
CUST01786,0.9964017574381162,
CUST01787,0.9999993234623284,
CUST01788,0.9891251024456245,1.6729463883496614e-10
CUST01789,0.9999950647601057,0.961968832117575
CUST01790,0.9999884745810201,4.968417037798424e-05
CUST01791,0.988871093951047,1.9958649906489075e-07
CUST01792,0.9997970794486591,0.35847793440896286
CUST01793,0.9999740118201084,0.999909891024154
CUST01794,0.9999946442996575,0.005541212402686067
CUST01795,0.9999865410325628,0.28649921635334125
CUST01796,0.9999888005015757,0.9996146992272673
CUST01797,0.9999976862523914,0.9999999980478873
CUST01798,0.030664353834340755,
CUST01799,0.9939574307957656,0.19388562058840667
CUST01800,0.9999786325864273,0.9997288210813673
CUST01801,0.9999275808823659,0.9998868503227245
CUST01802,0.9999783888191409,0.997813516240532
CUST01803,0.9994066978584065,
CUST01804,0.9999913186372379,
CUST01805,0.9985481129023196,
CUST01806,0.9978105170263484,0.002147884199087239
CUST01807,0.9988853490012243,5.2551776576030276e-08
CUST01808,0.9146247605215472,
CUST01809,0.9804940564104495,5.6725176037150246e-08
CUST01810,0.0010347286891896194,6.958556249107729e-08
CUST01811,0.9996027623930813,0.9720868495875468
CUST01812,0.9998805128934622,0.0003285110050828683
CUST01813,5.4954071246790095e-06,1.1338864627220824e-14
CUST01814,0.9999729368695721,0.1573085528078594
CUST01815,0.9978607713269421,3.9329207779428214e-08
CUST01816,0.9997476333178226,5.349775396806966e-06
CUST01817,0.999993141559678,0.9999999210032748
CUST01818,0.9999990862547952,0.9999999964019408
CUST01819,0.9999908271293768,0.000790012471678367
CUST01820,0.9982701188916333,1.8973220698222968e-07
CUST01821,0.9991416485265718,1.9069352087063457e-07
CUST01822,0.9999407719612975,4.8423624968101285e-06
CUST01823,0.999849358579215,
CUST01824,,0.8134860377951855
CUST01825,0.9929857083783771,0.0009354732757048291
CUST01826,0.999998026046382,0.9999085494045189
CUST01827,0.9999546751456303,0.9999999994627706
CUST01828,0.9926863822592907,7.117246611268364e-09
CUST01829,0.9999644251053005,0.006819793787873496
CUST01830,0.9999369562586135,0.09827749171052937
CUST01831,0.9999816568474565,0.7502142722218987
CUST01832,0.9972521892668041,0.8882178669682235
CUST01833,0.9993582553717021,0.00017478934173057294
CUST01834,0.9997620384923401,0.9999991764562911
CUST01835,0.9961596986058846,6.349513442659873e-08
CUST01836,0.9999964375251295,
CUST01837,0.9999542596566374,0.9999885344359691
CUST01838,0.9994174324090633,2.330175187187509e-06
CUST01839,,0.9999999981400052
CUST01840,0.9996077348097894,0.9975361335140253
CUST01841,0.9999403366576609,0.001612750756331638
CUST01842,0.9994706969610094,0.0070945456943787765
CUST01843,0.8435276022941794,
CUST01844,0.9999987944535734,0.9996361539243488
CUST01845,0.9999910055984145,0.12763642062580888
CUST01846,0.9999920824877798,
CUST01847,0.9999906030401641,0.9997999614902963
CUST01848,0.999949936573991,0.9989640079679608
CUST01849,0.999993266169329,0.9841898420069598
CUST01850,0.9999541235710392,0.03941115175214896
CUST01851,0.9998569029842433,0.9974482955657971
CUST01852,0.9999968783164302,0.03915184633741515
CUST01853,0.9179513724838686,3.21080849571021e-10
CUST01854,0.9999277789617557,0.8522393762822353
CUST01855,0.9994829635254822,4.9963030724739765e-08
CUST01856,0.9999964291764537,0.9999999911334904
CUST01857,0.9990242304983271,0.4094937907974266
CUST01858,0.9994489247479855,0.029859213428032976
CUST01859,0.9983330617923624,4.058803537342721e-08
CUST01860,0.9999531413994878,0.9995647138396319
CUST01861,0.9999932159605206,0.9999999994595825
CUST01862,0.999989914389355,0.07472970165466518
CUST01863,0.9489640685761627,6.986450496814634e-13
CUST01864,0.9999369469442866,0.9221260066486922
CUST01865,0.9999207491001567,
CUST01866,,0.015107943189305048
CUST01867,0.9999997259935984,0.9999999986207488
CUST01868,0.9999635455981857,0.07853285941278884
CUST01869,0.7020455365224543,1.6203163305729202e-12
CUST01870,0.9983621153728994,5.081275886497003e-09
CUST01871,0.9999961312904941,0.9999998779425159
CUST01872,0.9999955330698482,0.056960323760279305
CUST01873,0.9998708443811323,0.0003696920371326293
CUST01874,0.9999491982349601,0.013307789957669836
CUST01875,0.9999908113081905,0.9999999653202417
CUST01876,0.998361762495031,1.4597737746807064e-08
CUST01877,0.9999906820795738,0.05841592186079627
CUST01878,0.999709165340817,
CUST01879,0.9999456423904283,0.00020379998812261667
CUST01880,0.039321760197141925,9.919837735579584e-09
CUST01882,0.9999892751676273,0.2626680919659129
CUST01883,0.9999856995043055,
CUST01885,0.9999990786143979,0.9999034555951043
CUST01886,0.9998478213740022,0.9999998143347875
CUST01887,0.9996631309575181,0.02931172204527935
CUST01888,0.9999655445763936,
CUST01889,0.9999746617296559,0.9919905351897297
CUST01890,0.9999955207913663,0.9999909797865375
CUST01891,0.9999759737786814,5.203084610851782e-05
CUST01892,0.9999804100509752,
CUST01893,0.9999420142435049,7.681589852086453e-07
CUST01894,0.9944803855292819,1.1723707203686206e-06
CUST01895,0.9987060057067514,
CUST01896,0.9999760534672422,
CUST01897,0.9997221131936144,0.0027259173804355242
CUST01898,0.005645580743581281,4.8291987112626746e-11
CUST01899,0.9999719316616411,0.9999999328007082
CUST01900,0.9999404333021888,0.9999653041462379
CUST01901,0.9999567350835501,0.01443928621591895
CUST01902,0.999992979562686,0.0005747046968485871
CUST01903,0.9997373273271064,1.3598697944050916e-08
CUST01904,,1.1844895029458923e-12
CUST01905,0.999624252176619,1.6803111272642337e-05
CUST01906,0.9999511689128194,0.9992801774182943
CUST01907,0.9886982356018809,7.711074640530852e-10
CUST01908,0.9998241202853305,0.004322212659345264
CUST01909,0.9999531317787244,0.9995164732627675
CUST01910,0.9985694898078039,
CUST01911,,1.5869332104631722e-10
CUST01912,0.9999929639772975,0.999999988667276
CUST01913,0.9987904047772832,0.0005192455969897597
CUST01914,0.9993772052345691,0.9997636957733854
CUST01915,0.9999922995326156,0.07951533417537522
CUST01916,0.9969707502516485,0.0005145203602298724
CUST01917,0.9997468209499567,0.0006396453493259473
CUST01918,0.9999550697972328,0.9676357459817416
CUST01919,0.9999830375974447,0.8762095879956932
CUST01920,0.9999151949891979,
CUST01921,0.9997377565449699,0.7303414112836805
CUST01922,0.9998993408001379,
CUST01923,0.9963750731789368,3.729925041105844e-10
CUST01924,0.9999858925830073,0.368140553074995
CUST01925,0.9998213814206909,
CUST01926,0.9942966348294372,8.143887700872715e-10
CUST01927,0.9999451050761708,0.9227675823333179
CUST01928,,0.9974220332582986
CUST01929,0.22225709524754803,5.063464357344513e-12
CUST01930,0.9683581785509473,5.189937994983397e-09
CUST01931,0.9995534702712566,0.9520039699125167
CUST01932,0.9999716412860907,0.3370869869638227
CUST01933,0.9990524809077347,0.99770935468308
CUST01934,,0.08210286834047813
CUST01935,0.9996684856421257,0.0001778441658521461
CUST01936,0.052939662250420405,3.2179187101916984e-10
CUST01937,0.9948258658365714,1.1568159630083412e-05
CUST01938,0.9999626121342721,
CUST01939,,0.999998665133734
CUST01940,0.9999702616897292,
CUST01941,0.997839348150033,1.5015794173972037e-11
CUST01942,0.9964590501660375,4.9042383029022115e-09
CUST01943,0.9998120303114711,8.403660094611839e-10
CUST01944,0.9999896981331564,0.29271108898930376
CUST01945,0.9999980691311342,
CUST01946,0.99996155332548,0.05565231970393598
CUST01947,0.9999420431745678,
CUST01948,0.9999978943849944,0.9999999990838373
CUST01949,0.999817199952197,0.0014274594688069454
CUST01950,0.975999755251927,0.030565687504221464
CUST01951,0.9999389882324766,0.01284731653329109
CUST01952,0.9999912516361853,0.034858553525554274
CUST01953,0.9999119454899478,0.9999999955841274
CUST01954,0.9999877754901867,
CUST01955,0.9998236698464706,9.716088434869325e-07
CUST01956,0.9998440664781099,3.138293830193671e-09
CUST01957,0.9999934277783173,0.9999973996504127
CUST01958,0.9999573364300073,0.0005568936666676007
CUST01959,0.9999853427672755,
CUST01960,0.9858683629161598,4.5241771590465314e-11
CUST01961,0.9884228660949331,5.998905701684491e-10
CUST01962,0.9999778250235724,0.9999999133637054
CUST01963,0.9991474359560847,4.00694274881107e-08
CUST01964,0.9997826080102589,0.9999460547285147
CUST01965,0.9999031621952928,1.6432288001172659e-07
CUST01966,0.9156322130137604,
CUST01967,0.9999444906238059,0.9978108827135411
CUST01968,0.9988868274183683,2.46139133636558e-06
CUST01969,0.9999588991609321,6.636581790341702e-05
CUST01970,0.0002615928608116171,
CUST01971,0.9993663729371346,
CUST01972,0.9997105697981425,0.9992425249828455
CUST01973,0.9999582510620908,0.9999977058868835
CUST01974,0.9999962145564327,
CUST01976,0.9979321119546222,7.484906469995995e-05
CUST01977,0.9999826545788708,
CUST01978,0.9999041429940784,0.011355049720531122
CUST01979,0.9974479177756457,4.572676150716012e-06
CUST01980,0.9999739980164328,0.9982081606625611
CUST01981,0.9995992750958653,0.0006795135154332733
CUST01982,0.9996946354435289,
CUST01983,0.9998524564440248,0.9999194992308678
CUST01984,0.9998950819565136,0.0009458015291122482
CUST01985,0.9999928116951179,
CUST01986,0.999904342241925,0.9999307199847602
CUST01988,0.9984261022579703,0.9999999041691309
CUST01989,0.9999389889164941,0.9317803769586125
CUST01990,0.9958588684426674,4.167513675650435e-05
CUST01991,0.9999364976766321,0.010942208039910596
CUST01992,0.9999968622081868,0.009336641222089536
CUST01993,0.35290692087238923,4.582814539574319e-10
CUST01994,0.9998006746802306,0.0009079482576105257
CUST01995,0.9999413668447927,
CUST01996,0.999976193785389,
CUST01997,0.9999965320743696,
CUST01998,0.9999844671304498,0.07111132125928074
CUST01999,0.9999982614921535,0.9999924042606289
CUST02000,0.998176390401205,
CUST02001,0.9999890372231538,0.9998603428423105
CUST02002,0.999952870806524,0.9999999690333464
CUST02003,0.9876848307416445,
CUST02004,0.9999151937933386,
CUST02005,0.9996294805145268,0.05835031110644605
CUST02006,0.9993003416695512,0.4166472894010869
CUST02007,0.9999870907312263,0.0013694425911782535
CUST02008,0.9999850815719087,0.9981300323791243
CUST02009,0.9999724751519793,0.155941964487766
CUST02010,0.9999894110694775,0.9999748047478373
CUST02011,0.9989640124504348,1.2058018984341202e-07
CUST02012,0.999967489687775,
CUST02013,0.9987208023807435,3.3006121800721286e-07
CUST02014,0.9999498886142079,0.7355579761869834
CUST02015,0.9987629888442731,0.009024631998016671
CUST02016,0.9997994616281586,0.9999040590359475
CUST02017,0.059700460184684126,6.586762051125979e-15
CUST02018,0.999114945817231,0.014816753375886135
CUST02019,0.9998907406978034,0.999913093797082
CUST02020,0.9750629463548137,1.3393529316703438e-11
CUST02021,0.9999571339600959,0.9992994119994477
CUST02022,0.9980303703941104,1.7686815040202272e-09
CUST02023,0.9993886571314698,0.9994286647504237
CUST02024,0.9994289555439342,0.018502839010483968
CUST02025,0.9999965187600391,0.9999999997547377
CUST02026,0.999989131414626,0.9999999971233071
CUST02027,0.999926653045306,0.05662118643076117
CUST02028,0.9998109866515612,0.9994877818621554
CUST02029,0.9996061449516845,0.006450219405754346
CUST02030,0.9997550039882226,0.01892841411134102
CUST02031,0.9995803076853725,0.038423428489615226
CUST02032,0.9998956741289894,0.012375981568232218
CUST02033,0.9998241299626474,0.0013499601169245218
CUST02034,,2.0330534279315577e-11
CUST02035,0.9998994653031045,
CUST02036,0.9998997042817398,2.916865605125399e-06
CUST02037,0.9999202284479869,0.00030115015164955015
CUST02038,0.9996031357468214,6.458369501224982e-09
CUST02039,0.9994470400762494,
CUST02040,0.9999311465894842,0.0007372539924536517
CUST02042,0.9999782819695024,
CUST02043,0.9997318199027823,0.0064659555861238125
CUST02044,0.9997289644080287,0.00012040201916900841
CUST02045,0.9999147737648605,0.9999787846124204
CUST02046,0.9997960115957756,
CUST02047,0.993765534163598,2.2285152685960314e-07
CUST02048,0.9999816145381448,0.9914013477565162
CUST02049,0.999619170609526,0.0008477447169271699
CUST02050,0.9968895946390709,3.520776570945956e-08
CUST02051,0.993719150922151,0.029036316332010936
CUST02052,0.9999762512298167,0.9999999589167773
CUST02053,0.9997371184366683,0.00012850144510709752
CUST02054,0.9900277926993784,1.2254766123908183e-06
CUST02055,0.9995318704980594,9.755180099017152e-09
CUST02056,0.9999824715511613,
CUST02057,0.010898855372716872,1.3812862581219185e-09
CUST02058,0.9999595870808405,7.979883001585449e-05
CUST02059,0.9943062470159074,2.323400094664173e-08
CUST02060,0.9999791401790903,0.144574327584153
CUST02061,0.9993803446632108,
CUST02062,0.9989185746651441,0.998395124018123
CUST02063,0.9999729172701772,
CUST02064,0.9998959656694589,0.9999994802365567
CUST02065,0.9981890836650277,1.9620643626475484e-09
CUST02066,0.9997559695783966,0.010116867463162824
CUST02067,0.9999960854270349,
CUST02068,0.01544129708016177,5.6314510812081795e-08
CUST02069,0.9994495812299367,3.6071206385361304e-08
CUST02070,0.9999977573184143,0.9927169407438088
CUST02071,0.999833858535958,
CUST02072,0.9999928296742726,0.9999999991820179
CUST02073,0.9998562227227437,0.9902021101403283
CUST02074,0.999997032480998,0.9999999959179353
CUST02075,0.9999276582826547,0.03420778693386943
CUST02076,0.9998845132560604,0.9999999899648394
CUST02077,0.9999871025589963,0.9999999719013376
CUST02078,0.9999265281850608,
CUST02079,0.9999809776250004,0.9996685022545924
CUST02080,0.9944885644295829,1.13047509658891e-09
CUST02081,0.9999434440061458,0.9994668046980273
CUST02082,0.0011949086342441673,3.298463217885156e-11
CUST02083,0.9999176837333195,
CUST02084,0.9999421100204857,
CUST02085,0.9999974087030659,
CUST02086,0.9999022395523055,0.0020779969164642616
CUST02087,0.0035029258772083073,7.342293484427989e-09
CUST02088,0.9996831469936382,5.675436654671439e-09
CUST02089,0.21571012699725076,0.00657116355828006
CUST02090,0.999990237313528,0.9995009798960858
CUST02091,0.9999818470485978,
CUST02092,0.999891122722671,
CUST02093,0.9996427335590555,0.06899482368193494
CUST02094,0.9999705393739623,
CUST02095,0.9992793592736037,0.9994264446404232
CUST02096,0.9999306520937236,
CUST02097,0.9982634084752385,7.595859757887393e-07
CUST02098,0.9998701960836051,0.9999994358207659
CUST02099,0.999998077250628,0.9999775553944869
CUST02100,0.9999971626978633,
CUST02101,0.9998051731247597,3.9086601251142213e-07
CUST02102,0.9999908340977435,0.9999999936179043
CUST02103,0.9999731860197292,0.9999636084922127
CUST02104,0.9999947301434076,0.9991582055790784
CUST02105,,0.9616790226366722
CUST02106,0.9954165406630023,3.005444610379614e-08
CUST02108,0.9995900589320742,0.005780447412367631
CUST02109,0.9999828416515636,0.0001639556921106719
CUST02110,0.7625846117147811,0.00028289370733164615
CUST02111,,0.0481287642140654
CUST02112,,0.00021999485339425202
CUST02113,0.003304571563179665,1.2627167015965756e-09
CUST02114,,7.304317562978112e-08
CUST02116,0.9997948570621664,8.974442092566218e-08
CUST02117,0.999994007514358,0.014050552307847963
CUST02118,0.9998043517377408,0.015050389108963004
CUST02119,0.9999928712159419,
CUST02120,0.9998077162126071,
CUST02121,0.9998956800394595,0.9999998785837175
CUST02122,0.9999679378733562,
CUST02123,0.9996509534342726,0.047416565512463045
CUST02124,0.9996685476538705,1.0817578391206621e-05
CUST02125,0.999885828534993,0.9970445721934613
CUST02126,0.9989406713287734,
CUST02127,0.9999876050960539,0.9454716044893883
CUST02128,,1.5856297905530686e-10
CUST02129,0.9999763642704469,0.9983393582390176
CUST02130,3.2807817412717215e-06,1.5198220650445734e-08
CUST02131,0.9999160534072042,3.410108229006623e-05
CUST02132,0.999989263768159,0.999973028580604
CUST02133,0.9999341415451853,0.007629063931538001
CUST02134,0.999990811216898,0.973375027381835
CUST02135,0.9975228368067782,1.6066549228059025e-08
CUST02136,0.9994932268415494,0.9991439017220372
CUST02137,,0.9999929074207486
CUST02138,0.9997659395397386,0.9961153063215683
CUST02139,0.36850090247075784,8.014413734975686e-15
CUST02140,0.9999349504093273,0.038002077855709214
CUST02141,0.999887718490135,0.9808384006037394
CUST02142,0.9998057562628008,6.855690900484908e-08
CUST02143,0.9998691781410388,3.3901645373381566e-05
CUST02144,0.9750987809800451,2.951825408336574e-13
CUST02145,0.9999184853126424,2.3494668324563996e-06
CUST02146,0.9996114050440691,
CUST02147,0.9997428156864365,
CUST02148,,0.0034306285730106925
CUST02149,0.9999954909995216,5.83985732450309e-06
CUST02150,0.9999392902584232,0.04101667348952235
CUST02151,0.9999843996837091,0.9996405794464583
CUST02152,0.9999555961322487,0.9993007904966568
CUST02153,0.9974696598914367,0.9435948193572015
CUST02154,0.9865363337529321,1.9206606857864145e-07
CUST02155,3.981559820670451e-07,1.2600087650772118e-10
CUST02156,0.9994900137251281,0.009252023134084061
CUST02157,0.9998027915108353,
CUST02159,0.9999673501901359,0.012397602154868213
CUST02160,0.9999783946159276,
CUST02161,,1.7197725774488508e-12
CUST02162,0.9998573547688424,
CUST02163,0.005799265243803518,2.1614618554954678e-10
CUST02164,0.9999479394975994,1.2807821933027013e-07
CUST02165,0.9999923212147421,0.6812797860412888
CUST02166,,0.9999999757748171
CUST02167,0.9999809166455569,
CUST02168,0.9999997845636943,0.9999999993813387
CUST02169,5.966109287997218e-09,1.6201651870518123e-12
CUST02170,0.9994779489974153,0.9999978073396577
CUST02171,0.9997385771225268,0.1392336201092588
CUST02172,0.9999650566912188,0.9999999491019375
CUST02173,0.817829325910086,2.7689753120910692e-09
CUST02174,0.99956908244838,0.9990738620138495
CUST02175,0.9996494696144252,0.059639175777407266
CUST02176,,0.00106252872756498
CUST02177,0.9997967523345054,0.3870454602241304
CUST02178,0.9999724020275288,0.9997711956669891
CUST02179,0.999932276263382,0.0021869765486947352
CUST02180,0.9999963398684495,0.9990825154598316
CUST02181,0.9994094936438656,3.435714497151235e-05
CUST02182,0.9684536250172622,4.474302985812888e-09
CUST02183,0.9967873136971978,
CUST02184,0.9999540440453804,0.9999997766049975
CUST02185,0.9999976639707696,0.9985512951104587
CUST02186,0.9999521867328977,0.004082244202884599
CUST02187,0.999949873037155,
CUST02188,,0.18258393816507484
CUST02189,0.9958107175883399,
CUST02190,0.9999010084954427,0.18781611405070775
CUST02191,0.9979083538495903,7.653080317793963e-09
CUST02192,0.9998982000892042,
CUST02193,0.9995259758256578,1.9555444125771107e-05
CUST02194,0.9999866905234176,0.0015948290976786595
CUST02195,0.9998949054696178,0.9993998815481945
CUST02196,0.993398579101747,1.2699258221149843e-07
CUST02197,0.9999878103219051,0.9996447093335951
CUST02198,0.9996243054101053,0.9998298233318094
CUST02199,0.9999961514577339,0.9999978743148127
CUST02200,,8.63223919388548e-07
CUST02201,0.999833579934624,0.005087825452269358
CUST02202,0.9996340532418824,7.391374877225119e-06
CUST02203,0.9999758559595258,0.9999999560387444
CUST02204,0.9973974578259419,4.4360741806624065e-13
CUST02205,0.9999505500124374,0.9996555710745106
CUST02206,0.994613705395582,
CUST02207,0.9993244644990903,9.111463769462758e-07
CUST02208,0.9997654698667832,
CUST02209,0.9999239777988432,
CUST02210,0.9991786199910921,
CUST02211,0.9969427389981943,1.0055461583757552e-07
CUST02212,0.6335953830591846,1.7554174766421453e-10
CUST02213,0.9999980049978389,
CUST02214,0.9999857842314172,0.9999998554476128
CUST02215,0.9998311705183514,0.23838931123604157
CUST02216,0.9999661946017531,0.0032619165992436275
CUST02217,0.9999525101277204,
CUST02218,0.9999803242915376,
CUST02219,0.9995898752965583,0.00010891904651947118
CUST02220,0.9999581520799692,0.9999999449939719
CUST02221,0.9999942184543503,0.9999267542935696
CUST02222,0.9999551276794192,4.69458713491979e-06
CUST02223,0.9999610730777195,1.2978260991923686e-05
CUST02224,0.9997441860471767,8.885480370163946e-10
CUST02225,0.9999947555046427,0.9999999956871297
CUST02226,0.9457184126706801,0.00024977280461627903
CUST02227,0.999041898652907,2.0506298905054725e-06
CUST02228,0.9999349258252516,0.9939255574083081
CUST02229,0.9999662324802829,
CUST02230,0.999968452332106,0.02289174644233378
CUST02231,0.9999578791768248,0.9992471143047469
CUST02232,1.957178970325476e-06,3.2818804232987317e-14
CUST02233,0.9999170503721204,0.9999985147219292
CUST02234,0.99995685591717,0.9999999444277519
CUST02235,,2.5771830865180426e-05
CUST02236,0.9999646992050965,
CUST02237,0.9995722270687627,1.4710051951744494e-05
CUST02238,0.9943631523409304,0.00010586760164541371
CUST02239,0.9924039589844257,2.878175610701092e-10
CUST02240,0.9996991425603005,
CUST02241,0.9913968355595301,2.281905033195168e-10
CUST02242,0.9996233673817375,1.4957727699799115e-05
CUST02243,0.9999443262565122,0.2611660178071057
CUST02244,0.9994208714568225,1.20237174046029e-07
CUST02245,0.9999469296117978,3.5257460209417747e-07
CUST02246,0.9999913096068367,
CUST02247,0.9999770664023455,
CUST02248,0.999821491980332,0.06781334995552508
CUST02249,0.9999842030010001,0.9999987617018306
CUST02250,0.9995558186227562,0.00927609619987817
CUST02251,0.9999056249347837,1.1173855553996616e-06
CUST02252,0.9986065512739173,0.00010146293858576817
CUST02253,0.9998185148253059,0.9999787711471262
CUST02254,0.9999876376278821,0.1842482070117726
CUST02255,0.9999733719004167,0.9999999948527958
CUST02256,0.9751611781159517,4.682125631037831e-09
CUST02257,0.9998951323203112,0.03572126399881186
CUST02258,0.9995610730967502,3.2783359974031555e-05
CUST02259,0.9999490234082345,0.9979916973737175
CUST02260,0.9926783308688805,4.3000836617390054e-09
CUST02261,0.9998896414010411,0.9999999368051182
CUST02262,0.9998746922520477,
CUST02263,0.9648405251471903,1.691438434628767e-07
CUST02264,0.9999615776657517,
CUST02265,0.9983331173509448,3.649790757322903e-07
CUST02266,0.9997867331527043,0.00011396671041492772
CUST02267,0.9999983552848631,0.9996146149995843
CUST02268,0.9995987352806875,3.3380988856229286e-08
CUST02269,,1.2092253579096552e-07
CUST02270,,0.9736810264284006
CUST02271,0.9998624399527005,0.00010708044375160396
CUST02272,0.9999673064323158,0.02127112192306425
CUST02273,0.999987974821419,0.0006180020798286175
CUST02274,0.9999367034634346,0.00011506312811872179
CUST02275,0.01539527808275573,1.0156855552739533e-09
CUST02276,0.9999225224882524,0.10626814275912856
CUST02277,0.9992441466965128,
CUST02278,0.9995244864831196,0.9998594948872268
CUST02279,0.9999949541566883,0.5109964899060647
CUST02280,0.9732927632797471,6.83577310205189e-12
CUST02281,0.9999327019453405,0.38095194170417035
CUST02282,0.9999769696008143,
CUST02283,0.9998920205749199,1.635984761124246e-07
CUST02284,0.9998699501865408,0.9956554523737059
CUST02285,0.9999722167248188,1.1545481490560534e-05
CUST02286,0.9998263810820325,1.1197674567912577e-05
CUST02287,0.9997959673796415,4.933873061738398e-05
CUST02288,0.004324616603922642,1.5175484396425562e-07
CUST02289,0.9999163483757847,0.9983067539614913
CUST02290,0.9999569412700401,
CUST02291,0.9999598579483306,0.004852376692794418
CUST02292,0.9999781358618873,0.9994966536669407
CUST02293,0.9999823033829437,0.9999999990713311
CUST02294,0.9998153615675447,0.9928905524963405
CUST02295,0.9999848997382808,
CUST02296,,0.8730385793857364
CUST02297,0.9999824208176434,0.999339408229667
CUST02298,0.9999885246714417,
CUST02299,0.9999698337254967,0.9997606382845607
CUST02301,0.9999749810958748,0.11155472396300922
CUST02302,0.9999083679100984,0.9823744648577848
CUST02303,0.9650999513125477,7.610552941715617e-09
CUST02304,0.9851736983724577,0.002224424615577131
CUST02305,0.7256388594915075,4.01538007228722e-12
CUST02306,0.9968033787216065,
CUST02307,0.9999510419277242,0.44008425244160415
CUST02308,0.2591369012483376,
CUST02309,0.9999778294024849,
CUST02310,,9.520284449082112e-06
CUST02311,0.9999765282579017,0.9966189259981905
CUST02312,0.9995660478050593,0.00017298633592896572
CUST02313,0.9995737178369752,8.224753994326287e-07
CUST02314,0.9998575937397174,0.9999981610647564
CUST02315,0.9999658766034117,0.999304948102746
CUST02316,0.9997840481940798,0.9999999944908913
CUST02317,0.03331109849200596,7.632900291484499e-09
CUST02318,0.999884910549708,0.009611631094782563
CUST02319,0.0012825859222371093,1.4284209443949065e-09
CUST02320,0.9999604508548356,0.9999851445149285
CUST02321,0.9998846755315187,0.3330939972130698
CUST02322,0.9998520470500257,4.017177316119607e-05
CUST02323,0.9993375916259607,2.3250574710141438e-05
CUST02324,0.9960778365273564,2.4985757982017515e-08
CUST02325,0.9830833360910146,6.284482216623885e-10
CUST02326,,1.064437409774628e-15
CUST02327,0.9999814076964244,0.010262164425806292
CUST02328,0.9987620712726861,0.061185801694805815
CUST02329,0.9998912095056668,0.006684429348455494
CUST02330,0.9989047760893278,0.005635638497125
CUST02331,0.9999754093147002,
CUST02332,0.9999699080629675,0.9999943502316251
CUST02333,0.9992380879434329,7.572995519987332e-09
CUST02334,0.9985684128112846,2.6800054702843727e-10
CUST02335,0.9977361761186191,9.081765729982669e-10
CUST02336,0.9999829253625095,0.04627579243562733
CUST02337,0.9999546222446727,0.8124701138497772
CUST02338,0.9999901120510166,0.08015819052814957
CUST02339,0.8055924957239544,2.435978559578249e-07
CUST02340,0.9999984945726795,0.9999999912049421
CUST02341,0.9997074195756764,0.00023469404732530006
CUST02342,0.9149719819946652,6.455674710949433e-11
CUST02343,0.9999934647568273,0.9999997941581193
CUST02344,0.9968982659465887,3.557114898546972e-07
CUST02345,,0.9353164515263827
CUST02346,0.9998444143695393,0.999579280257166
CUST02347,0.9975130276431008,3.634548898808524e-08
CUST02348,,0.9999999495124107
CUST02349,0.9999016900824871,0.9999999146171268
CUST02350,0.9999325789871105,0.999964010471041
CUST02351,0.9999697091225853,0.37016087046407314
CUST02352,0.9659613322333563,4.292265254427221e-09
CUST02353,0.9997484677304508,0.9219759250448708
CUST02354,0.9999433350543283,
CUST02355,0.9710001829879077,2.5997068965599745e-08
CUST02356,0.9999810529640104,
CUST02357,0.9999972124712425,
CUST02358,0.99997252909606,4.407235471637062e-08
CUST02359,0.999962278221107,
CUST02360,0.9980505586107391,0.00013329028761824922
CUST02361,0.999984931860281,0.08324911657174595
CUST02362,0.9999950479031848,0.0007324781451054491
CUST02363,,0.0028752650837534648
CUST02364,0.9999762530801191,
CUST02365,0.999950615490545,3.3097390749181816e-05
CUST02366,,0.3830849361173716
CUST02367,0.9996551516283624,1.5252356270548265e-07
CUST02368,0.00012339382421287253,2.1224861869165336e-13
CUST02369,0.999942698442297,0.13468054143424488
CUST02370,0.9999096228674036,0.1335735448832729
CUST02371,0.9999552622393598,0.19006656442152242
CUST02372,0.9995071180459375,
CUST02373,0.9999513970872739,0.00018757363564476915
CUST02374,0.9999926150725779,0.9999999952949754
CUST02375,0.9997292446470485,0.12406755907973695
CUST02376,0.9999904575597464,0.9999999806163767
CUST02377,0.9892565767580436,4.2622244934542295e-09
CUST02378,0.9999929571201882,
CUST02379,0.9999905381135814,0.8815702743493175
CUST02380,0.9972227113457628,0.0001260912640368252
CUST02381,0.9985525831473845,0.056467505258738074
CUST02382,0.9938581272595769,6.772646188892416e-05
CUST02383,0.9999077089023412,0.9987580633052285
CUST02385,0.9998784369669403,1.5706354815696364e-05
CUST02386,0.9998450891485698,0.02483265686311196
CUST02387,0.9988713161587377,6.0885088516463505e-09
CUST02388,0.9998607239416696,3.047136368711977e-05
CUST02389,0.9999753520973718,0.9985640611062133
CUST02390,0.9999982685832367,0.9999915630296841
CUST02391,0.9993217881909469,9.981797502616784e-06
CUST02392,0.999994951053547,0.9999984106244845
CUST02393,0.9998263964711696,
CUST02394,0.9999937469009587,0.9999999826772002
CUST02395,0.9999706887857491,0.07862511235923376
CUST02396,0.9999607800363476,0.8926099425796357
CUST02397,0.9999681226023656,0.9929123655708363
CUST02398,0.97905896663848,
CUST02399,0.9999883791087385,0.9999999617327201
CUST02400,0.9995991450731253,
CUST02401,0.9999945917521256,0.9999999867352019
CUST02402,0.9999075725601735,0.007500288981483587
CUST02403,0.9999199460260442,0.00010520780222081414
CUST02404,0.9961725030784389,
CUST02405,0.9999435320055247,0.9968689693610561
CUST02406,0.9999779104032257,
CUST02407,0.9997830528310617,5.90182860240538e-06
CUST02408,0.999995401796129,0.999999484578007
CUST02409,0.9999544487824614,0.11535832874399052
CUST02410,0.011234168794887473,5.417607585620386e-08
CUST02411,0.9993418502283975,0.9999961690948581
CUST02412,0.9996205422332843,0.02470101764640962
CUST02413,0.9995641022938543,2.570253781326964e-06
CUST02414,0.9997940203128001,7.025142841504692e-09
CUST02415,0.9996945094496986,0.0039027005577143337
CUST02416,0.9999328255773541,0.007580545591525525
CUST02417,0.9998440144601405,
CUST02418,0.9986792711067802,
CUST02419,0.9999832625488433,0.9999976452668212
CUST02420,0.9987064201917755,7.274845625035147e-12
CUST02421,0.9999862996410441,0.011179380872436286
CUST02422,0.9997922688643026,
CUST02423,0.9982326518334629,
CUST02424,0.9998209600585583,
CUST02425,0.99997543452304,0.9999490294818845
CUST02426,0.9994623489314284,3.761438817957682e-08
CUST02427,0.9998170835552261,0.9999984563966602
CUST02428,0.9930617668149232,6.1135257376725625e-09
CUST02429,,3.496079498583149e-12
CUST02430,0.9999845940214435,0.9975707281904173
CUST02431,0.9999979047010141,0.9999997793555674
CUST02432,0.9978356213707233,0.0016916858359193997
CUST02433,0.9978977261039186,3.3372998002800823e-08
CUST02434,0.9999886548146574,0.009590083056218428
CUST02435,0.9999846146194007,0.9572803223586455
CUST02436,0.9999441009894366,0.0694887119938302
CUST02437,0.9940569743803904,
CUST02438,0.9997836392700048,8.70465355822021e-05
CUST02439,0.9871089334756697,1.3378371412313736e-07
CUST02440,0.9999608329729962,0.999999988095735
CUST02441,0.999846486264006,
CUST02442,0.9999695011585099,2.2776207781710572e-07
CUST02443,0.9581221064314833,0.16054511161134216
CUST02444,0.9999985110016103,0.9999786726583295
CUST02445,0.9695954885062446,3.383132345933052e-05
CUST02446,3.2282416927609603e-10,8.922498382196206e-11
CUST02447,0.9957385243160694,
CUST02449,0.9999763905826947,0.9991652942224136
CUST02450,0.9999906648697913,0.9999998751891845
CUST02451,0.9996845582972624,0.013141892889570966
CUST02452,0.8591038243377419,7.143657825697801e-09
CUST02453,0.9989217135982907,1.1042671611460454e-06
CUST02454,0.025633545141644478,0.00028285245774587354
CUST02455,0.994923609433048,3.5837837003573608e-09
CUST02456,,2.612241919779069e-06
CUST02457,0.4481338622498412,0.0008445787908544061
CUST02458,0.9999910119720974,0.9999978252066928
CUST02459,0.9810064889257902,1.8400334949384398e-07
CUST02460,0.9999663930984278,0.006064035022236386
CUST02461,0.016549666084095513,1.1987255345653599e-07
CUST02462,0.9999990150927397,0.9999999991743724
CUST02463,0.9996876344929311,0.007959363212187022
CUST02464,0.9999468747712821,0.010367645865632252
CUST02465,0.9999471445516732,0.9999998681327037
CUST02466,0.9999974038619446,0.9999943218603001
CUST02467,0.999997394309396,0.9999999999903966
CUST02468,0.999990263858196,0.9956938197018251
CUST02469,0.9999984488716022,0.9999999906193372
CUST02470,0.9999690034019363,0.026682642606731196
CUST02471,0.00892264548412852,9.996881073982752e-10
CUST02472,0.7386172982982938,1.3085978513274112e-08
CUST02473,0.9999904354683621,0.00027141376478905633
CUST02474,0.9999332769083503,0.9973028303643726
CUST02475,0.9998910918353963,
CUST02476,,2.7211412809712643e-13
CUST02477,0.9999977999598065,0.9683682993815811
CUST02478,0.9999390726872407,
CUST02479,0.9998367860524877,0.0035872853504287333
CUST02480,0.9965056372938252,6.36970544159838e-08
CUST02481,0.9993283382089003,
CUST02482,0.9998429067080049,
CUST02483,0.9727403245614523,1.8975793878527486e-08
CUST02484,0.9958963935754606,9.735923739003168e-10
CUST02485,0.9999489710051448,
CUST02486,0.9999838328457373,
CUST02487,0.9998268016041129,0.11463198031910372
CUST02488,0.9999317347148391,0.025595036706095198
CUST02489,0.999953409659191,0.750116884299937
CUST02490,0.9999941336331679,
CUST02491,0.9999486342070945,0.999999994735083
CUST02492,,0.9917010038254356
CUST02493,0.9999954148249232,
CUST02494,0.9996894595435888,0.9844843981720053
CUST02495,9.054693084660665e-08,4.395670911451748e-09
CUST02496,0.9999927719456227,
CUST02497,0.9999921594619866,0.9999998902909244
CUST02498,0.9999857210215496,0.0003179623217241067
CUST02499,0.999972491940239,0.0003875367470563409
CUST02500,0.9998172739161132,0.9946947574770258
CUST02501,,0.28187483052671175
CUST02502,0.9999921631762348,0.9943486395819694
CUST02503,0.9003429378290958,4.635961872448448e-10
CUST02504,0.0037532383037829895,1.4804154139700273e-09
CUST02505,,1.1412651797017606e-06
CUST02506,0.0009827213935694734,4.1692016094847095e-12
CUST02507,0.999993149827684,
CUST02508,0.9999539782977156,0.9992868015541958
CUST02509,0.9999606265762105,0.9999997684954899
CUST02510,0.9917697382125724,2.41029722234765e-10
CUST02511,7.355515137265445e-05,1.569649793902277e-13
CUST02513,,7.063258758251183e-16
CUST02514,0.999839450220872,6.792560044399503e-08
CUST02515,0.9999983334278507,0.9999999962328141
CUST02516,0.025500586075062733,
CUST02517,0.999937995211329,1.7915940306685795e-07
CUST02518,0.9999065566076611,0.005585558965303339
CUST02519,0.9999575296283074,0.9993923784777192
CUST02520,0.9999663046734868,0.999999856555844
CUST02521,0.9999993874064295,0.9999999175157629
CUST02522,0.7897401168252434,1.2965480248384116e-11
CUST02523,0.9998006342277636,0.9201789984139463
CUST02524,0.9999122943858857,0.9999937089030162
CUST02525,,0.9997806805924556
CUST02526,0.7751138515510965,3.024811081120117e-09
CUST02527,0.9996165368496628,0.0016369540050852462
CUST02528,0.9999857217104469,
CUST02529,0.9999851405215867,0.01835218792867457
CUST02530,0.9999947149644882,0.00042357122573641424
CUST02531,0.9994974945678002,1.2318906847986867e-05
CUST02532,0.9998726537038046,
CUST02533,0.9998100470969388,
CUST02534,0.9998676433656881,0.06404734200556589
CUST02535,0.9999706865835516,0.010515545257134527
CUST02536,0.9999596735448836,0.9999999825465983
CUST02538,0.9999944009654809,0.9999474399890772
CUST02539,0.9999693086428276,
CUST02540,,9.684635032062524e-05
CUST02541,0.9999944004622142,0.9999999926966505
CUST02542,0.9999551843731167,
CUST02543,0.999837502464067,0.9572246716764344
CUST02544,0.9999726179945586,0.00024249992369811466
CUST02545,0.9999699365021432,0.9998303058896474
CUST02546,0.9996947032411247,5.97105780780075e-06
CUST02547,0.9991770359020108,
CUST02548,0.9999860290258616,
CUST02549,0.9999759954569643,0.9998326094973715
CUST02550,0.9962237651004163,9.18106066818443e-09
CUST02551,0.00893130570647354,1.8833641790979709e-07
CUST02552,0.2147760598437367,3.0038163663726674e-13
CUST02553,0.9999478762895944,
CUST02554,0.9997680666886835,0.03343658289636545
CUST02555,0.9999640999410925,0.9999999887414891
CUST02556,0.9902732327807161,1.5643824028584231e-06
CUST02557,0.9990094327501089,7.549612182185634e-11
CUST02558,0.9995570459198635,0.013299169058865813
CUST02559,0.0013714985197320405,1.079794811752739e-09
CUST02560,0.9999797965545252,0.00892182959069151
CUST02561,0.9999959630949548,
CUST02562,0.9997502237525807,0.9772172023373901
CUST02563,0.9998810103894835,0.991166063035286
CUST02564,0.9999614910604719,0.07322802980218791
CUST02565,0.999902895157298,
CUST02566,0.99998646656659,0.0003290970396363643
CUST02567,0.9971090172403971,
CUST02568,0.9999660460654581,0.9970241624211276
CUST02569,0.999836880618979,0.9999999525871095
CUST02570,0.9983169377727859,8.225407943212789e-09
CUST02571,0.9999969870767002,0.9999964924881565
CUST02572,0.99981597554862,
CUST02573,0.9999456013909214,0.9999999570068955
CUST02574,0.9988723567578721,0.4807987060028614
CUST02575,0.0031705102409120274,8.715655185181036e-10
CUST02576,0.9997250934139228,
CUST02577,0.005463568478514128,4.94184639852351e-11
CUST02578,,3.2809120116084996e-12
CUST02579,0.9999586425234629,0.8379960647267181
CUST02580,0.992099778315903,7.645458482851821e-08
CUST02581,0.9858197813984838,7.498672438388146e-06
CUST02582,0.0018217734775199399,1.8414133691542664e-09
CUST02583,0.9998818887603514,0.999999981124262
CUST02584,0.9962866016526748,1.0793599267334094e-08
CUST02585,0.9999947291327136,0.9999999911792489
CUST02586,0.9999997474258947,0.9999999993565334
CUST02587,0.9978027064525407,2.7523669243248945e-07
CUST02588,0.999992475625867,6.828628976804344e-08
CUST02589,0.9999878643621272,0.9999976303875415
CUST02590,0.9999874854949579,2.8518267798983446e-05
CUST02591,0.9999443910484557,0.0008246290279873708
CUST02592,0.999972814127489,0.999999953389451
CUST02593,0.9984456938958229,3.090672922845358e-05
CUST02594,0.9999956128234037,
CUST02595,0.9999486007645461,1.3796529496896769e-06
CUST02596,0.999781534655814,0.9999999903029532
CUST02597,0.9996565502166329,2.576207405606177e-11
CUST02598,0.9999653948382797,0.9999897217209628
CUST02599,0.989029146387695,1.0303563228528334e-07
CUST02600,0.9386634625420439,5.804295491788192e-10
CUST02601,0.8342344498353385,3.651031894625478e-12
CUST02602,0.9999757570372251,0.038398716889294714
CUST02603,0.932378126003502,4.794190937698073e-12
CUST02604,0.9999989765821353,0.9738111885570703
CUST02605,0.9821281443438413,3.997069914142994e-11
CUST02606,0.9999926106758847,0.9999999989803814
CUST02607,0.999868447130404,
CUST02608,0.9999915760804523,0.06178112524368335
CUST02609,0.9237138161142799,4.7369006994932976e-09
CUST02610,0.002535165381756234,6.115462317226181e-10
CUST02611,0.9999976476893311,0.9994141234148122
CUST02612,0.9999587730388282,0.9940615981917237
CUST02613,0.99998822553826,0.9988961335864643
CUST02614,0.999930723949096,0.00828174144840599
CUST02615,,1.9920895359989287e-11
CUST02616,0.9999646318491243,0.01038946740695272
CUST02617,,1.1065563555894577e-06
CUST02618,0.9998999299814315,0.030147742294970997
CUST02619,0.9958727086771929,7.254192123078549e-08
CUST02620,0.9999934468223185,0.9519993981035815
CUST02621,0.9999806081968049,0.9999999653060226
CUST02622,0.9966867370457365,0.23147978534617183
CUST02623,0.9998346840747985,0.9994563150924075
CUST02624,0.9999525747773733,0.9909699859618432
CUST02625,0.9999422299950237,0.9989606004849577
CUST02626,0.016779413545442247,1.737309108667707e-08
CUST02627,0.9964295979068342,8.929848532077185e-10
CUST02628,0.9998968483354425,4.0728428747218997e-07
CUST02629,,4.885280539708686e-09
CUST02630,0.9999830358729094,0.9999311678298998
CUST02631,0.9999972682334534,
CUST02632,0.9983995966392278,2.4805547674621378e-08
CUST02633,0.9996775070485096,2.553101383623666e-06
CUST02634,0.9958386971623883,
CUST02635,0.01461376654697747,6.801812643531655e-09
CUST02636,0.9999448171764772,0.9999999670686557
CUST02637,0.9999951382802834,0.9999999813139827
CUST02638,0.9928310560238327,1.8070843882363244e-11
CUST02639,0.9999791781690652,0.9999999588702003
CUST02640,0.9991995444859243,0.4649274602593765
CUST02641,0.9988907308159022,1.8021205128984343e-08
CUST02642,0.9999491781149027,0.05816409243818905
CUST02643,0.9996583373224509,
CUST02644,0.9966262528453305,3.092184420224102e-11
CUST02645,0.9999598047009127,0.9981770510824227
CUST02646,0.9996209544364656,0.9955813639440476
CUST02647,0.9998895408806732,
CUST02648,0.9999949349184677,0.9999999809633277
CUST02649,0.9999674444498787,0.013162479023695082
CUST02650,0.9944974059722663,1.804347510705522e-07
CUST02651,0.7795918606362845,7.491378248846642e-05
CUST02652,0.9995357039528908,5.0308415950316007e-05
CUST02653,0.999982360694429,0.9999981772278568
CUST02654,0.9999941344899156,0.9999999487590505
CUST02655,,0.00015262431976537032
CUST02656,0.9999976700453038,0.9999998997744495
CUST02657,0.9999871403726324,0.9999964687323345
CUST02658,0.3596805249009166,
CUST02659,0.9998761176580053,0.9995561140433069
CUST02660,0.004547214821693261,0.5538659128576732
CUST02661,0.9981735066615558,0.022985781587599067
CUST02662,0.19842277516681825,7.426368428985468e-06
CUST02663,0.9996890878573862,0.009967433203631493
CUST02664,0.0006714326221104716,5.783554853131813e-10
CUST02665,0.9999873909448368,0.05691294728794914
CUST02666,,0.9999843516850871
CUST02667,0.9999861974954175,
CUST02668,0.999013191882844,0.002641523263854092
CUST02669,0.999984213733433,0.04918963859271743
CUST02670,0.9996167149914232,
CUST02671,0.999984092414672,0.40539833066183273
CUST02672,0.9997979424778276,0.05640144640797398
CUST02673,0.9989159926509352,1.9647416514495657e-07
CUST02674,0.9995772225602981,0.11105046896928063
CUST02675,0.9362592787556275,7.083353600697604e-10
CUST02676,0.9999938830921937,0.9999999841367104
CUST02677,0.9994204498527608,2.3186800543626304e-05
CUST02678,0.999794568785903,3.052575868172241e-08
CUST02679,0.9999922204412173,0.9998938165431366
CUST02680,0.9422357880698462,7.597980160392419e-13
CUST02681,0.9998129017298859,0.8940456805363586
CUST02682,,0.9999997112317954
CUST02683,0.9999981948211967,0.9999999932172277
CUST02684,0.9996848424835401,1.6840453872628034e-05
CUST02685,0.9998537445522524,
CUST02686,0.9999498483351142,0.9999999813335304
CUST02687,0.0004713001839542916,
CUST02688,4.113598653939588e-05,5.931083539633769e-14
CUST02690,0.0011081092078954367,1.1683939273718889e-09
CUST02691,0.9999849567818981,0.0601427105141385
CUST02692,0.9998371198140478,0.1714087256375539
CUST02693,0.9980586759264523,6.849963939832823e-06
CUST02694,0.9999773215909507,0.9999999934727044
CUST02695,0.9993444504998799,0.0018488391315003591
CUST02696,0.9999925945628726,
CUST02697,0.999980650792435,0.9990775395348555
CUST02698,0.9999744106285506,0.013962677596828817
CUST02699,0.9998731122233833,
CUST02700,,1.1895170289781185e-09
CUST02701,0.9996807751567592,
CUST02702,0.9999339449999116,6.846414631309864e-07
CUST02703,0.9999829449807875,0.10032869474513725
CUST02704,,0.9999989087079576
CUST02705,0.9999840779236104,0.9999999694504109
CUST02706,0.9981621926406755,0.9456448997075292
CUST02707,0.999056375438949,0.01507115208220589
CUST02708,0.9997919275493851,0.9992091213072085
CUST02709,0.9999200745031591,0.00011096229021013099
CUST02710,0.9999964350868288,0.9999999998926421
CUST02712,0.9999781663845156,0.11801347138865
CUST02713,0.9998670767401782,6.67996889314838e-05
CUST02714,0.9999764774487627,
CUST02715,0.9999862297269906,0.9832971308940556
CUST02716,0.9989039285857421,5.04896315318982e-06
CUST02717,0.9994859606721306,4.452779283661129e-06
CUST02718,0.9999860812620891,0.044456563244388764
CUST02719,0.9740602230423975,5.616753894417365e-09
CUST02720,,0.11436405686333456
CUST02721,0.999988487017497,0.015592668731757187
CUST02722,0.999905394458839,0.019743872225862717
CUST02723,,1.1405773678986579e-08
CUST02724,0.9997917863997412,0.9990163817352038
CUST02725,0.9995358936036576,2.3553693568114492e-08
CUST02726,0.9999848940657216,
CUST02727,0.9997434800484499,0.0009564803732527382
CUST02728,0.006252135271622937,
CUST02729,0.9998914189087784,0.999999968570984
CUST02730,0.9999806296025965,0.8662007441688945
CUST02731,0.999671106604197,1.700255333324972e-05
CUST02732,0.9989030206266015,0.02275691602986168
CUST02733,0.9923109266398619,6.69735559970233e-09
CUST02734,0.9999389387755634,0.00012673280878909332
CUST02735,0.9999862071077772,
CUST02736,0.9292018740585337,
CUST02737,0.9991744843191138,4.120683987644872e-09
CUST02738,0.9999968286432728,
CUST02739,0.999497374283265,5.629208174456168e-05
CUST02740,0.9999691176666852,0.9990373718634905
CUST02741,0.9999523024034837,0.024780797669304435
CUST02742,0.9999830217707786,0.00013085561522288406
CUST02743,,0.9999966312394838
CUST02744,0.999977561905078,0.9999998818402844
CUST02745,0.9998850974273207,
CUST02746,0.999940807976731,0.0844347744151917
CUST02747,0.9986240270098627,2.835551726516013e-09
CUST02748,0.9999731396560293,
CUST02749,0.9995370670321017,4.712105547545897e-06
CUST02750,0.9999930734793493,0.20576938673613748
CUST02751,0.9999561892453657,0.007162613334332213
CUST02752,0.0012308970416535258,5.798998739793882e-12
CUST02753,0.9998964607561648,0.9999999692173275
CUST02755,0.9992819932736443,2.478178131496929e-05
CUST02756,0.9986092716523903,8.12840107723935e-07
CUST02757,0.9998695179288919,
CUST02758,0.999994343982863,0.06167809445597323
CUST02759,0.9999968370675232,0.9996720516419572
CUST02760,0.9989699214569433,4.766424291518894e-08
CUST02761,0.9993510366621975,0.8734891310117427
CUST02762,0.9999315691353796,0.17166602865864605
CUST02763,0.9999449848292087,0.9913633975891476
CUST02764,0.0016653370862680765,1.049182224438688e-10
CUST02765,0.8571702360030065,3.667079055754372e-11
CUST02766,0.9999889937090518,
CUST02767,0.9999941906001241,0.9999999950618905
CUST02768,0.9999933824694055,0.994375621842327
CUST02769,0.999993130657656,0.9999999928658319
CUST02770,0.9997910077967127,0.9999999803247738
CUST02771,0.9997063489806147,0.008123813772865477
CUST02772,0.9998248207321145,0.023798025953875094
CUST02773,0.9999934429589875,0.990128143733503
CUST02774,0.9999935713289005,0.9991102275660888
CUST02775,0.9998936389196068,0.010590799640176141
CUST02776,0.9995271766229235,7.815662280373521e-08
CUST02777,0.009877376545507799,0.0009291835290933759
CUST02778,0.9999946875287951,0.9994621494988801
CUST02779,0.9974511069336544,2.1266120714625871e-10
CUST02780,0.999927796872576,0.048222784672348626
CUST02781,0.9999736235182674,0.004491305299208145
CUST02782,0.9999595747285609,0.9999999953790037
CUST02783,0.8323490543651223,2.841975042481632e-16
CUST02784,0.9999944441771444,0.9995351119354575
CUST02785,0.9994821976146245,0.08127673949291113
CUST02786,0.9999941166833459,
CUST02787,,3.292797214162851e-05
CUST02788,,0.9608760972192032
CUST02789,0.999947549564599,0.00014795163533555986
CUST02790,0.9999094588532348,0.003896078991734295
CUST02791,0.9998432189842247,3.5658552293136724e-05
CUST02792,0.9999677933950931,0.9999999947026157
CUST02793,0.9999520946189782,0.07747286864173111
CUST02794,0.9999684523545896,0.9999999096462375
CUST02795,0.9999139726451559,0.9999999993579742
CUST02796,0.0018899258653249558,5.885728585543155e-11
CUST02797,0.9976027004460859,2.6584704549929167e-08
CUST02798,0.99997617446882,
CUST02799,0.00032654977833633953,0.000133427054209787
CUST02800,0.9995148592066779,3.5890492209672046e-06
CUST02801,0.9998852032817938,
CUST02802,0.9999525299881068,0.6965019731053625
CUST02803,0.999946204019925,6.345715224867618e-07
CUST02804,0.9999329287458769,3.7709287502708846e-06
CUST02805,0.9973547147533208,3.0836021292977826e-10
CUST02806,0.9999810028996825,
CUST02807,0.48792811649607126,3.1058991125959903e-09
CUST02808,0.9975166359548492,1.7279897459396733e-08
CUST02809,0.9994861483347596,2.4401934057749208e-09
CUST02810,0.9999986071281332,0.9997738926243174
CUST02811,0.9992111542273375,
CUST02813,0.9999993196215027,0.9999629496248367
CUST02814,0.9988601459161651,3.5403844121202433e-06
CUST02815,0.99996275408684,0.07348381395768698
CUST02816,0.0004391767158266968,8.737437152187518e-13
CUST02817,0.9999976061497668,
CUST02818,0.9999829340872417,0.9999460280145536
CUST02819,0.12427976573812188,1.2361696132832586e-07
CUST02820,,5.6247681758020066e-05
CUST02821,,0.8686231276765058
CUST02822,0.9963875638803807,6.168771637557949e-11
CUST02823,0.9999615872526304,0.9995333036897401
CUST02824,0.9999206688744283,0.998452426008614
CUST02825,0.9999365932171355,0.99999995175791
CUST02826,,0.00012880115709702728
CUST02827,0.9997407006934296,9.835686649167474e-06
CUST02828,0.9999886820415812,0.0003101620351848216
CUST02829,0.9999895539918695,
CUST02830,0.9999993318325008,0.9999999981509844
CUST02831,0.9999894262023179,0.999999998722773
CUST02832,0.9999746012472042,0.9982599534228924
CUST02833,,6.864098931849137e-12
CUST02834,0.9999723640992746,0.9260725856915102
CUST02835,0.03206202151265431,9.45874029845792e-11
CUST02836,0.9999847362287781,0.9989140013263865
CUST02837,0.9999691809713187,0.17787180625894494
CUST02838,0.9794312492253515,3.2899417091646523e-10
CUST02839,0.9999703831698329,
CUST02840,0.9997006429401726,0.20858558098389982
CUST02841,0.9998823515363064,0.9847172494058939
CUST02842,0.9999366170036263,
CUST02843,0.9996185113411471,0.04442647944198548
CUST02844,0.9958499096453399,5.779001426073096e-09
CUST02845,0.9999978315853955,0.9999999926839422
CUST02846,0.9999946974828364,0.1778321773747459
CUST02847,0.9898482082118838,2.8293670036670746e-10
CUST02848,0.9892726901269188,7.986375871848768e-07
CUST02849,0.9999912284394106,
CUST02850,0.9872977727672787,1.5246123955973513e-06
CUST02851,0.6054849544164864,1.0805492955354118e-07
CUST02852,0.9994621205269789,0.0006098753971168889
CUST02853,0.9990596995348765,4.609749345154551e-07
CUST02854,0.9999667529008204,0.01190334119575901
CUST02856,0.9999836244592598,0.9999999845231016
CUST02858,0.9995451140763074,0.999791287804433
CUST02859,0.9998146975913852,0.9999224258877142
CUST02860,0.9999797633739713,0.9999999772728231
CUST02861,0.9998404584093907,
CUST02862,0.9999308674022094,0.0009498711648964941
CUST02863,0.9996940205613746,6.727998233390411e-05
CUST02864,0.9999797611174533,0.977486660854626
CUST02865,0.9984533027079143,5.169719446703798e-06
CUST02866,0.9861492723059524,
CUST02867,0.9999944304720441,
CUST02868,0.04026247243236295,4.6213678575854794e-06
CUST02869,0.979864279426076,5.625459339850379e-09
CUST02870,0.9995935073414534,0.9999995615942546
CUST02871,3.979346105440993e-05,2.6790041549070594e-10
CUST02872,0.9983677956087508,
CUST02873,,0.008223666947767844
CUST02874,0.9999727927352633,0.1470870007716871
CUST02875,0.9985096543223421,1.5007060392604044e-09
CUST02876,,0.5434778548345582
CUST02877,0.9999941241024153,0.9999999930726977
CUST02878,0.999056443516676,3.0297081713989534e-07
CUST02879,0.9999928146456499,
CUST02880,0.9997877533541478,0.018922439127289713
CUST02881,0.999989641462816,0.9983941110757231
CUST02882,0.999979553893666,0.9999999697560051
CUST02883,0.9999434128576606,0.9982721061157751
CUST02884,0.991928557418897,1.5838790505074612e-07
CUST02885,0.9999420986802141,0.0006048051478645333
CUST02886,,0.8570439222395737
CUST02887,0.9999683192168771,0.989882194357947
CUST02888,0.9999757252676115,
CUST02890,0.999947226666359,0.006522663409970366
CUST02891,0.04138495315855972,8.442408239015741e-08
CUST02892,0.9998832888693214,
CUST02893,0.9998348885240109,6.080308942275664e-05
CUST02894,0.9999365664370112,0.9999999682557469
CUST02895,0.9999612841849764,0.01983537175980784
CUST02896,0.9999955215544457,0.9999999169358003
CUST02897,0.999961304137762,0.9985245562797773
CUST02898,0.9999558948420815,
CUST02899,0.03760383260189345,2.628920684845887e-10
CUST02900,0.9920376712086523,1.1077298084379044e-07
CUST02901,0.99932294845165,0.0008793529971447352
CUST02902,0.9969353530965727,
CUST02903,0.9999904155848909,0.3741736504850572
CUST02904,0.9998886763696342,0.012479180167114497
CUST02905,0.9999764586546058,
CUST02906,0.9993063184911183,5.807537918884259e-06
CUST02907,0.9999943869702826,
CUST02908,0.9999993060668065,0.9999870709061789
CUST02909,0.9999861048273536,0.9986055202653158
CUST02910,0.9882832371146119,1.4699876881727871e-10
CUST02911,0.9953650630386862,5.874530256118927e-11
CUST02912,0.9998362882771136,0.33158894402812733
CUST02913,0.6540447454772762,9.59575686070535e-09
CUST02914,0.9997446949293444,0.9652234154171595
CUST02915,0.9999524120936611,
CUST02917,0.9999476942427843,0.033079310987576806
CUST02918,0.9996079516212343,0.0005208039199856396
CUST02919,,0.9999997246025606
CUST02920,0.9996499288657362,
CUST02921,0.9999955316911798,0.9999498992100677
CUST02922,0.9999907274789502,0.9999999926851255
CUST02923,0.9999983615092681,0.9999999915715373
CUST02924,0.9999292574787072,0.9999999824617879
CUST02925,0.9999496329889328,0.004749807262393983
CUST02926,0.9986624504519053,1.5314764400900158e-06
CUST02927,0.9999419424427064,
CUST02928,0.9999792786073878,0.9982403965459941
CUST02929,0.9999673919760048,0.998883517247974
CUST02930,0.998114154245179,4.273585087316087e-10
CUST02931,0.9998756655885465,0.37423810100697436
CUST02932,0.9999834000933195,8.534520263440148e-05
CUST02933,0.9962602848075826,5.245040468530982e-10
CUST02934,0.9999911412437142,0.9999999065133628
CUST02935,,0.9129172553972147
CUST02936,0.9998991577664268,
CUST02937,0.9997295895543444,0.9582484653271095
CUST02938,,1.4796982442050945e-10
CUST02939,0.9999479905301722,0.9999999020511343
CUST02941,0.9938925753080203,8.822094525362403e-09
CUST02942,0.9999858138346254,0.9997496830931327
CUST02943,0.9999395152492779,0.5679504446483121
CUST02944,0.9999677840384834,
CUST02945,0.999979698096394,0.021881891169238905
CUST02946,0.9999924349063165,0.9999706898125645
CUST02947,0.9999511674989922,0.014660492150349633
CUST02948,0.9998101903293563,9.701348070762632e-07
CUST02949,0.9977823190493811,1.0302124664457049e-08
CUST02950,,0.9999946785343997
CUST02951,0.9999371852065734,0.9999999962612207
CUST02952,0.9999068292368537,
CUST02953,0.9999688959803088,1.642096644845107e-09
CUST02954,0.999978410941773,0.0003070924128534802
CUST02955,0.9996590649676238,0.3156536507718474
CUST02956,0.9997822438036805,0.00474630688616873
CUST02957,0.9999346053686956,
CUST02958,0.9987463511669987,7.809656860151587e-05
CUST02959,0.9996893354391029,0.002351465939644141
CUST02960,0.9999714701683232,0.05751506322898235
CUST02961,0.9998704683179658,
CUST02962,,1.2926812340155219e-11
CUST02963,0.9981075844090018,1.918942149085731e-06
CUST02964,0.99865045062732,
CUST02965,0.9999979211683497,0.9999999953290304
CUST02966,0.9994194558200792,1.132694405966037e-07
CUST02967,0.9999153884257538,0.0010101448539792507
CUST02968,0.999994503254808,0.999756488221116
CUST02969,0.9976592030145381,4.3935459672010907e-08
CUST02970,0.9999691959664968,0.9999999987965418
CUST02971,0.9971614414015215,1.774385853286392e-05
CUST02972,0.9999871136377547,
CUST02973,0.9611206772866709,2.5998500344630303e-08
CUST02974,0.9999703202826844,0.9999999703499389
CUST02975,,0.00013590749522376255
CUST02976,,0.9999985393966582
CUST02977,0.9999829773272043,0.020542917915648475
CUST02978,0.9999965678775591,0.007623400375577248
CUST02979,,5.727279565635283e-13
CUST02980,0.9639723820109022,1.6939645720907003e-06
CUST02981,0.9998469652081076,0.004014336205788857
CUST02982,0.9999084279802027,9.90686159647742e-05
CUST02983,0.9997988134358802,0.9988599101085304
CUST02984,0.9942622094782352,4.908431469218069e-09
CUST02985,0.9999905593536583,0.9999998058077229
CUST02986,0.9990849845662958,3.4519222295278853e-06
CUST02987,0.9998105015566231,0.022005247326244974
CUST02988,0.9993758762392068,5.0043905092994375e-09
CUST02989,0.9998612587649444,0.04771827673610561
CUST02990,0.9998914914030501,0.0005032314540232051
CUST02991,0.9999949775869408,
CUST02992,0.9977431894215101,0.9999974088078359
CUST02993,,1.6506720195155233e-07
CUST02994,0.9977512691311234,1.1178699743501762e-09
CUST02995,0.9999627121563797,0.1619083070749386
CUST02996,0.9999214521651487,0.0011025245068859793
CUST02997,0.7483711567768276,3.3673734078992368e-12
CUST02998,0.999986074291496,0.9999998629642594
CUST02999,0.9998281183233281,0.6722621808600953
CUST03000,3.8139279080920315e-05,2.0637276467779005e-12
CUST03001,0.9999909067728957,0.9998279743317888
CUST03002,,1.3456738539041552e-12
CUST03003,0.9999453244768829,0.01867831596317727
CUST03004,0.9999906701369373,0.9999999994949484
CUST03005,0.998954055318468,
CUST03006,0.9999832501042946,
CUST03007,0.9933517088384773,4.98963464142603e-10
CUST03008,0.9999878844957635,0.999999994634515
CUST03009,0.9999634334695108,5.91518627003701e-05
CUST03010,0.9999678781617382,0.03549799892225308
CUST03011,0.9956860297809523,1.4829286965818853e-06
CUST03012,0.9996679901498183,5.634043439809159e-10
CUST03013,0.9992855158363589,7.796523247157172e-06
CUST03014,0.9998691344187571,0.595088282411304
CUST03015,0.9992676065511485,
CUST03016,0.9999429703081636,0.9999959727394122
CUST03017,0.9993746547800085,
CUST03018,0.9999423984520902,0.0005799424324611182
CUST03019,,0.0013778247450305285
CUST03020,0.9999863582991092,0.9996858540553544
CUST03021,0.9999519743187834,0.4222291085505341
CUST03022,0.9999815280866494,
CUST03023,0.9999939302818451,0.9995608349756476
CUST03024,0.9999857418058403,6.345137786803401e-05
CUST03025,0.9999807615306057,0.9998633930716648
CUST03026,0.9999941667935205,7.532075857857603e-05
CUST03027,0.9990009853520009,0.04176536524801173
CUST03028,0.9999831609216753,0.9994545304099272
CUST03029,0.9997374052515711,0.999961042633625
CUST03030,,3.5179154249560966e-07
CUST03031,0.9996681329662207,0.9999957799200155
CUST03032,0.015639729546008625,0.004709035201186559
CUST03033,0.9999463004931781,
CUST03034,0.9998156677793955,3.4679412895722774e-07
CUST03035,0.9999993909163827,
CUST03036,0.9998896256043736,0.9985742716528496
CUST03037,0.99999048412758,0.9999999993510722
CUST03038,0.2503367897241348,
CUST03039,0.9999867424468457,
CUST03040,0.999991083079594,0.9999585227813047
CUST03041,0.9999925644865125,0.73397057393817
CUST03042,0.9995671667170015,3.9388895062568716e-05
CUST03043,0.9998682441329388,0.015496780185516876
CUST03044,,0.25437776024423503
CUST03045,0.9999522904233485,0.9999999801106305
CUST03046,0.9999902710837871,0.22980691616016838
CUST03047,0.9999959719934565,0.9999997812059843
CUST03048,0.9999935148339292,0.9999999952936935
CUST03049,0.9999957261981497,
CUST03050,0.7758348748974739,0.14798223731704424
CUST03051,0.9998505302196363,0.9988867160755329
CUST03052,0.9999929086124902,0.9999999759233745
CUST03053,0.999911105071047,0.9999540309978971
CUST03054,4.727720806752787e-05,2.705604054126948e-12
CUST03055,0.9665779221303604,4.3528896962231344e-09
CUST03056,0.9998591848826577,1.2682175814245071e-05
CUST03057,0.9852530789652494,1.3299452072069977e-11
CUST03058,0.014566994223849147,1.23052581608664e-07
CUST03059,0.9997930944338362,0.00035013517905236696
CUST03060,0.9981012705439,3.1614333721500503e-09
CUST03061,0.005913904851557964,8.051699457411289e-05
CUST03062,0.9999800632671475,4.654327924345638e-06
CUST03063,0.9999550238946849,0.0005450870491848273
CUST03064,,0.9999912470302788
CUST03065,0.021866324973338624,1.0301344653894742e-09
CUST03066,0.9999768257517809,0.9999999707658835
CUST03067,0.9976205996365821,2.1791165238899913e-05
CUST03068,0.9999852446533909,
CUST03069,0.9999399478207956,0.026612652233904934
CUST03070,0.9999984649351586,0.9999999861469877
CUST03071,0.9999944007947742,0.8913531311562303
CUST03072,0.999859584628583,0.03572669777436404
CUST03073,0.9999741149879516,0.9999999960903745
CUST03074,0.9999978197705323,0.9999676062022806
CUST03075,0.9999715962306615,0.999499286963379
CUST03076,0.9999725283731449,0.9999969640792468
CUST03077,0.9999668755444396,0.9998786898620368
CUST03078,,1.7349812499969257e-09
CUST03079,0.9999641782468283,2.7812011794203312e-08
CUST03080,0.9999103668678209,
CUST03081,0.9999963513099029,0.09829643792217202
CUST03082,0.9996609184939884,7.070237553566941e-09
CUST03083,,0.9999946599895349
CUST03084,0.9996064213260021,0.9999879852544615
CUST03085,0.9928437929054699,2.9004474847852023e-08
CUST03086,0.9999985970347866,
CUST03087,0.9999879123780785,0.9999999641195245
CUST03088,0.9996813445368625,2.8647040443321762e-05
CUST03089,0.3616594000558158,5.2948858398423485e-14
CUST03090,0.9999927387384837,
CUST03091,0.9999901961934243,0.07319712693106059
CUST03092,0.9992117721939489,3.47104080628018e-09
CUST03094,0.1639386459571528,2.779203854569217e-07
CUST03095,0.05945920216157307,2.5839946337700758e-08
CUST03096,0.999861276698599,0.009475917132022674
CUST03097,0.9977024696282731,1.3150651420469871e-08
CUST03098,0.999983291519414,0.999999957251976
CUST03099,0.9926288822293888,
CUST03100,0.999750826425086,
CUST03101,0.9999273742208666,
CUST03102,0.02096585181053557,3.796416189711611e-09
CUST03103,0.7009700612425854,1.8218302389606233e-09
CUST03104,0.003948777581657755,1.3137654853413758e-08
CUST03105,0.9997179148319196,5.192712181113259e-08
CUST03106,0.9999165649900817,0.8117133272238022
CUST03107,0.9999967993121888,0.0032119125257724927
CUST03108,0.9999883419704745,0.9994007734031697
CUST03109,0.9999384637618043,0.9999997271433035
CUST03110,0.999991105592771,0.9999999884395506
CUST03111,0.06785469320339883,1.7385750236606153e-06
CUST03113,0.998477670722746,2.060425693100653e-08
CUST03114,0.9999253916648849,0.9983610935103272
CUST03115,0.0889810284991027,7.922347261021762e-07
CUST03116,0.08873360457938859,1.2326576745293374e-09
CUST03117,0.9997697967405074,0.9961419265579302
CUST03118,,0.999999896505382
CUST03119,0.9992196136027076,3.1132484976835926e-06
CUST03120,0.9999988221803598,
CUST03121,0.999976945260066,
CUST03122,0.9996654978248054,2.761309713621281e-07
CUST03123,,2.0671832934120347e-06
CUST03124,0.0043048348036238224,
CUST03125,0.9996875818273568,0.9998924827216034
CUST03127,0.9999496071986863,
CUST03128,0.994264023111412,7.880219793700884e-07
CUST03129,0.9899278925453564,
CUST03130,0.9999592986035492,
CUST03131,0.9999855919530531,0.9998826976601601
CUST03132,0.00018867181603571435,2.6823767695062664e-11
CUST03133,0.9999833190509204,0.2011404791089849
CUST03134,0.9998075929430703,4.262615839387449e-05
CUST03135,0.9995753462569825,0.999999639062971
CUST03136,0.9999825808549672,0.9257213189270922
CUST03137,0.999990770814054,0.9999974360824456
CUST03138,0.9999993324469025,
CUST03139,,1.665022332365281e-09
CUST03140,0.9979572226680568,1.867156855325089e-10
CUST03141,0.9994419910898655,0.017747351382279734
CUST03142,0.999726657294628,
CUST03143,0.9999547204902244,
CUST03144,0.9998350018402397,1.5336613372704217e-08
CUST03145,0.9999943607858485,0.9999999913482888
CUST03146,0.999969728749756,0.80616097352523
CUST03147,0.9962181007335411,1.225603655979121e-07
CUST03148,0.9999963602687371,
CUST03149,0.9998769318222319,
CUST03150,0.998349632464665,0.16955188379328134
CUST03151,0.9999708524019886,0.9998593898334094
CUST03152,0.04612099320391298,
CUST03153,0.9998552283672878,5.871824586015985e-08
CUST03154,,0.6972679183097306
CUST03155,0.9924546882875731,
CUST03156,0.9999829034995078,0.06067672024310198
CUST03158,0.9999949472841276,0.5809813952336726
CUST03159,0.9999916675866866,0.9984434203835204
CUST03160,0.9991508718962488,0.06795265681866187
CUST03161,0.9710974242947535,
CUST03162,0.9999638585840216,5.40364897392731e-07
CUST03163,0.9843695900142062,3.092098735045918e-08
CUST03164,0.998931248781432,1.2084415111198025e-08
CUST03165,0.9991190444097581,
CUST03166,0.9999495511192781,0.9998811910190709
CUST03167,0.9999236204706863,0.9999324682450805
CUST03168,0.9999814730904895,
CUST03169,,0.9999980812894338
CUST03170,0.9999911295732992,0.07519332584400511
CUST03171,0.9999991976204335,
CUST03172,0.9999908167896787,0.9999971912345097
CUST03173,0.9996581573659828,3.2861656087480357e-06
CUST03174,,2.1212540910266926e-09
CUST03175,0.9999696434093335,0.028688063105905864
CUST03176,0.9999789752233493,0.01578620064627761
CUST03177,0.9618546451585145,1.3863782517114618e-10
CUST03178,,1.2950686923957156e-09
CUST03179,0.999975257084413,0.000396685182749277
CUST03180,0.9999710073860926,
CUST03181,0.9999334642033245,0.013531307369649229
CUST03182,,0.9630119030008467
CUST03183,0.9999196774079245,
CUST03184,0.9999771258514448,0.9993524617836967
CUST03185,0.9998749633080034,0.07849666339510962
CUST03186,0.9072973606101378,5.944457366786681e-07
CUST03187,0.9986308843710208,4.396365380278647e-08
CUST03188,0.9965100020286782,
CUST03189,0.9999987221134107,
CUST03190,0.9999124492872733,0.08879866686247118
CUST03191,0.9999431212160156,0.9523147073680222
CUST03192,0.9999809500420406,
CUST03193,0.9998250798242851,0.9999998073951442
CUST03194,0.9999397419164843,
CUST03195,0.9997367820916551,0.9977528338752241
CUST03196,0.02101330659583469,3.1241401677019836e-08
CUST03197,0.9999920184466928,
CUST03198,0.9999975624824669,0.6117950440353334
CUST03199,0.9998698431725646,0.015594022628496294
CUST03200,0.999895645316655,0.9999969427563768
CUST03201,0.9999964948305339,0.9999918645349904
CUST03202,,0.9999967598160592
CUST03203,0.9998455853674298,0.005384225983192519
CUST03204,0.9999890779822441,0.002192313193723063
CUST03205,0.9999416918511872,
CUST03206,0.9998949405737937,0.08539220872578836
CUST03207,0.9996426808680824,0.9999516505037629
CUST03208,0.9999769867605576,0.1604974457118895
CUST03209,0.9999613184315838,
CUST03210,0.9975704117383052,3.498296511452533e-05
CUST03211,0.9999954778442653,0.9999957796840085
CUST03212,0.9994859706032468,4.074852314444366e-06
CUST03213,0.9998925434650087,0.003934322176468483
CUST03214,,0.9999998991751049
CUST03215,0.9999905965147833,
CUST03216,,3.592779834682405e-12
CUST03217,0.9910620840413189,1.378510848453838e-10
CUST03218,0.9999394181967584,
CUST03220,0.9982372432411929,
CUST03221,0.9999979360831542,0.9999996490608468
CUST03222,0.9997682355118702,4.063818553603508e-08
CUST03223,0.9999251319994674,0.9999999985904888
CUST03224,0.9999734502219275,0.9997058128822246
CUST03225,0.9997082174678138,0.9985442111349311
CUST03226,,2.802975464392941e-05
CUST03227,0.9996022132921393,0.006958397801476129
CUST03228,0.9999649078309747,0.9999999047800101
CUST03229,0.9990374539040533,0.007157647111415691
CUST03230,0.9999933046087823,0.9999999966205242
CUST03231,0.0018001834679775353,8.300524508127018e-09
CUST03232,0.9999815804619142,0.9999999735482157
CUST03233,0.9996489614365152,1.0362511483958882e-07
CUST03234,0.9999638924401174,0.9968206834259353
CUST03235,0.998354764281479,2.820040812608763e-06
CUST03236,0.9999732153320031,0.001109650552457312
CUST03237,0.9998348964157948,0.004357718259344221
CUST03238,0.9999640198397607,0.594624931027692
CUST03239,0.9999004909659519,
CUST03240,0.999958992377907,0.09647414177570264
CUST03241,0.9999600057271765,0.05067699368557199
CUST03242,0.9999717334649781,0.9999999892391093
CUST03243,0.9460235380753547,2.823081654750595e-11
CUST03244,0.9999780847640941,0.9999999829640392
CUST03245,,1.45790141403019e-09
CUST03246,0.9999395333075705,0.9976628631383975
CUST03247,0.9998661725730291,1.6845765107938482e-07
CUST03249,0.9999668727735325,0.08577065131880421
CUST03250,0.998774295223046,4.167140135426808e-05
CUST03251,0.9955795069611163,1.1302960801578787e-10
CUST03252,0.49178774871262737,9.017805820232356e-07
CUST03253,0.9999882617482985,0.9999999998441347
CUST03254,0.999967180741858,0.9988323773484878
CUST03255,0.9999956100006706,0.9999999995335402
CUST03256,0.9999864531016502,0.9999997135639397
CUST03257,0.9977609869948618,8.548489214398595e-11
CUST03258,0.9999783722242453,
CUST03259,0.9992191162789209,0.006309102715936505
CUST03260,0.9966398658996665,0.08776067070176105
CUST03261,0.999943084951199,0.17583105600815932
CUST03262,,2.35541663940901e-06
CUST03263,0.9998767717615213,0.025481815560597275
CUST03264,0.9999803661234913,0.9999999936745143
CUST03265,,0.35627436507711535
CUST03266,0.9999518107089729,0.9999999117980347
CUST03267,0.9999782151825563,0.9997946733429175
CUST03268,0.9999966307735862,0.9999999969199955
CUST03270,0.9995395585765655,3.823236415917581e-09
CUST03271,0.9997961545382349,4.4953002831081686e-07
CUST03272,0.9999254662354711,0.9988715286361246
CUST03273,0.993658274339592,3.267240450290616e-09
CUST03274,0.9998053377895894,0.011373571593791043
CUST03275,0.9984269774365774,5.192376451755116e-08
CUST03276,0.9994307119120686,2.151422030632535e-07
CUST03277,0.9964564180709519,0.000310520329973456
CUST03278,,8.051909487862554e-05
CUST03279,0.9999377903321746,0.9999759518244374
CUST03280,0.9999643681322476,
CUST03281,0.9999805558094689,0.9995942375693189
CUST03282,0.9999208996517067,0.9992174436138255
CUST03283,0.9999858969472732,0.999999991823418
CUST03284,0.9195179268033179,0.023974015130168367
CUST03285,0.999984792104749,0.9992266055881402
CUST03286,,0.9999612599021791
CUST03287,0.99997472354293,
CUST03288,,0.999909848910715
CUST03289,0.999975981597706,0.9997159339309227
CUST03290,0.9751844784089854,1.2853520626008855e-08
CUST03291,0.9998236187175722,
CUST03292,0.9999930307192954,
CUST03293,0.9995532845609403,1.5585021163254293e-07
CUST03294,,3.761861589527014e-05
CUST03295,0.9996642768361719,
CUST03296,0.9999639192599937,0.9998326441659788
CUST03297,0.9999987621719731,0.9999999572997762
CUST03298,0.9997797933686154,0.0001432744853440794
CUST03299,0.9998384465451223,0.0026617189854284233
CUST03300,0.9999503044141032,
CUST03301,0.9987724697968831,
CUST03302,0.9988974431887878,6.838597826900355e-06
CUST03303,0.019032140333344712,1.3786588923806589e-05
CUST03304,0.9999298968531479,
CUST03305,0.015035083730320226,
CUST03306,0.9999932431206342,0.9999017443896294
CUST03307,,9.28421103780627e-09
CUST03308,0.9998797903306101,0.0029403420201300308
CUST03309,0.9994120745129991,0.0019296664887164018
CUST03310,0.9999844200166167,
CUST03311,0.9998915062278798,4.806620353797942e-07
CUST03312,0.9999664522588773,0.9999997349112303
CUST03313,,0.0009124892679696305
CUST03314,0.9998522021000472,0.996840509871607
CUST03316,0.9999947420210061,0.9994728322173537
CUST03317,0.06427602534548899,1.4174653152868924e-07
CUST03318,0.9999757660105237,0.997672835013045
CUST03319,0.9958014082269082,1.73158725623878e-05
CUST03320,0.9999884290906275,0.9993515153714383
CUST03321,0.9999857474529339,2.3530139208233472e-05
CUST03322,0.999858592535537,0.999999922448455
CUST03323,0.9366447562786027,7.207596439886024e-07
CUST03324,0.9997653103647823,
CUST03325,0.9999349760826661,0.9481218812612641
CUST03326,0.9999976303699839,
CUST03327,0.9998895082748983,0.9999999998553508
CUST03328,0.9975957050099196,7.624231080334129e-06
CUST03329,0.9996256098126057,
CUST03330,0.9999417608680867,0.9999999846837431
CUST03331,0.9998733860915553,0.9999999499017126
CUST03332,0.9999915116989457,0.9999489955539324
CUST03333,0.9966091620450993,2.688713768730016e-09
CUST03335,0.9978468665763145,1.5924008498701957e-08
CUST03336,0.999995330908449,0.11942149057195074
CUST03337,0.9999121370486801,0.08234685732331685
CUST03338,0.9996818279984719,3.831724038744102e-09
CUST03339,0.9999750534654661,0.99999666805019
CUST03340,0.9988993240494656,3.72812603417073e-09
CUST03341,0.9872146527209982,1.235705691899354e-10
CUST03342,0.9999805124420987,0.9999999513142964
CUST03343,0.9969925676673855,2.1065971990678165e-10
CUST03344,0.9994436541100995,3.512085038980853e-06
CUST03345,0.9999838432712473,
CUST03346,0.999976548488362,0.9661236261617444
CUST03347,0.9999614130929048,0.9999999759244153
CUST03348,0.999995078304455,
CUST03349,0.9999253519521109,0.5917796879458346
CUST03350,0.8726063291602294,
CUST03351,0.9946123029499327,2.26905642227881e-06
CUST03352,0.9999789854172864,
CUST03353,0.9463276294487886,2.491681787172896e-11
CUST03354,0.9777703967388416,9.916909062219328e-12
CUST03355,0.9998893286264664,0.9999812152657526
CUST03356,0.9989345584985638,1.685396296834771e-07
CUST03357,0.9997195474219444,0.9960178735802229
CUST03358,0.9999237391539022,0.011872740849566271
CUST03359,0.9996010144491914,7.632884275912836e-05
CUST03360,0.999511459913326,0.007645112327702302
CUST03361,0.9998431896851407,0.8631484206464862
CUST03362,0.9984491263213473,1.8160202045037625e-08
CUST03363,0.9458027300363215,5.82296304486063e-11
CUST03364,0.9968833728481493,1.478403811452593e-08
CUST03365,0.9999889372077899,0.9999999622214722
CUST03366,0.9999922242729059,0.999999998238057
CUST03367,0.9999944047317311,
CUST03368,,1.2468838153861799e-05
CUST03369,0.9999722933396452,0.15994314065061654
CUST03370,0.0023475235445793025,1.1906596088549501e-12
CUST03371,0.04215900485440025,2.328599320047882e-07
CUST03372,0.9999691749915006,
CUST03373,0.9994263914072651,5.37730127652845e-08
CUST03374,0.9996732668593369,0.9998441762158551
CUST03375,0.99989355628271,0.0001028749461096478
CUST03376,0.9998290732016036,2.6931722867285823e-09
CUST03377,0.9988382270774196,0.0009806836711119455
CUST03378,0.9998408421161158,0.9999996323246461
CUST03379,,0.815009755014519
CUST03380,0.9999657354988293,0.9999999200445637
CUST03381,0.9999365648255881,0.9966221426118407
CUST03382,0.9997232364645988,6.28161754894763e-06
CUST03383,0.99996604773476,
CUST03384,0.9982001680044009,1.1396221969082009e-07
CUST03385,0.9996498916435486,
CUST03386,0.9953659348581144,4.5051752448416766e-08
CUST03387,,0.9999998407731132
CUST03388,0.9989353703489708,2.9152169959101335e-08
CUST03389,0.9999157624316796,0.9999998999649653
CUST03390,0.99834611581579,0.13053393307854155
CUST03391,0.9999388675530277,4.720784219230557e-05
CUST03392,0.9999037948771623,
CUST03393,0.9999798529752509,
CUST03394,,0.5019515565512025
CUST03395,0.9966345275036398,5.333920995653574e-07
CUST03396,0.9998823220151117,
CUST03397,0.9998783903422617,0.019148272466418193
CUST03398,0.9998817648312635,0.9989214917929045
CUST03399,0.9999931123754736,0.9999969402105846
CUST03400,0.999702760396659,
CUST03401,0.9999952589965401,0.9994323094458394
CUST03402,0.9999305829764736,
CUST03403,,0.23586538013912692
CUST03404,,2.695728468995619e-10
CUST03405,0.9827421277790458,
CUST03406,0.9998109738187738,0.11955121484223745
CUST03407,0.9999575569023114,0.9994269234184675
CUST03408,0.9999953481469988,
CUST03409,0.9999443415026879,0.8950881123306943
CUST03410,0.9961728391245026,9.890938782752075e-10
CUST03411,0.9999904136398137,0.9999999996220585
CUST03412,0.9771607562703142,7.994631091189338e-08
CUST03413,0.9999930181688623,0.9997927247363422
CUST03415,0.9986076270771903,0.00024958730146954985
CUST03416,0.9999882188374483,0.056259234845721574
CUST03417,0.9998810583768769,0.9987740482448942
CUST03418,0.9999867603236439,0.9981801935702295
CUST03419,0.9999820596956652,0.9998551667397223
CUST03420,0.9999859496764701,
CUST03421,0.9996985720959953,
CUST03422,0.9999870571095953,0.9998169203866547
CUST03424,,1.376013094941335e-10
CUST03425,0.9998456065450976,0.9983378205457245
CUST03426,0.999989591597384,0.9999999966556674
CUST03427,0.9999988117806246,
CUST03428,0.9998272859297653,1.5127875901295956e-05
CUST03429,0.9999910399712114,
CUST03430,0.07291575882958014,1.705767270672248e-08
CUST03431,0.9999733174519958,0.046171708726341305
CUST03432,0.0007023037317624537,5.497817917310879e-10
CUST03433,,0.0001332167434677356
CUST03434,0.996444854382154,0.017508922148190255
CUST03435,0.9999803263527273,0.9987023114937094
CUST03436,,2.510308287495211e-11
CUST03437,0.9998141025562104,0.0007377820652254327
CUST03438,0.999994067741488,3.568634143611038e-06
CUST03439,0.9999580160053266,0.9999999577345116
CUST03440,0.9974507884198777,3.488205601744419e-11
CUST03441,0.9999401036930409,0.9999992553933756
CUST03442,0.9999674087433058,0.003069576880381694
CUST03443,0.9999289971912084,0.09784932919073298
CUST03444,0.0013085156269270872,8.521145547311419e-05
CUST03445,0.9999389011237061,0.07070260554149074
CUST03446,0.9998130411074806,0.9871606390759797
CUST03447,0.9999078887842832,0.9519880882685138
CUST03448,0.9999964959885219,
CUST03449,0.9999633049697925,0.9999999797541586
CUST03450,0.9990338540665733,5.723297828836528e-06
CUST03451,0.9999931044590316,0.016013860031359076
CUST03452,0.9952447464255919,4.231715602856679e-09
CUST03453,0.999986560085121,0.9998910667581086
CUST03454,0.997286722697676,0.6521507366904151
CUST03455,0.9999849980522283,
CUST03456,0.9999816751347544,0.9999716870947654
CUST03457,0.999974078689346,0.18173104850533292
CUST03458,0.9999498560485638,
CUST03459,0.9999480433656855,0.9999999879027709
CUST03460,0.999525782851771,7.007191567247689e-09
CUST03461,0.9994870237171559,1.343221290603965e-05
CUST03462,0.9991729055516447,2.4971446789242185e-05
CUST03463,0.9994718546787824,9.193660536300923e-05
CUST03464,0.06203537201586065,
CUST03465,0.999978472539367,0.9998071512346937
CUST03466,0.9999851306009718,
CUST03467,0.9999082455648288,
CUST03468,0.9746179889050213,7.130324252044865e-09
CUST03469,0.9999894428239716,
CUST03470,0.9995709566597508,0.026581743959859794
CUST03471,0.9999963006962581,0.7707814577220895
CUST03472,,0.9856049210209318
CUST03473,0.12215547997224993,
CUST03474,0.9999213601866662,0.13976576133519367
CUST03475,,8.835401645874872e-12
CUST03476,0.9996510042043676,8.486738699801321e-06
CUST03477,1.779998673660153e-07,5.400301971899943e-09
CUST03478,0.9999416767341711,
CUST03479,0.9964333234017285,0.9997101392965737
CUST03480,0.9995548695758001,0.9977361677667099
CUST03481,0.9994383325440249,6.301022041423222e-10
CUST03482,0.9968644692294515,8.12310942064001e-09
CUST03483,0.9998316739090439,
CUST03484,,0.2976199162027628
CUST03485,0.9999127744379817,0.033806629347330086
CUST03486,0.9869321356206726,5.968422917551199e-10
CUST03487,0.9993007990511703,0.0018429282860133553
CUST03488,0.9997693343678927,0.9999999839423637
CUST03489,0.9998454002642032,2.1307881699161328e-05
CUST03490,0.9999620364378906,0.0023076869886595724
CUST03491,0.9999829362391108,0.08528591688174628
CUST03492,0.9997813857935256,
CUST03493,0.004278239100565474,2.383544630295609e-09
CUST03494,0.9999535535172842,0.055175355980392554
CUST03495,0.9999723457933611,0.9997634663541237
CUST03496,0.9997904957071282,1.1524253461252686e-07
CUST03497,0.9999443828907315,0.12516311307820377
CUST03498,0.9994844029288074,
CUST03499,0.999847142324439,0.07625416788956141
CUST03500,0.005289105581759332,3.983355717061771e-11
CUST03501,0.19938583552998887,0.6229331399744621
CUST03502,0.9985841800820011,
CUST03503,0.9987746386219032,
CUST03504,0.9999904476920853,
CUST03505,0.9999833038764756,
CUST03506,0.9999942001728073,0.050249641654274035
CUST03507,0.9999644902481836,0.9999999703857596
CUST03508,0.036088465367711216,3.0440149774473814e-09
CUST03509,0.9988139365800844,
CUST03510,0.9999928843588765,0.9999999382023137
CUST03511,0.9992936247141012,3.234739984528562e-08
CUST03512,0.9908091689209351,7.518590369136888e-05
CUST03513,0.9999798858728809,0.05486715999235875
CUST03514,0.2181797761126542,1.3450454978243118e-07
CUST03515,0.9992509836176869,1.2168062385979217e-07
CUST03516,0.9999968411409104,
CUST03517,0.9999972801044743,
CUST03518,0.9999642332221149,0.8965051905876232
CUST03519,0.9997993914300028,0.005732762276240865
CUST03520,0.9999758588688419,0.9992513149918199
CUST03521,0.999998503973717,0.9999910969766451
CUST03522,0.9999513275974369,5.1007208911566684e-05
CUST03523,0.9989354156179476,5.031219482004741e-07
CUST03524,0.9998048244852569,3.380878323615623e-08
CUST03525,0.9974103142846908,8.509278467191425e-07
CUST03526,0.9999973550746243,0.9884566819234222
CUST03527,0.9999193745867793,
CUST03528,0.9999996242518514,
CUST03529,0.9976397255060706,3.7304055458001913e-08
CUST03530,0.9974383600924966,2.5732294319587657e-09
CUST03531,0.999987346415449,0.12171583030170444
CUST03532,0.9957000608096547,3.3743189073495875e-10
CUST03533,0.9999749697785605,0.9999999229894719
CUST03534,0.9975674806120589,2.4765254050643214e-10
CUST03535,0.9999781182996935,0.0029849743457992695
CUST03536,0.9995184236112671,4.135791148523508e-05
CUST03537,0.9995725482765035,8.035460000134627e-05
CUST03538,0.9996520101479875,2.0936999041305085e-09
CUST03539,0.9997067998835114,0.9411753822993264
CUST03540,0.9999295245820782,
CUST03541,0.9999700529975172,7.420995471091689e-06
CUST03542,,0.9999999682225108
CUST03543,,0.9942373766138007
CUST03544,0.9976324283509949,
CUST03545,0.9999909824152233,0.9992825452635105
CUST03546,0.999946718360088,0.9858857782188238
CUST03547,0.9999595945557361,0.7671021464358133
CUST03548,0.04407213291883222,5.097493649774681e-09
CUST03549,0.9824354397913404,7.569158341789056e-08
CUST03550,0.9997071112101743,0.0015116890633305345
CUST03551,0.9999112571580744,0.0412897624988809
CUST03552,0.9994302489292748,
CUST03553,0.9999917925631014,0.9958674436277415
CUST03554,0.9999760917728902,0.9999993432289874
CUST03555,0.9999712463411989,
CUST03556,0.9999896807683167,
CUST03557,0.9999896061268952,0.9999999042683366
CUST03558,0.9999513897589916,
CUST03559,0.9999969288262761,0.9999999067889072
CUST03560,0.999996857604135,0.9999999974330802
CUST03561,0.9997328554444695,0.013154416623892329
CUST03562,0.9999916157137194,0.9979888726809649
CUST03563,0.9999986578292746,
CUST03564,0.9999188001240914,0.9756568135579375
CUST03565,0.999980676686668,1.7714772963861314e-05
CUST03566,0.0009979315918674514,1.0481282766824033e-08
CUST03567,0.9998895385182412,0.9999999989384589
CUST03568,0.9999575707441426,0.004939973651663047
CUST03569,0.9999979988557519,0.9999999952284544
CUST03570,0.9999970835831983,0.9999609628716658
CUST03571,,8.828852941565243e-06
CUST03572,0.9999502202571835,0.08403628780003584
CUST03573,0.9999081312282132,1.9108045094015988e-07
CUST03574,0.995659830473211,3.0267816403851477e-07
CUST03575,0.9999702662223539,0.9992838934962828
CUST03576,0.9941429379691173,7.678574980603062e-05
CUST03577,0.9999913757888357,0.13514257632269297
CUST03578,0.9998381302550731,0.9995372325685901
CUST03579,0.9990085228523349,
CUST03580,0.9995821101910806,0.0025841898815171876
CUST03581,5.512372499313161e-06,2.799954180019499e-12
CUST03582,0.9968495653869593,0.06149516667977911
CUST03583,0.9999375448136435,0.0002514042888051961
CUST03584,0.9999911550850855,0.282034035489022
CUST03585,0.9998398782380579,0.9983157241244665
CUST03586,0.9999914369403368,0.0001871329841711665
CUST03587,0.9995702288593298,0.03847204693856189
CUST03588,0.9982759797879577,2.7995830975286535e-05
CUST03589,0.9998720697221656,0.13957557117881725
CUST03590,0.2293076940403233,1.7230767247817135e-12
CUST03591,0.9988108986130495,8.871986288337012e-05
CUST03592,0.9999065691639577,0.9999999905629374
CUST03593,0.6928409126403797,9.322204000227144e-08
CUST03594,0.9999419280801499,
CUST03595,0.9999894935901602,0.9990024068329247
CUST03596,0.9935869257186977,4.163097664066225e-09
CUST03597,0.9995483865691621,0.0010196495227357512
CUST03598,0.9999244401927517,
CUST03599,0.9999658758839557,
CUST03600,0.999992537287765,0.9998988027387152
CUST03601,0.9999946166277802,0.9999999994593314
CUST03602,0.8142507779552013,5.542780300995329e-09
CUST03603,0.9999508519907497,0.13092744900680325
CUST03604,0.9999969878865992,0.9999797606987508
CUST03605,0.9994747356703132,4.197243714521347e-07
CUST03606,0.9999787375084074,0.9960660815511504
CUST03607,0.9999599671159778,
CUST03608,0.9979180225742065,1.1569275956167285e-08
CUST03609,0.9998476546362094,0.012677378519883353
CUST03610,0.9999708788014263,0.9999999058150539
CUST03611,0.9993679046833407,1.4197746559163996e-05
CUST03612,0.9999546652543794,0.026803143959737343
CUST03613,0.9999939057712177,0.9996340201262073
CUST03614,0.9998792315205937,0.002818531515901981
CUST03615,0.9992650746063797,6.359709930526164e-07
CUST03616,0.9945435393569888,4.749218272520861e-08
CUST03617,0.9999975785391164,0.47961161990819284
CUST03618,0.9986518198913437,5.610138402249206e-06
CUST03619,0.9989780404931131,0.9999966175218497
CUST03620,0.9999389710275389,0.017334601638828485
CUST03621,0.9999914067710254,0.9991076918060213
CUST03622,0.9996596582573296,0.9999382590866038
CUST03623,0.9999828334791709,0.9999999983888472
CUST03624,0.9997320724117512,0.0018064969200230314
CUST03625,0.9999914583555232,
CUST03626,0.9999835348994395,0.8901961606800757
CUST03627,0.9993478194353013,
CUST03628,0.9986385392595073,7.782801814712109e-08
CUST03629,0.9997919673144903,
CUST03630,0.999971030383657,0.03506420593384618
CUST03631,0.9979819288187514,8.145111170433424e-07
CUST03633,0.9999252596775677,
CUST03634,0.9999927380947161,0.9999999929005983
CUST03635,0.9999822119380856,0.9984355646447577
CUST03636,0.9999792549827184,
CUST03637,0.9999724219633467,0.5963350967478105
CUST03638,0.9996891968337531,
CUST03639,0.9990498105638157,3.845503886484413e-06
CUST03640,,2.690353765418961e-06
CUST03641,0.9988347910748689,1.519383341911637e-06
CUST03642,0.9945986414966311,4.729658162282226e-07
CUST03643,0.9999970345480215,0.9999875487653324
CUST03644,0.9995840715360674,4.44276875757689e-05
CUST03645,0.99999070037396,
CUST03646,,0.9999999999987275
CUST03647,0.9999071568112964,
CUST03648,0.0003263720417289646,7.21856305701213e-11
CUST03649,0.9999413124631998,0.01123534426351676
CUST03650,0.9997880071509458,0.5940149936358277
CUST03651,0.9978068196638991,4.258200019697378e-09
CUST03652,0.9997923301572688,0.0020630691951443424
CUST03653,0.998523396635219,0.8805361234837203
CUST03654,0.9968029485001194,
CUST03655,0.9984670416024864,7.262566636974525e-07
CUST03656,0.9999715394580003,0.001314679967316293
CUST03657,0.9999578504491358,0.03986761248873646
CUST03658,0.9999178592524158,
CUST03659,0.9999919066168554,0.9999967226536951
CUST03660,0.9999792315495509,0.999760650802686
CUST03661,0.9999965470416085,0.9999999903291873
CUST03662,0.9998325501521667,3.813287823428366e-05
CUST03663,0.9998968306193945,0.9997426930328344
CUST03665,0.9999388776701752,0.9836537744838854
CUST03666,0.9963044103585753,3.193673426099574e-08
CUST03667,0.9998395346678375,0.9983207879583971
CUST03668,0.9986794321936768,7.45109198011765e-08
CUST03669,0.9995718970566531,0.9947548235390327
CUST03670,0.9997004420192633,0.9999991287632178
CUST03671,0.9999818937568274,
CUST03672,0.9999104465979441,0.003938150604110531
CUST03673,0.9999815736253752,
CUST03674,0.9982199765928343,0.7596827850884131
CUST03675,0.2379044275940314,
CUST03676,0.9999632268612714,0.16771108004261728
CUST03677,0.9999801891848062,0.9913519440904467
CUST03678,0.9999524214777574,0.00017153228599465546
CUST03679,0.9998253074799933,0.9999998414836138
CUST03680,0.9998841874485468,0.2675001877494116
CUST03681,0.9998951459985326,0.014939454200130271
CUST03682,0.9961411090790987,3.9155071546207374e-11
CUST03683,0.9999848677790414,
CUST03684,0.9999332375959569,0.9999686183977395
CUST03685,0.5901731215478886,1.2606469374614402e-08
CUST03686,0.999966796096778,0.9885344854297841
CUST03687,0.9996599487296146,
CUST03688,0.9999657403239083,0.19484020685954667
CUST03689,0.9100074209911536,1.0368326582326793e-10
CUST03690,0.9999766229329147,0.9999603162785908
CUST03691,0.9999926981040393,0.9977433671891796
CUST03692,0.9999602407655616,
CUST03693,0.9999962341209104,0.999993037366905
CUST03694,,0.9999413832704583
CUST03695,0.9999669740711649,0.3503136512670771
CUST03696,,0.9838807128085925
CUST03697,0.9997277341491101,0.024744112540538255
CUST03698,0.999979863336411,
CUST03699,0.9999625086714398,0.9999999906052145
CUST03700,0.9994325138028701,0.003147306218504968
CUST03701,0.9999781697106673,0.9999999364702825
CUST03702,,3.356106474896982e-11
CUST03703,0.9999650179050295,0.9999996032759604
CUST03704,0.9998441764864818,0.1906675824508649
CUST03705,0.9999964132889184,
CUST03706,0.9867987781186889,2.259418874473348e-08
CUST03707,0.9999247674529723,0.12418808663659697
CUST03708,0.9939925078560338,2.6735387078867362e-08
CUST03709,0.9942805857042532,9.20002414716268e-08
CUST03710,0.9999998476630242,
CUST03711,0.9719043313110751,
CUST03712,0.999988962662243,0.9995154915390182
CUST03713,0.9989393246997379,
CUST03714,0.019450441762726433,0.0008789183302006809
CUST03715,0.9999193568514027,2.991575472492475e-07
CUST03716,0.998572855132892,3.1624868320992375e-07
CUST03717,0.9999946334881187,
CUST03718,0.983269704549675,
CUST03719,0.9996245262085252,2.234623166455947e-08
CUST03720,0.9998831711584709,
CUST03721,0.9995239365635975,0.9994681254556996
CUST03722,,0.8796973395336818
CUST03723,0.9999168267792717,0.9978715092670924
CUST03724,0.9992086034728135,
CUST03725,0.9999728887561715,0.9999998992578448
CUST03726,0.9999809354572826,0.5061230583296885
CUST03727,0.9998646965498817,
CUST03728,0.999842597641744,0.9996481720154
CUST03729,0.9999263400842209,0.9999999231246645
CUST03730,0.9943632726177638,4.191264668817115e-08
CUST03731,0.9999806405609801,
CUST03732,0.9999382640694392,7.49182622813644e-05
CUST03733,0.9970696771535558,1.5284932227073634e-05
CUST03734,0.9999515945793963,0.998246005306064
CUST03735,0.9976563572560981,2.1864727110914054e-08
CUST03736,0.9999752405058996,
CUST03737,0.9998821263814094,1.1069612552410498e-07
CUST03738,0.9995424639204179,0.9764872504045982
CUST03739,0.9999814209803225,0.0003691334281930879
CUST03740,0.9999916110131546,0.9949820412178754
CUST03741,0.9999636586585088,1.102294613662847e-05
CUST03742,0.9998929288065757,1.3869565288972513e-06
CUST03743,0.9997144991734659,0.0001203306638721798
CUST03744,0.9995602860564088,2.1599606239698927e-08
CUST03745,0.9999617921403173,0.9999807279740495
CUST03746,0.9954896767116135,5.058868786937275e-09
CUST03747,0.9999501409670815,
CUST03748,0.999996423662566,0.9999999991695216
CUST03749,0.9998918939025679,0.9742098200109814
CUST03750,0.9989626477221948,1.924940565231772e-07
CUST03751,,0.8191808064828905
CUST03752,0.9999663049724525,0.054587674783102565
CUST03753,0.9999869169991557,0.9725651146634174
CUST03754,0.9999302635300517,0.999999998969548
CUST03755,0.9999926210410607,0.9999999819439201
CUST03756,0.00868678060902988,4.940181571968557e-09
CUST03757,0.9999886343332137,
CUST03758,0.9998969518011706,0.9987871802326835
CUST03759,0.9999911531574909,0.9999999946625486
CUST03760,0.9999610014892826,0.9999225952740094
CUST03761,0.9999820324056445,0.9999999992911612
CUST03762,,0.9998717035968894
CUST03763,,4.853362939349289e-10
CUST03764,0.9999834883261314,
CUST03765,0.9999594115642026,0.05578744225691943
CUST03766,0.9999478003073293,0.7326646541372768
CUST03767,0.9999774717697073,0.01596047973363355
CUST03768,0.9998893082511021,0.023695993060575588
CUST03769,0.8996158399513924,1.200639210375696e-13
CUST03770,,0.008118907646775673
CUST03771,0.9999976354720396,0.9999999999503777
CUST03772,0.9998627398517507,0.9994948713015978
CUST03773,0.9999220925032919,0.9999982969037122
CUST03774,0.9999446862427238,
CUST03775,0.9892478928615165,3.31074559362492e-08
CUST03776,0.999989523493844,0.9999999036804914
CUST03777,0.9999761130613697,0.9999994625307935
CUST03778,0.9757250852067912,3.5242815441379098e-09
CUST03779,0.9999184276895181,0.40152668834497723
CUST03780,0.99696019253284,1.3306831489960252e-07
CUST03781,0.0020254915534482997,3.433870473452515e-11
CUST03782,0.999929134164353,0.9999999002551625
CUST03783,0.9997063798383871,0.008836194149398804
CUST03784,0.9997074029095074,
CUST03785,0.9998877298776124,0.00012269431185048395
CUST03786,0.999980542423534,0.9981497890078254
CUST03787,0.9992630448973081,1.3887818207051455e-06
CUST03788,0.9996832855442408,
CUST03789,0.9998155416807032,
CUST03790,0.9997627126989345,0.9749549426054557
CUST03791,0.9998100616843919,0.9872757998289368
CUST03792,0.9999244313659734,0.9999878498292124
CUST03793,0.9984690514015937,0.0003553107489348554
CUST03794,0.99988275673981,0.006973429033161824
CUST03795,0.9998836846124927,0.020670089549703282
CUST03796,0.9999890434861308,
CUST03797,0.9997349614750817,8.187758599327643e-05
CUST03798,0.9999438860326888,0.9993870745189415
CUST03799,,9.520167754108099e-06
CUST03800,0.9999971471630508,0.9999999983715135
CUST03801,0.9998446648963688,
CUST03802,0.9997216790223543,
CUST03803,0.9999800626561197,0.9858514649740422
CUST03804,0.9999283729105629,0.0249788481512794
CUST03805,0.999947818319118,0.9999089555068926
CUST03806,,2.0001427013880728e-08
CUST03807,0.9999851682000562,0.9999999945435678
CUST03808,0.9999437191777703,0.07392383406302265
CUST03809,0.9997156971184675,0.31137069516859317
CUST03810,0.996683169690986,2.855565278862334e-09
CUST03811,0.9418492449340149,4.3387208140108666e-07
CUST03812,0.9997104558735374,0.014730444831389636
CUST03813,0.985769681434512,1.980879251396537e-06
CUST03814,0.02571700814656117,6.96132651406466e-05
CUST03815,0.9996134312688455,3.2740840167456975e-07
CUST03816,0.00073156846455167,5.698342711618866e-07
CUST03817,0.09176613501656475,7.44355119831373e-08
CUST03818,0.9945957717223571,9.458283786835798e-09
CUST03819,0.9999617528586755,0.1990710576224224
CUST03820,0.9999552748955074,2.5020489451611793e-06
CUST03821,0.9999791377296745,0.9998907188860834
CUST03822,0.9999946342653362,
CUST03823,0.010530653413289216,9.063174386867222e-07
CUST03824,0.9999972359906518,0.9999997123830419
CUST03825,0.9995442210663037,0.07325093453398525
CUST03826,0.9997493108834092,0.6916293068723505
CUST03827,0.9976934598545697,0.00032595598126188046
CUST03828,0.9999307311582165,1.0603160707042841e-08
CUST03829,0.9960582271122531,8.772856934493613e-07
CUST03830,0.9999902872109208,0.0036697647174298176
CUST03832,0.9999805862264045,0.9986373735727464
CUST03833,0.9998895297508242,0.0005889522563451668
CUST03834,0.9996885308245084,
CUST03835,0.9997216733646997,6.779731286429304e-05
CUST03836,0.9996644867968424,0.9600489902015659
CUST03837,0.9999749642896637,0.999837910300251
CUST03838,0.014229150633101751,0.0004280665080572613
CUST03839,0.9997368743579741,
CUST03840,0.9998306237908862,1.0979845430358376e-06
CUST03841,0.999952627596646,
CUST03842,0.9956145565909523,0.011927025556398666
CUST03843,0.9999845754850997,1.75262046121905e-05
CUST03844,0.9996233066410504,1.484172448789871e-07
CUST03845,0.9999965377308273,0.9999999789845107
CUST03846,0.9999927457631981,
CUST03847,0.9669207370477544,6.3051707757101895e-06
CUST03848,0.9996100484575311,
CUST03849,0.9999202510601835,0.01589620393388123
CUST03850,0.9999453186119563,0.0016915089764066818
CUST03851,0.9999977137041869,0.9999999822701205
CUST03852,,0.00044637200487989456
CUST03853,0.99994824194964,4.13137174365722e-07
CUST03854,0.9999543478121512,0.024831696048193623
CUST03855,0.9901899510446718,0.03557414561349261
CUST03856,0.9961626799907899,4.275636403602517e-08
CUST03857,0.9996050310877707,
CUST03858,0.999928151915855,
CUST03859,0.9999655702181584,1.582659376038568e-05
CUST03860,0.9996594956297877,8.208295275609229e-07
CUST03861,0.9999755318214587,0.99249876291949
CUST03862,0.9999051759678971,2.263083002222645e-09
CUST03863,0.9999943487386238,0.9999948507279054
CUST03864,1.5983169958794152e-05,9.475048874680503e-14
CUST03865,0.9994612990406245,1.071520019390884e-08
CUST03866,0.999986154218565,
CUST03867,0.9999761597593987,0.05750460586325616
CUST03868,0.9996035968923666,0.045277768461292854
CUST03869,0.9999901227004799,0.4030698984160915
CUST03870,0.999940526249999,0.136903560699096
CUST03871,0.9998351012370991,0.9999996833365882
CUST03872,0.9990774999803735,0.0068131394740572546
CUST03873,0.9998260572026207,0.0006529551986212166
CUST03874,0.9998103639839527,0.9999999157905017
CUST03875,,2.484163278072653e-06
CUST03876,0.9999452949810167,0.9999999500978736
CUST03877,0.9999894264274748,
CUST03878,0.9999935264488093,
CUST03879,0.9999434191460969,0.00015260529388396108
CUST03880,0.9999945514579501,0.9996591068254614
CUST03881,0.9988217659484383,1.485624538167251e-08
CUST03882,0.9999964154426724,
CUST03883,0.9999929319344641,0.9999997815466233
CUST03884,0.9999214336018666,0.9906875270920441
CUST03885,0.9999951075883479,
CUST03886,0.010300347570570637,6.44453958740529e-07
CUST03887,0.02168660372990428,3.825758010836227e-09
CUST03888,0.9999800644702393,
CUST03889,0.9665360606467986,
CUST03890,0.956732870487542,4.6769137138541686e-11
CUST03891,0.9999708398743087,0.9999729426158167
CUST03892,0.9997201988782047,3.3394768095407666e-06
CUST03893,0.9999197541344187,0.009544276672105943
CUST03894,0.9999648663451618,0.9999626976608311
CUST03895,0.9999217924409826,0.049863000555694335
CUST03896,0.9999883379675663,
CUST03897,0.9999967630709795,0.32424253626430505
CUST03898,0.9999427450546612,0.024382559955040347
CUST03899,0.9998135871174579,
CUST03900,0.9993433510140612,7.557657299358526e-05
CUST03901,0.9999951895368625,0.9999958202262388
CUST03902,0.9999895392191591,0.9999999683529687
CUST03903,0.9999951644770113,0.99999972655085
CUST03904,0.9999658666168917,0.9999998914320616
CUST03905,0.9999289096389025,
CUST03906,0.9999914126490932,
CUST03907,0.9989164261864888,0.003128115482246847
CUST03908,0.9999758436411995,0.9999998526328446
CUST03909,0.9996829642686966,7.507812580431953e-05
CUST03910,0.9963437555657346,4.415759416248512e-09
CUST03911,0.9999492611912156,
CUST03912,0.9996173933240001,0.9402918902834266
CUST03913,0.9999928979587184,0.002574797505125261
CUST03914,0.9999853845810494,
CUST03915,0.9999210576271486,0.9992539492329693
CUST03916,0.0041988081419740975,2.120714407875361e-09
CUST03917,0.9999974844047526,
CUST03918,0.99997601426778,0.021472991824525504
CUST03919,0.9900092963878785,5.941873460635597e-05
CUST03920,0.9999948822065121,0.9999999980812027
CUST03921,0.9999966475200496,0.999972753667218
CUST03922,0.9759386752384211,0.001484541182426272
CUST03923,0.9999413883426808,
CUST03924,0.9996485112696426,0.9959937137985011
CUST03925,0.9810106587837438,1.3403940094568642e-08
CUST03926,0.9813201167539245,1.2949319302209685e-06
CUST03927,0.9999607439910875,0.0007583119748097914
CUST03928,0.02150572316177373,6.244419489938496e-10
CUST03929,0.9993237831888916,0.00532759260674493
CUST03930,0.9999921737288766,
CUST03931,0.9999273821992463,0.10254955764991852
CUST03932,0.999843507342035,
CUST03933,0.00034700240228866794,1.5760518803418518e-10
CUST03934,0.9999670536054998,0.9999908100664002
CUST03936,0.9999952488283848,0.9998846076683221
CUST03937,0.9998851712835718,0.823572062280611
CUST03938,0.9998985124442423,0.0008968011779009831
CUST03939,0.9982183422851665,4.089063112727289e-08
CUST03940,0.6947140124599439,7.633198268055588e-13
CUST03941,0.9598279705183684,1.3880958261346024e-09
CUST03942,0.9996232666962848,0.05829517316824796
CUST03943,0.01201909624700401,2.5715800936224684e-11
CUST03944,0.009857026832553106,4.9659364193053475e-09
CUST03945,0.9739304204408,7.858328673398812e-10
CUST03946,0.9999281106297807,0.9999995628692934
CUST03947,0.99999056020497,0.9948039440395029
CUST03948,0.9998691702665471,
CUST03949,0.9999944651852983,0.9999999974210858
CUST03950,0.9937806482552843,
CUST03951,0.9992823982090521,5.427220397368936e-09
CUST03952,0.9999416418723395,0.12119417539338517
CUST03953,0.999951079071728,
CUST03954,0.9999647773254652,0.9999248203982822
CUST03955,0.9998209102557107,0.00033274876966040464
CUST03956,0.999854389833107,0.9925661202583441
CUST03957,0.9998155255264211,6.019892595331781e-05
CUST03958,0.9999780447903323,0.9999999298890176
CUST03959,0.9999129205282711,0.00013717129807383464
CUST03960,0.9995183954004092,0.00034254466732222967
CUST03961,0.9881809896424303,1.0897502621099703e-08
CUST03962,0.9993533004933701,6.511118272193882e-09
CUST03963,0.9999603014898085,0.9995567222879359
CUST03964,0.9992552898946251,
CUST03965,0.9999809577016842,
CUST03966,0.9999820766147314,0.9995754572644913
CUST03967,0.9999964124800043,0.9999999816811745
CUST03968,0.9999880777168295,0.0401209962248876
CUST03969,0.9999150881980825,
CUST03970,0.9999340146523693,0.055849612522403634
CUST03971,0.9999980862364958,0.9999331292386585
CUST03972,0.9999906991429244,0.9999999385369456
CUST03973,0.999970309678425,0.9999028672003345
CUST03974,0.999656235153394,1.7760041426599873e-07
CUST03975,0.9999564813124286,0.9938903890796247
CUST03976,0.9998492578204796,2.2327249991081376e-07
CUST03977,0.18700726326387923,1.367712033734448e-14
CUST03978,0.9999347567947975,0.13801824095263035
CUST03979,0.9994996268137032,5.095022796431965e-10
CUST03980,0.9994765532130949,0.008721010221411855
CUST03981,0.9999167735748522,0.9301188389915714
CUST03982,0.9999970900705233,0.9841075000656063
CUST03983,6.347227328716229e-19,
CUST03984,0.9998657155216671,2.2101123322028576e-07
CUST03985,0.9998666451629837,
CUST03986,0.9985528048268042,2.8386991905176153e-07
CUST03987,0.999891986232154,
CUST03988,0.9999962205728934,
CUST03989,0.9993627185334009,0.0027671602346508867
CUST03990,0.9999893311436606,0.9999999924889159
CUST03991,0.9999889142509794,
CUST03992,0.9910715530688964,
CUST03993,0.9915520606184051,2.7049660639714266e-10
CUST03994,0.9999083637472027,0.999876934035286
CUST03995,0.9998145206798552,0.6372778104003587
CUST03996,,0.9999998318550974
CUST03997,0.9999871678266389,0.9370838743764583
CUST03998,0.9999930555936852,
CUST03999,0.9999290703455147,0.9997254716936336
CUST04000,0.9999830090727658,0.9999999996899425
CUST04001,0.9999742615413855,0.6774217506852123
CUST04002,0.9999120107998398,0.03693974489863402
CUST04003,0.9999777841669041,0.999999852322679
CUST04004,0.058111619947572746,2.1406236310166594e-09
CUST04005,0.007090048385518759,4.881256493452167e-08
CUST04006,0.9998958160024733,
CUST04007,0.9726080777859134,3.901514993695106e-10
CUST04008,0.9999842567061809,0.9995042088156518
CUST04009,0.9979514836661509,0.015369579024549279
CUST04010,0.9970114571752989,0.0003071055530254132
CUST04011,0.9999986990932349,0.9999947279323822
CUST04012,0.9984255033743461,8.976991741960211e-07
CUST04013,0.9999980401574807,0.9999996865090351
CUST04014,0.9999179346520364,
CUST04015,0.9999523178270454,4.575784802007391e-09
CUST04016,0.9999904390171992,1.860978065829144e-06
CUST04017,0.9999775587756083,0.998398112584656
CUST04018,0.9996377302844757,0.001847943030333214
CUST04019,0.999744674874225,3.10768768550304e-05
CUST04020,0.995301626185986,2.1528381214178948e-09
CUST04022,,0.6415545413931488
CUST04023,0.9996122643703838,
CUST04024,0.9993796112297629,0.03475565395932202
CUST04025,0.9999895189281981,0.1653701787352409
CUST04026,0.9999610804958743,0.9988381306829924
CUST04027,0.978412249310894,3.361956278973699e-10
CUST04028,0.9993067738554536,4.5580958191468723e-07
CUST04029,0.999963304344876,
CUST04030,0.999621471439468,0.9999641552159888
CUST04031,0.9999886243129458,0.5382340205149964
CUST04032,0.9998997782940776,0.04082160821467373
CUST04033,0.999947585864305,0.999282415265591
CUST04034,0.9997280702698996,
CUST04035,0.9998027194438143,1.0200927771820332e-07
CUST04037,0.9999062939341858,1.7432413555784315e-07
CUST04038,,0.2226781766092184
CUST04039,0.9985317042594021,1.220263313543576e-08
CUST04040,0.9999807044867831,0.9999999988282022
CUST04041,0.9998574380737759,1.4394671061727035e-05
CUST04042,0.9998380558050285,0.11024406883193931
CUST04043,0.9999412139419347,0.937233721533352
CUST04044,0.9999962528464093,0.9110178333878969
CUST04045,0.9999760745586596,0.03380793477042904
CUST04046,0.9999918960878758,0.9735625249891403
CUST04047,0.9999792446515827,0.9995774377804318
CUST04048,0.1384730479949857,1.2924704204956723e-08
CUST04049,0.9999960346431256,0.9995879421811394
CUST04050,0.99440513683422,
CUST04051,0.0043441406113970404,5.94663011318623e-08
CUST04052,0.9998629047706322,0.9725841971071825
CUST04053,0.9997151153073124,6.016349907199999e-06
CUST04054,0.9998068182104631,0.9970277888568494
CUST04055,0.9999307378221672,0.99688734008573
CUST04056,0.040046257314699664,
CUST04057,0.9999978856752327,0.08696857209670071
CUST04058,0.9999103003750097,0.9999999142154263
CUST04059,0.9975331393080361,2.9581442388063004e-07
CUST04060,0.9999543725182719,0.9999999168658864
CUST04061,,0.0048441815366710985
CUST04062,0.9998250457884089,0.0009124341335223905
CUST04063,0.9999942247292257,0.9999999911235239
CUST04064,0.999736193445111,0.9996873685153815
CUST04065,0.9994670938529403,0.0015371865802510886
CUST04066,,0.9551187828808694
CUST04067,0.9996023914713973,0.9977715744234299
CUST04068,0.9999809926821672,0.45251037527365534
CUST04069,0.9269203870559101,9.826761127905185e-11
CUST04070,0.999787593061172,
CUST04071,0.9999781733691013,
CUST04072,0.9999997029180389,0.9999999872142563
CUST04073,0.9999824488667032,0.9999919906251774
CUST04074,0.05729430706128502,2.2198735651505012e-07
CUST04075,,0.9999998671800757
CUST04076,0.9996717437103934,0.9527447225399025
CUST04077,0.999781576914334,8.158262972836677e-06
CUST04078,0.999959402271754,0.024427965158058732
CUST04079,0.9997510770907851,0.0016534239805576195
CUST04080,0.9999927780643456,0.9999981543836388
CUST04081,,0.011485506188241715
CUST04082,0.03294946773686618,1.750207984495206e-09
CUST04083,0.9880481991088237,2.739467121784351e-10
CUST04084,0.9987750492897239,0.9968004853744654
CUST04085,0.9999899029853171,0.029666777115676207
CUST04086,0.9999740291220633,0.012843099484415409
CUST04087,0.9999953656108822,
CUST04088,0.9999690446142525,
CUST04089,0.999857199123649,0.999999811247117
CUST04090,0.9999977300664168,0.9999095879926916
CUST04091,0.047701796480319636,
CUST04092,0.9994860971725364,
CUST04093,0.9996844373502412,3.0900155139423867e-06
CUST04094,,1.5907852405330744e-06
CUST04095,0.9999857345473634,0.9999999902497748
CUST04096,0.9999837414157782,0.9996946674477938
CUST04097,0.9999897555697113,0.11935832754681718
CUST04098,,0.9999999388060106
CUST04099,0.9994669566871338,0.13388859461377847
CUST04101,0.9999772401937876,0.9999999950769887
CUST04102,0.99998203108154,0.9999998694622746
CUST04103,0.9999569061674725,5.095176394744056e-05
CUST04104,0.9999508827175302,0.017584248180532232
CUST04105,0.999723120802227,0.9651960948168926
CUST04106,0.9999851303323654,
CUST04107,0.9998453894230618,0.9979412447492715
CUST04108,0.9998291326193898,0.9997948601677535
CUST04109,0.9997914030345433,
CUST04110,0.9990331569010636,0.9612653903468487
CUST04111,0.9999921788142873,0.03635529245260993
CUST04112,0.9999636421050826,0.02608768439491627
CUST04113,0.9999986488087108,0.9754236672735167
CUST04114,,0.0006478291689470921
CUST04115,0.9746457616964449,
CUST04116,0.9994364829849757,4.007272756239009e-05
CUST04117,0.9999980405914765,
CUST04118,0.9999834698850245,0.9993660814916909
CUST04119,0.9998038002291545,0.032407778090196904
CUST04120,0.9999644484467134,0.9996949443649487
CUST04121,0.9998045830248049,0.0038702575586819503
CUST04123,0.9999920042698249,
CUST04124,0.9999251297378366,
CUST04125,0.9999845318478376,0.9999999805213172
CUST04126,0.9999742374459523,0.06416793314913476
CUST04127,0.999945996026835,0.0019699120360941987
CUST04128,0.999965668386347,0.9342773263507034
CUST04129,0.9999123219503357,0.30967940304093494
CUST04130,0.9999880632748188,0.9996941884190961
CUST04131,1.5540441488973438e-05,4.930666703847836e-12
CUST04132,0.9984085267799157,3.943960713731968e-07
CUST04133,,0.9092950824410196
CUST04134,0.9995611545023424,4.779555725829914e-06
CUST04135,0.9999832804357304,0.01455112307228163
CUST04136,0.9995357399828569,0.9994437769697945
CUST04137,,1.885149379355669e-09
CUST04138,0.9999965404557422,0.9992665345147191
CUST04139,0.999998689634249,
CUST04140,0.9999920322809389,0.9999999068688268
CUST04141,0.9999754670519272,8.141832934463666e-05
CUST04142,0.9999981073828663,0.9999999953409686
CUST04143,0.9997694142914008,0.005129358727292063
CUST04144,0.9723364400951255,2.659532741109946e-08
CUST04145,0.999985719390348,
CUST04146,0.9999659205041049,0.9996805669082446
CUST04147,0.9999049730052119,0.9999947177804035
CUST04148,0.9997037729702486,6.121642525856982e-05
CUST04149,0.9998604344943942,0.9954817329365064
CUST04150,0.9997438410296767,3.762483922731594e-10
CUST04151,0.999977342804594,
CUST04152,0.9999956329963958,0.9998263377751017
CUST04153,0.9999863272563185,0.9999999222092654
CUST04154,0.999690511335931,
CUST04155,0.9990205165470786,0.07162385943924467
CUST04156,0.9963957500127671,1.11266571326975e-09
CUST04157,,2.0951316990229618e-10
CUST04158,0.9999745663878664,
CUST04159,0.9997675657711128,0.8088590301395545
CUST04160,0.9999902523349072,0.026452914850579858
CUST04161,0.9999428229593611,
CUST04162,0.9999355154446666,1.8063389848586203e-05
CUST04163,0.9999327420514226,0.9999999567617383
CUST04164,0.9998854414488806,0.9995322201078479
CUST04165,0.9999076123328519,0.9985847732621872
CUST04166,0.9999169912018151,0.03700733816616565
CUST04167,0.9999484141169688,0.9996358598193835
CUST04168,0.9999847855905573,0.99999803185328
CUST04169,0.9999933731611976,0.9999999874524755
CUST04170,0.9999578065138541,0.9917783335662617
CUST04171,0.9999264718013418,0.999070061205197
CUST04172,0.9253441863309738,1.1626023223840046e-11
CUST04173,0.9997703165927553,0.0034640177141017302
CUST04174,0.9998974437256403,0.02219044729195973
CUST04175,0.9999965994037514,0.9999993060801607
CUST04176,0.9998837200302974,
CUST04177,0.988290974167422,1.260333360606344e-07
CUST04179,0.9999751687378337,0.9993533913966774
CUST04180,0.9842021620999862,2.0166518844221644e-09
CUST04181,0.9999881759890837,5.365892504217132e-05
CUST04182,0.9999834601795113,0.04137990743942595
CUST04183,0.9999815427872623,0.9967987850899664
CUST04184,0.9997037671629448,0.9999997453589333
CUST04186,0.9998947199419636,
CUST04187,0.9999761799939656,0.031041542639625302
CUST04188,0.9999951607525388,0.9999999211588244
CUST04189,0.9992495085931901,
CUST04190,0.999942581343782,0.9995270950024446
CUST04191,0.002369640080381657,6.050372050885422e-12
CUST04192,0.9999963160355237,
CUST04193,0.9865401627606244,0.9834961423747705
CUST04194,0.9984687693294636,
CUST04195,0.9999737839707232,0.00018505000283973048
CUST04196,,5.965039308521388e-11
CUST04197,0.9995077794309131,1.2388962616747333e-06
CUST04198,,1.2230660080710275e-11
CUST04199,0.9999743302373519,0.9999998335850316
CUST04200,0.9976148217931429,7.786913784137362e-09
CUST04201,0.9999955757901915,
CUST04202,0.9960887669495421,1.1304290038278994e-10
CUST04203,0.9999824946258624,0.9999999969778819
CUST04204,0.9998557502415962,0.9994349956842206
CUST04205,0.9229006825656265,1.8681550957791552e-11
CUST04206,0.9593942877447599,
CUST04207,0.9999944405328861,
CUST04208,0.9999493104755968,0.06302871987810285
CUST04209,0.9999975447267658,0.16535405097916567
CUST04210,0.9998375735593347,1.475507772817835e-07
CUST04211,7.661793691546553e-05,1.5977743066731212e-14
CUST04212,0.9996684202176559,0.004923410447045741
CUST04213,0.9998776483618914,0.03303239189444261
CUST04214,0.9999833561838983,0.9999998914841077
CUST04215,0.9997839473906958,0.5805763294653535
CUST04216,0.9999989823434754,
CUST04217,0.9992284060912506,0.9942020521547651
CUST04218,0.08168895764131615,1.4169375003646925e-09
CUST04219,0.9998984612138792,0.9961571951283962
CUST04220,,5.356741749968475e-06
CUST04221,,0.00026158889290844563
CUST04222,0.999899530202496,0.0001363787498503429
CUST04223,0.004701520044154325,2.2407403714835128e-10
CUST04224,0.9966794760578743,1.42209346328172e-09
CUST04225,0.9999763116796281,0.038057199319521756
CUST04226,0.9996727620411623,0.006933389122735554
CUST04227,0.9898693790120847,3.4805089576837337e-11
CUST04228,,6.339262725884608e-10
CUST04229,0.9999974311042318,
CUST04230,0.9982973204700155,1.6508957538162186e-06
CUST04231,0.999972896007177,9.019582009536218e-05
CUST04232,0.9954677448636774,1.3272055255674416e-08
CUST04233,0.996487778936464,5.521028396498831e-06
CUST04234,0.9999128354179885,0.01452845421337839
CUST04235,0.9912523975964723,
CUST04236,0.9993756628894925,0.0003948480383772851
CUST04237,0.9997379087444727,0.9963830950374478
CUST04238,,0.9999990762268545
CUST04239,0.999641507652697,8.209412996769976e-09
CUST04240,0.9999804182442958,0.9999998323071194
CUST04241,0.9999589900784593,
CUST04242,0.9959929157736028,1.3792184894501148e-11
CUST04243,0.027854504094532218,3.152409702958618e-09
CUST04244,0.9999924568468159,0.9856614435540867
CUST04245,0.997835545546396,9.504374865132555e-10
CUST04246,0.9999285048390887,0.04109631371058035
CUST04247,,0.9999993843624855
CUST04248,0.9995961356587532,0.030741404788519822
CUST04249,0.9999593256213177,0.09661849897808593
CUST04250,0.9999902184538537,
CUST04251,0.9998623363734618,
CUST04252,0.9999118853955272,0.9998347038163681
CUST04253,0.9997416472797016,0.03305905020695691
CUST04254,0.9999971813366612,
CUST04255,0.999353601761261,0.7035815350859456
CUST04256,0.9999929583159255,0.9999994060253534
CUST04257,0.9958583588178966,
CUST04258,0.9914835231933686,0.00011633404649831843
CUST04259,0.9477254350974296,6.282589809385306e-08
CUST04260,0.9997335586705749,2.0065552078127555e-08
CUST04261,,0.00502104038781527
CUST04262,0.9999863208448692,0.9999999952521814
CUST04263,0.9999028379127164,8.829988814276482e-08
CUST04264,0.9999736389645173,6.947800089330633e-05
CUST04265,0.9999949807508373,0.9999995934783833
CUST04266,0.9798497034714473,
CUST04267,0.9999906973995565,0.9983844901620862
CUST04269,0.9999970098782736,0.9999999380586463
CUST04270,0.01632746615161592,5.688635656925933e-09
CUST04271,0.9992558994530985,9.868897637683737e-07
CUST04272,0.9997325861330734,0.999885573733825
CUST04273,0.2566011248247428,2.646725838542121e-07
CUST04274,0.9999311405880648,0.9990677585303644
CUST04275,0.999984745632052,0.9999984844680352
CUST04276,0.9999912776235433,0.9373707037247413
CUST04277,0.999975848268711,
CUST04278,0.9996994536264308,2.931471723970831e-06
CUST04279,0.9999903455353497,0.9987897197599787
CUST04280,0.9998519699531038,6.021018540056829e-05
CUST04281,0.9987350252049526,2.0837273843130088e-10
CUST04282,0.9999924902410708,0.11339624154651468
CUST04283,0.9999864479001127,
CUST04284,,1.3041281913704697e-09
CUST04285,0.9999669141813081,
CUST04286,0.9854253870605713,1.0103067429422752e-09
CUST04287,0.9940725553655325,0.892295118926791
CUST04288,0.9999985582123823,0.9999999890413312
CUST04289,0.9287994138647677,4.187172297878114e-08
CUST04290,0.9999720799056376,0.00010721589625397995
CUST04291,0.9999927109156025,
CUST04292,0.9999723802525184,
CUST04293,0.999961555848624,0.9998112864079514
CUST04294,0.9610107990143342,
CUST04295,0.9999799723717665,0.9999986803245549
CUST04296,0.9927613478201353,8.17303977438644e-10
CUST04297,0.9964365891723269,
CUST04298,0.02886231129927921,
CUST04299,0.9999951430809797,
CUST04300,0.9997604745600066,9.319844150012316e-05
CUST04301,0.9980504716360963,0.0028756107708220653
CUST04302,0.9466583120956678,4.019713446170909e-13
CUST04303,0.9999848563965806,0.9993188194869935
CUST04304,,0.9152085559097635
CUST04305,0.9369710499463824,
CUST04306,0.9999440926827893,
CUST04307,0.9998974594893932,0.9989051188216462
CUST04308,0.9999753455305883,0.00022870050225486127
CUST04309,0.9999920197928771,0.9999999660019057
CUST04310,0.9997581839869589,0.9959546504233738
CUST04311,0.9999551749713053,0.14825343828982498
CUST04312,0.9999241238062438,0.9999957267492627
CUST04313,,0.00023393743292989853
CUST04314,0.9768313346258048,1.6451369534257095e-11
CUST04315,0.9999048373738937,0.9962075058427838
CUST04316,0.9999986553630368,
CUST04317,0.9999184756192945,0.0010605499858690648
CUST04318,0.9999485398822809,0.004100403565242676
CUST04319,0.0007895346603004865,4.18436852366166e-11
CUST04320,0.9999891246883384,0.14163667730223164
CUST04321,0.9997944510773572,0.9940304411337766
CUST04322,0.0019837221308876426,1.2342410351345762e-08
CUST04323,0.9999790591184834,0.08090939213205614
CUST04324,0.9995156228885514,3.058612611796952e-08
CUST04325,0.9893149094318302,
CUST04326,0.9998925885363054,0.025087669452417145
CUST04327,0.9945963466715433,
CUST04328,0.9999986984049558,0.9999443129722183
CUST04329,0.9996644879262387,0.9934799281999623
CUST04330,0.9999198111287954,
CUST04331,0.999461012849,
CUST04332,0.9997609562640958,0.1913846899915455
CUST04334,0.9997777552611412,0.0034438441722500547
CUST04335,0.9999159973165241,
CUST04336,0.9998890633296779,0.9998012426029839
CUST04337,0.99998847707223,0.9999999728008725
CUST04339,6.744454063155112e-11,2.469969417127675e-16
CUST04340,0.998674673937676,0.993186986274649
CUST04341,0.9998100361585406,0.001367835812585954
CUST04342,0.9999152215954813,0.9999999457838431
CUST04343,0.9999863557718163,0.999999980012876
CUST04344,0.9997781378142686,0.006623859012819936
CUST04345,0.9998735946295068,8.917190696925056e-09
CUST04346,0.997991424620706,8.203703095013583e-05
CUST04347,0.9997393962225537,
CUST04348,0.9993639034840627,
CUST04349,0.9999263516873486,0.018602030861093945
CUST04350,0.9757517341362165,3.881491074171601e-11
CUST04351,0.9715137628456757,9.951903984160877e-12
CUST04352,0.9999177505079044,0.14367563514695722
CUST04353,0.9999711438651098,0.1380295519867058
CUST04354,0.9999563891049928,0.009687792212588755
CUST04355,0.9999733201708717,
CUST04356,0.9925793511107426,6.691130655317791e-07
CUST04357,0.9999098329042532,
CUST04358,0.9999829174517031,0.9980468202558191
CUST04359,0.9987027424765231,9.879980243505023e-09
CUST04360,0.998934620569616,
CUST04361,0.0219792442427386,1.0712645755086676e-08
CUST04362,0.9999711399525555,5.370504239325778e-05
CUST04363,0.9997216711357274,0.0003825022389873142
CUST04364,0.9997654626269952,0.0007050618331373363
CUST04365,0.9999764037451055,0.26193097003490823
CUST04366,0.9961311750582555,2.503373276699543e-10
CUST04367,0.9999723105590229,
CUST04368,0.9999897227061584,0.9856428026990605
CUST04369,,1.0591969775006199e-11
CUST04370,0.9999416083191884,0.9978487158676321
CUST04371,0.9997564427862249,
CUST04372,0.9999463157695482,0.0001760987819864267
CUST04373,0.9998398395541689,6.270330978910167e-06
CUST04374,0.9996761806731735,0.9973836698634135
CUST04375,0.9999874845002571,0.9999825313906352
CUST04376,0.9999975344840634,0.9999999925151714
CUST04377,0.020582757022265155,1.1341613408790958e-09
CUST04378,0.9999726730576908,0.9999996946039431
CUST04379,0.9948546743012332,1.079155544113228e-08
CUST04380,0.999983807819413,0.9999902360793771
CUST04381,0.9999569278019802,
CUST04382,0.9999909054377427,0.9999999088648922
CUST04383,0.9999248885978635,
CUST04384,0.9974282930075944,5.291496752999676e-10
CUST04385,0.9994600069705579,
CUST04386,0.9998208203363115,4.810811340140337e-08
CUST04387,0.9999903754164052,0.9901268546217078
CUST04388,0.9970414400511337,1.0516548527267575e-09
CUST04389,0.9999873170537302,
CUST04390,0.06597582659840233,1.0312121122673938e-08
CUST04391,0.998047282630888,2.643756809053425e-08
CUST04392,0.9996798198217286,0.999999531939885
CUST04394,0.9999833653151322,
CUST04395,0.9999898601939728,0.9999999991905215
CUST04396,0.9999571925531442,0.9997826541300557
CUST04397,0.13103423945585618,3.897637965839041e-07
CUST04398,0.9998116126429969,
CUST04399,0.9999053954906426,
CUST04400,0.999630123835339,0.0070492629626366455
CUST04401,0.9955119877131575,7.55155837994901e-09
CUST04402,0.9999914330129259,0.9999999848161809
CUST04403,0.9883952799971557,0.000267172973363177
CUST04404,0.9998850595269866,0.1757924083502102
CUST04405,0.9999799456775748,0.9999999913521994
CUST04406,0.9997598872920417,
CUST04407,0.9996619581716993,0.999999954849319
CUST04408,0.45599594390828596,1.063738098666645e-06
CUST04409,0.9999796121138984,0.037462635389552086
CUST04410,0.9998734128627702,0.9999999722764784
CUST04411,0.9997854308245693,0.9999732228477225
CUST04412,,1.078277258061204e-08
CUST04413,0.9991693720648084,
CUST04414,0.9999274001396623,0.9999999848504519
CUST04415,0.9612405891152124,5.047585197502689e-10
CUST04416,0.005745253478466885,
CUST04417,0.9999965200593882,0.9999999997952553
CUST04418,0.9999790539573465,0.0027625273744749657
CUST04419,0.006953340934404432,8.403296271200682e-09
CUST04420,0.9999925663812679,0.9806196013932302
CUST04421,0.999975080041735,0.9995939640141241
CUST04422,0.9998061240365762,
CUST04423,0.07624293509532347,
CUST04424,0.9999855857670308,0.9999991438614528
CUST04425,0.9999987332253797,0.9999999849823584
CUST04426,0.9999899285383177,0.9994433873584982
CUST04427,0.9948814349726147,0.6250594378777781
CUST04428,0.9997426518058472,0.03142705653137598
CUST04429,0.003930920005190742,9.080907654891238e-10
CUST04430,0.9994910366507656,3.9521039612239283e-07
CUST04431,,2.9969911528577252e-05
CUST04432,0.9999876016376337,0.9983768344796263
CUST04433,0.9993139159938328,3.417773474055516e-08
CUST04434,0.9999346996576485,0.997936301160622
CUST04435,0.9999955094121995,0.9999847519115783
CUST04436,0.9984228784332294,2.31590835075287e-08
CUST04437,0.9995374438558546,1.513083938530312e-10
CUST04438,0.9999493959890575,
CUST04439,0.9972542231722715,1.1779322031748848e-06
CUST04440,0.9990412433332362,1.9628605136824147e-05
CUST04441,0.999997895038246,
CUST04442,0.9998268132011836,0.9999875064512258
CUST04443,0.98440204079744,9.907381499139503e-10
CUST04444,0.999185303303782,7.30946355151556e-08
CUST04445,0.11587499156952165,1.7698995411087661e-06
CUST04446,0.9999899565730593,0.9999995152705246
CUST04447,0.9796811249819828,3.9943957545918326e-07
CUST04448,0.9993403083143877,5.642557385478651e-08
CUST04449,0.9876639774396542,1.9224090091961723e-12
CUST04450,0.9576321633782303,2.317735379363785e-08
CUST04451,0.9999885639933875,0.9996649947839639
CUST04452,0.9999720258120874,
CUST04453,0.5113263393582844,4.556295204817694e-11
CUST04454,0.999411216789985,
CUST04455,0.9999737314518241,0.9999160156303071
CUST04456,0.9999902666953225,
CUST04457,0.9997563167570392,0.9997460610477122
CUST04458,0.9956148964705415,
CUST04459,0.9999660227601259,4.9733543433277806e-09
CUST04460,0.9998164700567186,0.9973056097748352
CUST04461,0.9892406193039184,1.8178359293524694e-08
CUST04462,0.9932684259963023,1.7409284347875364e-06
CUST04463,0.999992971779798,0.9999999953661476
CUST04464,0.9998404556504684,0.9891979154593257
CUST04465,0.9999769919990056,0.9999852644006114
CUST04466,0.06387805914992974,7.201436935307808e-07
CUST04467,0.9998352442324417,4.118248713143462e-09
CUST04468,0.9999867575690492,0.997231611987282
CUST04469,0.9991543916664191,0.0008743886868486886
CUST04470,0.9998212046279421,4.229770611207987e-05
CUST04471,0.9999704442677148,0.1123867145186958
CUST04472,0.9999686438846747,0.999999977623307
CUST04473,0.9044676849230148,4.499856298545778e-12
CUST04474,0.9998719445272859,0.0016067806250294697
CUST04475,0.999863762142514,
CUST04476,0.003795314430295604,8.999528696026638e-11
CUST04477,0.9982849440599748,2.144543266391518e-05
CUST04478,0.9999490680467247,2.2270031381918133e-06
CUST04479,0.9998941521581868,
CUST04480,0.9977283715318939,6.057696058071326e-08
CUST04481,0.9980125713498718,0.013330775726706797
CUST04482,0.9995190971211529,0.9825787137566563
CUST04483,0.9927960147310799,3.639351328185609e-06
CUST04484,0.0041298455268187605,5.919285912310118e-09
CUST04485,0.9999950337748612,
CUST04486,0.9999887606720016,
CUST04487,0.9999983248479759,0.9999999973720863
CUST04488,0.9999819560158757,
CUST04489,0.9999358914498075,0.9988575961168097
CUST04490,0.9999645748367213,
CUST04491,0.9995635493880778,0.01453394777342429
CUST04492,0.9999773556108439,0.09421925648774389
CUST04493,0.9999258642214567,0.9635543142646077
CUST04494,0.9941329443940375,1.9077688301940578e-06
CUST04495,0.9997534102675318,
CUST04496,0.9999233512110701,
CUST04497,0.9999975919806784,
CUST04498,0.9997790282759117,
CUST04499,0.056295043728583086,3.8507786697583775e-06
CUST04500,0.9920441561006779,1.1101143051514934e-11
CUST04501,0.9988847858287305,
CUST04502,0.9999589335243282,
CUST04503,0.9999801087896276,0.99756747887721
CUST04504,0.9997146357343277,0.18051267111630284
CUST04505,,0.9999913062876336
CUST04506,0.9986889917880009,1.3883153141054099e-05
CUST04507,0.999949208822728,0.9949428654030114
CUST04508,0.9993992068479537,0.029976788110463976
CUST04509,0.9978807778753633,2.977806669753639e-10
CUST04510,0.999926683812806,
CUST04511,0.9999932591766545,0.9885877111563778
CUST04512,0.9999647876393599,0.9999718180829028
CUST04513,0.9999657860362332,5.960883350423345e-08
CUST04514,0.999976710165777,0.9999993541697861
CUST04515,0.9988284001134733,1.9308824443914165e-05
CUST04516,0.9990720288710385,
CUST04517,0.8017784164497103,7.253555371624118e-12
CUST04518,0.9995777838909862,0.00010138411884934985
CUST04519,0.9997026732306789,
CUST04520,0.9995508649059582,7.280987123965626e-06
CUST04521,0.9989810813854064,2.2889252768338138e-10
CUST04522,0.9997085956487289,0.002450569610192903
CUST04524,0.9999742628615013,0.9999999830561349
CUST04525,0.9997316320560781,7.163040660494458e-05
CUST04526,0.9999781455548437,0.030339016106835055
CUST04527,7.335985822536943e-05,
CUST04528,0.9999950504373104,0.9999999906742384
CUST04529,0.9999993062706495,
CUST04530,0.9999735072573602,0.9997238019023612
CUST04531,0.9981107951371587,3.8305216975157825e-09
CUST04532,0.9999670928580958,0.9999990723281512
CUST04533,0.9999841262076075,0.9999371648993036
CUST04534,,0.9853837781288259
CUST04535,0.9999713705205187,4.041202725843156e-07
CUST04536,0.0002182268056697297,3.580938091602888e-11
CUST04537,0.9999837311613509,
CUST04538,0.9999043342387096,0.9902236101622749
CUST04539,0.9994040371279037,0.0005012065288026688
CUST04540,0.1445641854354787,
CUST04541,0.9999586417337921,0.10047660647559332
CUST04542,0.9992320220480403,0.9997425654294887
CUST04543,0.9481131095360301,1.1856783788541397e-08
CUST04544,0.9999765875690457,0.9999999896807147
CUST04545,0.9983265978949692,0.017280050088620984
CUST04546,0.9999857953427923,0.9990365136791217
CUST04547,0.9999932281336467,0.9999999979172471
CUST04548,0.99999491390486,
CUST04549,,4.940324504371045e-14
CUST04551,,4.670748318901596e-12
CUST04552,,0.9999999995190989
CUST04553,0.9979474740919299,3.176332704125647e-08
CUST04554,0.9999862391749762,0.01633790721011917
CUST04555,0.9998658328848784,
CUST04556,0.9999447800142163,2.053341283917899e-06
CUST04557,0.9999416505128156,
CUST04558,0.9686162714491008,2.1087553121374403e-07
CUST04559,0.9999470575642203,
CUST04560,0.9999586786612124,0.9635505304510265
CUST04561,0.9999960793274139,0.9999988828742216
CUST04562,0.9984460386353228,3.980554167549082e-07
CUST04563,0.999838229668682,2.683787215309911e-05
CUST04564,0.8951508608532823,
CUST04565,0.9999842122453096,0.13614225014431983
CUST04566,0.9995839250218531,1.4509412851222265e-05
CUST04567,0.9998370258306924,0.019679893082552198
CUST04568,0.9999493396794067,0.9999999009208875
CUST04569,0.999998652362849,
CUST04570,,1.4123731816848914e-11
CUST04571,0.9999955239605595,0.9999999902897211
CUST04572,0.9999831383960384,0.9999999979269565
CUST04573,0.9996261438659048,0.014136281785334505
CUST04574,0.999947579131303,0.027454421983651205
CUST04575,0.9999972989837311,
CUST04576,0.9999622520391105,0.9999977892608807
CUST04577,0.9999745551417424,0.2547894620717469
CUST04578,0.9117863544969352,4.377702212428549e-11
CUST04579,0.9999977089047614,0.9841648315755811
CUST04580,0.9999989350932219,0.9999959417944695
CUST04582,0.9999970307271816,0.9999999964208712
CUST04583,0.9986837951334925,
CUST04584,0.997998491602414,4.2421819897040303e-07
CUST04585,0.9995111300340753,2.5622021564879207e-07
CUST04586,0.9999742164877468,0.9999999943265505
CUST04587,0.9999927045131987,0.9999999908602307
CUST04588,0.9839308154151125,1.348223396883165e-11
CUST04589,0.9988073337628169,0.06504117347068739
CUST04590,0.9999747317078539,0.9919180533801495
CUST04591,0.9989510084021118,
CUST04592,0.9959721268918336,1.5623881196475175e-08
CUST04593,0.9999988912472578,
CUST04594,0.9976903339495834,
CUST04595,0.00045790858594729305,4.760565048078957e-09
CUST04596,0.9999972171832224,0.9989926442058048
CUST04597,0.9998174637032933,9.877485410102223e-06
CUST04598,0.9999825269670901,0.9992963465520817
CUST04599,0.9999253640905689,0.5920285030569264
CUST04600,0.9999947070319225,
CUST04601,0.9991761081961741,7.572735796027204e-08
CUST04602,0.9999538859543323,0.999999988861796
CUST04603,0.9998556958333455,0.005846936445511946
CUST04604,0.9999914024588107,0.1016970068532416
CUST04605,0.9975060462998351,2.076036402494423e-08
CUST04606,0.9999972327963185,
CUST04607,0.9998764584192561,0.0024560994713834963
CUST04608,0.9997642988470599,
CUST04609,0.9999724721830567,0.02234630174672023
CUST04610,0.9998943677995829,0.9993814728969281
CUST04611,0.7971960413822463,
CUST04612,0.9993167447811564,1.0381671201804318e-08
CUST04613,0.998508171201615,0.5494744209265003
CUST04614,0.02825047963281744,1.5034203444814673e-09
CUST04615,0.9994610300259206,6.553832679030665e-06
CUST04616,0.9995600398060762,0.9996829417582305
CUST04617,0.9999995089350893,
CUST04618,0.997498277553449,1.5699127058378886e-06
CUST04619,0.9993939488338169,0.46010126641864646
CUST04620,0.9999988931686973,0.4153210194747507
CUST04621,0.9997543059819536,0.9994890021278388
CUST04622,0.003865489217937078,
CUST04623,0.9999989816013568,0.9999999937341006
CUST04624,0.9999772516573574,0.9999605666398699
CUST04625,0.999555073408288,3.030840008415483e-06
CUST04626,0.9999900224298411,0.9995934485525138
CUST04627,0.999169169692717,0.0014400004798309073
CUST04628,0.9999971024910467,0.9999910301365977
CUST04629,0.9939804345251255,2.8358265366426728e-08
CUST04630,0.9999870763325349,0.9997609971549263
CUST04631,0.999058724011523,
CUST04632,0.9999596959905542,
CUST04633,0.999993601325089,0.0011017558921944093
CUST04634,0.9999581518283643,0.03192012736862368
CUST04635,0.00028404698439217925,1.854715074963268e-12
CUST04636,0.020137649773920848,0.22369099774300394
CUST04637,0.9999259357870793,0.9994710735206607
CUST04638,2.3846068151790036e-09,
CUST04639,0.9984048067481576,0.7180310158747456
CUST04640,0.9999801144489526,0.9996911928154137
CUST04641,0.9629837215435937,4.0388398649487164e-07
CUST04642,0.9999851341931325,0.9963499417851941
CUST04643,0.9999803978898453,0.9969499688636142
CUST04644,0.9999500206730405,0.04060654543283299
CUST04645,0.9988743241671273,1.1027708278494978e-05
CUST04646,0.9998266267930377,0.9988429680613905
CUST04647,0.9999627737372244,0.149443891778704
CUST04648,0.9999666702636224,0.9997411706418454
CUST04649,0.9999394688466071,9.408838816211164e-07
CUST04650,0.9998779639898875,0.0005168553510934198
CUST04651,0.9997747626737294,0.0006641354327306455
CUST04652,0.9777708280726549,8.499018507479505e-11
CUST04653,0.9999912587610026,0.9999984319923756
CUST04654,0.9977062680676676,1.3042023831511637e-11
CUST04655,0.02266419575226707,4.054394979133262e-09
CUST04656,0.9988542804798726,0.00018845565831997711
CUST04657,0.9999387260349534,0.9499779383086092
CUST04658,0.999351695264853,8.167551105594494e-06
CUST04659,0.9999940807179627,0.9988669949415686
CUST04660,0.9997380308084719,0.9960714773613685
CUST04661,0.9998589400200509,9.694203746627484e-09
CUST04662,0.9976829976092313,5.606134694876707e-09
CUST04663,0.9995914705944327,4.547818843627832e-08
CUST04664,0.9999573537433301,0.9994326868959096
CUST04665,0.9993484261072196,3.467410327162483e-06
CUST04666,0.9998390832752883,
CUST04667,0.9999346882208141,0.9996629985042869
CUST04668,0.9999860347509797,4.4008913639486735e-05
CUST04669,0.999975952673039,0.049108187710515394
CUST04670,,2.2805843027343323e-10
CUST04671,0.9997702800865226,2.595165431644309e-05
CUST04672,0.9999736213876999,0.0002612685696111647
CUST04673,0.07758459102729916,2.2007560215523991e-07
CUST04674,0.9997456846878805,
CUST04675,,2.0394585737542104e-11
CUST04676,0.9999055517610155,0.14493353779219745
CUST04677,0.9999522728191799,0.056385576799973434
CUST04678,0.9995073183030084,0.9934100637561234
CUST04679,0.9999483188404641,0.8598110829380977
CUST04680,0.9999996277209067,
CUST04681,0.9999891320935159,0.9981895299139251
CUST04682,,0.007530263633142768
CUST04683,0.9999938651762326,0.9999998696298354
CUST04684,0.9983939577696193,1.0123959934615293e-07
CUST04685,0.9998464533742257,0.0001621790068708651
CUST04686,0.9995106739893836,3.2585516312852224e-08
CUST04687,0.9997500761633689,
CUST04688,,2.374338399851869e-13
CUST04689,0.9999886598292376,0.9999999984264527
CUST04690,0.999997578581191,
CUST04691,0.9998587553398024,
CUST04692,0.9988820696036482,1.6083559372944062e-08
CUST04693,0.9983410350403347,4.503288227824968e-10
CUST04694,0.9984524063227834,1.6424398986445743e-07
CUST04695,0.9958388154720809,
CUST04696,0.9995499365748426,6.235284131306002e-07
CUST04697,0.9998776651477033,0.6002544041545944
CUST04698,0.9999968136586148,0.9997898476273009
CUST04699,0.9998170826639741,0.08185634790432281
CUST04700,0.9999944799080194,
CUST04701,0.9952081800111574,1.0276519647811121e-11
CUST04702,0.9998337007329674,0.0007471137187558313
CUST04703,0.9984974884760524,5.714019992565812e-12
CUST04704,0.9283543133561944,0.0010276258744850752
CUST04705,0.9999097407787797,
CUST04706,0.9997753866879812,
CUST04707,0.9993693484479655,0.9625024623381055
CUST04708,0.999777028954026,0.32195413710291315
CUST04709,0.998704602183959,0.0001331454996628871
CUST04710,0.9999728537150453,0.9989867813309784
CUST04711,0.9999258696679106,0.32101045879497264
CUST04712,0.9999568691300235,6.215484699162553e-05
CUST04713,0.9999927507434451,0.9998928460807068
CUST04714,0.9999940066403605,0.9999999470056337
CUST04715,,1.8021944904682343e-06
CUST04716,0.9997404637829204,0.9943836574281398
CUST04717,0.999939150696336,1.1231524919194142e-05
CUST04718,0.9993298979854282,1.5376716543425655e-08
CUST04719,,1.0465010736214487e-10
CUST04720,0.9999922330003154,
CUST04721,,0.999998731680103
CUST04722,0.9998119113475722,3.389868197716449e-05
CUST04723,0.9999779681803377,0.9964781560300893
CUST04724,,5.85873696217232e-09
CUST04725,0.9998511035952253,0.9725224146330358
CUST04726,0.9999855508499182,0.9999636232734463
CUST04727,8.886926859703728e-08,1.409073243374489e-09
CUST04728,0.9898904966638866,1.4831530985019287e-08
CUST04729,0.9999169970468008,0.9560507014397929
CUST04730,0.9613539638369498,4.954488312310489e-12
CUST04731,0.9996748465305273,0.9961469953482914
CUST04732,,0.9993360527155394
CUST04733,0.9999981164144253,
CUST04734,0.9999832541501493,0.0004406219705429185
CUST04735,0.9996347314678777,
CUST04736,0.999961938911079,0.019103248370815788
CUST04737,0.9999044558827224,
CUST04738,0.9999882019594547,
CUST04739,0.9999823356790243,
CUST04740,0.9999946196650291,0.999999892249975
CUST04741,0.9999672543737428,0.9999998569102999
CUST04742,0.07701476210420245,1.7156667981172089e-09
CUST04743,,0.9297153102126591
CUST04744,0.9999974333194823,
CUST04745,0.9997009896842614,0.9282250927479431
CUST04746,0.9999990365632007,0.9999999998996223
CUST04747,0.999719622807348,0.8868356378341987
CUST04748,0.9999592340043824,0.9954790312776561
CUST04749,0.9999562400830881,0.9999999770008446
CUST04750,0.9999989377226814,0.9999750038567151
CUST04751,,1.1064525711755866e-08
CUST04752,0.99959642955907,
CUST04753,0.9997112013124239,8.17526228637152e-07
CUST04754,0.9999328480290913,3.594641505509371e-05
CUST04755,0.9999273075201349,1.7018366155097177e-07
CUST04756,0.9999940805039822,
CUST04757,0.9999956616285729,0.9999999988525272
CUST04758,0.9999733373450274,0.017837523687932767
CUST04759,0.8254337509435469,4.3478214333742597e-10
CUST04760,0.9999923530595936,
CUST04761,0.7031843860468391,3.6429846210126675e-14
CUST04763,0.9999939566612417,
CUST04764,0.9999677494029694,0.999710244036338
CUST04765,0.9945037514864437,2.3016677404544108e-05
CUST04766,0.999122885893631,0.999999824219364
CUST04767,0.9991566343086675,1.354452924885378e-08
CUST04768,0.9999967527147402,0.9995415796652355
CUST04769,0.9998825463260248,3.7082539349163373e-10
CUST04770,0.9999903351036464,
CUST04771,0.9987867432285079,3.315337964749028e-10
CUST04772,0.9726680675850782,5.016727737149196e-10
CUST04773,0.999128908457372,0.02583091881838823
CUST04774,0.999988261121074,0.9999999061255506
CUST04775,0.9999936521906395,
CUST04776,0.9999970785418737,0.9999919954862675
CUST04777,,0.9988734787352225
CUST04778,0.9999680627623991,0.9999998953558785
CUST04779,0.9989276386448296,3.6995982230618476e-05
CUST04780,9.525344316649294e-05,1.2071312796724022e-08
CUST04781,0.999922326887413,
CUST04782,0.9816218078114926,2.809588980042376e-12
CUST04783,0.9997439097213566,
CUST04784,0.9999812318041141,0.9999999996210058
CUST04785,0.9999626475734824,0.999999994291185
CUST04786,0.999958794427085,0.9999997008536052
CUST04787,0.9996134011437103,0.9987912976586338
CUST04788,0.9999991247022056,0.9999999983490049
CUST04789,0.9985786276811994,3.582731992710419e-11
CUST04790,0.9995625365722803,0.00783516379496263
CUST04791,0.9921907238249158,1.003060951145881e-06
CUST04792,0.9998054568964705,0.0588349802289405
CUST04793,0.9997179061541479,
CUST04794,0.9999786287706179,
CUST04795,0.08865329903222292,4.2211318054899347e-10
CUST04796,0.999220086609637,0.9999993903080029
CUST04797,0.999540031041909,
CUST04798,0.9996498626427388,5.421266220931217e-09
CUST04799,0.9955896588358681,1.3706457057503871e-05
CUST04800,0.9999241963195842,
CUST04801,0.99999432417951,0.9993534682149889
CUST04802,0.999932829757903,0.9999999688715041
CUST04803,0.9999763394713873,0.9999980294361188
CUST04804,0.9462590075295312,1.4244819235505985e-11
CUST04805,0.9999878465464443,0.9999999874992055
CUST04806,0.9999443601948022,
CUST04807,0.9997296806657093,9.68358300458386e-08
CUST04808,0.9998819491263549,0.03777570042761821
CUST04809,0.999617543760808,
CUST04810,0.996469991695129,1.508021180803607e-10
CUST04811,0.9999916340156891,0.9999140834716012
CUST04812,0.9999952790071328,0.6788259771595895
CUST04814,0.9990275623660728,
CUST04815,0.8850148930342977,1.4930589342293244e-09
CUST04816,0.9999953308474857,0.9999999927736503
CUST04817,0.9999862249024288,0.15642152154337863
CUST04818,0.026119196943289853,
CUST04819,0.9998828495433593,0.9998330525893347
CUST04820,0.9993085880955517,3.0789646317366806e-09
CUST04821,0.9999633879393411,
CUST04822,0.003278795107821506,3.9439589513878704e-13
CUST04823,0.9999503510358163,0.9999993652203302
CUST04824,0.999747531299785,2.0316056812132774e-08
CUST04825,0.9999966717244889,0.9999806489181895
CUST04826,0.9614862844659348,
CUST04827,0.9999513672829212,6.115504022878648e-10
CUST04828,0.9990315843062948,8.775798627079432e-05
CUST04829,0.9999761501184546,0.9999995996617685
CUST04830,0.9998502318055204,0.9992616172973326
CUST04831,0.2963978842108412,3.135499615675299e-12
CUST04832,,0.005627139235464865
CUST04833,0.9999862056050881,4.593814453202096e-05
CUST04834,0.025526270269776597,5.526647252688783e-08
CUST04835,0.9999988266516756,
CUST04836,0.9999985192669508,0.9999999955657242
CUST04837,0.9999379646056353,6.123081413658487e-05
CUST04838,0.9999971682628813,0.9999999986721717
CUST04839,0.9999100439121202,0.12833965179819956
CUST04840,0.9999051682286687,
CUST04841,0.038245152013935094,2.4114166261222658e-08
CUST04842,0.9999460591769385,0.9998356614904402
CUST04843,0.9999977793065021,0.9999999787745499
CUST04844,0.9999864404343121,0.9998079727796585
CUST04845,0.9997964365816191,0.008314467557934349
CUST04846,0.004626068838077252,0.00015084846964089717
CUST04847,0.9999523056891108,0.9999999758489161
CUST04848,,5.434761896803136e-08
CUST04849,0.9999982203444587,0.9999689379512604
CUST04850,0.9999945821508153,0.024485155821708078
CUST04851,0.9910869091157413,7.249269727291985e-08
CUST04852,0.9999600550468634,0.16478834632153008
CUST04853,,4.837512884943618e-06
CUST04854,0.9935313890086238,8.98841214908516e-05
CUST04855,0.9999335014407196,0.9976719736162395
CUST04856,0.9999876707582908,0.8645843192581044
CUST04857,0.18035905850169012,5.309853063638582e-06
CUST04858,0.9999889821762049,0.9833706954395055
CUST04859,0.9999644651098799,
CUST04860,0.9999606104805349,0.9999999684872934
CUST04861,0.9998825997157986,3.871815675315417e-06
CUST04862,0.9771025741367131,8.2094456533111e-08
CUST04863,0.998195722696322,
CUST04864,0.9999311519597129,
CUST04865,0.9999691188658507,
CUST04866,0.9999599434925666,0.9999999998537064
CUST04867,0.0005467658470719142,1.0680219891213e-09
CUST04868,0.9998082235384196,1.5187804765844526e-06
CUST04869,0.9959537730391456,
CUST04870,0.9997667638807356,
CUST04871,0.9997997073130064,0.0005289715187248424
CUST04872,0.9999191288686567,0.9999988507167726
CUST04873,0.9998920311327604,0.016480853859617315
CUST04874,0.999909829939292,0.06358975945431386
CUST04875,0.9992843751885971,2.163425713511832e-06
CUST04876,0.999915670775806,0.034045550702596725
CUST04877,0.9999602663783814,0.9995862166262532
CUST04878,0.9998811822215679,5.192068313278745e-05
CUST04879,0.9999307489547811,0.5949490151002708
CUST04880,0.9999653896960141,0.9995835704450464
CUST04881,0.9966083949690185,0.9979517646775118
CUST04882,0.9999980872915812,0.9999999764629727
CUST04883,0.07782623465432399,9.97566458209748e-10
CUST04884,0.9997351890659414,0.0003508930080854406
CUST04885,0.9999956339723792,0.9999999780194304
CUST04886,,0.9949109834957489
CUST04887,0.9996926057273596,0.0015397818744327225
CUST04888,0.9999845598892408,0.9999999378320484
CUST04889,0.9999118435648418,0.9974777579377897
CUST04890,0.9999310467631228,0.9999998155023005
CUST04891,0.999991778154597,0.9999999581466805
CUST04892,0.9992237229652373,
CUST04893,0.9995318335394212,0.0009293671426486453
CUST04894,0.9999908561772188,
CUST04895,0.9982384069884267,1.6434040944282108e-06
CUST04896,0.9998842281988753,
CUST04897,0.99997028961776,
CUST04898,0.9998606034574303,4.655545831406613e-05
CUST04899,0.9998689796124945,7.883641397628794e-06
CUST04900,0.9999980678080077,0.9999670631314492
CUST04901,,3.276099742533252e-07
CUST04902,0.9999496245556252,0.9999999758362969
CUST04903,0.9999892817998544,
CUST04904,0.005166950900384198,2.378331669067628e-08
CUST04905,0.999981492207651,
CUST04906,0.999991198652819,0.9999999079911055
CUST04907,0.9999362157913781,7.385093219145716e-05
CUST04908,,9.686837748435832e-10
CUST04909,0.9972455369715423,6.936780455865517e-09
CUST04910,0.9983742397526955,3.68161292382822e-10
CUST04911,0.9999979916405631,0.9999999790939784
CUST04912,0.9998601214870179,1.2505382102322261e-07
CUST04913,0.9999642437884948,0.9997765446953316
CUST04914,0.9999332903577155,
CUST04915,0.999954674506798,
CUST04917,0.999754799547094,0.9998069926399249
CUST04918,0.9998755350758933,5.830478284397158e-05
CUST04919,0.9991947753544569,
CUST04920,0.9989953381133816,0.9065738854251272
CUST04921,0.9999709904267439,0.9987651098072928
CUST04922,0.9985043848254348,1.3739841999887654e-08
CUST04923,0.9999484456977968,0.016011771653970087
CUST04924,0.9985303923761166,7.027593519151035e-07
CUST04925,0.9995320025923589,5.217023469794208e-07
CUST04926,0.9997714132990073,
CUST04927,0.9994939025424999,0.0005180330238496103
CUST04928,0.9986718400760897,0.9993094350036554
CUST04929,0.9999832937486016,0.9990700666935853
CUST04930,0.9999956799311451,0.9998932862030437
CUST04931,0.9994422613745139,3.918567535697743e-09
CUST04932,0.9997102157934443,1.5288133012506305e-07
CUST04933,0.0025982594961511257,2.922114584565073e-10
CUST04934,0.9999929866369076,0.9999999967287574
CUST04935,0.9999015714040846,0.9992210799224023
CUST04936,0.9999850257298696,0.999999827648939
CUST04937,0.9998434421504502,1.0778354331265427e-05
CUST04938,0.9992516606013742,
CUST04939,0.9930009438285378,7.159400874820525e-11
CUST04940,0.9997410818458299,4.893924894855418e-07
CUST04941,0.9999470256691012,
CUST04942,0.9997402075021401,0.010201694152451136
CUST04944,0.9999978077167548,
CUST04945,0.3889182575018237,6.11651725908653e-08
CUST04946,0.9988192232843918,8.123195983119979e-08
CUST04947,5.734380194025616e-07,2.129856967780618e-09
CUST04948,0.9993828326077485,0.00036829375651224733
CUST04949,0.9990303196205564,7.535352936202727e-05
CUST04950,0.9999598457843788,0.9999894127872907
CUST04951,0.999961629764173,0.9999999897353266
CUST04952,0.9998728289976876,0.9999998865223783
CUST04953,0.9999743113059368,0.9997948921056928
CUST04954,0.9792097382225886,1.5333053816265068e-09
CUST04955,0.9992197779609321,0.15760689588649912
CUST04956,0.998939410815097,0.0001805140163636573
CUST04957,0.9707772769625358,2.1117295050904717e-10
CUST04958,0.0004130921071247358,5.518131075350122e-14
CUST04959,0.9994612961368858,
CUST04960,0.9999647480293352,
CUST04961,0.9998956257144332,0.9999208099575838
CUST04962,0.9999499477470348,
CUST04963,0.9995809522479789,0.002899005851688803
CUST04964,0.9989202980832665,
CUST04965,0.9999974650227003,0.9999043613947564
CUST04966,0.9979903025825436,0.9088761506871532
CUST04968,0.9989299996801171,1.0617342622282692e-07
CUST04969,0.00033615348435862515,7.018606967102749e-05
CUST04970,0.9999077576940355,0.016555837443585512
CUST04971,0.007344092152692752,0.00016546758367807382
CUST04972,0.9999972051354371,0.9999999960738908
CUST04973,0.9991850018861568,
CUST04974,0.999985891060932,0.9895294268332255
CUST04975,0.99981965931234,0.027826367578209783
CUST04977,0.9999775304018063,
CUST04978,0.9999871688491433,0.9999999996045921
CUST04979,0.0002018520856722568,
CUST04980,0.9992140456597743,0.001298640933938875
CUST04981,0.9996573704069611,0.9911649177340893
CUST04982,0.9995775074050932,3.5053774299697897e-06
CUST04983,0.9999389368011428,0.00010501281181446503
CUST04984,0.9995113404755579,0.9999998900935364
CUST04985,0.9999923524923102,0.999999939739484
CUST04986,0.9999980105798293,0.9999999942351518
CUST04987,0.9999881630282467,0.9999364040537214
CUST04989,0.9999948767735575,0.9999999983278907
CUST04990,0.9998892950661875,0.0047260820763813
CUST04991,0.058287705803741624,1.3827456125207718e-09
CUST04992,0.9999969903906613,0.99999999578672
CUST04993,0.9996802838808668,5.63215092816899e-07
CUST04994,0.9998274382165758,0.050392259280480335
CUST04995,,0.002618616045075619
CUST04996,0.9531855279203971,7.227983172908461e-12
CUST04997,0.9996984357605397,0.032616420133417666
CUST04998,0.9999455338578653,0.9203603768125047
CUST04999,0.9999740046056345,0.9999999798981942
