Year,CustomerID,Event
2022,CUST00002,Retirement Drift
2022,CUST00006,Retirement Drift
2022,CUST00007,Spending Drift
2022,CUST00013,Spending Drift
2022,CUST00019,Promotion
2022,CUST00024,Promotion
2022,CUST00026,Policy Lapse
2022,CUST00027,Channel Drift
2022,CUST00028,Promotion
2022,CUST00029,Spending Drift
2022,CUST00034,Channel Drift
2022,CUST00037,Health Shock
2022,CUST00037,Retirement Drift
2022,CUST00042,Divorce
2022,CUST00043,Spending Drift
2022,CUST00044,Promotion
2022,CUST00047,Channel Drift
2022,CUST00048,Retirement
2022,CUST00048,Retirement Drift
2022,CUST00062,Policy Lapse
2022,CUST00062,Channel Drift
2022,CUST00063,Health Shock
2022,CUST00065,Promotion
2022,CUST00066,Childbirth
2022,CUST00066,Spending Drift
2022,CUST00067,Retirement Drift
2022,CUST00069,Policy Lapse
2022,CUST00076,Retirement
2022,CUST00076,Channel Drift
2022,CUST00076,Retirement Drift
2022,CUST00077,Retirement Drift
2022,CUST00079,Spending Drift
2022,CUST00080,Policy Lapse
2022,CUST00080,Retirement Drift
2022,CUST00081,Retirement
2022,CUST00081,Policy Lapse
2022,CUST00081,Retirement Drift
2022,CUST00084,Retirement Drift
2022,CUST00085,Channel Drift
2022,CUST00088,Channel Drift
2022,CUST00090,Promotion
2022,CUST00093,Retirement Drift
2022,CUST00095,Spending Drift
2022,CUST00098,Promotion
2022,CUST00099,Channel Drift
2022,CUST00110,Retirement Drift
2022,CUST00111,Channel Drift
2022,CUST00111,Retirement Drift
2022,CUST00112,Spending Drift
2022,CUST00113,Promotion
2022,CUST00114,Promotion
2022,CUST00115,Marriage
2022,CUST00120,Promotion
2022,CUST00123,Retirement
2022,CUST00123,Divorce
2022,CUST00123,Retirement Drift
2022,CUST00124,Retirement Drift
2022,CUST00126,Spending Drift
2022,CUST00128,Retirement Drift
2022,CUST00133,Spending Drift
2022,CUST00134,Channel Drift
2022,CUST00135,Retirement Drift
2022,CUST00137,Promotion
2022,CUST00138,Promotion
2022,CUST00140,Health Shock
2022,CUST00141,Promotion
2022,CUST00141,Channel Drift
2022,CUST00142,Spending Drift
2022,CUST00144,Retirement Drift
2022,CUST00147,Promotion
2022,CUST00148,Spending Drift
2022,CUST00149,Policy Lapse
2022,CUST00152,Promotion
2022,CUST00152,Spending Drift
2022,CUST00153,Policy Lapse
2022,CUST00153,Policy Reactivation
2022,CUST00154,Promotion
2022,CUST00160,Spending Drift
2022,CUST00164,Spending Drift
2022,CUST00176,Channel Drift
2022,CUST00177,Spending Drift
2022,CUST00180,Promotion
2022,CUST00180,Childbirth
2022,CUST00180,Channel Drift
2022,CUST00181,Retirement Drift
2022,CUST00189,Retirement
2022,CUST00189,Retirement Drift
2022,CUST00191,Retirement
2022,CUST00191,Retirement Drift
2022,CUST00194,Promotion
2022,CUST00197,Spending Drift
2022,CUST00198,Promotion
2022,CUST00199,Channel Drift
2022,CUST00201,Promotion
2022,CUST00204,Policy Lapse
2022,CUST00204,Policy Reactivation
2022,CUST00209,Policy Lapse
2022,CUST00209,Policy Reactivation
2022,CUST00215,Divorce
2022,CUST00218,Spending Drift
2022,CUST00229,Promotion
2022,CUST00230,Spending Drift
2022,CUST00233,Job Loss
2022,CUST00234,Retirement Drift
2022,CUST00237,Promotion
2022,CUST00238,Promotion
2022,CUST00239,Promotion
2022,CUST00240,Job Loss
2022,CUST00241,Spending Drift
2022,CUST00244,Channel Drift
2022,CUST00245,Promotion
2022,CUST00247,Channel Drift
2022,CUST00247,Retirement Drift
2022,CUST00249,Retirement Drift
2022,CUST00250,Channel Drift
2022,CUST00255,Retirement Drift
2022,CUST00258,Promotion
2022,CUST00259,Spending Drift
2022,CUST00259,Retirement Drift
2022,CUST00263,Policy Lapse
2022,CUST00268,Promotion
2022,CUST00269,Retirement Drift
2022,CUST00281,Spending Drift
2022,CUST00283,Spending Drift
2022,CUST00285,Promotion
2022,CUST00291,Retirement Drift
2022,CUST00293,Channel Drift
2022,CUST00294,Retirement
2022,CUST00294,Policy Lapse
2022,CUST00294,Spending Drift
2022,CUST00294,Channel Drift
2022,CUST00294,Retirement Drift
2022,CUST00295,Retirement Drift
2022,CUST00296,Marriage
2022,CUST00297,Spending Drift
2022,CUST00298,Retirement
2022,CUST00298,Retirement Drift
2022,CUST00300,Spending Drift
2022,CUST00301,Channel Drift
2022,CUST00305,Retirement Drift
2022,CUST00307,Spending Drift
2022,CUST00308,Spending Drift
2022,CUST00311,Promotion
2022,CUST00313,Divorce
2022,CUST00314,Spending Drift
2022,CUST00317,Promotion
2022,CUST00320,Retirement
2022,CUST00320,Divorce
2022,CUST00320,Spending Drift
2022,CUST00320,Retirement Drift
2022,CUST00324,Retirement Drift
2022,CUST00326,Health Shock
2022,CUST00326,Retirement Drift
2022,CUST00328,Retirement
2022,CUST00328,Retirement Drift
2022,CUST00332,Retirement Drift
2022,CUST00334,Retirement Drift
2022,CUST00337,Retirement Drift
2022,CUST00346,Spending Drift
2022,CUST00350,Policy Lapse
2022,CUST00350,Policy Reactivation
2022,CUST00358,Promotion
2022,CUST00358,Channel Drift
2022,CUST00359,Spending Drift
2022,CUST00360,Channel Drift
2022,CUST00360,Retirement Drift
2022,CUST00361,Channel Drift
2022,CUST00362,Promotion
2022,CUST00363,Channel Drift
2022,CUST00372,Job Loss
2022,CUST00376,Policy Lapse
2022,CUST00378,Spending Drift
2022,CUST00383,Channel Drift
2022,CUST00387,Job Loss
2022,CUST00389,Promotion
2022,CUST00389,Channel Drift
2022,CUST00390,Promotion
2022,CUST00395,Spending Drift
2022,CUST00396,Retirement Drift
2022,CUST00397,Retirement
2022,CUST00397,Spending Drift
2022,CUST00397,Retirement Drift
2022,CUST00398,Channel Drift
2022,CUST00401,Job Loss
2022,CUST00401,Policy Lapse
2022,CUST00404,Promotion
2022,CUST00407,Retirement
2022,CUST00407,Retirement Drift
2022,CUST00409,Spending Drift
2022,CUST00410,Channel Drift
2022,CUST00413,Spending Drift
2022,CUST00415,Job Loss
2022,CUST00416,Divorce
2022,CUST00420,Job Loss
2022,CUST00421,Retirement Drift
2022,CUST00425,Retirement
2022,CUST00425,Retirement Drift
2022,CUST00426,Spending Drift
2022,CUST00427,Policy Lapse
2022,CUST00428,Spending Drift
2022,CUST00429,Retirement
2022,CUST00429,Retirement Drift
2022,CUST00433,Childbirth
2022,CUST00433,Divorce
2022,CUST00437,Retirement Drift
2022,CUST00442,Promotion
2022,CUST00446,Retirement Drift
2022,CUST00452,Divorce
2022,CUST00459,Promotion
2022,CUST00465,Retirement
2022,CUST00465,Channel Drift
2022,CUST00465,Retirement Drift
2022,CUST00466,Spending Drift
2022,CUST00475,Retirement Drift
2022,CUST00476,Spending Drift
2022,CUST00476,Retirement Drift
2022,CUST00478,Promotion
2022,CUST00481,Policy Lapse
2022,CUST00481,Policy Reactivation
2022,CUST00486,Spending Drift
2022,CUST00491,Promotion
2022,CUST00494,Promotion
2022,CUST00495,Job Loss
2022,CUST00496,Health Shock
2022,CUST00497,Promotion
2022,CUST00498,Promotion
2022,CUST00503,Channel Drift
2022,CUST00503,Retirement Drift
2022,CUST00505,Retirement
2022,CUST00505,Retirement Drift
2022,CUST00506,Job Loss
2022,CUST00509,Divorce
2022,CUST00510,Spending Drift
2022,CUST00511,Promotion
2022,CUST00512,Spending Drift
2022,CUST00518,Spending Drift
2022,CUST00518,Retirement Drift
2022,CUST00520,Promotion
2022,CUST00521,Spending Drift
2022,CUST00522,Channel Drift
2022,CUST00523,Job Loss
2022,CUST00523,Spending Drift
2022,CUST00524,Promotion
2022,CUST00525,Divorce
2022,CUST00526,Channel Drift
2022,CUST00529,Channel Drift
2022,CUST00529,Retirement Drift
2022,CUST00531,Retirement Drift
2022,CUST00533,Promotion
2022,CUST00533,Divorce
2022,CUST00534,Retirement Drift
2022,CUST00535,Spending Drift
2022,CUST00540,Promotion
2022,CUST00541,Spending Drift
2022,CUST00543,Childbirth
2022,CUST00545,Spending Drift
2022,CUST00547,Retirement Drift
2022,CUST00548,Channel Drift
2022,CUST00550,Channel Drift
2022,CUST00551,Promotion
2022,CUST00551,Spending Drift
2022,CUST00551,Channel Drift
2022,CUST00559,Channel Drift
2022,CUST00562,Promotion
2022,CUST00562,Childbirth
2022,CUST00562,Spending Drift
2022,CUST00564,Channel Drift
2022,CUST00566,Spending Drift
2022,CUST00572,Spending Drift
2022,CUST00574,Retirement Drift
2022,CUST00575,Spending Drift
2022,CUST00575,Channel Drift
2022,CUST00578,Spending Drift
2022,CUST00579,Job Loss
2022,CUST00582,Policy Lapse
2022,CUST00582,Policy Reactivation
2022,CUST00583,Promotion
2022,CUST00584,Channel Drift
2022,CUST00587,Promotion
2022,CUST00588,Channel Drift
2022,CUST00589,Policy Lapse
2022,CUST00591,Spending Drift
2022,CUST00597,Policy Lapse
2022,CUST00599,Channel Drift
2022,CUST00600,Channel Drift
2022,CUST00600,Retirement Drift
2022,CUST00601,Spending Drift
2022,CUST00603,Policy Lapse
2022,CUST00608,Spending Drift
2022,CUST00611,Retirement Drift
2022,CUST00619,Spending Drift
2022,CUST00621,Channel Drift
2022,CUST00623,Promotion
2022,CUST00624,Retirement Drift
2022,CUST00625,Spending Drift
2022,CUST00627,Spending Drift
2022,CUST00628,Policy Lapse
2022,CUST00628,Policy Reactivation
2022,CUST00629,Retirement Drift
2022,CUST00631,Spending Drift
2022,CUST00633,Policy Lapse
2022,CUST00633,Policy Reactivation
2022,CUST00634,Channel Drift
2022,CUST00635,Promotion
2022,CUST00636,Retirement
2022,CUST00636,Retirement Drift
2022,CUST00639,Spending Drift
2022,CUST00639,Channel Drift
2022,CUST00642,Spending Drift
2022,CUST00643,Spending Drift
2022,CUST00644,Divorce
2022,CUST00645,Job Loss
2022,CUST00652,Channel Drift
2022,CUST00653,Channel Drift
2022,CUST00654,Promotion
2022,CUST00654,Spending Drift
2022,CUST00658,Marriage
2022,CUST00661,Spending Drift
2022,CUST00663,Health Shock
2022,CUST00664,Spending Drift
2022,CUST00667,Spending Drift
2022,CUST00672,Spending Drift
2022,CUST00675,Job Loss
2022,CUST00675,Spending Drift
2022,CUST00685,Promotion
2022,CUST00686,Divorce
2022,CUST00686,Spending Drift
2022,CUST00689,Promotion
2022,CUST00691,Retirement Drift
2022,CUST00702,Retirement Drift
2022,CUST00703,Marriage
2022,CUST00704,Spending Drift
2022,CUST00708,Job Loss
2022,CUST00709,Retirement Drift
2022,CUST00719,Retirement Drift
2022,CUST00720,Channel Drift
2022,CUST00722,Retirement Drift
2022,CUST00727,Job Loss
2022,CUST00728,Retirement
2022,CUST00728,Retirement Drift
2022,CUST00731,Promotion
2022,CUST00732,Channel Drift
2022,CUST00743,Retirement
2022,CUST00743,Retirement Drift
2022,CUST00744,Spending Drift
2022,CUST00745,Retirement
2022,CUST00745,Retirement Drift
2022,CUST00746,Promotion
2022,CUST00746,Divorce
2022,CUST00746,Spending Drift
2022,CUST00748,Spending Drift
2022,CUST00750,Channel Drift
2022,CUST00751,Promotion
2022,CUST00751,Spending Drift
2022,CUST00758,Spending Drift
2022,CUST00760,Childbirth
2022,CUST00767,Promotion
2022,CUST00768,Spending Drift
2022,CUST00769,Retirement Drift
2022,CUST00770,Retirement Drift
2022,CUST00771,Spending Drift
2022,CUST00774,Retirement Drift
2022,CUST00777,Retirement
2022,CUST00777,Retirement Drift
2022,CUST00778,Promotion
2022,CUST00780,Promotion
2022,CUST00783,Channel Drift
2022,CUST00787,Promotion
2022,CUST00795,Retirement Drift
2022,CUST00800,Retirement Drift
2022,CUST00801,Retirement
2022,CUST00801,Retirement Drift
2022,CUST00805,Childbirth
2022,CUST00806,Promotion
2022,CUST00809,Spending Drift
2022,CUST00811,Channel Drift
2022,CUST00814,Promotion
2022,CUST00819,Promotion
2022,CUST00823,Spending Drift
2022,CUST00824,Promotion
2022,CUST00829,Promotion
2022,CUST00830,Promotion
2022,CUST00837,Marriage
2022,CUST00842,Channel Drift
2022,CUST00844,Retirement Drift
2022,CUST00846,Spending Drift
2022,CUST00848,Promotion
2022,CUST00849,Channel Drift
2022,CUST00851,Promotion
2022,CUST00862,Retirement Drift
2022,CUST00866,Spending Drift
2022,CUST00870,Spending Drift
2022,CUST00875,Retirement Drift
2022,CUST00877,Promotion
2022,CUST00877,Spending Drift
2022,CUST00882,Policy Lapse
2022,CUST00885,Promotion
2022,CUST00891,Policy Lapse
2022,CUST00891,Channel Drift
2022,CUST00893,Spending Drift
2022,CUST00894,Job Loss
2022,CUST00896,Job Loss
2022,CUST00898,Job Loss
2022,CUST00899,Retirement
2022,CUST00899,Retirement Drift
2022,CUST00902,Job Loss
2022,CUST00904,Retirement Drift
2022,CUST00906,Promotion
2022,CUST00907,Policy Lapse
2022,CUST00907,Spending Drift
2022,CUST00909,Divorce
2022,CUST00911,Policy Lapse
2022,CUST00917,Channel Drift
2022,CUST00921,Promotion
2022,CUST00924,Channel Drift
2022,CUST00927,Retirement Drift
2022,CUST00928,Spending Drift
2022,CUST00928,Retirement Drift
2022,CUST00929,Retirement Drift
2022,CUST00931,Spending Drift
2022,CUST00932,Retirement Drift
2022,CUST00933,Policy Lapse
2022,CUST00933,Retirement Drift
2022,CUST00934,Spending Drift
2022,CUST00938,Retirement Drift
2022,CUST00945,Spending Drift
2022,CUST00950,Retirement Drift
2022,CUST00952,Retirement Drift
2022,CUST00957,Retirement
2022,CUST00957,Retirement Drift
2022,CUST00959,Promotion
2022,CUST00960,Promotion
2022,CUST00961,Promotion
2022,CUST00963,Promotion
2022,CUST00963,Spending Drift
2022,CUST00967,Retirement
2022,CUST00967,Retirement Drift
2022,CUST00972,Spending Drift
2022,CUST00974,Retirement
2022,CUST00974,Policy Lapse
2022,CUST00974,Spending Drift
2022,CUST00974,Retirement Drift
2022,CUST00976,Channel Drift
2022,CUST00977,Policy Lapse
2022,CUST00978,Job Loss
2022,CUST00981,Retirement Drift
2022,CUST00984,Promotion
2022,CUST00991,Spending Drift
2022,CUST00994,Divorce
2022,CUST00995,Spending Drift
2022,CUST00996,Divorce
2022,CUST00997,Spending Drift
2022,CUST00997,Retirement Drift
2022,CUST01005,Spending Drift
2022,CUST01006,Promotion
2022,CUST01007,Promotion
2022,CUST01008,Job Loss
2022,CUST01008,Retirement Drift
2022,CUST01012,Retirement Drift
2022,CUST01015,Retirement Drift
2022,CUST01020,Channel Drift
2022,CUST01021,Retirement Drift
2022,CUST01024,Promotion
2022,CUST01030,Channel Drift
2022,CUST01031,Spending Drift
2022,CUST01034,Promotion
2022,CUST01034,Spending Drift
2022,CUST01037,Retirement Drift
2022,CUST01041,Spending Drift
2022,CUST01043,Channel Drift
2022,CUST01045,Retirement
2022,CUST01045,Policy Lapse
2022,CUST01045,Retirement Drift
2022,CUST01057,Divorce
2022,CUST01058,Channel Drift
2022,CUST01059,Divorce
2022,CUST01060,Promotion
2022,CUST01064,Channel Drift
2022,CUST01082,Retirement
2022,CUST01082,Retirement Drift
2022,CUST01084,Spending Drift
2022,CUST01084,Retirement Drift
2022,CUST01096,Spending Drift
2022,CUST01097,Retirement Drift
2022,CUST01099,Channel Drift
2022,CUST01099,Retirement Drift
2022,CUST01103,Retirement
2022,CUST01103,Spending Drift
2022,CUST01103,Retirement Drift
2022,CUST01104,Promotion
2022,CUST01108,Spending Drift
2022,CUST01109,Promotion
2022,CUST01109,Channel Drift
2022,CUST01110,Promotion
2022,CUST01116,Retirement Drift
2022,CUST01117,Spending Drift
2022,CUST01118,Health Shock
2022,CUST01119,Retirement
2022,CUST01119,Channel Drift
2022,CUST01119,Retirement Drift
2022,CUST01121,Retirement Drift
2022,CUST01125,Job Loss
2022,CUST01125,Retirement Drift
2022,CUST01130,Spending Drift
2022,CUST01130,Channel Drift
2022,CUST01132,Spending Drift
2022,CUST01133,Promotion
2022,CUST01134,Retirement Drift
2022,CUST01135,Spending Drift
2022,CUST01136,Promotion
2022,CUST01139,Job Loss
2022,CUST01140,Policy Lapse
2022,CUST01140,Policy Reactivation
2022,CUST01141,Retirement Drift
2022,CUST01148,Retirement Drift
2022,CUST01149,Retirement Drift
2022,CUST01150,Promotion
2022,CUST01151,Channel Drift
2022,CUST01152,Spending Drift
2022,CUST01154,Channel Drift
2022,CUST01155,Retirement Drift
2022,CUST01158,Retirement
2022,CUST01158,Retirement Drift
2022,CUST01163,Channel Drift
2022,CUST01167,Spending Drift
2022,CUST01168,Divorce
2022,CUST01168,Spending Drift
2022,CUST01170,Spending Drift
2022,CUST01175,Retirement Drift
2022,CUST01181,Spending Drift
2022,CUST01181,Channel Drift
2022,CUST01186,Divorce
2022,CUST01187,Channel Drift
2022,CUST01189,Retirement Drift
2022,CUST01190,Spending Drift
2022,CUST01192,Channel Drift
2022,CUST01192,Retirement Drift
2022,CUST01195,Retirement
2022,CUST01195,Retirement Drift
2022,CUST01201,Promotion
2022,CUST01214,Spending Drift
2022,CUST01216,Divorce
2022,CUST01222,Retirement Drift
2022,CUST01229,Job Loss
2022,CUST01229,Policy Lapse
2022,CUST01229,Policy Reactivation
2022,CUST01230,Policy Lapse
2022,CUST01233,Promotion
2022,CUST01236,Channel Drift
2022,CUST01239,Promotion
2022,CUST01241,Channel Drift
2022,CUST01246,Channel Drift
2022,CUST01247,Marriage
2022,CUST01253,Retirement Drift
2022,CUST01256,Promotion
2022,CUST01258,Promotion
2022,CUST01258,Spending Drift
2022,CUST01261,Channel Drift
2022,CUST01263,Spending Drift
2022,CUST01265,Policy Lapse
2022,CUST01265,Policy Reactivation
2022,CUST01265,Spending Drift
2022,CUST01267,Promotion
2022,CUST01267,Spending Drift
2022,CUST01272,Job Loss
2022,CUST01272,Channel Drift
2022,CUST01273,Spending Drift
2022,CUST01274,Promotion
2022,CUST01282,Spending Drift
2022,CUST01288,Retirement
2022,CUST01288,Retirement Drift
2022,CUST01290,Channel Drift
2022,CUST01291,Childbirth
2022,CUST01291,Spending Drift
2022,CUST01291,Channel Drift
2022,CUST01292,Policy Lapse
2022,CUST01296,Spending Drift
2022,CUST01298,Spending Drift
2022,CUST01299,Channel Drift
2022,CUST01302,Retirement Drift
2022,CUST01304,Promotion
2022,CUST01305,Spending Drift
2022,CUST01308,Childbirth
2022,CUST01310,Divorce
2022,CUST01311,Spending Drift
2022,CUST01315,Promotion
2022,CUST01316,Policy Lapse
2022,CUST01318,Spending Drift
2022,CUST01319,Health Shock
2022,CUST01319,Spending Drift
2022,CUST01321,Retirement
2022,CUST01321,Retirement Drift
2022,CUST01325,Spending Drift
2022,CUST01331,Retirement Drift
2022,CUST01333,Promotion
2022,CUST01333,Spending Drift
2022,CUST01335,Policy Lapse
2022,CUST01335,Policy Reactivation
2022,CUST01336,Spending Drift
2022,CUST01336,Channel Drift
2022,CUST01339,Retirement Drift
2022,CUST01350,Retirement Drift
2022,CUST01354,Promotion
2022,CUST01356,Retirement
2022,CUST01356,Retirement Drift
2022,CUST01366,Policy Lapse
2022,CUST01370,Health Shock
2022,CUST01375,Retirement
2022,CUST01375,Retirement Drift
2022,CUST01377,Job Loss
2022,CUST01377,Spending Drift
2022,CUST01381,Marriage
2022,CUST01382,Promotion
2022,CUST01386,Channel Drift
2022,CUST01387,Promotion
2022,CUST01388,Retirement
2022,CUST01388,Retirement Drift
2022,CUST01389,Retirement
2022,CUST01389,Retirement Drift
2022,CUST01394,Spending Drift
2022,CUST01395,Channel Drift
2022,CUST01396,Spending Drift
2022,CUST01397,Channel Drift
2022,CUST01402,Promotion
2022,CUST01405,Retirement Drift
2022,CUST01406,Channel Drift
2022,CUST01407,Policy Lapse
2022,CUST01411,Marriage
2022,CUST01411,Divorce
2022,CUST01412,Spending Drift
2022,CUST01414,Retirement Drift
2022,CUST01418,Retirement Drift
2022,CUST01419,Retirement
2022,CUST01419,Policy Lapse
2022,CUST01419,Retirement Drift
2022,CUST01420,Health Shock
2022,CUST01422,Retirement Drift
2022,CUST01424,Promotion
2022,CUST01427,Promotion
2022,CUST01445,Retirement
2022,CUST01445,Retirement Drift
2022,CUST01450,Channel Drift
2022,CUST01455,Retirement
2022,CUST01455,Retirement Drift
2022,CUST01457,Spending Drift
2022,CUST01459,Spending Drift
2022,CUST01461,Promotion
2022,CUST01461,Channel Drift
2022,CUST01463,Policy Lapse
2022,CUST01465,Promotion
2022,CUST01470,Job Loss
2022,CUST01470,Policy Lapse
2022,CUST01470,Policy Reactivation
2022,CUST01473,Spending Drift
2022,CUST01474,Retirement Drift
2022,CUST01475,Retirement Drift
2022,CUST01477,Spending Drift
2022,CUST01479,Promotion
2022,CUST01479,Spending Drift
2022,CUST01481,Promotion
2022,CUST01482,Promotion
2022,CUST01483,Promotion
2022,CUST01484,Channel Drift
2022,CUST01486,Spending Drift
2022,CUST01488,Spending Drift
2022,CUST01491,Retirement Drift
2022,CUST01492,Channel Drift
2022,CUST01493,Channel Drift
2022,CUST01501,Policy Lapse
2022,CUST01501,Policy Reactivation
2022,CUST01503,Promotion
2022,CUST01505,Policy Lapse
2022,CUST01505,Policy Reactivation
2022,CUST01505,Channel Drift
2022,CUST01512,Promotion
2022,CUST01513,Spending Drift
2022,CUST01514,Spending Drift
2022,CUST01519,Spending Drift
2022,CUST01522,Retirement Drift
2022,CUST01523,Policy Lapse
2022,CUST01523,Marriage
2022,CUST01530,Spending Drift
2022,CUST01534,Promotion
2022,CUST01537,Channel Drift
2022,CUST01539,Spending Drift
2022,CUST01540,Job Loss
2022,CUST01541,Retirement Drift
2022,CUST01547,Policy Lapse
2022,CUST01549,Policy Lapse
2022,CUST01555,Marriage
2022,CUST01556,Channel Drift
2022,CUST01559,Promotion
2022,CUST01559,Channel Drift
2022,CUST01561,Channel Drift
2022,CUST01562,Retirement Drift
2022,CUST01564,Promotion
2022,CUST01565,Channel Drift
2022,CUST01565,Retirement Drift
2022,CUST01567,Promotion
2022,CUST01569,Spending Drift
2022,CUST01571,Spending Drift
2022,CUST01576,Retirement
2022,CUST01576,Retirement Drift
2022,CUST01579,Promotion
2022,CUST01579,Channel Drift
2022,CUST01580,Health Shock
2022,CUST01581,Channel Drift
2022,CUST01583,Promotion
2022,CUST01583,Spending Drift
2022,CUST01585,Spending Drift
2022,CUST01587,Promotion
2022,CUST01588,Retirement
2022,CUST01588,Retirement Drift
2022,CUST01589,Channel Drift
2022,CUST01591,Channel Drift
2022,CUST01592,Childbirth
2022,CUST01592,Spending Drift
2022,CUST01595,Policy Lapse
2022,CUST01595,Retirement Drift
2022,CUST01608,Promotion
2022,CUST01611,Spending Drift
2022,CUST01615,Channel Drift
2022,CUST01619,Channel Drift
2022,CUST01630,Health Shock
2022,CUST01632,Promotion
2022,CUST01633,Promotion
2022,CUST01633,Spending Drift
2022,CUST01638,Spending Drift
2022,CUST01639,Retirement Drift
2022,CUST01644,Promotion
2022,CUST01651,Spending Drift
2022,CUST01655,Spending Drift
2022,CUST01657,Retirement Drift
2022,CUST01662,Channel Drift
2022,CUST01663,Divorce
2022,CUST01665,Job Loss
2022,CUST01665,Channel Drift
2022,CUST01672,Spending Drift
2022,CUST01675,Promotion
2022,CUST01682,Retirement Drift
2022,CUST01685,Retirement
2022,CUST01685,Retirement Drift
2022,CUST01687,Spending Drift
2022,CUST01687,Retirement Drift
2022,CUST01688,Channel Drift
2022,CUST01689,Channel Drift
2022,CUST01691,Channel Drift
2022,CUST01693,Channel Drift
2022,CUST01694,Spending Drift
2022,CUST01695,Spending Drift
2022,CUST01696,Retirement Drift
2022,CUST01697,Promotion
2022,CUST01697,Spending Drift
2022,CUST01698,Promotion
2022,CUST01701,Policy Lapse
2022,CUST01701,Policy Reactivation
2022,CUST01701,Spending Drift
2022,CUST01703,Retirement Drift
2022,CUST01704,Channel Drift
2022,CUST01705,Retirement Drift
2022,CUST01707,Retirement Drift
2022,CUST01709,Policy Lapse
2022,CUST01709,Policy Reactivation
2022,CUST01710,Promotion
2022,CUST01710,Spending Drift
2022,CUST01712,Retirement
2022,CUST01712,Retirement Drift
2022,CUST01714,Retirement Drift
2022,CUST01715,Spending Drift
2022,CUST01719,Channel Drift
2022,CUST01720,Promotion
2022,CUST01722,Promotion
2022,CUST01726,Retirement
2022,CUST01726,Retirement Drift
2022,CUST01727,Spending Drift
2022,CUST01728,Retirement Drift
2022,CUST01730,Policy Lapse
2022,CUST01733,Retirement
2022,CUST01733,Retirement Drift
2022,CUST01734,Policy Lapse
2022,CUST01734,Policy Reactivation
2022,CUST01738,Retirement
2022,CUST01738,Retirement Drift
2022,CUST01741,Promotion
2022,CUST01743,Promotion
2022,CUST01748,Marriage
2022,CUST01748,Channel Drift
2022,CUST01749,Retirement Drift
2022,CUST01750,Channel Drift
2022,CUST01751,Health Shock
2022,CUST01756,Channel Drift
2022,CUST01758,Job Loss
2022,CUST01760,Retirement
2022,CUST01760,Retirement Drift
2022,CUST01761,Promotion
2022,CUST01763,Retirement Drift
2022,CUST01764,Retirement
2022,CUST01764,Health Shock
2022,CUST01764,Retirement Drift
2022,CUST01766,Channel Drift
2022,CUST01774,Promotion
2022,CUST01776,Marriage
2022,CUST01776,Spending Drift
2022,CUST01777,Promotion
2022,CUST01777,Channel Drift
2022,CUST01782,Retirement Drift
2022,CUST01785,Retirement Drift
2022,CUST01789,Channel Drift
2022,CUST01791,Retirement Drift
2022,CUST01793,Spending Drift
2022,CUST01798,Spending Drift
2022,CUST01799,Retirement Drift
2022,CUST01800,Spending Drift
2022,CUST01801,Channel Drift
2022,CUST01806,Spending Drift
2022,CUST01808,Policy Lapse
2022,CUST01808,Policy Reactivation
2022,CUST01811,Health Shock
2022,CUST01811,Retirement Drift
2022,CUST01813,Retirement Drift
2022,CUST01814,Channel Drift
2022,CUST01815,Spending Drift
2022,CUST01820,Policy Lapse
2022,CUST01820,Spending Drift
2022,CUST01827,Promotion
2022,CUST01827,Divorce
2022,CUST01828,Spending Drift
2022,CUST01831,Promotion
2022,CUST01832,Promotion
2022,CUST01835,Retirement
2022,CUST01835,Retirement Drift
2022,CUST01836,Promotion
2022,CUST01837,Promotion
2022,CUST01837,Channel Drift
2022,CUST01838,Retirement
2022,CUST01838,Spending Drift
2022,CUST01838,Retirement Drift
2022,CUST01839,Channel Drift
2022,CUST01843,Policy Lapse
2022,CUST01843,Channel Drift
2022,CUST01853,Retirement
2022,CUST01853,Retirement Drift
2022,CUST01856,Promotion
2022,CUST01857,Retirement Drift
2022,CUST01859,Retirement Drift
2022,CUST01860,Spending Drift
2022,CUST01863,Policy Lapse
2022,CUST01864,Promotion
2022,CUST01865,Spending Drift
2022,CUST01869,Policy Lapse
2022,CUST01869,Policy Reactivation
2022,CUST01872,Channel Drift
2022,CUST01878,Spending Drift
2022,CUST01879,Spending Drift
2022,CUST01879,Channel Drift
2022,CUST01881,Promotion
2022,CUST01885,Promotion
2022,CUST01887,Divorce
2022,CUST01889,Promotion
2022,CUST01890,Promotion
2022,CUST01893,Spending Drift
2022,CUST01894,Divorce
2022,CUST01894,Retirement Drift
2022,CUST01895,Spending Drift
2022,CUST01895,Retirement Drift
2022,CUST01896,Spending Drift
2022,CUST01897,Channel Drift
2022,CUST01898,Marriage
2022,CUST01898,Spending Drift
2022,CUST01904,Spending Drift
2022,CUST01907,Retirement
2022,CUST01907,Retirement Drift
2022,CUST01910,Retirement Drift
2022,CUST01916,Spending Drift
2022,CUST01917,Retirement Drift
2022,CUST01919,Policy Lapse
2022,CUST01923,Retirement Drift
2022,CUST01927,Promotion
2022,CUST01927,Channel Drift
2022,CUST01928,Promotion
2022,CUST01928,Channel Drift
2022,CUST01929,Retirement Drift
2022,CUST01930,Channel Drift
2022,CUST01930,Retirement Drift
2022,CUST01931,Retirement Drift
2022,CUST01933,Spending Drift
2022,CUST01935,Retirement Drift
2022,CUST01937,Spending Drift
2022,CUST01948,Spending Drift
2022,CUST01950,Retirement Drift
2022,CUST01953,Promotion
2022,CUST01955,Childbirth
2022,CUST01956,Retirement Drift
2022,CUST01961,Retirement Drift
2022,CUST01964,Promotion
2022,CUST01966,Retirement Drift
2022,CUST01968,Channel Drift
2022,CUST01968,Retirement Drift
2022,CUST01970,Policy Lapse
2022,CUST01970,Policy Reactivation
2022,CUST01971,Channel Drift
2022,CUST01973,Promotion
2022,CUST01974,Spending Drift
2022,CUST01976,Retirement Drift
2022,CUST01979,Retirement
2022,CUST01979,Retirement Drift
2022,CUST01980,Channel Drift
2022,CUST01983,Retirement Drift
2022,CUST01989,Promotion
2022,CUST01990,Retirement Drift
2022,CUST01993,Policy Lapse
2022,CUST01993,Policy Reactivation
2022,CUST01996,Promotion
2022,CUST02000,Retirement
2022,CUST02000,Retirement Drift
2022,CUST02003,Channel Drift
2022,CUST02004,Spending Drift
2022,CUST02005,Retirement Drift
2022,CUST02006,Channel Drift
2022,CUST02006,Retirement Drift
2022,CUST02012,Channel Drift
2022,CUST02015,Channel Drift
2022,CUST02015,Retirement Drift
2022,CUST02024,Channel Drift
2022,CUST02025,Promotion
2022,CUST02035,Promotion
2022,CUST02039,Channel Drift
2022,CUST02041,Promotion
2022,CUST02044,Health Shock
2022,CUST02044,Retirement Drift
2022,CUST02045,Channel Drift
2022,CUST02047,Policy Lapse
2022,CUST02048,Spending Drift
2022,CUST02050,Channel Drift
2022,CUST02051,Retirement Drift
2022,CUST02057,Job Loss
2022,CUST02059,Policy Lapse
2022,CUST02059,Spending Drift
2022,CUST02064,Retirement Drift
2022,CUST02066,Channel Drift
2022,CUST02069,Channel Drift
2022,CUST02072,Promotion
2022,CUST02080,Retirement Drift
2022,CUST02087,Spending Drift
2022,CUST02089,Job Loss
2022,CUST02092,Channel Drift
2022,CUST02094,Spending Drift
2022,CUST02096,Childbirth
2022,CUST02096,Spending Drift
2022,CUST02096,Channel Drift
2022,CUST02098,Promotion
2022,CUST02100,Promotion
2022,CUST02102,Spending Drift
2022,CUST02105,Promotion
2022,CUST02106,Channel Drift
2022,CUST02110,Retirement Drift
2022,CUST02113,Job Loss
2022,CUST02114,Spending Drift
2022,CUST02114,Retirement Drift
2022,CUST02122,Spending Drift
2022,CUST02128,Channel Drift
2022,CUST02130,Job Loss
2022,CUST02134,Promotion
2022,CUST02135,Health Shock
2022,CUST02139,Channel Drift
2022,CUST02141,Spending Drift
2022,CUST02144,Channel Drift
2022,CUST02144,Retirement Drift
2022,CUST02153,Retirement Drift
2022,CUST02154,Retirement
2022,CUST02154,Retirement Drift
2022,CUST02161,Policy Lapse
2022,CUST02169,Job Loss
2022,CUST02169,Policy Lapse
2022,CUST02171,Marriage
2022,CUST02171,Spending Drift
2022,CUST02173,Retirement
2022,CUST02173,Retirement Drift
2022,CUST02176,Retirement Drift
2022,CUST02178,Spending Drift
2022,CUST02181,Divorce
2022,CUST02182,Spending Drift
2022,CUST02182,Retirement Drift
2022,CUST02183,Retirement
2022,CUST02183,Retirement Drift
2022,CUST02189,Spending Drift
2022,CUST02199,Promotion
2022,CUST02200,Policy Lapse
2022,CUST02200,Spending Drift
2022,CUST02204,Retirement Drift
2022,CUST02209,Policy Lapse
2022,CUST02211,Retirement
2022,CUST02211,Retirement Drift
2022,CUST02212,Spending Drift
2022,CUST02212,Retirement Drift
2022,CUST02213,Promotion
2022,CUST02218,Spending Drift
2022,CUST02220,Channel Drift
2022,CUST02223,Channel Drift
2022,CUST02225,Promotion
2022,CUST02225,Channel Drift
2022,CUST02226,Retirement
2022,CUST02226,Retirement Drift
2022,CUST02229,Spending Drift
2022,CUST02232,Policy Lapse
2022,CUST02232,Policy Reactivation
2022,CUST02237,Retirement
2022,CUST02237,Retirement Drift
2022,CUST02241,Retirement Drift
2022,CUST02249,Promotion
2022,CUST02252,Retirement Drift
2022,CUST02253,Promotion
2022,CUST02255,Promotion
2022,CUST02255,Childbirth
2022,CUST02256,Retirement
2022,CUST02256,Retirement Drift
2022,CUST02257,Channel Drift
2022,CUST02258,Spending Drift
2022,CUST02260,Policy Lapse
2022,CUST02260,Policy Reactivation
2022,CUST02264,Marriage
2022,CUST02273,Marriage
2022,CUST02273,Spending Drift
2022,CUST02275,Job Loss
2022,CUST02280,Policy Lapse
2022,CUST02287,Spending Drift
2022,CUST02292,Spending Drift
2022,CUST02305,Retirement
2022,CUST02305,Policy Lapse
2022,CUST02305,Policy Reactivation
2022,CUST02305,Retirement Drift
2022,CUST02311,Channel Drift
2022,CUST02314,Health Shock
2022,CUST02314,Channel Drift
2022,CUST02320,Promotion
2022,CUST02320,Spending Drift
2022,CUST02322,Channel Drift
2022,CUST02323,Health Shock
2022,CUST02323,Spending Drift
2022,CUST02325,Channel Drift
2022,CUST02326,Retirement Drift
2022,CUST02337,Promotion
2022,CUST02339,Retirement Drift
2022,CUST02340,Promotion
2022,CUST02343,Channel Drift
2022,CUST02344,Retirement Drift
2022,CUST02346,Channel Drift
2022,CUST02347,Divorce
2022,CUST02347,Retirement Drift
2022,CUST02348,Promotion
2022,CUST02349,Channel Drift
2022,CUST02352,Channel Drift
2022,CUST02355,Spending Drift
2022,CUST02355,Retirement Drift
2022,CUST02360,Retirement
2022,CUST02360,Retirement Drift
2022,CUST02374,Channel Drift
2022,CUST02380,Retirement
2022,CUST02380,Retirement Drift
2022,CUST02382,Retirement Drift
2022,CUST02384,Promotion
2022,CUST02386,Retirement Drift
2022,CUST02388,Channel Drift
2022,CUST02390,Promotion
2022,CUST02392,Promotion
2022,CUST02395,Spending Drift
2022,CUST02398,Policy Lapse
2022,CUST02398,Policy Reactivation
2022,CUST02401,Channel Drift
2022,CUST02402,Health Shock
2022,CUST02404,Health Shock
2022,CUST02405,Spending Drift
2022,CUST02406,Promotion
2022,CUST02409,Spending Drift
2022,CUST02410,Job Loss
2022,CUST02411,Retirement Drift
2022,CUST02412,Marriage
2022,CUST02413,Retirement Drift
2022,CUST02419,Promotion
2022,CUST02422,Divorce
2022,CUST02424,Retirement Drift
2022,CUST02425,Retirement Drift
2022,CUST02427,Retirement Drift
2022,CUST02428,Spending Drift
2022,CUST02428,Channel Drift
2022,CUST02429,Spending Drift
2022,CUST02432,Health Shock
2022,CUST02432,Retirement Drift
2022,CUST02439,Retirement Drift
2022,CUST02443,Retirement
2022,CUST02443,Spending Drift
2022,CUST02443,Retirement Drift
2022,CUST02445,Retirement
2022,CUST02445,Retirement Drift
2022,CUST02446,Job Loss
2022,CUST02446,Spending Drift
2022,CUST02446,Retirement Drift
2022,CUST02454,Job Loss
2022,CUST02455,Retirement Drift
2022,CUST02458,Promotion
2022,CUST02458,Divorce
2022,CUST02458,Health Shock
2022,CUST02461,Channel Drift
2022,CUST02462,Promotion
2022,CUST02464,Spending Drift
2022,CUST02464,Channel Drift
2022,CUST02465,Spending Drift
2022,CUST02467,Promotion
2022,CUST02468,Spending Drift
2022,CUST02473,Channel Drift
2022,CUST02476,Channel Drift
2022,CUST02477,Promotion
2022,CUST02479,Spending Drift
2022,CUST02480,Policy Lapse
2022,CUST02482,Retirement Drift
2022,CUST02485,Promotion
2022,CUST02489,Promotion
2022,CUST02490,Spending Drift
2022,CUST02494,Retirement Drift
2022,CUST02495,Job Loss
2022,CUST02498,Marriage
2022,CUST02498,Spending Drift
2022,CUST02502,Channel Drift
2022,CUST02503,Policy Lapse
2022,CUST02503,Retirement Drift
2022,CUST02504,Retirement Drift
2022,CUST02510,Retirement Drift
2022,CUST02513,Spending Drift
2022,CUST02515,Spending Drift
2022,CUST02515,Channel Drift
2022,CUST02521,Promotion
2022,CUST02523,Retirement Drift
2022,CUST02525,Promotion
2022,CUST02526,Policy Lapse
2022,CUST02534,Spending Drift
2022,CUST02545,Divorce
2022,CUST02547,Retirement Drift
2022,CUST02550,Retirement Drift
2022,CUST02556,Retirement
2022,CUST02556,Retirement Drift
2022,CUST02557,Retirement Drift
2022,CUST02559,Retirement Drift
2022,CUST02560,Spending Drift
2022,CUST02567,Channel Drift
2022,CUST02569,Promotion
2022,CUST02570,Retirement Drift
2022,CUST02571,Promotion
2022,CUST02571,Channel Drift
2022,CUST02573,Promotion
2022,CUST02574,Health Shock
2022,CUST02574,Spending Drift
2022,CUST02581,Retirement Drift
2022,CUST02582,Job Loss
2022,CUST02582,Retirement
2022,CUST02582,Retirement Drift
2022,CUST02591,Spending Drift
2022,CUST02592,Promotion
2022,CUST02593,Channel Drift
2022,CUST02594,Promotion
2022,CUST02597,Retirement Drift
2022,CUST02598,Promotion
2022,CUST02600,Retirement
2022,CUST02600,Retirement Drift
2022,CUST02601,Policy Lapse
2022,CUST02601,Policy Reactivation
2022,CUST02601,Channel Drift
2022,CUST02602,Spending Drift
2022,CUST02602,Channel Drift
2022,CUST02603,Retirement
2022,CUST02603,Policy Lapse
2022,CUST02603,Retirement Drift
2022,CUST02605,Divorce
2022,CUST02605,Channel Drift
2022,CUST02609,Policy Lapse
2022,CUST02610,Retirement Drift
2022,CUST02615,Retirement Drift
2022,CUST02617,Channel Drift
2022,CUST02622,Retirement Drift
2022,CUST02626,Job Loss
2022,CUST02629,Retirement Drift
2022,CUST02634,Policy Lapse
2022,CUST02641,Spending Drift
2022,CUST02643,Spending Drift
2022,CUST02649,Channel Drift
2022,CUST02650,Policy Lapse
2022,CUST02651,Retirement
2022,CUST02651,Retirement Drift
2022,CUST02653,Promotion
2022,CUST02653,Spending Drift
2022,CUST02657,Promotion
2022,CUST02660,Spending Drift
2022,CUST02660,Retirement Drift
2022,CUST02663,Spending Drift
2022,CUST02667,Promotion
2022,CUST02670,Retirement Drift
2022,CUST02671,Marriage
2022,CUST02672,Spending Drift
2022,CUST02673,Retirement Drift
2022,CUST02676,Channel Drift
2022,CUST02677,Spending Drift
2022,CUST02681,Retirement Drift
2022,CUST02684,Spending Drift
2022,CUST02687,Divorce
2022,CUST02687,Spending Drift
2022,CUST02688,Channel Drift
2022,CUST02688,Retirement Drift
2022,CUST02690,Job Loss
2022,CUST02690,Spending Drift
2022,CUST02704,Spending Drift
2022,CUST02710,Channel Drift
2022,CUST02713,Retirement Drift
2022,CUST02714,Promotion
2022,CUST02725,Retirement
2022,CUST02725,Retirement Drift
2022,CUST02726,Promotion
2022,CUST02732,Spending Drift
2022,CUST02732,Retirement Drift
2022,CUST02733,Spending Drift
2022,CUST02736,Policy Lapse
2022,CUST02736,Policy Reactivation
2022,CUST02743,Promotion
2022,CUST02755,Channel Drift
2022,CUST02757,Spending Drift
2022,CUST02761,Retirement Drift
2022,CUST02762,Marriage
2022,CUST02764,Policy Lapse
2022,CUST02770,Spending Drift
2022,CUST02773,Channel Drift
2022,CUST02777,Job Loss
2022,CUST02777,Divorce
2022,CUST02783,Policy Lapse
2022,CUST02783,Channel Drift
2022,CUST02783,Retirement Drift
2022,CUST02792,Promotion
2022,CUST02793,Channel Drift
2022,CUST02796,Retirement Drift
2022,CUST02797,Policy Lapse
2022,CUST02799,Retirement
2022,CUST02799,Retirement Drift
2022,CUST02800,Policy Lapse
2022,CUST02803,Retirement
2022,CUST02803,Retirement Drift
2022,CUST02804,Spending Drift
2022,CUST02807,Policy Lapse
2022,CUST02807,Policy Reactivation
2022,CUST02807,Spending Drift
2022,CUST02808,Policy Lapse
2022,CUST02811,Spending Drift
2022,CUST02811,Retirement Drift
2022,CUST02816,Policy Lapse
2022,CUST02817,Marriage
2022,CUST02819,Job Loss
2022,CUST02824,Marriage
2022,CUST02827,Retirement Drift
2022,CUST02833,Spending Drift
2022,CUST02834,Spending Drift
2022,CUST02836,Channel Drift
2022,CUST02838,Spending Drift
2022,CUST02839,Health Shock
2022,CUST02839,Channel Drift
2022,CUST02844,Spending Drift
2022,CUST02847,Policy Lapse
2022,CUST02847,Policy Reactivation
2022,CUST02850,Retirement
2022,CUST02850,Health Shock
2022,CUST02850,Retirement Drift
2022,CUST02851,Retirement
2022,CUST02851,Retirement Drift
2022,CUST02853,Retirement Drift
2022,CUST02856,Spending Drift
2022,CUST02857,Promotion
2022,CUST02858,Divorce
2022,CUST02859,Divorce
2022,CUST02864,Spending Drift
2022,CUST02865,Retirement Drift
2022,CUST02866,Spending Drift
2022,CUST02866,Retirement Drift
2022,CUST02870,Retirement Drift
2022,CUST02871,Channel Drift
2022,CUST02872,Policy Lapse
2022,CUST02872,Retirement Drift
2022,CUST02873,Promotion
2022,CUST02878,Childbirth
2022,CUST02880,Channel Drift
2022,CUST02882,Spending Drift
2022,CUST02882,Channel Drift
2022,CUST02888,Retirement Drift
2022,CUST02889,Retirement Drift
2022,CUST02891,Job Loss
2022,CUST02892,Spending Drift
2022,CUST02893,Channel Drift
2022,CUST02894,Spending Drift
2022,CUST02894,Channel Drift
2022,CUST02905,Promotion
2022,CUST02908,Spending Drift
2022,CUST02911,Retirement Drift
2022,CUST02913,Spending Drift
2022,CUST02913,Retirement Drift
2022,CUST02919,Promotion
2022,CUST02920,Retirement Drift
2022,CUST02922,Marriage
2022,CUST02922,Spending Drift
2022,CUST02923,Promotion
2022,CUST02925,Spending Drift
2022,CUST02926,Retirement Drift
2022,CUST02927,Promotion
2022,CUST02931,Channel Drift
2022,CUST02933,Spending Drift
2022,CUST02934,Marriage
2022,CUST02935,Channel Drift
2022,CUST02936,Promotion
2022,CUST02941,Spending Drift
2022,CUST02944,Spending Drift
2022,CUST02946,Spending Drift
2022,CUST02947,Spending Drift
2022,CUST02952,Retirement
2022,CUST02952,Retirement Drift
2022,CUST02958,Channel Drift
2022,CUST02961,Retirement Drift
2022,CUST02962,Health Shock
2022,CUST02962,Retirement Drift
2022,CUST02966,Channel Drift
2022,CUST02969,Channel Drift
2022,CUST02970,Spending Drift
2022,CUST02976,Retirement Drift
2022,CUST02980,Retirement Drift
2022,CUST02983,Spending Drift
2022,CUST02986,Retirement Drift
2022,CUST02989,Retirement Drift
2022,CUST02990,Retirement Drift
2022,CUST02992,Channel Drift
2022,CUST03000,Job Loss
2022,CUST03000,Policy Lapse
2022,CUST03000,Policy Reactivation
2022,CUST03001,Channel Drift
2022,CUST03002,Policy Lapse
2022,CUST03002,Policy Reactivation
2022,CUST03005,Spending Drift
2022,CUST03007,Spending Drift
2022,CUST03008,Spending Drift
2022,CUST03010,Marriage
2022,CUST03011,Retirement Drift
2022,CUST03013,Retirement
2022,CUST03013,Retirement Drift
2022,CUST03018,Retirement Drift
2022,CUST03027,Divorce
2022,CUST03028,Spending Drift
2022,CUST03029,Promotion
2022,CUST03029,Spending Drift
2022,CUST03032,Job Loss
2022,CUST03033,Channel Drift
2022,CUST03035,Promotion
2022,CUST03040,Spending Drift
2022,CUST03041,Spending Drift
2022,CUST03043,Channel Drift
2022,CUST03045,Channel Drift
2022,CUST03047,Promotion
2022,CUST03047,Channel Drift
2022,CUST03049,Retirement Drift
2022,CUST03050,Job Loss
2022,CUST03052,Promotion
2022,CUST03053,Promotion
2022,CUST03053,Divorce
2022,CUST03058,Job Loss
2022,CUST03059,Policy Lapse
2022,CUST03061,Retirement
2022,CUST03061,Retirement Drift
2022,CUST03062,Retirement
2022,CUST03062,Retirement Drift
2022,CUST03064,Promotion
2022,CUST03067,Channel Drift
2022,CUST03076,Promotion
2022,CUST03089,Policy Lapse
2022,CUST03089,Policy Reactivation
2022,CUST03092,Spending Drift
2022,CUST03093,Channel Drift
2022,CUST03094,Job Loss
2022,CUST03095,Channel Drift
2022,CUST03097,Retirement Drift
2022,CUST03099,Retirement
2022,CUST03099,Retirement Drift
2022,CUST03102,Job Loss
2022,CUST03103,Retirement Drift
2022,CUST03104,Retirement
2022,CUST03104,Retirement Drift
2022,CUST03116,Job Loss
2022,CUST03120,Promotion
2022,CUST03122,Spending Drift
2022,CUST03124,Job Loss
2022,CUST03125,Marriage
2022,CUST03126,Channel Drift
2022,CUST03128,Retirement
2022,CUST03128,Channel Drift
2022,CUST03128,Retirement Drift
2022,CUST03129,Retirement Drift
2022,CUST03132,Spending Drift
2022,CUST03136,Promotion
2022,CUST03137,Promotion
2022,CUST03137,Divorce
2022,CUST03140,Retirement Drift
2022,CUST03141,Spending Drift
2022,CUST03146,Channel Drift
2022,CUST03152,Retirement Drift
2022,CUST03159,Spending Drift
2022,CUST03160,Retirement
2022,CUST03160,Retirement Drift
2022,CUST03161,Channel Drift
2022,CUST03163,Retirement
2022,CUST03163,Channel Drift
2022,CUST03163,Retirement Drift
2022,CUST03164,Retirement
2022,CUST03164,Retirement Drift
2022,CUST03166,Marriage
2022,CUST03172,Promotion
2022,CUST03177,Spending Drift
2022,CUST03181,Spending Drift
2022,CUST03183,Channel Drift
2022,CUST03186,Policy Lapse
2022,CUST03186,Policy Reactivation
2022,CUST03188,Retirement Drift
2022,CUST03193,Channel Drift
2022,CUST03194,Policy Lapse
2022,CUST03194,Spending Drift
2022,CUST03199,Spending Drift
2022,CUST03205,Promotion
2022,CUST03207,Promotion
2022,CUST03209,Spending Drift
2022,CUST03211,Promotion
2022,CUST03212,Marriage
2022,CUST03213,Retirement
2022,CUST03213,Retirement Drift
2022,CUST03217,Channel Drift
2022,CUST03217,Retirement Drift
2022,CUST03218,Childbirth
2022,CUST03221,Promotion
2022,CUST03222,Channel Drift
2022,CUST03225,Marriage
2022,CUST03225,Divorce
2022,CUST03227,Retirement
2022,CUST03227,Retirement Drift
2022,CUST03231,Retirement
2022,CUST03231,Retirement Drift
2022,CUST03235,Retirement Drift
2022,CUST03236,Spending Drift
2022,CUST03237,Spending Drift
2022,CUST03238,Retirement Drift
2022,CUST03242,Spending Drift
2022,CUST03250,Retirement Drift
2022,CUST03251,Policy Lapse
2022,CUST03252,Spending Drift
2022,CUST03253,Promotion
2022,CUST03260,Retirement
2022,CUST03260,Retirement Drift
2022,CUST03262,Channel Drift
2022,CUST03262,Retirement Drift
2022,CUST03265,Retirement Drift
2022,CUST03267,Promotion
2022,CUST03271,Retirement
2022,CUST03271,Retirement Drift
2022,CUST03274,Channel Drift
2022,CUST03277,Retirement
2022,CUST03277,Retirement Drift
2022,CUST03284,Channel Drift
2022,CUST03284,Retirement Drift
2022,CUST03285,Promotion
2022,CUST03286,Promotion
2022,CUST03287,Promotion
2022,CUST03289,Channel Drift
2022,CUST03293,Spending Drift
2022,CUST03294,Channel Drift
2022,CUST03301,Health Shock
2022,CUST03302,Spending Drift
2022,CUST03303,Spending Drift
2022,CUST03305,Channel Drift
2022,CUST03305,Retirement Drift
2022,CUST03307,Retirement Drift
2022,CUST03308,Retirement Drift
2022,CUST03316,Promotion
2022,CUST03319,Retirement
2022,CUST03319,Spending Drift
2022,CUST03319,Retirement Drift
2022,CUST03325,Promotion
2022,CUST03327,Promotion
2022,CUST03327,Spending Drift
2022,CUST03328,Retirement
2022,CUST03328,Channel Drift
2022,CUST03328,Retirement Drift
2022,CUST03332,Spending Drift
2022,CUST03333,Policy Lapse
2022,CUST03333,Channel Drift
2022,CUST03334,Channel Drift
2022,CUST03339,Promotion
2022,CUST03342,Spending Drift
2022,CUST03344,Retirement Drift
2022,CUST03347,Spending Drift
2022,CUST03349,Promotion
2022,CUST03350,Policy Lapse
2022,CUST03350,Policy Reactivation
2022,CUST03350,Spending Drift
2022,CUST03351,Retirement
2022,CUST03351,Spending Drift
2022,CUST03351,Retirement Drift
2022,CUST03353,Policy Lapse
2022,CUST03353,Divorce
2022,CUST03353,Spending Drift
2022,CUST03353,Channel Drift
2022,CUST03354,Policy Lapse
2022,CUST03354,Channel Drift
2022,CUST03354,Retirement Drift
2022,CUST03364,Retirement
2022,CUST03364,Retirement Drift
2022,CUST03366,Spending Drift
2022,CUST03369,Divorce
2022,CUST03369,Channel Drift
2022,CUST03370,Channel Drift
2022,CUST03371,Job Loss
2022,CUST03371,Marriage
2022,CUST03373,Health Shock
2022,CUST03373,Channel Drift
2022,CUST03374,Promotion
2022,CUST03375,Channel Drift
2022,CUST03377,Health Shock
2022,CUST03377,Retirement Drift
2022,CUST03378,Retirement Drift
2022,CUST03386,Spending Drift
2022,CUST03390,Health Shock
2022,CUST03390,Retirement Drift
2022,CUST03397,Spending Drift
2022,CUST03399,Promotion
2022,CUST03408,Promotion
2022,CUST03408,Channel Drift
2022,CUST03412,Retirement Drift
2022,CUST03413,Channel Drift
2022,CUST03422,Childbirth
2022,CUST03424,Job Loss
2022,CUST03424,Retirement Drift
2022,CUST03428,Spending Drift
2022,CUST03430,Job Loss
2022,CUST03431,Channel Drift
2022,CUST03435,Spending Drift
2022,CUST03436,Retirement
2022,CUST03436,Policy Lapse
2022,CUST03436,Policy Reactivation
2022,CUST03436,Retirement Drift
2022,CUST03441,Promotion
2022,CUST03441,Spending Drift
2022,CUST03443,Spending Drift
2022,CUST03444,Retirement
2022,CUST03444,Retirement Drift
2022,CUST03449,Channel Drift
2022,CUST03450,Spending Drift
2022,CUST03450,Retirement Drift
2022,CUST03452,Health Shock
2022,CUST03452,Retirement Drift
2022,CUST03455,Spending Drift
2022,CUST03461,Channel Drift
2022,CUST03468,Channel Drift
2022,CUST03472,Promotion
2022,CUST03475,Job Loss
2022,CUST03475,Retirement Drift
2022,CUST03476,Channel Drift
2022,CUST03476,Retirement Drift
2022,CUST03479,Spending Drift
2022,CUST03482,Policy Lapse
2022,CUST03482,Retirement Drift
2022,CUST03483,Channel Drift
2022,CUST03487,Spending Drift
2022,CUST03492,Spending Drift
2022,CUST03497,Health Shock
2022,CUST03497,Retirement Drift
2022,CUST03501,Job Loss
2022,CUST03503,Spending Drift
2022,CUST03504,Promotion
2022,CUST03506,Divorce
2022,CUST03510,Spending Drift
2022,CUST03511,Channel Drift
2022,CUST03512,Policy Lapse
2022,CUST03512,Policy Reactivation
2022,CUST03514,Job Loss
2022,CUST03516,Promotion
2022,CUST03518,Marriage
2022,CUST03530,Retirement
2022,CUST03530,Retirement Drift
2022,CUST03532,Divorce
2022,CUST03532,Retirement Drift
2022,CUST03539,Retirement Drift
2022,CUST03544,Retirement
2022,CUST03544,Retirement Drift
2022,CUST03546,Promotion
2022,CUST03546,Divorce
2022,CUST03547,Spending Drift
2022,CUST03548,Job Loss
2022,CUST03549,Retirement
2022,CUST03549,Retirement Drift
2022,CUST03550,Retirement Drift
2022,CUST03551,Retirement Drift
2022,CUST03555,Promotion
2022,CUST03557,Spending Drift
2022,CUST03557,Channel Drift
2022,CUST03566,Job Loss
2022,CUST03566,Retirement Drift
2022,CUST03567,Promotion
2022,CUST03571,Channel Drift
2022,CUST03573,Childbirth
2022,CUST03574,Channel Drift
2022,CUST03574,Retirement Drift
2022,CUST03576,Retirement Drift
2022,CUST03581,Policy Lapse
2022,CUST03581,Policy Reactivation
2022,CUST03582,Retirement Drift
2022,CUST03586,Childbirth
2022,CUST03588,Retirement
2022,CUST03588,Retirement Drift
2022,CUST03590,Retirement
2022,CUST03590,Spending Drift
2022,CUST03590,Retirement Drift
2022,CUST03592,Promotion
2022,CUST03593,Retirement Drift
2022,CUST03596,Spending Drift
2022,CUST03598,Channel Drift
2022,CUST03602,Retirement Drift
2022,CUST03618,Retirement
2022,CUST03618,Retirement Drift
2022,CUST03622,Promotion
2022,CUST03623,Spending Drift
2022,CUST03624,Retirement Drift
2022,CUST03628,Policy Lapse
2022,CUST03634,Spending Drift
2022,CUST03635,Promotion
2022,CUST03639,Marriage
2022,CUST03639,Divorce
2022,CUST03640,Health Shock
2022,CUST03642,Retirement
2022,CUST03642,Retirement Drift
2022,CUST03643,Promotion
2022,CUST03648,Job Loss
2022,CUST03653,Retirement Drift
2022,CUST03655,Retirement
2022,CUST03655,Retirement Drift
2022,CUST03659,Promotion
2022,CUST03662,Retirement Drift
2022,CUST03665,Channel Drift
2022,CUST03666,Policy Lapse
2022,CUST03667,Channel Drift
2022,CUST03668,Spending Drift
2022,CUST03670,Retirement Drift
2022,CUST03672,Channel Drift
2022,CUST03674,Retirement Drift
2022,CUST03675,Channel Drift
2022,CUST03675,Retirement Drift
2022,CUST03677,Marriage
2022,CUST03680,Channel Drift
2022,CUST03683,Promotion
2022,CUST03684,Spending Drift
2022,CUST03686,Spending Drift
2022,CUST03687,Spending Drift
2022,CUST03692,Channel Drift
2022,CUST03693,Promotion
2022,CUST03694,Spending Drift
2022,CUST03697,Spending Drift
2022,CUST03700,Retirement Drift
2022,CUST03703,Promotion
2022,CUST03706,Policy Lapse
2022,CUST03706,Policy Reactivation
2022,CUST03708,Retirement Drift
2022,CUST03709,Spending Drift
2022,CUST03711,Retirement
2022,CUST03711,Retirement Drift
2022,CUST03712,Spending Drift
2022,CUST03713,Spending Drift
2022,CUST03714,Retirement Drift
2022,CUST03718,Retirement
2022,CUST03718,Spending Drift
2022,CUST03718,Retirement Drift
2022,CUST03730,Retirement Drift
2022,CUST03731,Channel Drift
2022,CUST03738,Promotion
2022,CUST03741,Channel Drift
2022,CUST03745,Promotion
2022,CUST03746,Channel Drift
2022,CUST03749,Health Shock
2022,CUST03749,Retirement Drift
2022,CUST03754,Promotion
2022,CUST03761,Spending Drift
2022,CUST03763,Spending Drift
2022,CUST03768,Divorce
2022,CUST03771,Promotion
2022,CUST03773,Promotion
2022,CUST03777,Retirement Drift
2022,CUST03778,Retirement
2022,CUST03778,Retirement Drift
2022,CUST03781,Job Loss
2022,CUST03781,Channel Drift
2022,CUST03782,Channel Drift
2022,CUST03783,Spending Drift
2022,CUST03784,Channel Drift
2022,CUST03787,Retirement
2022,CUST03787,Retirement Drift
2022,CUST03788,Retirement Drift
2022,CUST03789,Channel Drift
2022,CUST03790,Retirement Drift
2022,CUST03791,Spending Drift
2022,CUST03791,Retirement Drift
2022,CUST03792,Promotion
2022,CUST03795,Spending Drift
2022,CUST03802,Spending Drift
2022,CUST03810,Health Shock
2022,CUST03810,Retirement Drift
2022,CUST03811,Retirement
2022,CUST03811,Retirement Drift
2022,CUST03812,Spending Drift
2022,CUST03814,Retirement
2022,CUST03814,Retirement Drift
2022,CUST03815,Policy Lapse
2022,CUST03816,Retirement
2022,CUST03816,Policy Lapse
2022,CUST03816,Retirement Drift
2022,CUST03818,Channel Drift
2022,CUST03820,Health Shock
2022,CUST03823,Retirement Drift
2022,CUST03824,Promotion
2022,CUST03824,Spending Drift
2022,CUST03825,Retirement
2022,CUST03825,Retirement Drift
2022,CUST03826,Retirement Drift
2022,CUST03827,Retirement Drift
2022,CUST03829,Retirement
2022,CUST03829,Retirement Drift
2022,CUST03830,Retirement Drift
2022,CUST03833,Channel Drift
2022,CUST03836,Spending Drift
2022,CUST03836,Retirement Drift
2022,CUST03838,Job Loss
2022,CUST03838,Policy Lapse
2022,CUST03845,Spending Drift
2022,CUST03847,Retirement
2022,CUST03847,Channel Drift
2022,CUST03847,Retirement Drift
2022,CUST03855,Retirement Drift
2022,CUST03856,Retirement
2022,CUST03856,Retirement Drift
2022,CUST03861,Childbirth
2022,CUST03862,Retirement Drift
2022,CUST03863,Promotion
2022,CUST03864,Channel Drift
2022,CUST03868,Spending Drift
2022,CUST03869,Retirement Drift
2022,CUST03873,Retirement
2022,CUST03873,Retirement Drift
2022,CUST03876,Spending Drift
2022,CUST03883,Promotion
2022,CUST03885,Channel Drift
2022,CUST03887,Policy Lapse
2022,CUST03890,Policy Lapse
2022,CUST03890,Spending Drift
2022,CUST03891,Spending Drift
2022,CUST03894,Promotion
2022,CUST03896,Promotion
2022,CUST03899,Retirement Drift
2022,CUST03900,Retirement Drift
2022,CUST03903,Spending Drift
2022,CUST03907,Retirement Drift
2022,CUST03908,Promotion
2022,CUST03910,Spending Drift
2022,CUST03910,Retirement Drift
2022,CUST03912,Promotion
2022,CUST03914,Promotion
2022,CUST03917,Promotion
2022,CUST03922,Retirement Drift
2022,CUST03924,Channel Drift
2022,CUST03928,Job Loss
2022,CUST03930,Promotion
2022,CUST03930,Spending Drift
2022,CUST03932,Spending Drift
2022,CUST03933,Retirement Drift
2022,CUST03934,Promotion
2022,CUST03936,Spending Drift
2022,CUST03937,Retirement Drift
2022,CUST03941,Policy Lapse
2022,CUST03941,Retirement Drift
2022,CUST03944,Retirement Drift
2022,CUST03945,Policy Lapse
2022,CUST03945,Policy Reactivation
2022,CUST03946,Promotion
2022,CUST03949,Marriage
2022,CUST03950,Retirement
2022,CUST03950,Spending Drift
2022,CUST03950,Retirement Drift
2022,CUST03951,Childbirth
2022,CUST03955,Retirement Drift
2022,CUST03957,Retirement Drift
2022,CUST03964,Retirement Drift
2022,CUST03966,Spending Drift
2022,CUST03972,Channel Drift
2022,CUST03977,Spending Drift
2022,CUST03977,Channel Drift
2022,CUST03977,Retirement Drift
2022,CUST03980,Channel Drift
2022,CUST03983,Job Loss
2022,CUST03983,Retirement Drift
2022,CUST03984,Spending Drift
2022,CUST03985,Promotion
2022,CUST03985,Spending Drift
2022,CUST03985,Channel Drift
2022,CUST03989,Spending Drift
2022,CUST03989,Channel Drift
2022,CUST03990,Spending Drift
2022,CUST03990,Channel Drift
2022,CUST03991,Retirement Drift
2022,CUST03992,Divorce
2022,CUST03992,Spending Drift
2022,CUST03994,Promotion
2022,CUST03995,Spending Drift
2022,CUST03997,Retirement Drift
2022,CUST04002,Channel Drift
2022,CUST04003,Promotion
2022,CUST04004,Job Loss
2022,CUST04005,Retirement
2022,CUST04005,Health Shock
2022,CUST04005,Retirement Drift
2022,CUST04006,Promotion
2022,CUST04006,Spending Drift
2022,CUST04010,Retirement Drift
2022,CUST04011,Promotion
2022,CUST04013,Promotion
2022,CUST04015,Channel Drift
2022,CUST04018,Spending Drift
2022,CUST04019,Channel Drift
2022,CUST04021,Promotion
2022,CUST04023,Retirement Drift
2022,CUST04024,Retirement Drift
2022,CUST04027,Retirement Drift
2022,CUST04030,Retirement Drift
2022,CUST04031,Channel Drift
2022,CUST04039,Policy Lapse
2022,CUST04041,Retirement
2022,CUST04041,Retirement Drift
2022,CUST04045,Spending Drift
2022,CUST04046,Spending Drift
2022,CUST04050,Retirement
2022,CUST04050,Retirement Drift
2022,CUST04051,Channel Drift
2022,CUST04055,Promotion
2022,CUST04057,Channel Drift
2022,CUST04063,Promotion
2022,CUST04064,Channel Drift
2022,CUST04064,Retirement Drift
2022,CUST04076,Retirement Drift
2022,CUST04079,Spending Drift
2022,CUST04079,Channel Drift
2022,CUST04080,Promotion
2022,CUST04088,Promotion
2022,CUST04089,Retirement Drift
2022,CUST04091,Retirement
2022,CUST04091,Retirement Drift
2022,CUST04092,Spending Drift
2022,CUST04093,Channel Drift
2022,CUST04099,Retirement Drift
2022,CUST04100,Spending Drift
2022,CUST04106,Spending Drift
2022,CUST04106,Channel Drift
2022,CUST04109,Spending Drift
2022,CUST04111,Marriage
2022,CUST04114,Channel Drift
2022,CUST04115,Policy Lapse
2022,CUST04115,Policy Reactivation
2022,CUST04116,Retirement Drift
2022,CUST04123,Channel Drift
2022,CUST04128,Spending Drift
2022,CUST04131,Retirement
2022,CUST04131,Retirement Drift
2022,CUST04145,Spending Drift
2022,CUST04145,Channel Drift
2022,CUST04147,Spending Drift
2022,CUST04148,Retirement
2022,CUST04148,Retirement Drift
2022,CUST04154,Retirement Drift
2022,CUST04157,Divorce
2022,CUST04160,Spending Drift
2022,CUST04164,Spending Drift
2022,CUST04164,Channel Drift
2022,CUST04168,Promotion
2022,CUST04169,Channel Drift
2022,CUST04172,Spending Drift
2022,CUST04172,Retirement Drift
2022,CUST04175,Promotion
2022,CUST04178,Retirement
2022,CUST04178,Retirement Drift
2022,CUST04185,Policy Lapse
2022,CUST04185,Policy Reactivation
2022,CUST04189,Retirement Drift
2022,CUST04190,Promotion
2022,CUST04194,Retirement Drift
2022,CUST04198,Policy Lapse
2022,CUST04199,Promotion
2022,CUST04199,Channel Drift
2022,CUST04200,Channel Drift
2022,CUST04201,Promotion
2022,CUST04202,Policy Lapse
2022,CUST04205,Policy Lapse
2022,CUST04205,Policy Reactivation
2022,CUST04205,Spending Drift
2022,CUST04206,Policy Lapse
2022,CUST04206,Policy Reactivation
2022,CUST04208,Spending Drift
2022,CUST04212,Spending Drift
2022,CUST04214,Promotion
2022,CUST04215,Retirement Drift
2022,CUST04218,Job Loss
2022,CUST04218,Childbirth
2022,CUST04220,Spending Drift
2022,CUST04223,Job Loss
2022,CUST04223,Policy Lapse
2022,CUST04226,Spending Drift
2022,CUST04228,Spending Drift
2022,CUST04229,Spending Drift
2022,CUST04230,Retirement Drift
2022,CUST04235,Policy Lapse
2022,CUST04235,Policy Reactivation
2022,CUST04235,Channel Drift
2022,CUST04236,Health Shock
2022,CUST04236,Spending Drift
2022,CUST04240,Retirement Drift
2022,CUST04241,Promotion
2022,CUST04245,Spending Drift
2022,CUST04246,Spending Drift
2022,CUST04248,Retirement
2022,CUST04248,Retirement Drift
2022,CUST04250,Promotion
2022,CUST04251,Promotion
2022,CUST04251,Spending Drift
2022,CUST04251,Channel Drift
2022,CUST04255,Retirement Drift
2022,CUST04256,Marriage
2022,CUST04258,Retirement
2022,CUST04258,Retirement Drift
2022,CUST04259,Policy Lapse
2022,CUST04259,Spending Drift
2022,CUST04262,Spending Drift
2022,CUST04262,Channel Drift
2022,CUST04263,Health Shock
2022,CUST04264,Spending Drift
2022,CUST04264,Channel Drift
2022,CUST04266,Retirement
2022,CUST04266,Retirement Drift
2022,CUST04269,Promotion
2022,CUST04274,Spending Drift
2022,CUST04275,Promotion
2022,CUST04275,Spending Drift
2022,CUST04276,Spending Drift
2022,CUST04283,Channel Drift
2022,CUST04286,Retirement Drift
2022,CUST04289,Retirement
2022,CUST04289,Channel Drift
2022,CUST04289,Retirement Drift
2022,CUST04291,Promotion
2022,CUST04292,Spending Drift
2022,CUST04293,Divorce
2022,CUST04294,Spending Drift
2022,CUST04295,Promotion
2022,CUST04296,Spending Drift
2022,CUST04296,Channel Drift
2022,CUST04301,Retirement Drift
2022,CUST04302,Policy Lapse
2022,CUST04308,Channel Drift
2022,CUST04312,Spending Drift
2022,CUST04316,Channel Drift
2022,CUST04317,Retirement Drift
2022,CUST04318,Spending Drift
2022,CUST04319,Policy Lapse
2022,CUST04321,Spending Drift
2022,CUST04322,Job Loss
2022,CUST04322,Retirement
2022,CUST04322,Retirement Drift
2022,CUST04325,Retirement Drift
2022,CUST04328,Spending Drift
2022,CUST04330,Spending Drift
2022,CUST04332,Spending Drift
2022,CUST04333,Promotion
2022,CUST04335,Channel Drift
2022,CUST04337,Promotion
2022,CUST04339,Job Loss
2022,CUST04339,Channel Drift
2022,CUST04339,Retirement Drift
2022,CUST04343,Channel Drift
2022,CUST04347,Retirement
2022,CUST04347,Retirement Drift
2022,CUST04354,Spending Drift
2022,CUST04355,Spending Drift
2022,CUST04355,Channel Drift
2022,CUST04356,Retirement
2022,CUST04356,Retirement Drift
2022,CUST04357,Spending Drift
2022,CUST04359,Channel Drift
2022,CUST04360,Spending Drift
2022,CUST04366,Spending Drift
2022,CUST04366,Retirement Drift
2022,CUST04368,Childbirth
2022,CUST04369,Policy Lapse
2022,CUST04370,Retirement Drift
2022,CUST04374,Divorce
2022,CUST04380,Divorce
2022,CUST04381,Spending Drift
2022,CUST04381,Channel Drift
2022,CUST04385,Policy Lapse
2022,CUST04388,Spending Drift
2022,CUST04396,Spending Drift
2022,CUST04397,Channel Drift
2022,CUST04399,Spending Drift
2022,CUST04400,Spending Drift
2022,CUST04401,Retirement Drift
2022,CUST04403,Retirement
2022,CUST04403,Retirement Drift
2022,CUST04411,Channel Drift
2022,CUST04411,Retirement Drift
2022,CUST04412,Retirement
2022,CUST04412,Retirement Drift
2022,CUST04414,Promotion
2022,CUST04414,Spending Drift
2022,CUST04415,Retirement Drift
2022,CUST04416,Job Loss
2022,CUST04417,Divorce
2022,CUST04417,Channel Drift
2022,CUST04419,Job Loss
2022,CUST04422,Channel Drift
2022,CUST04423,Job Loss
2022,CUST04424,Promotion
2022,CUST04427,Retirement Drift
2022,CUST04429,Retirement Drift
2022,CUST04430,Retirement Drift
2022,CUST04436,Retirement
2022,CUST04436,Retirement Drift
2022,CUST04439,Retirement
2022,CUST04439,Retirement Drift
2022,CUST04442,Promotion
2022,CUST04445,Job Loss
2022,CUST04450,Retirement Drift
2022,CUST04452,Marriage
2022,CUST04457,Promotion
2022,CUST04457,Divorce
2022,CUST04465,Promotion
2022,CUST04467,Channel Drift
2022,CUST04470,Channel Drift
2022,CUST04475,Spending Drift
2022,CUST04476,Job Loss
2022,CUST04483,Retirement
2022,CUST04483,Retirement Drift
2022,CUST04484,Job Loss
2022,CUST04487,Promotion
2022,CUST04488,Spending Drift
2022,CUST04488,Retirement Drift
2022,CUST04489,Spending Drift
2022,CUST04493,Marriage
2022,CUST04493,Childbirth
2022,CUST04494,Retirement
2022,CUST04494,Health Shock
2022,CUST04494,Retirement Drift
2022,CUST04497,Retirement Drift
2022,CUST04505,Promotion
2022,CUST04509,Policy Lapse
2022,CUST04511,Retirement Drift
2022,CUST04513,Spending Drift
2022,CUST04515,Retirement Drift
2022,CUST04517,Policy Lapse
2022,CUST04518,Spending Drift
2022,CUST04519,Spending Drift
2022,CUST04520,Channel Drift
2022,CUST04520,Retirement Drift
2022,CUST04523,Policy Lapse
2022,CUST04527,Job Loss
2022,CUST04527,Policy Lapse
2022,CUST04527,Spending Drift
2022,CUST04527,Retirement Drift
2022,CUST04528,Promotion
2022,CUST04532,Promotion
2022,CUST04536,Spending Drift
2022,CUST04536,Retirement Drift
2022,CUST04538,Retirement Drift
2022,CUST04539,Retirement Drift
2022,CUST04541,Spending Drift
2022,CUST04542,Promotion
2022,CUST04543,Retirement Drift
2022,CUST04547,Promotion
2022,CUST04549,Job Loss
2022,CUST04549,Retirement Drift
2022,CUST04553,Retirement
2022,CUST04553,Retirement Drift
2022,CUST04558,Retirement
2022,CUST04558,Retirement Drift
2022,CUST04562,Spending Drift
2022,CUST04562,Channel Drift
2022,CUST04564,Policy Lapse
2022,CUST04564,Policy Reactivation
2022,CUST04566,Retirement
2022,CUST04566,Retirement Drift
2022,CUST04574,Spending Drift
2022,CUST04575,Spending Drift
2022,CUST04576,Promotion
2022,CUST04584,Retirement
2022,CUST04584,Retirement Drift
2022,CUST04589,Retirement
2022,CUST04589,Retirement Drift
2022,CUST04592,Channel Drift
2022,CUST04594,Retirement Drift
2022,CUST04602,Spending Drift
2022,CUST04611,Policy Lapse
2022,CUST04613,Retirement Drift
2022,CUST04614,Job Loss
2022,CUST04614,Spending Drift
2022,CUST04615,Retirement
2022,CUST04615,Retirement Drift
2022,CUST04616,Spending Drift
2022,CUST04622,Spending Drift
2022,CUST04623,Spending Drift
2022,CUST04624,Promotion
2022,CUST04624,Health Shock
2022,CUST04627,Channel Drift
2022,CUST04628,Promotion
2022,CUST04629,Spending Drift
2022,CUST04629,Channel Drift
2022,CUST04633,Marriage
2022,CUST04635,Job Loss
2022,CUST04636,Job Loss
2022,CUST04638,Health Shock
2022,CUST04638,Retirement Drift
2022,CUST04639,Health Shock
2022,CUST04643,Spending Drift
2022,CUST04644,Spending Drift
2022,CUST04645,Channel Drift
2022,CUST04645,Retirement Drift
2022,CUST04648,Spending Drift
2022,CUST04652,Retirement Drift
2022,CUST04653,Promotion
2022,CUST04654,Retirement Drift
2022,CUST04655,Retirement Drift
2022,CUST04658,Retirement
2022,CUST04658,Spending Drift
2022,CUST04658,Retirement Drift
2022,CUST04659,Channel Drift
2022,CUST04662,Spending Drift
2022,CUST04662,Retirement Drift
2022,CUST04665,Retirement
2022,CUST04665,Retirement Drift
2022,CUST04666,Spending Drift
2022,CUST04667,Spending Drift
2022,CUST04671,Channel Drift
2022,CUST04675,Retirement
2022,CUST04675,Retirement Drift
2022,CUST04679,Spending Drift
2022,CUST04679,Retirement Drift
2022,CUST04682,Marriage
2022,CUST04683,Promotion
2022,CUST04686,Spending Drift
2022,CUST04686,Channel Drift
2022,CUST04688,Policy Lapse
2022,CUST04688,Policy Reactivation
2022,CUST04688,Spending Drift
2022,CUST04690,Promotion
2022,CUST04690,Spending Drift
2022,CUST04691,Retirement
2022,CUST04691,Retirement Drift
2022,CUST04694,Channel Drift
2022,CUST04694,Retirement Drift
2022,CUST04700,Retirement Drift
2022,CUST04701,Policy Lapse
2022,CUST04703,Retirement Drift
2022,CUST04708,Divorce
2022,CUST04709,Retirement Drift
2022,CUST04715,Retirement
2022,CUST04715,Retirement Drift
2022,CUST04716,Spending Drift
2022,CUST04724,Spending Drift
2022,CUST04725,Retirement Drift
2022,CUST04727,Job Loss
2022,CUST04727,Spending Drift
2022,CUST04727,Channel Drift
2022,CUST04728,Retirement Drift
2022,CUST04730,Policy Lapse
2022,CUST04731,Channel Drift
2022,CUST04734,Health Shock
2022,CUST04736,Spending Drift
2022,CUST04737,Promotion
2022,CUST04739,Spending Drift
2022,CUST04741,Spending Drift
2022,CUST04746,Spending Drift
2022,CUST04747,Divorce
2022,CUST04749,Channel Drift
2022,CUST04753,Policy Lapse
2022,CUST04755,Spending Drift
2022,CUST04756,Promotion
2022,CUST04761,Retirement Drift
2022,CUST04765,Health Shock
2022,CUST04765,Spending Drift
2022,CUST04765,Retirement Drift
2022,CUST04768,Promotion
2022,CUST04776,Promotion
2022,CUST04780,Retirement
2022,CUST04780,Retirement Drift
2022,CUST04781,Divorce
2022,CUST04783,Channel Drift
2022,CUST04784,Promotion
2022,CUST04788,Promotion
2022,CUST04803,Promotion
2022,CUST04804,Policy Lapse
2022,CUST04804,Policy Reactivation
2022,CUST04814,Policy Lapse
2022,CUST04814,Policy Reactivation
2022,CUST04815,Spending Drift
2022,CUST04815,Channel Drift
2022,CUST04815,Retirement Drift
2022,CUST04819,Health Shock
2022,CUST04820,Policy Lapse
2022,CUST04826,Policy Lapse
2022,CUST04828,Channel Drift
2022,CUST04828,Retirement Drift
2022,CUST04830,Promotion
2022,CUST04831,Policy Lapse
2022,CUST04831,Policy Reactivation
2022,CUST04836,Marriage
2022,CUST04846,Retirement
2022,CUST04846,Retirement Drift
2022,CUST04847,Channel Drift
2022,CUST04851,Retirement Drift
2022,CUST04854,Retirement Drift
2022,CUST04862,Retirement
2022,CUST04862,Retirement Drift
2022,CUST04865,Promotion
2022,CUST04866,Spending Drift
2022,CUST04867,Retirement Drift
2022,CUST04871,Channel Drift
2022,CUST04872,Promotion
2022,CUST04875,Retirement Drift
2022,CUST04879,Promotion
2022,CUST04879,Spending Drift
2022,CUST04890,Promotion
2022,CUST04891,Promotion
2022,CUST04896,Spending Drift
2022,CUST04902,Spending Drift
2022,CUST04905,Promotion
2022,CUST04905,Spending Drift
2022,CUST04910,Retirement Drift
2022,CUST04911,Promotion
2022,CUST04911,Channel Drift
2022,CUST04913,Spending Drift
2022,CUST04914,Spending Drift
2022,CUST04915,Spending Drift
2022,CUST04927,Retirement Drift
2022,CUST04932,Retirement
2022,CUST04932,Retirement Drift
2022,CUST04936,Channel Drift
2022,CUST04940,Spending Drift
2022,CUST04942,Health Shock
2022,CUST04946,Channel Drift
2022,CUST04946,Retirement Drift
2022,CUST04947,Retirement Drift
2022,CUST04948,Spending Drift
2022,CUST04949,Health Shock
2022,CUST04957,Spending Drift
2022,CUST04958,Job Loss
2022,CUST04958,Channel Drift
2022,CUST04960,Promotion
2022,CUST04960,Channel Drift
2022,CUST04961,Spending Drift
2022,CUST04961,Retirement Drift
2022,CUST04963,Spending Drift
2022,CUST04964,Channel Drift
2022,CUST04966,Spending Drift
2022,CUST04967,Promotion
2022,CUST04969,Retirement
2022,CUST04969,Retirement Drift
2022,CUST04971,Retirement Drift
2022,CUST04975,Spending Drift
2022,CUST04977,Health Shock
2022,CUST04979,Job Loss
2022,CUST04979,Retirement
2022,CUST04979,Retirement Drift
2022,CUST04981,Retirement Drift
2022,CUST04982,Retirement Drift
2022,CUST04984,Promotion
2023,CUST00000,Spending Drift
2023,CUST00001,Promotion
2023,CUST00002,Retirement Drift
2023,CUST00004,Channel Drift
2023,CUST00006,Retirement Drift
2023,CUST00014,Spending Drift
2023,CUST00017,Spending Drift
2023,CUST00018,Promotion
2023,CUST00019,Spending Drift
2023,CUST00019,Channel Drift
2023,CUST00022,Channel Drift
2023,CUST00024,Spending Drift
2023,CUST00028,Spending Drift
2023,CUST00029,Promotion
2023,CUST00035,Spending Drift
2023,CUST00037,Retirement
2023,CUST00037,Retirement Drift
2023,CUST00040,Divorce
2023,CUST00042,Spending Drift
2023,CUST00043,Spending Drift
2023,CUST00047,Job Loss
2023,CUST00048,Retirement
2023,CUST00048,Retirement Drift
2023,CUST00052,Spending Drift
2023,CUST00060,Spending Drift
2023,CUST00061,Channel Drift
2023,CUST00067,Channel Drift
2023,CUST00067,Retirement Drift
2023,CUST00073,Job Loss
2023,CUST00076,Retirement Drift
2023,CUST00077,Retirement Drift
2023,CUST00080,Retirement Drift
2023,CUST00081,Retirement
2023,CUST00081,Retirement Drift
2023,CUST00084,Retirement Drift
2023,CUST00085,Promotion
2023,CUST00086,Policy Lapse
2023,CUST00088,Promotion
2023,CUST00092,Spending Drift
2023,CUST00093,Retirement
2023,CUST00093,Retirement Drift
2023,CUST00098,Spending Drift
2023,CUST00103,Promotion
2023,CUST00104,Channel Drift
2023,CUST00105,Spending Drift
2023,CUST00106,Promotion
2023,CUST00109,Channel Drift
2023,CUST00110,Spending Drift
2023,CUST00110,Retirement Drift
2023,CUST00111,Retirement Drift
2023,CUST00116,Channel Drift
2023,CUST00117,Spending Drift
2023,CUST00118,Spending Drift
2023,CUST00119,Spending Drift
2023,CUST00121,Channel Drift
2023,CUST00123,Retirement
2023,CUST00123,Retirement Drift
2023,CUST00124,Spending Drift
2023,CUST00124,Retirement Drift
2023,CUST00125,Policy Lapse
2023,CUST00128,Spending Drift
2023,CUST00128,Retirement Drift
2023,CUST00130,Spending Drift
2023,CUST00132,Policy Lapse
2023,CUST00132,Channel Drift
2023,CUST00135,Divorce
2023,CUST00135,Retirement Drift
2023,CUST00139,Channel Drift
2023,CUST00140,Spending Drift
2023,CUST00141,Promotion
2023,CUST00142,Promotion
2023,CUST00142,Marriage
2023,CUST00143,Channel Drift
2023,CUST00144,Retirement Drift
2023,CUST00146,Spending Drift
2023,CUST00148,Promotion
2023,CUST00148,Channel Drift
2023,CUST00150,Spending Drift
2023,CUST00152,Marriage
2023,CUST00154,Promotion
2023,CUST00155,Channel Drift
2023,CUST00158,Health Shock
2023,CUST00166,Job Loss
2023,CUST00174,Promotion
2023,CUST00174,Spending Drift
2023,CUST00180,Marriage
2023,CUST00181,Retirement Drift
2023,CUST00182,Channel Drift
2023,CUST00183,Job Loss
2023,CUST00189,Retirement Drift
2023,CUST00190,Channel Drift
2023,CUST00191,Retirement Drift
2023,CUST00195,Retirement Drift
2023,CUST00199,Spending Drift
2023,CUST00203,Health Shock
2023,CUST00206,Spending Drift
2023,CUST00209,Spending Drift
2023,CUST00210,Channel Drift
2023,CUST00212,Divorce
2023,CUST00217,Policy Lapse
2023,CUST00219,Policy Lapse
2023,CUST00223,Channel Drift
2023,CUST00228,Spending Drift
2023,CUST00232,Channel Drift
2023,CUST00233,Job Loss
2023,CUST00233,Retirement Drift
2023,CUST00234,Retirement Drift
2023,CUST00235,Spending Drift
2023,CUST00245,Spending Drift
2023,CUST00247,Retirement
2023,CUST00247,Retirement Drift
2023,CUST00248,Promotion
2023,CUST00249,Channel Drift
2023,CUST00249,Retirement Drift
2023,CUST00255,Retirement Drift
2023,CUST00259,Retirement
2023,CUST00259,Policy Lapse
2023,CUST00259,Spending Drift
2023,CUST00259,Retirement Drift
2023,CUST00260,Spending Drift
2023,CUST00262,Spending Drift
2023,CUST00268,Spending Drift
2023,CUST00269,Retirement
2023,CUST00269,Policy Lapse
2023,CUST00269,Policy Reactivation
2023,CUST00269,Retirement Drift
2023,CUST00273,Spending Drift
2023,CUST00276,Spending Drift
2023,CUST00285,Spending Drift
2023,CUST00287,Promotion
2023,CUST00289,Channel Drift
2023,CUST00290,Channel Drift
2023,CUST00291,Retirement Drift
2023,CUST00294,Retirement Drift
2023,CUST00295,Retirement Drift
2023,CUST00296,Promotion
2023,CUST00297,Channel Drift
2023,CUST00298,Retirement Drift
2023,CUST00300,Spending Drift
2023,CUST00300,Channel Drift
2023,CUST00301,Spending Drift
2023,CUST00302,Spending Drift
2023,CUST00304,Spending Drift
2023,CUST00305,Retirement
2023,CUST00305,Retirement Drift
2023,CUST00309,Promotion
2023,CUST00310,Channel Drift
2023,CUST00315,Promotion
2023,CUST00320,Channel Drift
2023,CUST00320,Retirement Drift
2023,CUST00321,Health Shock
2023,CUST00324,Channel Drift
2023,CUST00324,Retirement Drift
2023,CUST00326,Retirement Drift
2023,CUST00328,Retirement Drift
2023,CUST00332,Retirement
2023,CUST00332,Retirement Drift
2023,CUST00334,Retirement Drift
2023,CUST00335,Spending Drift
2023,CUST00336,Promotion
2023,CUST00337,Retirement Drift
2023,CUST00341,Promotion
2023,CUST00342,Promotion
2023,CUST00351,Policy Lapse
2023,CUST00351,Policy Reactivation
2023,CUST00351,Spending Drift
2023,CUST00353,Promotion
2023,CUST00356,Promotion
2023,CUST00360,Health Shock
2023,CUST00360,Retirement Drift
2023,CUST00365,Retirement
2023,CUST00365,Retirement Drift
2023,CUST00367,Job Loss
2023,CUST00370,Promotion
2023,CUST00375,Spending Drift
2023,CUST00376,Promotion
2023,CUST00382,Channel Drift
2023,CUST00391,Channel Drift
2023,CUST00392,Channel Drift
2023,CUST00396,Retirement Drift
2023,CUST00397,Retirement Drift
2023,CUST00407,Retirement Drift
2023,CUST00410,Promotion
2023,CUST00413,Spending Drift
2023,CUST00416,Retirement Drift
2023,CUST00420,Policy Lapse
2023,CUST00421,Retirement Drift
2023,CUST00425,Retirement Drift
2023,CUST00426,Job Loss
2023,CUST00426,Marriage
2023,CUST00429,Retirement Drift
2023,CUST00433,Promotion
2023,CUST00433,Spending Drift
2023,CUST00437,Retirement Drift
2023,CUST00438,Spending Drift
2023,CUST00439,Spending Drift
2023,CUST00444,Promotion
2023,CUST00446,Retirement
2023,CUST00446,Retirement Drift
2023,CUST00450,Spending Drift
2023,CUST00452,Marriage
2023,CUST00456,Promotion
2023,CUST00457,Spending Drift
2023,CUST00465,Retirement
2023,CUST00465,Retirement Drift
2023,CUST00469,Spending Drift
2023,CUST00471,Spending Drift
2023,CUST00474,Channel Drift
2023,CUST00475,Retirement Drift
2023,CUST00476,Retirement
2023,CUST00476,Retirement Drift
2023,CUST00477,Spending Drift
2023,CUST00477,Channel Drift
2023,CUST00479,Spending Drift
2023,CUST00479,Retirement Drift
2023,CUST00487,Health Shock
2023,CUST00487,Spending Drift
2023,CUST00493,Policy Lapse
2023,CUST00494,Promotion
2023,CUST00497,Promotion
2023,CUST00497,Spending Drift
2023,CUST00503,Retirement
2023,CUST00503,Retirement Drift
2023,CUST00505,Retirement Drift
2023,CUST00509,Channel Drift
2023,CUST00511,Spending Drift
2023,CUST00512,Policy Lapse
2023,CUST00512,Policy Reactivation
2023,CUST00514,Channel Drift
2023,CUST00515,Channel Drift
2023,CUST00518,Retirement
2023,CUST00518,Channel Drift
2023,CUST00518,Retirement Drift
2023,CUST00520,Promotion
2023,CUST00521,Job Loss
2023,CUST00521,Spending Drift
2023,CUST00527,Spending Drift
2023,CUST00529,Retirement
2023,CUST00529,Retirement Drift
2023,CUST00531,Retirement Drift
2023,CUST00534,Job Loss
2023,CUST00534,Retirement Drift
2023,CUST00535,Spending Drift
2023,CUST00538,Divorce
2023,CUST00547,Retirement Drift
2023,CUST00552,Health Shock
2023,CUST00558,Spending Drift
2023,CUST00565,Channel Drift
2023,CUST00566,Channel Drift
2023,CUST00568,Marriage
2023,CUST00569,Spending Drift
2023,CUST00574,Retirement
2023,CUST00574,Policy Lapse
2023,CUST00574,Retirement Drift
2023,CUST00575,Spending Drift
2023,CUST00575,Channel Drift
2023,CUST00578,Spending Drift
2023,CUST00583,Promotion
2023,CUST00585,Spending Drift
2023,CUST00586,Spending Drift
2023,CUST00589,Spending Drift
2023,CUST00591,Policy Lapse
2023,CUST00596,Promotion
2023,CUST00597,Spending Drift
2023,CUST00600,Retirement Drift
2023,CUST00603,Job Loss
2023,CUST00605,Spending Drift
2023,CUST00608,Promotion
2023,CUST00611,Channel Drift
2023,CUST00611,Retirement Drift
2023,CUST00615,Channel Drift
2023,CUST00617,Channel Drift
2023,CUST00620,Spending Drift
2023,CUST00621,Spending Drift
2023,CUST00624,Retirement Drift
2023,CUST00626,Job Loss
2023,CUST00626,Spending Drift
2023,CUST00628,Policy Lapse
2023,CUST00628,Policy Reactivation
2023,CUST00629,Retirement Drift
2023,CUST00635,Channel Drift
2023,CUST00636,Retirement
2023,CUST00636,Retirement Drift
2023,CUST00637,Marriage
2023,CUST00638,Channel Drift
2023,CUST00642,Retirement Drift
2023,CUST00643,Job Loss
2023,CUST00643,Spending Drift
2023,CUST00647,Channel Drift
2023,CUST00648,Spending Drift
2023,CUST00651,Channel Drift
2023,CUST00653,Health Shock
2023,CUST00653,Spending Drift
2023,CUST00654,Promotion
2023,CUST00655,Health Shock
2023,CUST00655,Channel Drift
2023,CUST00661,Promotion
2023,CUST00668,Retirement Drift
2023,CUST00670,Policy Lapse
2023,CUST00672,Promotion
2023,CUST00674,Channel Drift
2023,CUST00690,Channel Drift
2023,CUST00691,Retirement Drift
2023,CUST00693,Policy Lapse
2023,CUST00693,Policy Reactivation
2023,CUST00694,Promotion
2023,CUST00700,Channel Drift
2023,CUST00701,Spending Drift
2023,CUST00702,Retirement Drift
2023,CUST00703,Promotion
2023,CUST00706,Channel Drift
2023,CUST00707,Spending Drift
2023,CUST00709,Retirement Drift
2023,CUST00712,Promotion
2023,CUST00717,Spending Drift
2023,CUST00719,Retirement Drift
2023,CUST00722,Retirement Drift
2023,CUST00726,Channel Drift
2023,CUST00728,Retirement
2023,CUST00728,Retirement Drift
2023,CUST00729,Channel Drift
2023,CUST00731,Promotion
2023,CUST00734,Channel Drift
2023,CUST00736,Channel Drift
2023,CUST00738,Policy Lapse
2023,CUST00743,Retirement Drift
2023,CUST00745,Retirement
2023,CUST00745,Retirement Drift
2023,CUST00750,Job Loss
2023,CUST00752,Spending Drift
2023,CUST00758,Spending Drift
2023,CUST00761,Spending Drift
2023,CUST00769,Retirement Drift
2023,CUST00770,Retirement Drift
2023,CUST00771,Promotion
2023,CUST00774,Retirement Drift
2023,CUST00777,Retirement Drift
2023,CUST00779,Promotion
2023,CUST00781,Spending Drift
2023,CUST00783,Promotion
2023,CUST00784,Promotion
2023,CUST00785,Promotion
2023,CUST00786,Promotion
2023,CUST00788,Spending Drift
2023,CUST00789,Channel Drift
2023,CUST00793,Spending Drift
2023,CUST00795,Health Shock
2023,CUST00795,Retirement Drift
2023,CUST00798,Spending Drift
2023,CUST00800,Retirement Drift
2023,CUST00801,Retirement
2023,CUST00801,Health Shock
2023,CUST00801,Retirement Drift
2023,CUST00805,Promotion
2023,CUST00807,Promotion
2023,CUST00811,Channel Drift
2023,CUST00816,Job Loss
2023,CUST00821,Spending Drift
2023,CUST00834,Retirement Drift
2023,CUST00837,Spending Drift
2023,CUST00838,Promotion
2023,CUST00843,Spending Drift
2023,CUST00843,Channel Drift
2023,CUST00844,Retirement
2023,CUST00844,Channel Drift
2023,CUST00844,Retirement Drift
2023,CUST00848,Promotion
2023,CUST00853,Retirement Drift
2023,CUST00854,Policy Lapse
2023,CUST00854,Channel Drift
2023,CUST00856,Spending Drift
2023,CUST00857,Job Loss
2023,CUST00857,Policy Lapse
2023,CUST00862,Retirement Drift
2023,CUST00869,Retirement Drift
2023,CUST00871,Policy Lapse
2023,CUST00872,Promotion
2023,CUST00872,Spending Drift
2023,CUST00875,Retirement Drift
2023,CUST00878,Channel Drift
2023,CUST00882,Spending Drift
2023,CUST00885,Promotion
2023,CUST00887,Promotion
2023,CUST00889,Marriage
2023,CUST00890,Channel Drift
2023,CUST00891,Promotion
2023,CUST00894,Promotion
2023,CUST00895,Channel Drift
2023,CUST00899,Retirement
2023,CUST00899,Retirement Drift
2023,CUST00904,Retirement Drift
2023,CUST00910,Channel Drift
2023,CUST00920,Promotion
2023,CUST00922,Marriage
2023,CUST00922,Spending Drift
2023,CUST00923,Spending Drift
2023,CUST00923,Channel Drift
2023,CUST00927,Retirement Drift
2023,CUST00928,Retirement Drift
2023,CUST00929,Retirement
2023,CUST00929,Policy Lapse
2023,CUST00929,Policy Reactivation
2023,CUST00929,Retirement Drift
2023,CUST00932,Retirement
2023,CUST00932,Retirement Drift
2023,CUST00933,Retirement
2023,CUST00933,Retirement Drift
2023,CUST00938,Spending Drift
2023,CUST00938,Retirement Drift
2023,CUST00941,Promotion
2023,CUST00945,Spending Drift
2023,CUST00949,Channel Drift
2023,CUST00950,Retirement
2023,CUST00950,Retirement Drift
2023,CUST00952,Retirement Drift
2023,CUST00957,Retirement Drift
2023,CUST00959,Promotion
2023,CUST00967,Retirement Drift
2023,CUST00970,Promotion
2023,CUST00971,Policy Lapse
2023,CUST00971,Spending Drift
2023,CUST00971,Channel Drift
2023,CUST00973,Policy Lapse
2023,CUST00973,Policy Reactivation
2023,CUST00974,Retirement Drift
2023,CUST00981,Retirement Drift
2023,CUST00987,Retirement Drift
2023,CUST00990,Health Shock
2023,CUST00991,Promotion
2023,CUST00993,Spending Drift
2023,CUST00994,Channel Drift
2023,CUST00995,Job Loss
2023,CUST00997,Spending Drift
2023,CUST00997,Retirement Drift
2023,CUST00999,Policy Lapse
2023,CUST00999,Channel Drift
2023,CUST01003,Channel Drift
2023,CUST01004,Channel Drift
2023,CUST01006,Marriage
2023,CUST01008,Retirement
2023,CUST01008,Retirement Drift
2023,CUST01009,Policy Lapse
2023,CUST01009,Policy Reactivation
2023,CUST01010,Retirement Drift
2023,CUST01011,Channel Drift
2023,CUST01012,Retirement
2023,CUST01012,Retirement Drift
2023,CUST01013,Job Loss
2023,CUST01014,Promotion
2023,CUST01015,Retirement Drift
2023,CUST01017,Policy Lapse
2023,CUST01019,Channel Drift
2023,CUST01021,Retirement Drift
2023,CUST01023,Channel Drift
2023,CUST01025,Promotion
2023,CUST01034,Promotion
2023,CUST01037,Retirement
2023,CUST01037,Retirement Drift
2023,CUST01038,Health Shock
2023,CUST01039,Retirement Drift
2023,CUST01043,Policy Lapse
2023,CUST01043,Policy Reactivation
2023,CUST01043,Health Shock
2023,CUST01045,Retirement Drift
2023,CUST01048,Spending Drift
2023,CUST01050,Spending Drift
2023,CUST01056,Retirement
2023,CUST01056,Retirement Drift
2023,CUST01058,Spending Drift
2023,CUST01069,Channel Drift
2023,CUST01073,Promotion
2023,CUST01075,Channel Drift
2023,CUST01076,Channel Drift
2023,CUST01077,Promotion
2023,CUST01078,Channel Drift
2023,CUST01080,Retirement Drift
2023,CUST01082,Retirement Drift
2023,CUST01083,Policy Lapse
2023,CUST01083,Channel Drift
2023,CUST01084,Retirement
2023,CUST01084,Retirement Drift
2023,CUST01085,Spending Drift
2023,CUST01091,Divorce
2023,CUST01097,Retirement
2023,CUST01097,Retirement Drift
2023,CUST01098,Promotion
2023,CUST01099,Retirement
2023,CUST01099,Policy Lapse
2023,CUST01099,Spending Drift
2023,CUST01099,Channel Drift
2023,CUST01099,Retirement Drift
2023,CUST01103,Retirement
2023,CUST01103,Retirement Drift
2023,CUST01105,Policy Lapse
2023,CUST01107,Spending Drift
2023,CUST01116,Retirement Drift
2023,CUST01119,Retirement Drift
2023,CUST01121,Retirement
2023,CUST01121,Spending Drift
2023,CUST01121,Retirement Drift
2023,CUST01123,Channel Drift
2023,CUST01125,Retirement
2023,CUST01125,Retirement Drift
2023,CUST01126,Spending Drift
2023,CUST01129,Promotion
2023,CUST01130,Promotion
2023,CUST01130,Spending Drift
2023,CUST01131,Channel Drift
2023,CUST01133,Divorce
2023,CUST01134,Retirement Drift
2023,CUST01141,Spending Drift
2023,CUST01141,Retirement Drift
2023,CUST01148,Retirement Drift
2023,CUST01149,Retirement Drift
2023,CUST01151,Marriage
2023,CUST01151,Channel Drift
2023,CUST01152,Retirement Drift
2023,CUST01153,Promotion
2023,CUST01155,Retirement Drift
2023,CUST01158,Retirement
2023,CUST01158,Retirement Drift
2023,CUST01159,Channel Drift
2023,CUST01167,Marriage
2023,CUST01169,Health Shock
2023,CUST01175,Retirement Drift
2023,CUST01176,Policy Lapse
2023,CUST01176,Policy Reactivation
2023,CUST01181,Channel Drift
2023,CUST01183,Channel Drift
2023,CUST01188,Policy Lapse
2023,CUST01189,Retirement Drift
2023,CUST01192,Retirement
2023,CUST01192,Retirement Drift
2023,CUST01193,Policy Lapse
2023,CUST01193,Policy Reactivation
2023,CUST01195,Retirement Drift
2023,CUST01203,Promotion
2023,CUST01210,Retirement Drift
2023,CUST01217,Job Loss
2023,CUST01217,Retirement
2023,CUST01217,Retirement Drift
2023,CUST01222,Retirement
2023,CUST01222,Channel Drift
2023,CUST01222,Retirement Drift
2023,CUST01227,Channel Drift
2023,CUST01232,Channel Drift
2023,CUST01236,Spending Drift
2023,CUST01243,Spending Drift
2023,CUST01244,Spending Drift
2023,CUST01244,Retirement Drift
2023,CUST01247,Promotion
2023,CUST01249,Spending Drift
2023,CUST01253,Spending Drift
2023,CUST01253,Retirement Drift
2023,CUST01260,Spending Drift
2023,CUST01265,Promotion
2023,CUST01266,Channel Drift
2023,CUST01275,Channel Drift
2023,CUST01277,Channel Drift
2023,CUST01281,Channel Drift
2023,CUST01285,Policy Lapse
2023,CUST01285,Spending Drift
2023,CUST01288,Retirement
2023,CUST01288,Retirement Drift
2023,CUST01290,Spending Drift
2023,CUST01291,Spending Drift
2023,CUST01293,Spending Drift
2023,CUST01297,Promotion
2023,CUST01299,Channel Drift
2023,CUST01302,Retirement Drift
2023,CUST01305,Promotion
2023,CUST01306,Marriage
2023,CUST01307,Channel Drift
2023,CUST01311,Policy Lapse
2023,CUST01311,Policy Reactivation
2023,CUST01312,Spending Drift
2023,CUST01316,Promotion
2023,CUST01318,Health Shock
2023,CUST01319,Spending Drift
2023,CUST01321,Channel Drift
2023,CUST01321,Retirement Drift
2023,CUST01329,Channel Drift
2023,CUST01331,Retirement
2023,CUST01331,Spending Drift
2023,CUST01331,Retirement Drift
2023,CUST01336,Promotion
2023,CUST01336,Channel Drift
2023,CUST01337,Promotion
2023,CUST01339,Retirement Drift
2023,CUST01341,Policy Lapse
2023,CUST01341,Policy Reactivation
2023,CUST01342,Spending Drift
2023,CUST01345,Spending Drift
2023,CUST01346,Spending Drift
2023,CUST01348,Channel Drift
2023,CUST01350,Retirement Drift
2023,CUST01356,Policy Lapse
2023,CUST01356,Retirement Drift
2023,CUST01361,Promotion
2023,CUST01368,Spending Drift
2023,CUST01371,Health Shock
2023,CUST01373,Spending Drift
2023,CUST01375,Retirement
2023,CUST01375,Retirement Drift
2023,CUST01379,Promotion
2023,CUST01379,Marriage
2023,CUST01380,Childbirth
2023,CUST01381,Spending Drift
2023,CUST01383,Job Loss
2023,CUST01388,Retirement
2023,CUST01388,Retirement Drift
2023,CUST01389,Retirement Drift
2023,CUST01391,Promotion
2023,CUST01392,Spending Drift
2023,CUST01397,Channel Drift
2023,CUST01400,Policy Lapse
2023,CUST01404,Spending Drift
2023,CUST01405,Retirement Drift
2023,CUST01411,Spending Drift
2023,CUST01412,Spending Drift
2023,CUST01414,Retirement
2023,CUST01414,Retirement Drift
2023,CUST01418,Spending Drift
2023,CUST01418,Retirement Drift
2023,CUST01419,Retirement
2023,CUST01419,Retirement Drift
2023,CUST01422,Retirement Drift
2023,CUST01430,Spending Drift
2023,CUST01438,Childbirth
2023,CUST01439,Policy Lapse
2023,CUST01439,Policy Reactivation
2023,CUST01439,Spending Drift
2023,CUST01441,Channel Drift
2023,CUST01443,Channel Drift
2023,CUST01445,Retirement Drift
2023,CUST01448,Spending Drift
2023,CUST01450,Channel Drift
2023,CUST01453,Divorce
2023,CUST01455,Retirement Drift
2023,CUST01456,Promotion
2023,CUST01457,Spending Drift
2023,CUST01457,Channel Drift
2023,CUST01458,Promotion
2023,CUST01466,Channel Drift
2023,CUST01469,Spending Drift
2023,CUST01472,Job Loss
2023,CUST01474,Channel Drift
2023,CUST01474,Retirement Drift
2023,CUST01475,Retirement
2023,CUST01475,Retirement Drift
2023,CUST01476,Promotion
2023,CUST01480,Channel Drift
2023,CUST01483,Spending Drift
2023,CUST01485,Spending Drift
2023,CUST01486,Policy Lapse
2023,CUST01486,Spending Drift
2023,CUST01487,Promotion
2023,CUST01491,Retirement Drift
2023,CUST01494,Spending Drift
2023,CUST01495,Promotion
2023,CUST01497,Channel Drift
2023,CUST01506,Policy Lapse
2023,CUST01508,Promotion
2023,CUST01508,Channel Drift
2023,CUST01509,Promotion
2023,CUST01514,Spending Drift
2023,CUST01514,Channel Drift
2023,CUST01520,Promotion
2023,CUST01522,Retirement
2023,CUST01522,Policy Lapse
2023,CUST01522,Retirement Drift
2023,CUST01523,Promotion
2023,CUST01523,Childbirth
2023,CUST01531,Marriage
2023,CUST01537,Job Loss
2023,CUST01538,Promotion
2023,CUST01540,Promotion
2023,CUST01541,Retirement Drift
2023,CUST01545,Spending Drift
2023,CUST01547,Channel Drift
2023,CUST01548,Promotion
2023,CUST01550,Spending Drift
2023,CUST01551,Spending Drift
2023,CUST01555,Promotion
2023,CUST01562,Retirement Drift
2023,CUST01565,Retirement
2023,CUST01565,Retirement Drift
2023,CUST01566,Spending Drift
2023,CUST01569,Channel Drift
2023,CUST01571,Spending Drift
2023,CUST01574,Promotion
2023,CUST01576,Retirement Drift
2023,CUST01577,Spending Drift
2023,CUST01580,Policy Lapse
2023,CUST01580,Policy Reactivation
2023,CUST01580,Channel Drift
2023,CUST01583,Channel Drift
2023,CUST01587,Channel Drift
2023,CUST01588,Retirement Drift
2023,CUST01592,Spending Drift
2023,CUST01595,Retirement
2023,CUST01595,Retirement Drift
2023,CUST01599,Spending Drift
2023,CUST01605,Spending Drift
2023,CUST01606,Spending Drift
2023,CUST01607,Promotion
2023,CUST01607,Channel Drift
2023,CUST01608,Spending Drift
2023,CUST01609,Spending Drift
2023,CUST01610,Divorce
2023,CUST01613,Health Shock
2023,CUST01618,Channel Drift
2023,CUST01620,Promotion
2023,CUST01620,Spending Drift
2023,CUST01624,Promotion
2023,CUST01631,Policy Lapse
2023,CUST01637,Spending Drift
2023,CUST01639,Retirement Drift
2023,CUST01647,Spending Drift
2023,CUST01647,Channel Drift
2023,CUST01650,Spending Drift
2023,CUST01650,Channel Drift
2023,CUST01651,Promotion
2023,CUST01653,Spending Drift
2023,CUST01653,Retirement Drift
2023,CUST01654,Promotion
2023,CUST01657,Retirement Drift
2023,CUST01658,Promotion
2023,CUST01659,Spending Drift
2023,CUST01670,Policy Lapse
2023,CUST01670,Spending Drift
2023,CUST01672,Job Loss
2023,CUST01673,Spending Drift
2023,CUST01674,Channel Drift
2023,CUST01674,Retirement Drift
2023,CUST01675,Spending Drift
2023,CUST01676,Divorce
2023,CUST01682,Retirement
2023,CUST01682,Spending Drift
2023,CUST01682,Retirement Drift
2023,CUST01685,Retirement
2023,CUST01685,Spending Drift
2023,CUST01685,Retirement Drift
2023,CUST01687,Retirement Drift
2023,CUST01691,Channel Drift
2023,CUST01696,Channel Drift
2023,CUST01696,Retirement Drift
2023,CUST01703,Spending Drift
2023,CUST01703,Retirement Drift
2023,CUST01704,Policy Lapse
2023,CUST01705,Retirement
2023,CUST01705,Retirement Drift
2023,CUST01707,Retirement
2023,CUST01707,Retirement Drift
2023,CUST01712,Retirement Drift
2023,CUST01714,Retirement Drift
2023,CUST01717,Spending Drift
2023,CUST01719,Policy Lapse
2023,CUST01719,Policy Reactivation
2023,CUST01721,Channel Drift
2023,CUST01722,Spending Drift
2023,CUST01726,Retirement
2023,CUST01726,Retirement Drift
2023,CUST01728,Retirement
2023,CUST01728,Retirement Drift
2023,CUST01732,Spending Drift
2023,CUST01733,Retirement
2023,CUST01733,Retirement Drift
2023,CUST01737,Job Loss
2023,CUST01738,Retirement Drift
2023,CUST01739,Policy Lapse
2023,CUST01739,Spending Drift
2023,CUST01740,Spending Drift
2023,CUST01746,Spending Drift
2023,CUST01749,Job Loss
2023,CUST01749,Retirement
2023,CUST01749,Retirement Drift
2023,CUST01751,Spending Drift
2023,CUST01760,Retirement Drift
2023,CUST01761,Marriage
2023,CUST01763,Retirement Drift
2023,CUST01764,Job Loss
2023,CUST01764,Channel Drift
2023,CUST01764,Retirement Drift
2023,CUST01766,Spending Drift
2023,CUST01770,Marriage
2023,CUST01771,Health Shock
2023,CUST01779,Spending Drift
2023,CUST01780,Promotion
2023,CUST01782,Retirement Drift
2023,CUST01783,Retirement
2023,CUST01783,Spending Drift
2023,CUST01783,Retirement Drift
2023,CUST01785,Retirement Drift
2023,CUST01790,Spending Drift
2023,CUST01791,Retirement
2023,CUST01791,Retirement Drift
2023,CUST01792,Spending Drift
2023,CUST01794,Spending Drift
2023,CUST01797,Promotion
2023,CUST01798,Spending Drift
2023,CUST01799,Retirement
2023,CUST01799,Retirement Drift
2023,CUST01800,Promotion
2023,CUST01801,Spending Drift
2023,CUST01803,Policy Lapse
2023,CUST01809,Policy Lapse
2023,CUST01809,Policy Reactivation
2023,CUST01810,Job Loss
2023,CUST01811,Retirement Drift
2023,CUST01813,Job Loss
2023,CUST01813,Channel Drift
2023,CUST01813,Retirement Drift
2023,CUST01816,Channel Drift
2023,CUST01817,Promotion
2023,CUST01827,Spending Drift
2023,CUST01831,Health Shock
2023,CUST01832,Divorce
2023,CUST01833,Retirement Drift
2023,CUST01835,Retirement Drift
2023,CUST01838,Retirement Drift
2023,CUST01839,Spending Drift
2023,CUST01844,Marriage
2023,CUST01847,Spending Drift
2023,CUST01851,Spending Drift
2023,CUST01853,Retirement Drift
2023,CUST01854,Promotion
2023,CUST01855,Spending Drift
2023,CUST01855,Channel Drift
2023,CUST01856,Promotion
2023,CUST01857,Retirement Drift
2023,CUST01859,Retirement
2023,CUST01859,Retirement Drift
2023,CUST01860,Promotion
2023,CUST01863,Spending Drift
2023,CUST01864,Channel Drift
2023,CUST01866,Policy Lapse
2023,CUST01869,Channel Drift
2023,CUST01873,Spending Drift
2023,CUST01878,Spending Drift
2023,CUST01879,Spending Drift
2023,CUST01880,Job Loss
2023,CUST01894,Retirement
2023,CUST01894,Retirement Drift
2023,CUST01895,Retirement Drift
2023,CUST01898,Policy Lapse
2023,CUST01899,Promotion
2023,CUST01899,Marriage
2023,CUST01901,Spending Drift
2023,CUST01907,Retirement Drift
2023,CUST01909,Channel Drift
2023,CUST01910,Retirement
2023,CUST01910,Retirement Drift
2023,CUST01913,Retirement Drift
2023,CUST01914,Health Shock
2023,CUST01917,Retirement Drift
2023,CUST01919,Promotion
2023,CUST01922,Channel Drift
2023,CUST01923,Retirement Drift
2023,CUST01924,Promotion
2023,CUST01924,Spending Drift
2023,CUST01925,Policy Lapse
2023,CUST01926,Spending Drift
2023,CUST01927,Spending Drift
2023,CUST01928,Divorce
2023,CUST01929,Retirement
2023,CUST01929,Spending Drift
2023,CUST01929,Retirement Drift
2023,CUST01930,Retirement
2023,CUST01930,Retirement Drift
2023,CUST01931,Spending Drift
2023,CUST01931,Retirement Drift
2023,CUST01934,Channel Drift
2023,CUST01935,Retirement Drift
2023,CUST01937,Health Shock
2023,CUST01940,Promotion
2023,CUST01940,Marriage
2023,CUST01941,Policy Lapse
2023,CUST01949,Spending Drift
2023,CUST01950,Spending Drift
2023,CUST01950,Retirement Drift
2023,CUST01951,Channel Drift
2023,CUST01954,Promotion
2023,CUST01954,Health Shock
2023,CUST01956,Retirement
2023,CUST01956,Retirement Drift
2023,CUST01961,Retirement
2023,CUST01961,Retirement Drift
2023,CUST01966,Retirement
2023,CUST01966,Retirement Drift
2023,CUST01968,Retirement Drift
2023,CUST01970,Spending Drift
2023,CUST01972,Divorce
2023,CUST01973,Spending Drift
2023,CUST01974,Spending Drift
2023,CUST01975,Divorce
2023,CUST01976,Retirement
2023,CUST01976,Retirement Drift
2023,CUST01979,Retirement
2023,CUST01979,Retirement Drift
2023,CUST01983,Channel Drift
2023,CUST01983,Retirement Drift
2023,CUST01986,Promotion
2023,CUST01988,Channel Drift
2023,CUST01990,Retirement
2023,CUST01990,Retirement Drift
2023,CUST01991,Childbirth
2023,CUST01993,Retirement Drift
2023,CUST01997,Spending Drift
2023,CUST01999,Promotion
2023,CUST01999,Marriage
2023,CUST02000,Retirement Drift
2023,CUST02002,Divorce
2023,CUST02005,Retirement
2023,CUST02005,Retirement Drift
2023,CUST02006,Retirement Drift
2023,CUST02007,Marriage
2023,CUST02008,Promotion
2023,CUST02010,Channel Drift
2023,CUST02014,Promotion
2023,CUST02015,Retirement
2023,CUST02015,Spending Drift
2023,CUST02015,Retirement Drift
2023,CUST02016,Promotion
2023,CUST02017,Spending Drift
2023,CUST02022,Policy Lapse
2023,CUST02026,Promotion
2023,CUST02030,Channel Drift
2023,CUST02032,Spending Drift
2023,CUST02033,Channel Drift
2023,CUST02034,Channel Drift
2023,CUST02038,Policy Lapse
2023,CUST02044,Retirement Drift
2023,CUST02045,Promotion
2023,CUST02048,Channel Drift
2023,CUST02051,Retirement
2023,CUST02051,Retirement Drift
2023,CUST02058,Marriage
2023,CUST02058,Childbirth
2023,CUST02058,Channel Drift
2023,CUST02064,Retirement Drift
2023,CUST02066,Divorce
2023,CUST02072,Promotion
2023,CUST02078,Promotion
2023,CUST02079,Spending Drift
2023,CUST02080,Retirement Drift
2023,CUST02083,Spending Drift
2023,CUST02087,Health Shock
2023,CUST02088,Spending Drift
2023,CUST02089,Spending Drift
2023,CUST02090,Promotion
2023,CUST02092,Promotion
2023,CUST02093,Channel Drift
2023,CUST02097,Policy Lapse
2023,CUST02099,Promotion
2023,CUST02099,Childbirth
2023,CUST02099,Spending Drift
2023,CUST02101,Policy Lapse
2023,CUST02104,Channel Drift
2023,CUST02106,Retirement
2023,CUST02106,Policy Lapse
2023,CUST02106,Retirement Drift
2023,CUST02107,Job Loss
2023,CUST02107,Policy Lapse
2023,CUST02107,Policy Reactivation
2023,CUST02107,Channel Drift
2023,CUST02108,Channel Drift
2023,CUST02110,Retirement
2023,CUST02110,Policy Lapse
2023,CUST02110,Policy Reactivation
2023,CUST02110,Retirement Drift
2023,CUST02114,Retirement
2023,CUST02114,Retirement Drift
2023,CUST02116,Spending Drift
2023,CUST02118,Retirement Drift
2023,CUST02126,Channel Drift
2023,CUST02130,Job Loss
2023,CUST02131,Childbirth
2023,CUST02135,Spending Drift
2023,CUST02137,Spending Drift
2023,CUST02139,Policy Lapse
2023,CUST02139,Policy Reactivation
2023,CUST02142,Spending Drift
2023,CUST02144,Retirement
2023,CUST02144,Retirement Drift
2023,CUST02151,Spending Drift
2023,CUST02153,Retirement Drift
2023,CUST02154,Retirement
2023,CUST02154,Channel Drift
2023,CUST02154,Retirement Drift
2023,CUST02158,Channel Drift
2023,CUST02163,Job Loss
2023,CUST02163,Policy Lapse
2023,CUST02163,Spending Drift
2023,CUST02168,Spending Drift
2023,CUST02169,Job Loss
2023,CUST02170,Promotion
2023,CUST02173,Retirement
2023,CUST02173,Policy Lapse
2023,CUST02173,Retirement Drift
2023,CUST02176,Retirement Drift
2023,CUST02177,Promotion
2023,CUST02178,Divorce
2023,CUST02179,Spending Drift
2023,CUST02182,Health Shock
2023,CUST02182,Retirement Drift
2023,CUST02183,Retirement
2023,CUST02183,Retirement Drift
2023,CUST02184,Channel Drift
2023,CUST02186,Spending Drift
2023,CUST02188,Promotion
2023,CUST02189,Spending Drift
2023,CUST02193,Spending Drift
2023,CUST02194,Promotion
2023,CUST02194,Channel Drift
2023,CUST02195,Spending Drift
2023,CUST02196,Spending Drift
2023,CUST02204,Retirement Drift
2023,CUST02206,Spending Drift
2023,CUST02209,Promotion
2023,CUST02209,Channel Drift
2023,CUST02211,Policy Lapse
2023,CUST02211,Retirement Drift
2023,CUST02212,Retirement
2023,CUST02212,Retirement Drift
2023,CUST02214,Promotion
2023,CUST02215,Promotion
2023,CUST02225,Channel Drift
2023,CUST02226,Retirement Drift
2023,CUST02228,Promotion
2023,CUST02233,Promotion
2023,CUST02237,Spending Drift
2023,CUST02237,Retirement Drift
2023,CUST02238,Spending Drift
2023,CUST02241,Spending Drift
2023,CUST02241,Retirement Drift
2023,CUST02243,Spending Drift
2023,CUST02245,Spending Drift
2023,CUST02247,Spending Drift
2023,CUST02248,Retirement Drift
2023,CUST02251,Spending Drift
2023,CUST02252,Retirement Drift
2023,CUST02255,Promotion
2023,CUST02256,Retirement
2023,CUST02256,Retirement Drift
2023,CUST02258,Channel Drift
2023,CUST02260,Policy Lapse
2023,CUST02265,Marriage
2023,CUST02265,Channel Drift
2023,CUST02270,Spending Drift
2023,CUST02271,Divorce
2023,CUST02280,Spending Drift
2023,CUST02281,Channel Drift
2023,CUST02282,Channel Drift
2023,CUST02286,Channel Drift
2023,CUST02288,Job Loss
2023,CUST02288,Spending Drift
2023,CUST02289,Promotion
2023,CUST02294,Spending Drift
2023,CUST02297,Promotion
2023,CUST02299,Promotion
2023,CUST02304,Spending Drift
2023,CUST02305,Retirement Drift
2023,CUST02307,Promotion
2023,CUST02311,Spending Drift
2023,CUST02317,Policy Lapse
2023,CUST02319,Job Loss
2023,CUST02321,Spending Drift
2023,CUST02326,Retirement Drift
2023,CUST02328,Promotion
2023,CUST02328,Spending Drift
2023,CUST02331,Spending Drift
2023,CUST02332,Spending Drift
2023,CUST02337,Channel Drift
2023,CUST02338,Spending Drift
2023,CUST02339,Spending Drift
2023,CUST02339,Retirement Drift
2023,CUST02340,Channel Drift
2023,CUST02342,Policy Lapse
2023,CUST02342,Policy Reactivation
2023,CUST02342,Channel Drift
2023,CUST02344,Spending Drift
2023,CUST02344,Retirement Drift
2023,CUST02346,Spending Drift
2023,CUST02347,Retirement
2023,CUST02347,Retirement Drift
2023,CUST02350,Promotion
2023,CUST02353,Channel Drift
2023,CUST02355,Retirement
2023,CUST02355,Retirement Drift
2023,CUST02360,Retirement Drift
2023,CUST02361,Divorce
2023,CUST02368,Job Loss
2023,CUST02368,Policy Lapse
2023,CUST02370,Spending Drift
2023,CUST02374,Spending Drift
2023,CUST02377,Policy Lapse
2023,CUST02377,Policy Reactivation
2023,CUST02378,Channel Drift
2023,CUST02380,Policy Lapse
2023,CUST02380,Spending Drift
2023,CUST02380,Retirement Drift
2023,CUST02382,Retirement Drift
2023,CUST02386,Retirement
2023,CUST02386,Retirement Drift
2023,CUST02396,Retirement Drift
2023,CUST02397,Spending Drift
2023,CUST02408,Promotion
2023,CUST02411,Spending Drift
2023,CUST02411,Retirement Drift
2023,CUST02413,Spending Drift
2023,CUST02413,Retirement Drift
2023,CUST02415,Channel Drift
2023,CUST02416,Health Shock
2023,CUST02417,Spending Drift
2023,CUST02418,Spending Drift
2023,CUST02419,Spending Drift
2023,CUST02424,Retirement Drift
2023,CUST02425,Retirement Drift
2023,CUST02427,Retirement Drift
2023,CUST02428,Policy Lapse
2023,CUST02428,Policy Reactivation
2023,CUST02432,Channel Drift
2023,CUST02432,Retirement Drift
2023,CUST02435,Promotion
2023,CUST02437,Channel Drift
2023,CUST02439,Retirement Drift
2023,CUST02440,Health Shock
2023,CUST02443,Retirement Drift
2023,CUST02445,Retirement Drift
2023,CUST02446,Retirement
2023,CUST02446,Spending Drift
2023,CUST02446,Retirement Drift
2023,CUST02447,Policy Lapse
2023,CUST02450,Promotion
2023,CUST02455,Policy Lapse
2023,CUST02455,Retirement Drift
2023,CUST02457,Job Loss
2023,CUST02460,Channel Drift
2023,CUST02466,Spending Drift
2023,CUST02470,Spending Drift
2023,CUST02471,Marriage
2023,CUST02472,Retirement
2023,CUST02472,Retirement Drift
2023,CUST02478,Spending Drift
2023,CUST02479,Channel Drift
2023,CUST02482,Spending Drift
2023,CUST02482,Retirement Drift
2023,CUST02483,Policy Lapse
2023,CUST02483,Policy Reactivation
2023,CUST02483,Marriage
2023,CUST02487,Spending Drift
2023,CUST02488,Spending Drift
2023,CUST02489,Spending Drift
2023,CUST02494,Retirement
2023,CUST02494,Retirement Drift
2023,CUST02495,Job Loss
2023,CUST02501,Promotion
2023,CUST02501,Marriage
2023,CUST02502,Promotion
2023,CUST02503,Retirement Drift
2023,CUST02504,Retirement Drift
2023,CUST02507,Promotion
2023,CUST02510,Retirement Drift
2023,CUST02512,Spending Drift
2023,CUST02516,Job Loss
2023,CUST02523,Retirement Drift
2023,CUST02527,Health Shock
2023,CUST02543,Spending Drift
2023,CUST02543,Channel Drift
2023,CUST02547,Retirement
2023,CUST02547,Retirement Drift
2023,CUST02550,Retirement Drift
2023,CUST02552,Retirement Drift
2023,CUST02554,Channel Drift
2023,CUST02556,Policy Lapse
2023,CUST02556,Policy Reactivation
2023,CUST02556,Retirement Drift
2023,CUST02557,Retirement Drift
2023,CUST02559,Job Loss
2023,CUST02559,Health Shock
2023,CUST02559,Retirement Drift
2023,CUST02560,Spending Drift
2023,CUST02563,Retirement Drift
2023,CUST02568,Divorce
2023,CUST02569,Spending Drift
2023,CUST02569,Channel Drift
2023,CUST02570,Retirement Drift
2023,CUST02571,Spending Drift
2023,CUST02572,Promotion
2023,CUST02575,Job Loss
2023,CUST02575,Retirement
2023,CUST02575,Retirement Drift
2023,CUST02576,Spending Drift
2023,CUST02579,Spending Drift
2023,CUST02581,Retirement Drift
2023,CUST02582,Retirement Drift
2023,CUST02583,Promotion
2023,CUST02586,Childbirth
2023,CUST02587,Retirement
2023,CUST02587,Retirement Drift
2023,CUST02588,Retirement
2023,CUST02588,Retirement Drift
2023,CUST02592,Spending Drift
2023,CUST02594,Childbirth
2023,CUST02597,Retirement Drift
2023,CUST02600,Retirement
2023,CUST02600,Retirement Drift
2023,CUST02603,Retirement
2023,CUST02603,Policy Lapse
2023,CUST02603,Spending Drift
2023,CUST02603,Channel Drift
2023,CUST02603,Retirement Drift
2023,CUST02604,Channel Drift
2023,CUST02605,Policy Lapse
2023,CUST02606,Promotion
2023,CUST02608,Spending Drift
2023,CUST02609,Spending Drift
2023,CUST02610,Job Loss
2023,CUST02610,Retirement Drift
2023,CUST02611,Promotion
2023,CUST02615,Retirement Drift
2023,CUST02617,Spending Drift
2023,CUST02618,Spending Drift
2023,CUST02622,Retirement
2023,CUST02622,Policy Lapse
2023,CUST02622,Retirement Drift
2023,CUST02624,Spending Drift
2023,CUST02625,Spending Drift
2023,CUST02625,Channel Drift
2023,CUST02626,Channel Drift
2023,CUST02629,Spending Drift
2023,CUST02629,Retirement Drift
2023,CUST02631,Promotion
2023,CUST02632,Spending Drift
2023,CUST02635,Job Loss
2023,CUST02637,Promotion
2023,CUST02640,Promotion
2023,CUST02643,Spending Drift
2023,CUST02648,Channel Drift
2023,CUST02651,Retirement Drift
2023,CUST02656,Promotion
2023,CUST02660,Retirement
2023,CUST02660,Channel Drift
2023,CUST02660,Retirement Drift
2023,CUST02664,Job Loss
2023,CUST02664,Policy Lapse
2023,CUST02664,Health Shock
2023,CUST02666,Promotion
2023,CUST02668,Retirement Drift
2023,CUST02670,Retirement Drift
2023,CUST02672,Health Shock
2023,CUST02673,Spending Drift
2023,CUST02673,Retirement Drift
2023,CUST02675,Policy Lapse
2023,CUST02678,Health Shock
2023,CUST02681,Retirement Drift
2023,CUST02682,Promotion
2023,CUST02687,Job Loss
2023,CUST02688,Job Loss
2023,CUST02688,Retirement Drift
2023,CUST02692,Channel Drift
2023,CUST02693,Spending Drift
2023,CUST02695,Retirement Drift
2023,CUST02699,Spending Drift
2023,CUST02701,Channel Drift
2023,CUST02703,Channel Drift
2023,CUST02705,Promotion
2023,CUST02706,Promotion
2023,CUST02708,Promotion
2023,CUST02710,Promotion
2023,CUST02711,Channel Drift
2023,CUST02713,Retirement Drift
2023,CUST02714,Channel Drift
2023,CUST02715,Promotion
2023,CUST02723,Job Loss
2023,CUST02723,Retirement Drift
2023,CUST02725,Retirement Drift
2023,CUST02726,Marriage
2023,CUST02729,Channel Drift
2023,CUST02732,Retirement
2023,CUST02732,Retirement Drift
2023,CUST02735,Spending Drift
2023,CUST02737,Channel Drift
2023,CUST02752,Job Loss
2023,CUST02753,Spending Drift
2023,CUST02761,Spending Drift
2023,CUST02761,Retirement Drift
2023,CUST02763,Promotion
2023,CUST02764,Health Shock
2023,CUST02770,Spending Drift
2023,CUST02770,Channel Drift
2023,CUST02773,Promotion
2023,CUST02776,Retirement Drift
2023,CUST02777,Spending Drift
2023,CUST02783,Spending Drift
2023,CUST02783,Retirement Drift
2023,CUST02785,Spending Drift
2023,CUST02795,Promotion
2023,CUST02796,Retirement
2023,CUST02796,Divorce
2023,CUST02796,Retirement Drift
2023,CUST02799,Retirement
2023,CUST02799,Spending Drift
2023,CUST02799,Channel Drift
2023,CUST02799,Retirement Drift
2023,CUST02800,Marriage
2023,CUST02803,Retirement
2023,CUST02803,Retirement Drift
2023,CUST02806,Channel Drift
2023,CUST02807,Channel Drift
2023,CUST02811,Retirement
2023,CUST02811,Spending Drift
2023,CUST02811,Retirement Drift
2023,CUST02814,Channel Drift
2023,CUST02816,Job Loss
2023,CUST02816,Policy Lapse
2023,CUST02822,Policy Lapse
2023,CUST02824,Promotion
2023,CUST02824,Spending Drift
2023,CUST02827,Retirement Drift
2023,CUST02828,Divorce
2023,CUST02829,Promotion
2023,CUST02834,Promotion
2023,CUST02835,Spending Drift
2023,CUST02837,Spending Drift
2023,CUST02838,Spending Drift
2023,CUST02840,Promotion
2023,CUST02841,Promotion
2023,CUST02849,Spending Drift
2023,CUST02850,Retirement Drift
2023,CUST02851,Retirement
2023,CUST02851,Retirement Drift
2023,CUST02852,Channel Drift
2023,CUST02853,Retirement
2023,CUST02853,Retirement Drift
2023,CUST02854,Spending Drift
2023,CUST02859,Promotion
2023,CUST02860,Channel Drift
2023,CUST02862,Promotion
2023,CUST02865,Retirement Drift
2023,CUST02866,Retirement Drift
2023,CUST02867,Promotion
2023,CUST02869,Health Shock
2023,CUST02870,Retirement Drift
2023,CUST02871,Policy Lapse
2023,CUST02871,Policy Reactivation
2023,CUST02872,Retirement Drift
2023,CUST02873,Spending Drift
2023,CUST02876,Channel Drift
2023,CUST02878,Channel Drift
2023,CUST02881,Promotion
2023,CUST02883,Spending Drift
2023,CUST02884,Policy Lapse
2023,CUST02884,Spending Drift
2023,CUST02888,Retirement Drift
2023,CUST02889,Retirement Drift
2023,CUST02893,Retirement Drift
2023,CUST02900,Policy Lapse
2023,CUST02902,Policy Lapse
2023,CUST02908,Promotion
2023,CUST02911,Retirement Drift
2023,CUST02913,Retirement
2023,CUST02913,Policy Lapse
2023,CUST02913,Policy Reactivation
2023,CUST02913,Retirement Drift
2023,CUST02919,Promotion
2023,CUST02920,Retirement Drift
2023,CUST02924,Childbirth
2023,CUST02924,Spending Drift
2023,CUST02926,Retirement
2023,CUST02926,Divorce
2023,CUST02926,Retirement Drift
2023,CUST02927,Spending Drift
2023,CUST02933,Spending Drift
2023,CUST02934,Promotion
2023,CUST02940,Promotion
2023,CUST02940,Spending Drift
2023,CUST02940,Channel Drift
2023,CUST02941,Channel Drift
2023,CUST02944,Retirement
2023,CUST02944,Retirement Drift
2023,CUST02946,Promotion
2023,CUST02946,Spending Drift
2023,CUST02952,Retirement Drift
2023,CUST02961,Retirement Drift
2023,CUST02962,Retirement Drift
2023,CUST02968,Spending Drift
2023,CUST02974,Channel Drift
2023,CUST02976,Retirement Drift
2023,CUST02979,Channel Drift
2023,CUST02980,Retirement Drift
2023,CUST02981,Channel Drift
2023,CUST02981,Retirement Drift
2023,CUST02984,Channel Drift
2023,CUST02985,Spending Drift
2023,CUST02986,Retirement Drift
2023,CUST02989,Retirement
2023,CUST02989,Retirement Drift
2023,CUST02990,Retirement Drift
2023,CUST02992,Spending Drift
2023,CUST02992,Channel Drift
2023,CUST02997,Retirement
2023,CUST02997,Policy Lapse
2023,CUST02997,Policy Reactivation
2023,CUST02997,Retirement Drift
2023,CUST03002,Job Loss
2023,CUST03004,Promotion
2023,CUST03007,Policy Lapse
2023,CUST03011,Retirement
2023,CUST03011,Channel Drift
2023,CUST03011,Retirement Drift
2023,CUST03012,Policy Lapse
2023,CUST03013,Retirement Drift
2023,CUST03016,Channel Drift
2023,CUST03018,Retirement Drift
2023,CUST03020,Spending Drift
2023,CUST03022,Promotion
2023,CUST03022,Divorce
2023,CUST03022,Channel Drift
2023,CUST03025,Promotion
2023,CUST03025,Spending Drift
2023,CUST03027,Promotion
2023,CUST03031,Marriage
2023,CUST03032,Promotion
2023,CUST03037,Promotion
2023,CUST03041,Channel Drift
2023,CUST03049,Retirement Drift
2023,CUST03054,Job Loss
2023,CUST03054,Policy Lapse
2023,CUST03057,Policy Lapse
2023,CUST03061,Retirement Drift
2023,CUST03062,Retirement Drift
2023,CUST03077,Spending Drift
2023,CUST03079,Spending Drift
2023,CUST03082,Marriage
2023,CUST03085,Policy Lapse
2023,CUST03086,Spending Drift
2023,CUST03086,Channel Drift
2023,CUST03087,Channel Drift
2023,CUST03089,Channel Drift
2023,CUST03091,Spending Drift
2023,CUST03095,Job Loss
2023,CUST03097,Retirement Drift
2023,CUST03099,Health Shock
2023,CUST03099,Retirement Drift
2023,CUST03103,Retirement Drift
2023,CUST03104,Retirement Drift
2023,CUST03106,Spending Drift
2023,CUST03107,Marriage
2023,CUST03109,Spending Drift
2023,CUST03109,Channel Drift
2023,CUST03115,Job Loss
2023,CUST03115,Spending Drift
2023,CUST03116,Policy Lapse
2023,CUST03119,Policy Lapse
2023,CUST03121,Channel Drift
2023,CUST03122,Spending Drift
2023,CUST03125,Promotion
2023,CUST03128,Retirement Drift
2023,CUST03129,Retirement
2023,CUST03129,Spending Drift
2023,CUST03129,Retirement Drift
2023,CUST03131,Channel Drift
2023,CUST03132,Policy Lapse
2023,CUST03133,Spending Drift
2023,CUST03140,Retirement
2023,CUST03140,Retirement Drift
2023,CUST03141,Spending Drift
2023,CUST03146,Promotion
2023,CUST03148,Health Shock
2023,CUST03150,Divorce
2023,CUST03152,Retirement
2023,CUST03152,Retirement Drift
2023,CUST03154,Retirement Drift
2023,CUST03155,Policy Lapse
2023,CUST03155,Policy Reactivation
2023,CUST03157,Spending Drift
2023,CUST03160,Retirement Drift
2023,CUST03163,Policy Lapse
2023,CUST03163,Retirement Drift
2023,CUST03164,Retirement Drift
2023,CUST03167,Spending Drift
2023,CUST03173,Channel Drift
2023,CUST03174,Policy Lapse
2023,CUST03174,Policy Reactivation
2023,CUST03177,Policy Lapse
2023,CUST03186,Promotion
2023,CUST03188,Retirement
2023,CUST03188,Retirement Drift
2023,CUST03189,Promotion
2023,CUST03193,Channel Drift
2023,CUST03194,Promotion
2023,CUST03196,Job Loss
2023,CUST03197,Spending Drift
2023,CUST03201,Promotion
2023,CUST03206,Spending Drift
2023,CUST03211,Promotion
2023,CUST03212,Policy Lapse
2023,CUST03213,Retirement Drift
2023,CUST03215,Spending Drift
2023,CUST03216,Job Loss
2023,CUST03217,Retirement Drift
2023,CUST03220,Policy Lapse
2023,CUST03220,Policy Reactivation
2023,CUST03225,Promotion
2023,CUST03227,Retirement
2023,CUST03227,Retirement Drift
2023,CUST03228,Health Shock
2023,CUST03231,Retirement
2023,CUST03231,Retirement Drift
2023,CUST03232,Promotion
2023,CUST03234,Spending Drift
2023,CUST03235,Spending Drift
2023,CUST03235,Retirement Drift
2023,CUST03238,Retirement Drift
2023,CUST03239,Divorce
2023,CUST03240,Health Shock
2023,CUST03241,Channel Drift
2023,CUST03248,Channel Drift
2023,CUST03249,Spending Drift
2023,CUST03250,Retirement
2023,CUST03250,Retirement Drift
2023,CUST03252,Job Loss
2023,CUST03254,Promotion
2023,CUST03256,Promotion
2023,CUST03258,Channel Drift
2023,CUST03259,Spending Drift
2023,CUST03260,Retirement Drift
2023,CUST03262,Retirement Drift
2023,CUST03265,Retirement Drift
2023,CUST03271,Retirement
2023,CUST03271,Retirement Drift
2023,CUST03273,Policy Lapse
2023,CUST03273,Policy Reactivation
2023,CUST03274,Childbirth
2023,CUST03275,Divorce
2023,CUST03277,Channel Drift
2023,CUST03277,Retirement Drift
2023,CUST03278,Spending Drift
2023,CUST03280,Promotion
2023,CUST03284,Retirement Drift
2023,CUST03285,Spending Drift
2023,CUST03288,Channel Drift
2023,CUST03289,Promotion
2023,CUST03296,Promotion
2023,CUST03300,Spending Drift
2023,CUST03302,Channel Drift
2023,CUST03305,Retirement
2023,CUST03305,Retirement Drift
2023,CUST03307,Retirement Drift
2023,CUST03308,Channel Drift
2023,CUST03308,Retirement Drift
2023,CUST03312,Promotion
2023,CUST03314,Channel Drift
2023,CUST03317,Job Loss
2023,CUST03319,Policy Lapse
2023,CUST03319,Retirement Drift
2023,CUST03323,Retirement Drift
2023,CUST03324,Spending Drift
2023,CUST03326,Spending Drift
2023,CUST03328,Retirement Drift
2023,CUST03330,Promotion
2023,CUST03332,Promotion
2023,CUST03335,Policy Lapse
2023,CUST03340,Policy Lapse
2023,CUST03341,Channel Drift
2023,CUST03344,Retirement
2023,CUST03344,Spending Drift
2023,CUST03344,Retirement Drift
2023,CUST03351,Spending Drift
2023,CUST03351,Retirement Drift
2023,CUST03352,Promotion
2023,CUST03354,Retirement Drift
2023,CUST03357,Spending Drift
2023,CUST03359,Divorce
2023,CUST03359,Spending Drift
2023,CUST03361,Spending Drift
2023,CUST03362,Channel Drift
2023,CUST03363,Spending Drift
2023,CUST03364,Retirement Drift
2023,CUST03370,Policy Lapse
2023,CUST03370,Channel Drift
2023,CUST03377,Channel Drift
2023,CUST03377,Retirement Drift
2023,CUST03378,Retirement Drift
2023,CUST03386,Channel Drift
2023,CUST03388,Spending Drift
2023,CUST03390,Retirement Drift
2023,CUST03394,Spending Drift
2023,CUST03396,Promotion
2023,CUST03399,Promotion
2023,CUST03412,Retirement
2023,CUST03412,Retirement Drift
2023,CUST03413,Promotion
2023,CUST03422,Divorce
2023,CUST03422,Spending Drift
2023,CUST03424,Retirement
2023,CUST03424,Retirement Drift
2023,CUST03432,Job Loss
2023,CUST03432,Channel Drift
2023,CUST03434,Promotion
2023,CUST03436,Divorce
2023,CUST03436,Retirement Drift
2023,CUST03439,Spending Drift
2023,CUST03439,Channel Drift
2023,CUST03440,Policy Lapse
2023,CUST03440,Policy Reactivation
2023,CUST03440,Spending Drift
2023,CUST03441,Channel Drift
2023,CUST03444,Spending Drift
2023,CUST03444,Retirement Drift
2023,CUST03446,Promotion
2023,CUST03448,Promotion
2023,CUST03450,Retirement
2023,CUST03450,Spending Drift
2023,CUST03450,Retirement Drift
2023,CUST03451,Spending Drift
2023,CUST03452,Retirement Drift
2023,CUST03454,Spending Drift
2023,CUST03456,Spending Drift
2023,CUST03463,Channel Drift
2023,CUST03464,Spending Drift
2023,CUST03471,Promotion
2023,CUST03472,Channel Drift
2023,CUST03473,Job Loss
2023,CUST03474,Retirement
2023,CUST03474,Retirement Drift
2023,CUST03475,Retirement Drift
2023,CUST03476,Health Shock
2023,CUST03476,Retirement Drift
2023,CUST03479,Channel Drift
2023,CUST03482,Health Shock
2023,CUST03482,Retirement Drift
2023,CUST03484,Promotion
2023,CUST03490,Channel Drift
2023,CUST03496,Spending Drift
2023,CUST03497,Retirement
2023,CUST03497,Retirement Drift
2023,CUST03500,Job Loss
2023,CUST03501,Promotion
2023,CUST03501,Divorce
2023,CUST03501,Spending Drift
2023,CUST03509,Divorce
2023,CUST03510,Channel Drift
2023,CUST03520,Spending Drift
2023,CUST03526,Marriage
2023,CUST03528,Promotion
2023,CUST03529,Divorce
2023,CUST03529,Spending Drift
2023,CUST03530,Retirement
2023,CUST03530,Retirement Drift
2023,CUST03531,Spending Drift
2023,CUST03532,Retirement Drift
2023,CUST03534,Retirement
2023,CUST03534,Retirement Drift
2023,CUST03539,Retirement
2023,CUST03539,Retirement Drift
2023,CUST03544,Retirement Drift
2023,CUST03549,Retirement
2023,CUST03549,Channel Drift
2023,CUST03549,Retirement Drift
2023,CUST03550,Retirement Drift
2023,CUST03551,Retirement
2023,CUST03551,Retirement Drift
2023,CUST03553,Channel Drift
2023,CUST03554,Spending Drift
2023,CUST03554,Channel Drift
2023,CUST03555,Promotion
2023,CUST03558,Promotion
2023,CUST03563,Spending Drift
2023,CUST03564,Promotion
2023,CUST03564,Channel Drift
2023,CUST03566,Retirement
2023,CUST03566,Retirement Drift
2023,CUST03567,Spending Drift
2023,CUST03574,Retirement Drift
2023,CUST03576,Retirement
2023,CUST03576,Retirement Drift
2023,CUST03580,Channel Drift
2023,CUST03581,Spending Drift
2023,CUST03582,Retirement Drift
2023,CUST03585,Spending Drift
2023,CUST03588,Retirement
2023,CUST03588,Health Shock
2023,CUST03588,Retirement Drift
2023,CUST03589,Channel Drift
2023,CUST03590,Retirement
2023,CUST03590,Policy Lapse
2023,CUST03590,Policy Reactivation
2023,CUST03590,Spending Drift
2023,CUST03590,Retirement Drift
2023,CUST03593,Retirement Drift
2023,CUST03600,Spending Drift
2023,CUST03602,Retirement
2023,CUST03602,Policy Lapse
2023,CUST03602,Policy Reactivation
2023,CUST03602,Retirement Drift
2023,CUST03603,Spending Drift
2023,CUST03604,Promotion
2023,CUST03605,Policy Lapse
2023,CUST03608,Spending Drift
2023,CUST03614,Spending Drift
2023,CUST03615,Health Shock
2023,CUST03616,Policy Lapse
2023,CUST03616,Policy Reactivation
2023,CUST03618,Retirement Drift
2023,CUST03619,Spending Drift
2023,CUST03624,Retirement Drift
2023,CUST03625,Promotion
2023,CUST03627,Channel Drift
2023,CUST03633,Promotion
2023,CUST03636,Channel Drift
2023,CUST03641,Channel Drift
2023,CUST03642,Channel Drift
2023,CUST03642,Retirement Drift
2023,CUST03643,Channel Drift
2023,CUST03648,Policy Lapse
2023,CUST03648,Policy Reactivation
2023,CUST03653,Spending Drift
2023,CUST03653,Retirement Drift
2023,CUST03655,Retirement Drift
2023,CUST03661,Spending Drift
2023,CUST03662,Spending Drift
2023,CUST03662,Retirement Drift
2023,CUST03666,Spending Drift
2023,CUST03667,Divorce
2023,CUST03670,Spending Drift
2023,CUST03670,Channel Drift
2023,CUST03670,Retirement Drift
2023,CUST03671,Promotion
2023,CUST03674,Retirement
2023,CUST03674,Channel Drift
2023,CUST03674,Retirement Drift
2023,CUST03675,Retirement Drift
2023,CUST03682,Spending Drift
2023,CUST03682,Channel Drift
2023,CUST03685,Policy Lapse
2023,CUST03685,Policy Reactivation
2023,CUST03686,Promotion
2023,CUST03687,Promotion
2023,CUST03688,Spending Drift
2023,CUST03691,Promotion
2023,CUST03697,Promotion
2023,CUST03700,Retirement Drift
2023,CUST03702,Channel Drift
2023,CUST03703,Channel Drift
2023,CUST03708,Retirement Drift
2023,CUST03710,Promotion
2023,CUST03711,Retirement
2023,CUST03711,Retirement Drift
2023,CUST03714,Retirement
2023,CUST03714,Retirement Drift
2023,CUST03716,Health Shock
2023,CUST03716,Channel Drift
2023,CUST03717,Promotion
2023,CUST03718,Health Shock
2023,CUST03718,Retirement Drift
2023,CUST03719,Spending Drift
2023,CUST03730,Retirement
2023,CUST03730,Retirement Drift
2023,CUST03735,Policy Lapse
2023,CUST03735,Policy Reactivation
2023,CUST03746,Spending Drift
2023,CUST03748,Promotion
2023,CUST03749,Spending Drift
2023,CUST03749,Retirement Drift
2023,CUST03750,Policy Lapse
2023,CUST03750,Channel Drift
2023,CUST03753,Spending Drift
2023,CUST03755,Spending Drift
2023,CUST03756,Job Loss
2023,CUST03758,Childbirth
2023,CUST03760,Spending Drift
2023,CUST03763,Policy Lapse
2023,CUST03770,Marriage
2023,CUST03770,Channel Drift
2023,CUST03775,Policy Lapse
2023,CUST03775,Policy Reactivation
2023,CUST03776,Channel Drift
2023,CUST03777,Retirement Drift
2023,CUST03778,Retirement
2023,CUST03778,Retirement Drift
2023,CUST03781,Spending Drift
2023,CUST03787,Retirement Drift
2023,CUST03788,Spending Drift
2023,CUST03788,Retirement Drift
2023,CUST03790,Health Shock
2023,CUST03790,Retirement Drift
2023,CUST03791,Divorce
2023,CUST03791,Channel Drift
2023,CUST03791,Retirement Drift
2023,CUST03793,Channel Drift
2023,CUST03806,Spending Drift
2023,CUST03809,Promotion
2023,CUST03809,Spending Drift
2023,CUST03810,Retirement Drift
2023,CUST03811,Retirement Drift
2023,CUST03812,Channel Drift
2023,CUST03814,Job Loss
2023,CUST03814,Retirement
2023,CUST03814,Retirement Drift
2023,CUST03816,Job Loss
2023,CUST03816,Retirement
2023,CUST03816,Retirement Drift
2023,CUST03817,Job Loss
2023,CUST03817,Spending Drift
2023,CUST03817,Channel Drift
2023,CUST03821,Marriage
2023,CUST03823,Retirement
2023,CUST03823,Retirement Drift
2023,CUST03825,Retirement
2023,CUST03825,Retirement Drift
2023,CUST03826,Spending Drift
2023,CUST03826,Retirement Drift
2023,CUST03827,Retirement Drift
2023,CUST03828,Policy Lapse
2023,CUST03829,Retirement
2023,CUST03829,Retirement Drift
2023,CUST03830,Retirement Drift
2023,CUST03831,Promotion
2023,CUST03836,Spending Drift
2023,CUST03836,Retirement Drift
2023,CUST03839,Channel Drift
2023,CUST03841,Channel Drift
2023,CUST03844,Retirement
2023,CUST03844,Retirement Drift
2023,CUST03846,Spending Drift
2023,CUST03847,Retirement
2023,CUST03847,Spending Drift
2023,CUST03847,Retirement Drift
2023,CUST03855,Retirement
2023,CUST03855,Policy Lapse
2023,CUST03855,Policy Reactivation
2023,CUST03855,Retirement Drift
2023,CUST03856,Retirement Drift
2023,CUST03858,Channel Drift
2023,CUST03861,Promotion
2023,CUST03862,Retirement
2023,CUST03862,Retirement Drift
2023,CUST03868,Promotion
2023,CUST03869,Channel Drift
2023,CUST03869,Retirement Drift
2023,CUST03872,Channel Drift
2023,CUST03873,Retirement Drift
2023,CUST03887,Job Loss
2023,CUST03890,Spending Drift
2023,CUST03891,Health Shock
2023,CUST03891,Spending Drift
2023,CUST03891,Channel Drift
2023,CUST03893,Channel Drift
2023,CUST03899,Channel Drift
2023,CUST03899,Retirement Drift
2023,CUST03900,Retirement
2023,CUST03900,Retirement Drift
2023,CUST03903,Promotion
2023,CUST03903,Childbirth
2023,CUST03903,Spending Drift
2023,CUST03906,Promotion
2023,CUST03906,Channel Drift
2023,CUST03907,Retirement
2023,CUST03907,Retirement Drift
2023,CUST03908,Marriage
2023,CUST03910,Retirement
2023,CUST03910,Retirement Drift
2023,CUST03916,Spending Drift
2023,CUST03918,Policy Lapse
2023,CUST03919,Divorce
2023,CUST03921,Promotion
2023,CUST03922,Retirement Drift
2023,CUST03924,Promotion
2023,CUST03924,Spending Drift
2023,CUST03926,Policy Lapse
2023,CUST03931,Retirement
2023,CUST03931,Retirement Drift
2023,CUST03933,Retirement
2023,CUST03933,Policy Lapse
2023,CUST03933,Policy Reactivation
2023,CUST03933,Channel Drift
2023,CUST03933,Retirement Drift
2023,CUST03934,Spending Drift
2023,CUST03934,Channel Drift
2023,CUST03937,Retirement Drift
2023,CUST03938,Channel Drift
2023,CUST03939,Policy Lapse
2023,CUST03939,Spending Drift
2023,CUST03941,Spending Drift
2023,CUST03941,Retirement Drift
2023,CUST03942,Divorce
2023,CUST03942,Spending Drift
2023,CUST03943,Job Loss
2023,CUST03944,Retirement
2023,CUST03944,Retirement Drift
2023,CUST03947,Promotion
2023,CUST03947,Spending Drift
2023,CUST03948,Spending Drift
2023,CUST03950,Retirement Drift
2023,CUST03955,Retirement Drift
2023,CUST03957,Retirement
2023,CUST03957,Retirement Drift
2023,CUST03959,Spending Drift
2023,CUST03960,Spending Drift
2023,CUST03961,Marriage
2023,CUST03961,Channel Drift
2023,CUST03962,Policy Lapse
2023,CUST03962,Channel Drift
2023,CUST03963,Channel Drift
2023,CUST03964,Retirement Drift
2023,CUST03976,Channel Drift
2023,CUST03977,Retirement Drift
2023,CUST03980,Spending Drift
2023,CUST03982,Promotion
2023,CUST03982,Spending Drift
2023,CUST03983,Job Loss
2023,CUST03983,Retirement Drift
2023,CUST03989,Spending Drift
2023,CUST03991,Retirement Drift
2023,CUST03994,Promotion
2023,CUST03995,Promotion
2023,CUST03997,Retirement Drift
2023,CUST03998,Promotion
2023,CUST03998,Spending Drift
2023,CUST04000,Spending Drift
2023,CUST04000,Channel Drift
2023,CUST04003,Spending Drift
2023,CUST04005,Job Loss
2023,CUST04005,Retirement Drift
2023,CUST04009,Promotion
2023,CUST04009,Channel Drift
2023,CUST04010,Retirement Drift
2023,CUST04012,Channel Drift
2023,CUST04013,Promotion
2023,CUST04016,Marriage
2023,CUST04021,Spending Drift
2023,CUST04023,Retirement Drift
2023,CUST04024,Retirement Drift
2023,CUST04027,Retirement Drift
2023,CUST04028,Policy Lapse
2023,CUST04029,Promotion
2023,CUST04029,Spending Drift
2023,CUST04030,Retirement Drift
2023,CUST04031,Spending Drift
2023,CUST04035,Channel Drift
2023,CUST04038,Promotion
2023,CUST04040,Spending Drift
2023,CUST04041,Retirement Drift
2023,CUST04042,Spending Drift
2023,CUST04043,Retirement Drift
2023,CUST04048,Job Loss
2023,CUST04050,Retirement Drift
2023,CUST04051,Job Loss
2023,CUST04055,Promotion
2023,CUST04056,Job Loss
2023,CUST04056,Spending Drift
2023,CUST04058,Channel Drift
2023,CUST04061,Spending Drift
2023,CUST04062,Policy Lapse
2023,CUST04062,Channel Drift
2023,CUST04064,Retirement Drift
2023,CUST04066,Spending Drift
2023,CUST04071,Spending Drift
2023,CUST04073,Channel Drift
2023,CUST04074,Job Loss
2023,CUST04076,Retirement Drift
2023,CUST04079,Spending Drift
2023,CUST04086,Channel Drift
2023,CUST04089,Retirement Drift
2023,CUST04090,Promotion
2023,CUST04090,Spending Drift
2023,CUST04091,Job Loss
2023,CUST04091,Retirement Drift
2023,CUST04094,Channel Drift
2023,CUST04099,Retirement Drift
2023,CUST04103,Channel Drift
2023,CUST04108,Promotion
2023,CUST04110,Retirement
2023,CUST04110,Retirement Drift
2023,CUST04116,Channel Drift
2023,CUST04116,Retirement Drift
2023,CUST04125,Spending Drift
2023,CUST04130,Promotion
2023,CUST04131,Job Loss
2023,CUST04131,Policy Lapse
2023,CUST04131,Retirement Drift
2023,CUST04132,Channel Drift
2023,CUST04134,Retirement Drift
2023,CUST04143,Channel Drift
2023,CUST04145,Spending Drift
2023,CUST04146,Spending Drift
2023,CUST04148,Retirement Drift
2023,CUST04154,Retirement Drift
2023,CUST04159,Promotion
2023,CUST04163,Channel Drift
2023,CUST04166,Spending Drift
2023,CUST04168,Spending Drift
2023,CUST04171,Channel Drift
2023,CUST04172,Retirement Drift
2023,CUST04176,Promotion
2023,CUST04178,Job Loss
2023,CUST04178,Retirement
2023,CUST04178,Spending Drift
2023,CUST04178,Retirement Drift
2023,CUST04185,Spending Drift
2023,CUST04186,Spending Drift
2023,CUST04189,Retirement Drift
2023,CUST04191,Policy Lapse
2023,CUST04191,Channel Drift
2023,CUST04192,Channel Drift
2023,CUST04194,Divorce
2023,CUST04194,Retirement Drift
2023,CUST04196,Spending Drift
2023,CUST04196,Retirement Drift
2023,CUST04208,Marriage
2023,CUST04211,Divorce
2023,CUST04211,Spending Drift
2023,CUST04215,Retirement Drift
2023,CUST04220,Policy Lapse
2023,CUST04222,Spending Drift
2023,CUST04230,Retirement
2023,CUST04230,Retirement Drift
2023,CUST04233,Spending Drift
2023,CUST04238,Spending Drift
2023,CUST04238,Channel Drift
2023,CUST04240,Retirement Drift
2023,CUST04243,Job Loss
2023,CUST04248,Retirement Drift
2023,CUST04251,Channel Drift
2023,CUST04252,Spending Drift
2023,CUST04255,Divorce
2023,CUST04255,Retirement Drift
2023,CUST04256,Promotion
2023,CUST04257,Health Shock
2023,CUST04258,Retirement
2023,CUST04258,Channel Drift
2023,CUST04258,Retirement Drift
2023,CUST04259,Divorce
2023,CUST04259,Health Shock
2023,CUST04260,Spending Drift
2023,CUST04265,Promotion
2023,CUST04266,Retirement
2023,CUST04266,Health Shock
2023,CUST04266,Retirement Drift
2023,CUST04268,Spending Drift
2023,CUST04273,Retirement
2023,CUST04273,Retirement Drift
2023,CUST04276,Promotion
2023,CUST04281,Policy Lapse
2023,CUST04281,Policy Reactivation
2023,CUST04284,Channel Drift
2023,CUST04286,Retirement Drift
2023,CUST04288,Channel Drift
2023,CUST04289,Retirement Drift
2023,CUST04290,Channel Drift
2023,CUST04295,Spending Drift
2023,CUST04301,Retirement Drift
2023,CUST04305,Policy Lapse
2023,CUST04307,Channel Drift
2023,CUST04308,Channel Drift
2023,CUST04311,Spending Drift
2023,CUST04315,Promotion
2023,CUST04317,Channel Drift
2023,CUST04317,Retirement Drift
2023,CUST04321,Spending Drift
2023,CUST04322,Retirement
2023,CUST04322,Retirement Drift
2023,CUST04325,Retirement Drift
2023,CUST04326,Spending Drift
2023,CUST04330,Promotion
2023,CUST04332,Spending Drift
2023,CUST04336,Promotion
2023,CUST04336,Channel Drift
2023,CUST04337,Spending Drift
2023,CUST04339,Policy Lapse
2023,CUST04339,Policy Reactivation
2023,CUST04339,Retirement Drift
2023,CUST04340,Spending Drift
2023,CUST04341,Spending Drift
2023,CUST04343,Promotion
2023,CUST04346,Spending Drift
2023,CUST04347,Retirement Drift
2023,CUST04350,Policy Lapse
2023,CUST04350,Policy Reactivation
2023,CUST04353,Promotion
2023,CUST04354,Channel Drift
2023,CUST04356,Retirement
2023,CUST04356,Retirement Drift
2023,CUST04361,Divorce
2023,CUST04365,Health Shock
2023,CUST04366,Retirement Drift
2023,CUST04367,Spending Drift
2023,CUST04369,Channel Drift
2023,CUST04370,Retirement Drift
2023,CUST04372,Channel Drift
2023,CUST04377,Job Loss
2023,CUST04377,Policy Lapse
2023,CUST04378,Channel Drift
2023,CUST04380,Promotion
2023,CUST04383,Channel Drift
2023,CUST04385,Promotion
2023,CUST04388,Spending Drift
2023,CUST04389,Childbirth
2023,CUST04392,Promotion
2023,CUST04394,Promotion
2023,CUST04395,Spending Drift
2023,CUST04401,Retirement Drift
2023,CUST04403,Retirement
2023,CUST04403,Policy Lapse
2023,CUST04403,Retirement Drift
2023,CUST04404,Divorce
2023,CUST04406,Divorce
2023,CUST04408,Job Loss
2023,CUST04410,Promotion
2023,CUST04410,Spending Drift
2023,CUST04411,Retirement Drift
2023,CUST04412,Retirement
2023,CUST04412,Retirement Drift
2023,CUST04415,Retirement Drift
2023,CUST04419,Channel Drift
2023,CUST04420,Promotion
2023,CUST04423,Channel Drift
2023,CUST04427,Retirement Drift
2023,CUST04429,Retirement Drift
2023,CUST04430,Retirement
2023,CUST04430,Retirement Drift
2023,CUST04434,Spending Drift
2023,CUST04435,Promotion
2023,CUST04436,Retirement
2023,CUST04436,Retirement Drift
2023,CUST04439,Retirement Drift
2023,CUST04441,Spending Drift
2023,CUST04442,Promotion
2023,CUST04443,Spending Drift
2023,CUST04446,Promotion
2023,CUST04447,Spending Drift
2023,CUST04449,Channel Drift
2023,CUST04450,Retirement
2023,CUST04450,Retirement Drift
2023,CUST04451,Channel Drift
2023,CUST04452,Spending Drift
2023,CUST04454,Marriage
2023,CUST04456,Spending Drift
2023,CUST04468,Spending Drift
2023,CUST04469,Spending Drift
2023,CUST04471,Channel Drift
2023,CUST04473,Policy Lapse
2023,CUST04473,Policy Reactivation
2023,CUST04475,Retirement Drift
2023,CUST04476,Policy Lapse
2023,CUST04481,Promotion
2023,CUST04482,Promotion
2023,CUST04482,Spending Drift
2023,CUST04483,Spending Drift
2023,CUST04483,Retirement Drift
2023,CUST04484,Retirement
2023,CUST04484,Retirement Drift
2023,CUST04487,Spending Drift
2023,CUST04488,Retirement Drift
2023,CUST04489,Promotion
2023,CUST04494,Retirement
2023,CUST04494,Retirement Drift
2023,CUST04497,Retirement Drift
2023,CUST04498,Spending Drift
2023,CUST04500,Policy Lapse
2023,CUST04502,Spending Drift
2023,CUST04504,Spending Drift
2023,CUST04505,Promotion
2023,CUST04505,Channel Drift
2023,CUST04511,Retirement Drift
2023,CUST04514,Promotion
2023,CUST04515,Retirement Drift
2023,CUST04517,Policy Lapse
2023,CUST04517,Policy Reactivation
2023,CUST04518,Channel Drift
2023,CUST04520,Retirement
2023,CUST04520,Retirement Drift
2023,CUST04521,Policy Lapse
2023,CUST04522,Spending Drift
2023,CUST04523,Retirement Drift
2023,CUST04527,Retirement Drift
2023,CUST04530,Divorce
2023,CUST04531,Health Shock
2023,CUST04533,Divorce
2023,CUST04535,Channel Drift
2023,CUST04536,Job Loss
2023,CUST04536,Health Shock
2023,CUST04536,Retirement Drift
2023,CUST04538,Retirement Drift
2023,CUST04539,Retirement Drift
2023,CUST04540,Job Loss
2023,CUST04543,Retirement
2023,CUST04543,Channel Drift
2023,CUST04543,Retirement Drift
2023,CUST04548,Promotion
2023,CUST04549,Retirement
2023,CUST04549,Retirement Drift
2023,CUST04551,Channel Drift
2023,CUST04552,Spending Drift
2023,CUST04553,Retirement Drift
2023,CUST04558,Retirement
2023,CUST04558,Spending Drift
2023,CUST04558,Retirement Drift
2023,CUST04562,Channel Drift
2023,CUST04563,Divorce
2023,CUST04566,Retirement
2023,CUST04566,Retirement Drift
2023,CUST04568,Channel Drift
2023,CUST04570,Job Loss
2023,CUST04572,Promotion
2023,CUST04572,Spending Drift
2023,CUST04573,Spending Drift
2023,CUST04575,Promotion
2023,CUST04576,Marriage
2023,CUST04580,Promotion
2023,CUST04584,Retirement
2023,CUST04584,Retirement Drift
2023,CUST04586,Channel Drift
2023,CUST04589,Retirement Drift
2023,CUST04591,Divorce
2023,CUST04593,Channel Drift
2023,CUST04594,Retirement
2023,CUST04594,Retirement Drift
2023,CUST04595,Policy Lapse
2023,CUST04596,Promotion
2023,CUST04596,Marriage
2023,CUST04599,Childbirth
2023,CUST04601,Policy Lapse
2023,CUST04608,Policy Lapse
2023,CUST04611,Spending Drift
2023,CUST04613,Retirement
2023,CUST04613,Channel Drift
2023,CUST04613,Retirement Drift
2023,CUST04615,Retirement
2023,CUST04615,Health Shock
2023,CUST04615,Retirement Drift
2023,CUST04622,Job Loss
2023,CUST04626,Promotion
2023,CUST04629,Policy Lapse
2023,CUST04632,Spending Drift
2023,CUST04636,Promotion
2023,CUST04637,Channel Drift
2023,CUST04638,Retirement
2023,CUST04638,Policy Lapse
2023,CUST04638,Retirement Drift
2023,CUST04641,Marriage
2023,CUST04643,Channel Drift
2023,CUST04644,Spending Drift
2023,CUST04645,Retirement Drift
2023,CUST04646,Promotion
2023,CUST04648,Promotion
2023,CUST04652,Retirement
2023,CUST04652,Policy Lapse
2023,CUST04652,Channel Drift
2023,CUST04652,Retirement Drift
2023,CUST04654,Retirement Drift
2023,CUST04655,Job Loss
2023,CUST04655,Retirement
2023,CUST04655,Spending Drift
2023,CUST04655,Retirement Drift
2023,CUST04657,Promotion
2023,CUST04658,Retirement
2023,CUST04658,Retirement Drift
2023,CUST04662,Retirement
2023,CUST04662,Channel Drift
2023,CUST04662,Retirement Drift
2023,CUST04665,Retirement Drift
2023,CUST04675,Retirement Drift
2023,CUST04676,Promotion
2023,CUST04679,Spending Drift
2023,CUST04679,Retirement Drift
2023,CUST04682,Spending Drift
2023,CUST04684,Spending Drift
2023,CUST04691,Retirement
2023,CUST04691,Retirement Drift
2023,CUST04694,Retirement Drift
2023,CUST04696,Spending Drift
2023,CUST04698,Promotion
2023,CUST04700,Retirement Drift
2023,CUST04703,Retirement Drift
2023,CUST04704,Policy Lapse
2023,CUST04704,Policy Reactivation
2023,CUST04706,Spending Drift
2023,CUST04707,Channel Drift
2023,CUST04709,Spending Drift
2023,CUST04709,Retirement Drift
2023,CUST04710,Spending Drift
2023,CUST04714,Promotion
2023,CUST04714,Spending Drift
2023,CUST04715,Retirement Drift
2023,CUST04717,Channel Drift
2023,CUST04725,Retirement Drift
2023,CUST04726,Promotion
2023,CUST04727,Job Loss
2023,CUST04728,Retirement Drift
2023,CUST04730,Spending Drift
2023,CUST04733,Promotion
2023,CUST04736,Health Shock
2023,CUST04736,Spending Drift
2023,CUST04742,Job Loss
2023,CUST04745,Channel Drift
2023,CUST04746,Promotion
2023,CUST04747,Promotion
2023,CUST04759,Policy Lapse
2023,CUST04759,Policy Reactivation
2023,CUST04759,Spending Drift
2023,CUST04761,Retirement Drift
2023,CUST04765,Retirement
2023,CUST04765,Retirement Drift
2023,CUST04766,Spending Drift
2023,CUST04768,Promotion
2023,CUST04771,Channel Drift
2023,CUST04774,Channel Drift
2023,CUST04778,Promotion
2023,CUST04780,Channel Drift
2023,CUST04780,Retirement Drift
2023,CUST04783,Spending Drift
2023,CUST04791,Spending Drift
2023,CUST04792,Spending Drift
2023,CUST04795,Retirement Drift
2023,CUST04796,Channel Drift
2023,CUST04799,Divorce
2023,CUST04805,Channel Drift
2023,CUST04806,Spending Drift
2023,CUST04809,Childbirth
2023,CUST04809,Spending Drift
2023,CUST04810,Policy Lapse
2023,CUST04811,Promotion
2023,CUST04814,Promotion
2023,CUST04815,Retirement Drift
2023,CUST04816,Spending Drift
2023,CUST04818,Retirement Drift
2023,CUST04819,Spending Drift
2023,CUST04822,Policy Lapse
2023,CUST04828,Retirement Drift
2023,CUST04829,Promotion
2023,CUST04831,Retirement
2023,CUST04831,Retirement Drift
2023,CUST04833,Health Shock
2023,CUST04834,Job Loss
2023,CUST04836,Promotion
2023,CUST04839,Spending Drift
2023,CUST04846,Retirement Drift
2023,CUST04849,Promotion
2023,CUST04851,Retirement
2023,CUST04851,Retirement Drift
2023,CUST04854,Channel Drift
2023,CUST04854,Retirement Drift
2023,CUST04856,Childbirth
2023,CUST04862,Retirement Drift
2023,CUST04863,Spending Drift
2023,CUST04867,Retirement Drift
2023,CUST04875,Retirement Drift
2023,CUST04882,Spending Drift
2023,CUST04888,Promotion
2023,CUST04895,Retirement Drift
2023,CUST04899,Marriage
2023,CUST04900,Promotion
2023,CUST04900,Spending Drift
2023,CUST04904,Retirement
2023,CUST04904,Retirement Drift
2023,CUST04907,Spending Drift
2023,CUST04908,Channel Drift
2023,CUST04909,Retirement
2023,CUST04909,Retirement Drift
2023,CUST04910,Retirement
2023,CUST04910,Retirement Drift
2023,CUST04915,Spending Drift
2023,CUST04923,Spending Drift
2023,CUST04924,Spending Drift
2023,CUST04925,Policy Lapse
2023,CUST04927,Retirement Drift
2023,CUST04928,Promotion
2023,CUST04928,Channel Drift
2023,CUST04931,Spending Drift
2023,CUST04932,Spending Drift
2023,CUST04932,Retirement Drift
2023,CUST04944,Spending Drift
2023,CUST04945,Job Loss
2023,CUST04945,Marriage
2023,CUST04946,Channel Drift
2023,CUST04946,Retirement Drift
2023,CUST04947,Job Loss
2023,CUST04947,Retirement Drift
2023,CUST04949,Health Shock
2023,CUST04951,Channel Drift
2023,CUST04955,Channel Drift
2023,CUST04955,Retirement Drift
2023,CUST04961,Retirement Drift
2023,CUST04969,Job Loss
2023,CUST04969,Retirement
2023,CUST04969,Retirement Drift
2023,CUST04971,Retirement
2023,CUST04971,Retirement Drift
2023,CUST04975,Health Shock
2023,CUST04978,Promotion
2023,CUST04979,Retirement
2023,CUST04979,Retirement Drift
2023,CUST04980,Retirement Drift
2023,CUST04981,Retirement Drift
2023,CUST04982,Retirement Drift
2023,CUST04984,Channel Drift
2023,CUST04989,Channel Drift
2023,CUST04996,Policy Lapse
2023,CUST04997,Spending Drift
2024,CUST00002,Retirement Drift
2024,CUST00005,Divorce
2024,CUST00006,Retirement
2024,CUST00006,Retirement Drift
2024,CUST00009,Promotion
2024,CUST00012,Spending Drift
2024,CUST00018,Spending Drift
2024,CUST00019,Promotion
2024,CUST00019,Marriage
2024,CUST00028,Promotion
2024,CUST00028,Spending Drift
2024,CUST00032,Health Shock
2024,CUST00036,Retirement
2024,CUST00036,Retirement Drift
2024,CUST00037,Job Loss
2024,CUST00037,Policy Lapse
2024,CUST00037,Retirement Drift
2024,CUST00040,Spending Drift
2024,CUST00041,Marriage
2024,CUST00045,Spending Drift
2024,CUST00045,Channel Drift
2024,CUST00046,Channel Drift
2024,CUST00048,Retirement
2024,CUST00048,Divorce
2024,CUST00048,Retirement Drift
2024,CUST00058,Marriage
2024,CUST00062,Channel Drift
2024,CUST00063,Promotion
2024,CUST00063,Channel Drift
2024,CUST00064,Channel Drift
2024,CUST00066,Marriage
2024,CUST00067,Retirement Drift
2024,CUST00071,Spending Drift
2024,CUST00072,Spending Drift
2024,CUST00075,Divorce
2024,CUST00076,Retirement Drift
2024,CUST00077,Retirement Drift
2024,CUST00080,Retirement Drift
2024,CUST00081,Retirement Drift
2024,CUST00084,Retirement Drift
2024,CUST00093,Job Loss
2024,CUST00093,Retirement Drift
2024,CUST00096,Retirement Drift
2024,CUST00098,Channel Drift
2024,CUST00103,Promotion
2024,CUST00105,Policy Lapse
2024,CUST00105,Policy Reactivation
2024,CUST00107,Channel Drift
2024,CUST00108,Spending Drift
2024,CUST00108,Channel Drift
2024,CUST00110,Retirement Drift
2024,CUST00111,Retirement
2024,CUST00111,Retirement Drift
2024,CUST00112,Channel Drift
2024,CUST00116,Retirement Drift
2024,CUST00123,Spending Drift
2024,CUST00123,Retirement Drift
2024,CUST00124,Retirement
2024,CUST00124,Policy Lapse
2024,CUST00124,Policy Reactivation
2024,CUST00124,Retirement Drift
2024,CUST00128,Channel Drift
2024,CUST00128,Retirement Drift
2024,CUST00129,Spending Drift
2024,CUST00130,Policy Lapse
2024,CUST00131,Spending Drift
2024,CUST00131,Channel Drift
2024,CUST00135,Retirement Drift
2024,CUST00138,Promotion
2024,CUST00140,Health Shock
2024,CUST00143,Spending Drift
2024,CUST00144,Retirement Drift
2024,CUST00146,Promotion
2024,CUST00147,Spending Drift
2024,CUST00148,Spending Drift
2024,CUST00154,Promotion
2024,CUST00161,Policy Lapse
2024,CUST00168,Spending Drift
2024,CUST00174,Channel Drift
2024,CUST00180,Spending Drift
2024,CUST00181,Retirement Drift
2024,CUST00182,Promotion
2024,CUST00184,Divorce
2024,CUST00186,Spending Drift
2024,CUST00189,Retirement Drift
2024,CUST00191,Channel Drift
2024,CUST00191,Retirement Drift
2024,CUST00195,Retirement Drift
2024,CUST00196,Childbirth
2024,CUST00201,Spending Drift
2024,CUST00204,Promotion
2024,CUST00213,Health Shock
2024,CUST00213,Spending Drift
2024,CUST00213,Channel Drift
2024,CUST00214,Health Shock
2024,CUST00216,Spending Drift
2024,CUST00220,Promotion
2024,CUST00220,Spending Drift
2024,CUST00221,Retirement Drift
2024,CUST00233,Job Loss
2024,CUST00233,Retirement Drift
2024,CUST00234,Retirement
2024,CUST00234,Retirement Drift
2024,CUST00235,Policy Lapse
2024,CUST00235,Policy Reactivation
2024,CUST00235,Health Shock
2024,CUST00235,Channel Drift
2024,CUST00240,Spending Drift
2024,CUST00241,Spending Drift
2024,CUST00244,Promotion
2024,CUST00245,Promotion
2024,CUST00247,Retirement Drift
2024,CUST00249,Retirement Drift
2024,CUST00252,Promotion
2024,CUST00255,Retirement Drift
2024,CUST00257,Spending Drift
2024,CUST00259,Spending Drift
2024,CUST00259,Retirement Drift
2024,CUST00261,Channel Drift
2024,CUST00263,Job Loss
2024,CUST00269,Retirement Drift
2024,CUST00270,Promotion
2024,CUST00275,Promotion
2024,CUST00278,Policy Lapse
2024,CUST00278,Policy Reactivation
2024,CUST00284,Spending Drift
2024,CUST00287,Promotion
2024,CUST00287,Spending Drift
2024,CUST00291,Retirement Drift
2024,CUST00294,Job Loss
2024,CUST00294,Channel Drift
2024,CUST00294,Retirement Drift
2024,CUST00295,Retirement Drift
2024,CUST00298,Job Loss
2024,CUST00298,Retirement Drift
2024,CUST00300,Promotion
2024,CUST00305,Retirement
2024,CUST00305,Retirement Drift
2024,CUST00308,Health Shock
2024,CUST00320,Retirement Drift
2024,CUST00323,Channel Drift
2024,CUST00324,Retirement Drift
2024,CUST00326,Retirement
2024,CUST00326,Retirement Drift
2024,CUST00328,Policy Lapse
2024,CUST00328,Retirement Drift
2024,CUST00329,Retirement Drift
2024,CUST00330,Promotion
2024,CUST00332,Retirement
2024,CUST00332,Retirement Drift
2024,CUST00334,Retirement Drift
2024,CUST00337,Retirement
2024,CUST00337,Retirement Drift
2024,CUST00338,Channel Drift
2024,CUST00342,Promotion
2024,CUST00343,Promotion
2024,CUST00343,Spending Drift
2024,CUST00350,Channel Drift
2024,CUST00351,Channel Drift
2024,CUST00353,Promotion
2024,CUST00353,Channel Drift
2024,CUST00360,Retirement Drift
2024,CUST00365,Retirement
2024,CUST00365,Retirement Drift
2024,CUST00367,Spending Drift
2024,CUST00369,Channel Drift
2024,CUST00372,Channel Drift
2024,CUST00373,Spending Drift
2024,CUST00374,Spending Drift
2024,CUST00377,Policy Lapse
2024,CUST00377,Policy Reactivation
2024,CUST00377,Spending Drift
2024,CUST00379,Channel Drift
2024,CUST00386,Channel Drift
2024,CUST00387,Spending Drift
2024,CUST00391,Retirement
2024,CUST00391,Retirement Drift
2024,CUST00393,Promotion
2024,CUST00394,Spending Drift
2024,CUST00396,Retirement Drift
2024,CUST00397,Retirement Drift
2024,CUST00399,Spending Drift
2024,CUST00401,Promotion
2024,CUST00402,Retirement Drift
2024,CUST00404,Spending Drift
2024,CUST00405,Promotion
2024,CUST00405,Divorce
2024,CUST00407,Retirement Drift
2024,CUST00409,Spending Drift
2024,CUST00413,Spending Drift
2024,CUST00416,Retirement
2024,CUST00416,Retirement Drift
2024,CUST00421,Retirement
2024,CUST00421,Retirement Drift
2024,CUST00422,Retirement Drift
2024,CUST00425,Retirement Drift
2024,CUST00429,Channel Drift
2024,CUST00429,Retirement Drift
2024,CUST00436,Spending Drift
2024,CUST00437,Retirement
2024,CUST00437,Policy Lapse
2024,CUST00437,Retirement Drift
2024,CUST00438,Spending Drift
2024,CUST00440,Spending Drift
2024,CUST00442,Spending Drift
2024,CUST00446,Policy Lapse
2024,CUST00446,Retirement Drift
2024,CUST00448,Channel Drift
2024,CUST00449,Channel Drift
2024,CUST00451,Spending Drift
2024,CUST00454,Channel Drift
2024,CUST00463,Health Shock
2024,CUST00465,Retirement Drift
2024,CUST00468,Spending Drift
2024,CUST00471,Promotion
2024,CUST00472,Spending Drift
2024,CUST00472,Retirement Drift
2024,CUST00475,Retirement Drift
2024,CUST00476,Retirement Drift
2024,CUST00477,Spending Drift
2024,CUST00478,Spending Drift
2024,CUST00479,Retirement Drift
2024,CUST00480,Policy Lapse
2024,CUST00488,Policy Lapse
2024,CUST00488,Policy Reactivation
2024,CUST00490,Promotion
2024,CUST00490,Health Shock
2024,CUST00492,Policy Lapse
2024,CUST00493,Spending Drift
2024,CUST00495,Policy Lapse
2024,CUST00495,Policy Reactivation
2024,CUST00503,Retirement
2024,CUST00503,Retirement Drift
2024,CUST00504,Channel Drift
2024,CUST00505,Retirement Drift
2024,CUST00506,Spending Drift
2024,CUST00511,Promotion
2024,CUST00513,Job Loss
2024,CUST00513,Health Shock
2024,CUST00517,Spending Drift
2024,CUST00518,Retirement
2024,CUST00518,Spending Drift
2024,CUST00518,Retirement Drift
2024,CUST00524,Promotion
2024,CUST00525,Spending Drift
2024,CUST00529,Retirement Drift
2024,CUST00531,Retirement Drift
2024,CUST00534,Retirement Drift
2024,CUST00536,Promotion
2024,CUST00538,Health Shock
2024,CUST00539,Spending Drift
2024,CUST00547,Retirement Drift
2024,CUST00554,Channel Drift
2024,CUST00555,Spending Drift
2024,CUST00558,Spending Drift
2024,CUST00561,Channel Drift
2024,CUST00564,Job Loss
2024,CUST00564,Policy Lapse
2024,CUST00570,Spending Drift
2024,CUST00571,Policy Lapse
2024,CUST00574,Retirement
2024,CUST00574,Retirement Drift
2024,CUST00576,Divorce
2024,CUST00578,Spending Drift
2024,CUST00579,Policy Lapse
2024,CUST00579,Childbirth
2024,CUST00582,Health Shock
2024,CUST00582,Spending Drift
2024,CUST00588,Policy Lapse
2024,CUST00588,Policy Reactivation
2024,CUST00590,Spending Drift
2024,CUST00593,Channel Drift
2024,CUST00600,Retirement
2024,CUST00600,Retirement Drift
2024,CUST00603,Promotion
2024,CUST00603,Spending Drift
2024,CUST00603,Channel Drift
2024,CUST00611,Retirement Drift
2024,CUST00612,Promotion
2024,CUST00613,Promotion
2024,CUST00617,Promotion
2024,CUST00620,Job Loss
2024,CUST00624,Retirement
2024,CUST00624,Retirement Drift
2024,CUST00627,Spending Drift
2024,CUST00629,Retirement
2024,CUST00629,Retirement Drift
2024,CUST00632,Policy Lapse
2024,CUST00632,Spending Drift
2024,CUST00633,Spending Drift
2024,CUST00636,Retirement
2024,CUST00636,Retirement Drift
2024,CUST00638,Spending Drift
2024,CUST00640,Policy Lapse
2024,CUST00640,Policy Reactivation
2024,CUST00642,Retirement
2024,CUST00642,Retirement Drift
2024,CUST00645,Promotion
2024,CUST00649,Promotion
2024,CUST00651,Spending Drift
2024,CUST00656,Promotion
2024,CUST00660,Spending Drift
2024,CUST00661,Spending Drift
2024,CUST00667,Spending Drift
2024,CUST00668,Retirement
2024,CUST00668,Channel Drift
2024,CUST00668,Retirement Drift
2024,CUST00669,Promotion
2024,CUST00673,Promotion
2024,CUST00674,Spending Drift
2024,CUST00681,Promotion
2024,CUST00684,Channel Drift
2024,CUST00690,Channel Drift
2024,CUST00691,Retirement Drift
2024,CUST00702,Policy Lapse
2024,CUST00702,Retirement Drift
2024,CUST00703,Childbirth
2024,CUST00705,Job Loss
2024,CUST00708,Spending Drift
2024,CUST00709,Retirement Drift
2024,CUST00718,Channel Drift
2024,CUST00719,Spending Drift
2024,CUST00719,Retirement Drift
2024,CUST00721,Spending Drift
2024,CUST00722,Divorce
2024,CUST00722,Retirement Drift
2024,CUST00728,Retirement Drift
2024,CUST00729,Promotion
2024,CUST00729,Health Shock
2024,CUST00732,Spending Drift
2024,CUST00740,Spending Drift
2024,CUST00742,Spending Drift
2024,CUST00743,Retirement Drift
2024,CUST00745,Retirement
2024,CUST00745,Retirement Drift
2024,CUST00746,Promotion
2024,CUST00749,Spending Drift
2024,CUST00750,Promotion
2024,CUST00753,Channel Drift
2024,CUST00757,Policy Lapse
2024,CUST00757,Policy Reactivation
2024,CUST00758,Health Shock
2024,CUST00758,Spending Drift
2024,CUST00759,Spending Drift
2024,CUST00760,Promotion
2024,CUST00765,Spending Drift
2024,CUST00769,Retirement Drift
2024,CUST00770,Retirement Drift
2024,CUST00774,Retirement
2024,CUST00774,Retirement Drift
2024,CUST00777,Retirement Drift
2024,CUST00780,Promotion
2024,CUST00782,Promotion
2024,CUST00785,Promotion
2024,CUST00788,Promotion
2024,CUST00795,Retirement
2024,CUST00795,Policy Lapse
2024,CUST00795,Retirement Drift
2024,CUST00800,Health Shock
2024,CUST00800,Retirement Drift
2024,CUST00801,Job Loss
2024,CUST00801,Retirement
2024,CUST00801,Retirement Drift
2024,CUST00803,Job Loss
2024,CUST00806,Spending Drift
2024,CUST00807,Spending Drift
2024,CUST00809,Policy Lapse
2024,CUST00809,Policy Reactivation
2024,CUST00810,Spending Drift
2024,CUST00810,Channel Drift
2024,CUST00817,Job Loss
2024,CUST00818,Channel Drift
2024,CUST00820,Channel Drift
2024,CUST00823,Channel Drift
2024,CUST00825,Spending Drift
2024,CUST00832,Channel Drift
2024,CUST00834,Retirement Drift
2024,CUST00835,Promotion
2024,CUST00835,Spending Drift
2024,CUST00836,Retirement
2024,CUST00836,Spending Drift
2024,CUST00836,Retirement Drift
2024,CUST00844,Retirement Drift
2024,CUST00846,Spending Drift
2024,CUST00849,Spending Drift
2024,CUST00850,Job Loss
2024,CUST00852,Policy Lapse
2024,CUST00852,Policy Reactivation
2024,CUST00853,Retirement Drift
2024,CUST00859,Channel Drift
2024,CUST00860,Retirement
2024,CUST00860,Retirement Drift
2024,CUST00861,Promotion
2024,CUST00862,Retirement Drift
2024,CUST00864,Promotion
2024,CUST00864,Spending Drift
2024,CUST00867,Promotion
2024,CUST00868,Health Shock
2024,CUST00869,Retirement
2024,CUST00869,Retirement Drift
2024,CUST00875,Retirement Drift
2024,CUST00877,Channel Drift
2024,CUST00878,Policy Lapse
2024,CUST00883,Promotion
2024,CUST00889,Divorce
2024,CUST00894,Divorce
2024,CUST00899,Retirement Drift
2024,CUST00904,Retirement Drift
2024,CUST00910,Spending Drift
2024,CUST00916,Spending Drift
2024,CUST00918,Spending Drift
2024,CUST00920,Promotion
2024,CUST00923,Retirement
2024,CUST00923,Retirement Drift
2024,CUST00927,Channel Drift
2024,CUST00927,Retirement Drift
2024,CUST00928,Retirement
2024,CUST00928,Retirement Drift
2024,CUST00929,Retirement Drift
2024,CUST00932,Retirement Drift
2024,CUST00933,Policy Lapse
2024,CUST00933,Retirement Drift
2024,CUST00938,Retirement Drift
2024,CUST00941,Divorce
2024,CUST00943,Promotion
2024,CUST00946,Marriage
2024,CUST00947,Channel Drift
2024,CUST00950,Health Shock
2024,CUST00950,Retirement Drift
2024,CUST00952,Retirement Drift
2024,CUST00957,Retirement
2024,CUST00957,Retirement Drift
2024,CUST00963,Channel Drift
2024,CUST00966,Spending Drift
2024,CUST00967,Retirement
2024,CUST00967,Retirement Drift
2024,CUST00974,Retirement
2024,CUST00974,Retirement Drift
2024,CUST00975,Job Loss
2024,CUST00976,Promotion
2024,CUST00979,Retirement Drift
2024,CUST00981,Retirement Drift
2024,CUST00982,Promotion
2024,CUST00987,Retirement Drift
2024,CUST00991,Childbirth
2024,CUST00994,Spending Drift
2024,CUST00995,Channel Drift
2024,CUST00996,Promotion
2024,CUST00997,Retirement Drift
2024,CUST00998,Spending Drift
2024,CUST00998,Channel Drift
2024,CUST00999,Channel Drift
2024,CUST01000,Policy Lapse
2024,CUST01005,Channel Drift
2024,CUST01006,Spending Drift
2024,CUST01007,Channel Drift
2024,CUST01008,Retirement
2024,CUST01008,Retirement Drift
2024,CUST01010,Retirement
2024,CUST01010,Retirement Drift
2024,CUST01011,Job Loss
2024,CUST01012,Retirement Drift
2024,CUST01013,Spending Drift
2024,CUST01015,Retirement
2024,CUST01015,Policy Lapse
2024,CUST01015,Retirement Drift
2024,CUST01017,Channel Drift
2024,CUST01021,Retirement Drift
2024,CUST01022,Spending Drift
2024,CUST01028,Health Shock
2024,CUST01030,Promotion
2024,CUST01031,Retirement Drift
2024,CUST01032,Spending Drift
2024,CUST01034,Promotion
2024,CUST01035,Retirement
2024,CUST01035,Retirement Drift
2024,CUST01037,Retirement
2024,CUST01037,Retirement Drift
2024,CUST01039,Retirement Drift
2024,CUST01042,Promotion
2024,CUST01042,Spending Drift
2024,CUST01045,Retirement Drift
2024,CUST01046,Channel Drift
2024,CUST01052,Policy Lapse
2024,CUST01052,Policy Reactivation
2024,CUST01052,Channel Drift
2024,CUST01056,Retirement Drift
2024,CUST01062,Channel Drift
2024,CUST01063,Channel Drift
2024,CUST01073,Channel Drift
2024,CUST01075,Channel Drift
2024,CUST01077,Promotion
2024,CUST01078,Retirement
2024,CUST01078,Retirement Drift
2024,CUST01080,Retirement
2024,CUST01080,Retirement Drift
2024,CUST01081,Spending Drift
2024,CUST01082,Retirement Drift
2024,CUST01084,Retirement Drift
2024,CUST01085,Policy Lapse
2024,CUST01092,Channel Drift
2024,CUST01094,Divorce
2024,CUST01095,Promotion
2024,CUST01096,Spending Drift
2024,CUST01097,Retirement Drift
2024,CUST01099,Retirement Drift
2024,CUST01103,Retirement Drift
2024,CUST01112,Policy Lapse
2024,CUST01112,Policy Reactivation
2024,CUST01114,Job Loss
2024,CUST01115,Channel Drift
2024,CUST01116,Retirement Drift
2024,CUST01119,Retirement
2024,CUST01119,Retirement Drift
2024,CUST01121,Retirement Drift
2024,CUST01122,Spending Drift
2024,CUST01125,Retirement Drift
2024,CUST01127,Spending Drift
2024,CUST01134,Retirement Drift
2024,CUST01136,Spending Drift
2024,CUST01139,Spending Drift
2024,CUST01141,Retirement Drift
2024,CUST01144,Promotion
2024,CUST01144,Channel Drift
2024,CUST01146,Promotion
2024,CUST01147,Channel Drift
2024,CUST01148,Channel Drift
2024,CUST01148,Retirement Drift
2024,CUST01149,Retirement Drift
2024,CUST01152,Retirement Drift
2024,CUST01155,Channel Drift
2024,CUST01155,Retirement Drift
2024,CUST01157,Retirement Drift
2024,CUST01158,Spending Drift
2024,CUST01158,Retirement Drift
2024,CUST01162,Policy Lapse
2024,CUST01162,Spending Drift
2024,CUST01167,Channel Drift
2024,CUST01170,Channel Drift
2024,CUST01172,Spending Drift
2024,CUST01173,Spending Drift
2024,CUST01175,Retirement Drift
2024,CUST01179,Divorce
2024,CUST01179,Spending Drift
2024,CUST01180,Spending Drift
2024,CUST01183,Spending Drift
2024,CUST01186,Spending Drift
2024,CUST01189,Retirement
2024,CUST01189,Retirement Drift
2024,CUST01192,Retirement Drift
2024,CUST01195,Policy Lapse
2024,CUST01195,Retirement Drift
2024,CUST01196,Promotion
2024,CUST01204,Spending Drift
2024,CUST01206,Retirement Drift
2024,CUST01208,Channel Drift
2024,CUST01210,Retirement
2024,CUST01210,Retirement Drift
2024,CUST01215,Policy Lapse
2024,CUST01217,Retirement
2024,CUST01217,Retirement Drift
2024,CUST01221,Channel Drift
2024,CUST01222,Retirement Drift
2024,CUST01226,Spending Drift
2024,CUST01235,Spending Drift
2024,CUST01244,Retirement Drift
2024,CUST01248,Job Loss
2024,CUST01251,Job Loss
2024,CUST01252,Retirement Drift
2024,CUST01253,Retirement
2024,CUST01253,Retirement Drift
2024,CUST01255,Spending Drift
2024,CUST01255,Retirement Drift
2024,CUST01260,Policy Lapse
2024,CUST01260,Policy Reactivation
2024,CUST01261,Promotion
2024,CUST01263,Spending Drift
2024,CUST01265,Divorce
2024,CUST01272,Promotion
2024,CUST01274,Spending Drift
2024,CUST01275,Retirement
2024,CUST01275,Spending Drift
2024,CUST01275,Retirement Drift
2024,CUST01282,Promotion
2024,CUST01286,Channel Drift
2024,CUST01287,Promotion
2024,CUST01288,Retirement Drift
2024,CUST01291,Spending Drift
2024,CUST01293,Channel Drift
2024,CUST01296,Spending Drift
2024,CUST01299,Promotion
2024,CUST01300,Spending Drift
2024,CUST01301,Spending Drift
2024,CUST01302,Retirement Drift
2024,CUST01303,Channel Drift
2024,CUST01306,Spending Drift
2024,CUST01315,Spending Drift
2024,CUST01316,Promotion
2024,CUST01317,Spending Drift
2024,CUST01318,Channel Drift
2024,CUST01319,Health Shock
2024,CUST01321,Retirement Drift
2024,CUST01326,Promotion
2024,CUST01329,Promotion
2024,CUST01331,Retirement
2024,CUST01331,Spending Drift
2024,CUST01331,Channel Drift
2024,CUST01331,Retirement Drift
2024,CUST01332,Promotion
2024,CUST01336,Spending Drift
2024,CUST01339,Retirement
2024,CUST01339,Retirement Drift
2024,CUST01343,Policy Lapse
2024,CUST01343,Policy Reactivation
2024,CUST01350,Retirement Drift
2024,CUST01351,Spending Drift
2024,CUST01351,Channel Drift
2024,CUST01355,Policy Lapse
2024,CUST01356,Retirement Drift
2024,CUST01357,Health Shock
2024,CUST01357,Channel Drift
2024,CUST01365,Marriage
2024,CUST01366,Promotion
2024,CUST01372,Marriage
2024,CUST01375,Retirement Drift
2024,CUST01377,Spending Drift
2024,CUST01380,Spending Drift
2024,CUST01382,Divorce
2024,CUST01384,Promotion
2024,CUST01388,Retirement Drift
2024,CUST01389,Retirement Drift
2024,CUST01392,Spending Drift
2024,CUST01400,Spending Drift
2024,CUST01404,Divorce
2024,CUST01405,Spending Drift
2024,CUST01405,Retirement Drift
2024,CUST01409,Spending Drift
2024,CUST01413,Promotion
2024,CUST01414,Retirement
2024,CUST01414,Spending Drift
2024,CUST01414,Retirement Drift
2024,CUST01417,Spending Drift
2024,CUST01418,Retirement Drift
2024,CUST01419,Retirement Drift
2024,CUST01422,Retirement
2024,CUST01422,Retirement Drift
2024,CUST01431,Spending Drift
2024,CUST01432,Spending Drift
2024,CUST01434,Channel Drift
2024,CUST01438,Job Loss
2024,CUST01443,Marriage
2024,CUST01445,Retirement
2024,CUST01445,Retirement Drift
2024,CUST01450,Policy Lapse
2024,CUST01450,Policy Reactivation
2024,CUST01454,Spending Drift
2024,CUST01455,Policy Lapse
2024,CUST01455,Retirement Drift
2024,CUST01456,Promotion
2024,CUST01463,Policy Lapse
2024,CUST01464,Divorce
2024,CUST01468,Childbirth
2024,CUST01469,Channel Drift
2024,CUST01470,Retirement Drift
2024,CUST01471,Spending Drift
2024,CUST01474,Spending Drift
2024,CUST01474,Retirement Drift
2024,CUST01475,Retirement Drift
2024,CUST01477,Spending Drift
2024,CUST01480,Divorce
2024,CUST01482,Promotion
2024,CUST01482,Spending Drift
2024,CUST01488,Spending Drift
2024,CUST01489,Promotion
2024,CUST01490,Promotion
2024,CUST01491,Retirement
2024,CUST01491,Retirement Drift
2024,CUST01492,Promotion
2024,CUST01493,Channel Drift
2024,CUST01496,Promotion
2024,CUST01498,Promotion
2024,CUST01499,Promotion
2024,CUST01511,Spending Drift
2024,CUST01513,Policy Lapse
2024,CUST01515,Promotion
2024,CUST01515,Channel Drift
2024,CUST01519,Spending Drift
2024,CUST01522,Retirement Drift
2024,CUST01523,Spending Drift
2024,CUST01524,Job Loss
2024,CUST01524,Policy Lapse
2024,CUST01526,Spending Drift
2024,CUST01528,Promotion
2024,CUST01532,Policy Lapse
2024,CUST01538,Childbirth
2024,CUST01541,Retirement Drift
2024,CUST01545,Promotion
2024,CUST01545,Channel Drift
2024,CUST01546,Divorce
2024,CUST01547,Spending Drift
2024,CUST01548,Spending Drift
2024,CUST01549,Spending Drift
2024,CUST01551,Promotion
2024,CUST01553,Spending Drift
2024,CUST01556,Promotion
2024,CUST01558,Policy Lapse
2024,CUST01558,Policy Reactivation
2024,CUST01562,Retirement Drift
2024,CUST01564,Promotion
2024,CUST01564,Channel Drift
2024,CUST01565,Retirement
2024,CUST01565,Retirement Drift
2024,CUST01566,Promotion
2024,CUST01567,Childbirth
2024,CUST01567,Channel Drift
2024,CUST01568,Promotion
2024,CUST01569,Promotion
2024,CUST01573,Spending Drift
2024,CUST01573,Channel Drift
2024,CUST01576,Retirement
2024,CUST01576,Retirement Drift
2024,CUST01577,Retirement
2024,CUST01577,Retirement Drift
2024,CUST01578,Channel Drift
2024,CUST01578,Retirement Drift
2024,CUST01579,Channel Drift
2024,CUST01580,Job Loss
2024,CUST01582,Channel Drift
2024,CUST01584,Policy Lapse
2024,CUST01584,Policy Reactivation
2024,CUST01587,Channel Drift
2024,CUST01588,Retirement
2024,CUST01588,Retirement Drift
2024,CUST01589,Channel Drift
2024,CUST01595,Retirement
2024,CUST01595,Retirement Drift
2024,CUST01602,Spending Drift
2024,CUST01605,Channel Drift
2024,CUST01609,Promotion
2024,CUST01611,Spending Drift
2024,CUST01614,Channel Drift
2024,CUST01616,Promotion
2024,CUST01616,Channel Drift
2024,CUST01623,Spending Drift
2024,CUST01623,Channel Drift
2024,CUST01633,Spending Drift
2024,CUST01635,Channel Drift
2024,CUST01638,Retirement
2024,CUST01638,Health Shock
2024,CUST01638,Channel Drift
2024,CUST01638,Retirement Drift
2024,CUST01639,Retirement
2024,CUST01639,Retirement Drift
2024,CUST01642,Marriage
2024,CUST01645,Policy Lapse
2024,CUST01645,Policy Reactivation
2024,CUST01650,Channel Drift
2024,CUST01653,Retirement
2024,CUST01653,Policy Lapse
2024,CUST01653,Policy Reactivation
2024,CUST01653,Health Shock
2024,CUST01653,Retirement Drift
2024,CUST01654,Channel Drift
2024,CUST01656,Promotion
2024,CUST01657,Retirement Drift
2024,CUST01662,Channel Drift
2024,CUST01663,Spending Drift
2024,CUST01663,Channel Drift
2024,CUST01665,Channel Drift
2024,CUST01666,Channel Drift
2024,CUST01670,Spending Drift
2024,CUST01672,Retirement
2024,CUST01672,Retirement Drift
2024,CUST01674,Retirement Drift
2024,CUST01676,Channel Drift
2024,CUST01677,Promotion
2024,CUST01677,Childbirth
2024,CUST01681,Channel Drift
2024,CUST01682,Retirement Drift
2024,CUST01685,Retirement
2024,CUST01685,Retirement Drift
2024,CUST01687,Retirement Drift
2024,CUST01689,Health Shock
2024,CUST01691,Retirement Drift
2024,CUST01694,Channel Drift
2024,CUST01694,Retirement Drift
2024,CUST01696,Retirement
2024,CUST01696,Retirement Drift
2024,CUST01703,Retirement
2024,CUST01703,Retirement Drift
2024,CUST01705,Retirement Drift
2024,CUST01707,Retirement Drift
2024,CUST01709,Channel Drift
2024,CUST01712,Retirement
2024,CUST01712,Spending Drift
2024,CUST01712,Retirement Drift
2024,CUST01714,Retirement Drift
2024,CUST01726,Retirement Drift
2024,CUST01728,Retirement Drift
2024,CUST01729,Health Shock
2024,CUST01733,Retirement Drift
2024,CUST01734,Job Loss
2024,CUST01734,Policy Lapse
2024,CUST01738,Retirement Drift
2024,CUST01743,Spending Drift
2024,CUST01749,Retirement Drift
2024,CUST01754,Retirement Drift
2024,CUST01756,Promotion
2024,CUST01760,Spending Drift
2024,CUST01760,Retirement Drift
2024,CUST01763,Divorce
2024,CUST01763,Retirement Drift
2024,CUST01764,Retirement Drift
2024,CUST01766,Promotion
2024,CUST01768,Spending Drift
2024,CUST01768,Channel Drift
2024,CUST01769,Spending Drift
2024,CUST01776,Promotion
2024,CUST01782,Retirement Drift
2024,CUST01783,Retirement
2024,CUST01783,Health Shock
2024,CUST01783,Retirement Drift
2024,CUST01785,Retirement Drift
2024,CUST01791,Retirement
2024,CUST01791,Retirement Drift
2024,CUST01795,Promotion
2024,CUST01797,Channel Drift
2024,CUST01799,Retirement
2024,CUST01799,Retirement Drift
2024,CUST01803,Spending Drift
2024,CUST01803,Channel Drift
2024,CUST01806,Spending Drift
2024,CUST01808,Spending Drift
2024,CUST01811,Retirement
2024,CUST01811,Spending Drift
2024,CUST01811,Retirement Drift
2024,CUST01813,Policy Lapse
2024,CUST01813,Policy Reactivation
2024,CUST01813,Retirement Drift
2024,CUST01814,Promotion
2024,CUST01818,Marriage
2024,CUST01822,Channel Drift
2024,CUST01827,Spending Drift
2024,CUST01827,Channel Drift
2024,CUST01833,Retirement
2024,CUST01833,Retirement Drift
2024,CUST01834,Spending Drift
2024,CUST01835,Retirement
2024,CUST01835,Divorce
2024,CUST01835,Retirement Drift
2024,CUST01838,Retirement
2024,CUST01838,Retirement Drift
2024,CUST01841,Spending Drift
2024,CUST01842,Spending Drift
2024,CUST01843,Policy Lapse
2024,CUST01843,Policy Reactivation
2024,CUST01843,Channel Drift
2024,CUST01844,Promotion
2024,CUST01851,Spending Drift
2024,CUST01853,Policy Lapse
2024,CUST01853,Retirement Drift
2024,CUST01857,Retirement
2024,CUST01857,Retirement Drift
2024,CUST01858,Marriage
2024,CUST01858,Spending Drift
2024,CUST01859,Retirement Drift
2024,CUST01862,Promotion
2024,CUST01863,Policy Lapse
2024,CUST01865,Spending Drift
2024,CUST01865,Channel Drift
2024,CUST01866,Promotion
2024,CUST01866,Spending Drift
2024,CUST01868,Promotion
2024,CUST01870,Channel Drift
2024,CUST01874,Spending Drift
2024,CUST01877,Promotion
2024,CUST01879,Channel Drift
2024,CUST01880,Spending Drift
2024,CUST01881,Spending Drift
2024,CUST01882,Channel Drift
2024,CUST01884,Channel Drift
2024,CUST01887,Promotion
2024,CUST01889,Health Shock
2024,CUST01892,Retirement Drift
2024,CUST01894,Retirement
2024,CUST01894,Retirement Drift
2024,CUST01895,Retirement
2024,CUST01895,Retirement Drift
2024,CUST01896,Spending Drift
2024,CUST01898,Job Loss
2024,CUST01899,Promotion
2024,CUST01900,Promotion
2024,CUST01901,Channel Drift
2024,CUST01904,Policy Lapse
2024,CUST01907,Retirement Drift
2024,CUST01908,Spending Drift
2024,CUST01910,Retirement Drift
2024,CUST01911,Policy Lapse
2024,CUST01911,Policy Reactivation
2024,CUST01913,Retirement Drift
2024,CUST01914,Promotion
2024,CUST01914,Spending Drift
2024,CUST01916,Channel Drift
2024,CUST01917,Retirement
2024,CUST01917,Retirement Drift
2024,CUST01918,Promotion
2024,CUST01918,Channel Drift
2024,CUST01921,Promotion
2024,CUST01923,Health Shock
2024,CUST01923,Retirement Drift
2024,CUST01928,Spending Drift
2024,CUST01929,Policy Lapse
2024,CUST01929,Policy Reactivation
2024,CUST01929,Retirement Drift
2024,CUST01930,Policy Lapse
2024,CUST01930,Policy Reactivation
2024,CUST01930,Retirement Drift
2024,CUST01931,Retirement Drift
2024,CUST01935,Retirement
2024,CUST01935,Retirement Drift
2024,CUST01936,Job Loss
2024,CUST01937,Spending Drift
2024,CUST01942,Health Shock
2024,CUST01946,Promotion
2024,CUST01948,Promotion
2024,CUST01949,Spending Drift
2024,CUST01950,Retirement
2024,CUST01950,Retirement Drift
2024,CUST01953,Spending Drift
2024,CUST01955,Channel Drift
2024,CUST01956,Retirement Drift
2024,CUST01959,Marriage
2024,CUST01960,Policy Lapse
2024,CUST01960,Policy Reactivation
2024,CUST01961,Retirement Drift
2024,CUST01966,Retirement Drift
2024,CUST01968,Retirement Drift
2024,CUST01970,Job Loss
2024,CUST01970,Channel Drift
2024,CUST01976,Retirement Drift
2024,CUST01979,Retirement Drift
2024,CUST01981,Promotion
2024,CUST01982,Promotion
2024,CUST01983,Retirement Drift
2024,CUST01985,Spending Drift
2024,CUST01987,Policy Lapse
2024,CUST01990,Retirement Drift
2024,CUST01992,Channel Drift
2024,CUST01993,Retirement
2024,CUST01993,Health Shock
2024,CUST01993,Retirement Drift
2024,CUST01994,Health Shock
2024,CUST01999,Divorce
2024,CUST02000,Retirement Drift
2024,CUST02002,Channel Drift
2024,CUST02004,Channel Drift
2024,CUST02005,Retirement Drift
2024,CUST02006,Retirement
2024,CUST02006,Retirement Drift
2024,CUST02008,Channel Drift
2024,CUST02010,Promotion
2024,CUST02014,Spending Drift
2024,CUST02015,Retirement Drift
2024,CUST02017,Policy Lapse
2024,CUST02017,Policy Reactivation
2024,CUST02017,Retirement Drift
2024,CUST02019,Spending Drift
2024,CUST02022,Retirement
2024,CUST02022,Health Shock
2024,CUST02022,Retirement Drift
2024,CUST02024,Promotion
2024,CUST02024,Channel Drift
2024,CUST02027,Spending Drift
2024,CUST02030,Spending Drift
2024,CUST02035,Divorce
2024,CUST02035,Channel Drift
2024,CUST02043,Promotion
2024,CUST02043,Channel Drift
2024,CUST02044,Retirement
2024,CUST02044,Retirement Drift
2024,CUST02045,Promotion
2024,CUST02046,Policy Lapse
2024,CUST02051,Retirement Drift
2024,CUST02057,Spending Drift
2024,CUST02059,Divorce
2024,CUST02062,Health Shock
2024,CUST02063,Spending Drift
2024,CUST02064,Retirement Drift
2024,CUST02068,Job Loss
2024,CUST02068,Spending Drift
2024,CUST02068,Channel Drift
2024,CUST02072,Promotion
2024,CUST02073,Channel Drift
2024,CUST02078,Spending Drift
2024,CUST02080,Retirement
2024,CUST02080,Retirement Drift
2024,CUST02087,Job Loss
2024,CUST02088,Policy Lapse
2024,CUST02089,Promotion
2024,CUST02089,Spending Drift
2024,CUST02095,Spending Drift
2024,CUST02098,Promotion
2024,CUST02106,Retirement
2024,CUST02106,Retirement Drift
2024,CUST02107,Job Loss
2024,CUST02109,Spending Drift
2024,CUST02110,Retirement
2024,CUST02110,Channel Drift
2024,CUST02110,Retirement Drift
2024,CUST02112,Channel Drift
2024,CUST02114,Retirement
2024,CUST02114,Retirement Drift
2024,CUST02118,Retirement Drift
2024,CUST02119,Promotion
2024,CUST02121,Spending Drift
2024,CUST02130,Spending Drift
2024,CUST02133,Retirement Drift
2024,CUST02142,Channel Drift
2024,CUST02144,Retirement
2024,CUST02144,Policy Lapse
2024,CUST02144,Retirement Drift
2024,CUST02153,Retirement Drift
2024,CUST02154,Channel Drift
2024,CUST02154,Retirement Drift
2024,CUST02155,Job Loss
2024,CUST02158,Promotion
2024,CUST02163,Spending Drift
2024,CUST02164,Channel Drift
2024,CUST02166,Channel Drift
2024,CUST02168,Spending Drift
2024,CUST02173,Retirement
2024,CUST02173,Retirement Drift
2024,CUST02176,Retirement Drift
2024,CUST02182,Retirement Drift
2024,CUST02183,Retirement
2024,CUST02183,Retirement Drift
2024,CUST02187,Spending Drift
2024,CUST02195,Spending Drift
2024,CUST02198,Promotion
2024,CUST02200,Promotion
2024,CUST02203,Channel Drift
2024,CUST02204,Retirement
2024,CUST02204,Policy Lapse
2024,CUST02204,Retirement Drift
2024,CUST02208,Spending Drift
2024,CUST02211,Retirement Drift
2024,CUST02212,Channel Drift
2024,CUST02212,Retirement Drift
2024,CUST02218,Spending Drift
2024,CUST02219,Channel Drift
2024,CUST02220,Promotion
2024,CUST02226,Retirement Drift
2024,CUST02227,Channel Drift
2024,CUST02233,Channel Drift
2024,CUST02237,Health Shock
2024,CUST02237,Retirement Drift
2024,CUST02241,Channel Drift
2024,CUST02241,Retirement Drift
2024,CUST02243,Marriage
2024,CUST02248,Retirement
2024,CUST02248,Retirement Drift
2024,CUST02249,Promotion
2024,CUST02252,Retirement
2024,CUST02252,Retirement Drift
2024,CUST02256,Retirement
2024,CUST02256,Retirement Drift
2024,CUST02258,Channel Drift
2024,CUST02262,Divorce
2024,CUST02264,Policy Lapse
2024,CUST02266,Divorce
2024,CUST02269,Health Shock
2024,CUST02269,Retirement Drift
2024,CUST02270,Channel Drift
2024,CUST02273,Spending Drift
2024,CUST02276,Channel Drift
2024,CUST02278,Retirement
2024,CUST02278,Retirement Drift
2024,CUST02282,Promotion
2024,CUST02282,Channel Drift
2024,CUST02283,Channel Drift
2024,CUST02285,Health Shock
2024,CUST02288,Health Shock
2024,CUST02292,Spending Drift
2024,CUST02293,Promotion
2024,CUST02295,Promotion
2024,CUST02297,Channel Drift
2024,CUST02300,Channel Drift
2024,CUST02305,Retirement Drift
2024,CUST02306,Channel Drift
2024,CUST02308,Job Loss
2024,CUST02312,Channel Drift
2024,CUST02315,Spending Drift
2024,CUST02317,Job Loss
2024,CUST02319,Policy Lapse
2024,CUST02319,Policy Reactivation
2024,CUST02325,Policy Lapse
2024,CUST02326,Policy Lapse
2024,CUST02326,Policy Reactivation
2024,CUST02326,Retirement Drift
2024,CUST02329,Spending Drift
2024,CUST02331,Spending Drift
2024,CUST02332,Promotion
2024,CUST02332,Spending Drift
2024,CUST02335,Channel Drift
2024,CUST02339,Divorce
2024,CUST02339,Retirement Drift
2024,CUST02341,Spending Drift
2024,CUST02342,Spending Drift
2024,CUST02344,Retirement
2024,CUST02344,Retirement Drift
2024,CUST02345,Promotion
2024,CUST02347,Retirement Drift
2024,CUST02350,Spending Drift
2024,CUST02352,Policy Lapse
2024,CUST02352,Policy Reactivation
2024,CUST02352,Channel Drift
2024,CUST02354,Spending Drift
2024,CUST02355,Retirement
2024,CUST02355,Retirement Drift
2024,CUST02356,Channel Drift
2024,CUST02358,Channel Drift
2024,CUST02359,Channel Drift
2024,CUST02360,Retirement Drift
2024,CUST02363,Promotion
2024,CUST02368,Policy Lapse
2024,CUST02368,Policy Reactivation
2024,CUST02371,Promotion
2024,CUST02375,Spending Drift
2024,CUST02378,Promotion
2024,CUST02379,Promotion
2024,CUST02380,Retirement
2024,CUST02380,Retirement Drift
2024,CUST02381,Spending Drift
2024,CUST02382,Retirement
2024,CUST02382,Retirement Drift
2024,CUST02386,Retirement Drift
2024,CUST02391,Channel Drift
2024,CUST02392,Promotion
2024,CUST02393,Channel Drift
2024,CUST02396,Retirement
2024,CUST02396,Retirement Drift
2024,CUST02401,Promotion
2024,CUST02401,Channel Drift
2024,CUST02411,Retirement Drift
2024,CUST02413,Retirement Drift
2024,CUST02421,Childbirth
2024,CUST02424,Retirement Drift
2024,CUST02425,Health Shock
2024,CUST02425,Retirement Drift
2024,CUST02427,Retirement Drift
2024,CUST02431,Promotion
2024,CUST02432,Retirement Drift
2024,CUST02433,Policy Lapse
2024,CUST02433,Policy Reactivation
2024,CUST02437,Promotion
2024,CUST02437,Spending Drift
2024,CUST02438,Health Shock
2024,CUST02439,Retirement Drift
2024,CUST02443,Retirement
2024,CUST02443,Divorce
2024,CUST02443,Health Shock
2024,CUST02443,Retirement Drift
2024,CUST02445,Policy Lapse
2024,CUST02445,Retirement Drift
2024,CUST02446,Job Loss
2024,CUST02446,Retirement Drift
2024,CUST02453,Policy Lapse
2024,CUST02454,Promotion
2024,CUST02454,Spending Drift
2024,CUST02455,Retirement
2024,CUST02455,Retirement Drift
2024,CUST02457,Promotion
2024,CUST02459,Policy Lapse
2024,CUST02459,Policy Reactivation
2024,CUST02462,Promotion
2024,CUST02465,Spending Drift
2024,CUST02467,Promotion
2024,CUST02469,Channel Drift
2024,CUST02471,Job Loss
2024,CUST02472,Retirement Drift
2024,CUST02476,Spending Drift
2024,CUST02480,Policy Lapse
2024,CUST02480,Spending Drift
2024,CUST02482,Retirement
2024,CUST02482,Spending Drift
2024,CUST02482,Retirement Drift
2024,CUST02484,Health Shock
2024,CUST02486,Spending Drift
2024,CUST02487,Promotion
2024,CUST02488,Spending Drift
2024,CUST02490,Channel Drift
2024,CUST02494,Retirement Drift
2024,CUST02503,Retirement Drift
2024,CUST02504,Job Loss
2024,CUST02504,Retirement
2024,CUST02504,Retirement Drift
2024,CUST02506,Job Loss
2024,CUST02506,Policy Lapse
2024,CUST02509,Channel Drift
2024,CUST02510,Retirement
2024,CUST02510,Policy Lapse
2024,CUST02510,Retirement Drift
2024,CUST02511,Job Loss
2024,CUST02511,Policy Lapse
2024,CUST02511,Policy Reactivation
2024,CUST02515,Health Shock
2024,CUST02518,Spending Drift
2024,CUST02521,Channel Drift
2024,CUST02523,Retirement Drift
2024,CUST02524,Promotion
2024,CUST02526,Retirement Drift
2024,CUST02527,Spending Drift
2024,CUST02527,Channel Drift
2024,CUST02531,Spending Drift
2024,CUST02532,Divorce
2024,CUST02538,Divorce
2024,CUST02541,Spending Drift
2024,CUST02544,Spending Drift
2024,CUST02547,Retirement Drift
2024,CUST02550,Retirement Drift
2024,CUST02551,Job Loss
2024,CUST02552,Policy Lapse
2024,CUST02552,Policy Reactivation
2024,CUST02552,Retirement Drift
2024,CUST02556,Retirement Drift
2024,CUST02557,Retirement Drift
2024,CUST02559,Retirement
2024,CUST02559,Spending Drift
2024,CUST02559,Retirement Drift
2024,CUST02562,Channel Drift
2024,CUST02563,Retirement Drift
2024,CUST02567,Policy Lapse
2024,CUST02570,Channel Drift
2024,CUST02570,Retirement Drift
2024,CUST02574,Channel Drift
2024,CUST02575,Retirement
2024,CUST02575,Retirement Drift
2024,CUST02577,Policy Lapse
2024,CUST02578,Spending Drift
2024,CUST02579,Promotion
2024,CUST02581,Retirement Drift
2024,CUST02582,Spending Drift
2024,CUST02582,Retirement Drift
2024,CUST02586,Spending Drift
2024,CUST02587,Retirement Drift
2024,CUST02588,Retirement Drift
2024,CUST02593,Retirement
2024,CUST02593,Retirement Drift
2024,CUST02597,Retirement Drift
2024,CUST02599,Channel Drift
2024,CUST02600,Spending Drift
2024,CUST02600,Retirement Drift
2024,CUST02601,Divorce
2024,CUST02603,Retirement Drift
2024,CUST02604,Promotion
2024,CUST02605,Channel Drift
2024,CUST02606,Spending Drift
2024,CUST02610,Retirement Drift
2024,CUST02612,Channel Drift
2024,CUST02615,Retirement Drift
2024,CUST02618,Channel Drift
2024,CUST02622,Retirement Drift
2024,CUST02629,Spending Drift
2024,CUST02629,Retirement Drift
2024,CUST02633,Policy Lapse
2024,CUST02633,Spending Drift
2024,CUST02635,Spending Drift
2024,CUST02637,Promotion
2024,CUST02638,Channel Drift
2024,CUST02643,Promotion
2024,CUST02644,Policy Lapse
2024,CUST02651,Retirement
2024,CUST02651,Policy Lapse
2024,CUST02651,Policy Reactivation
2024,CUST02651,Retirement Drift
2024,CUST02654,Spending Drift
2024,CUST02660,Job Loss
2024,CUST02660,Retirement Drift
2024,CUST02662,Job Loss
2024,CUST02664,Spending Drift
2024,CUST02668,Spending Drift
2024,CUST02668,Retirement Drift
2024,CUST02670,Retirement Drift
2024,CUST02673,Retirement Drift
2024,CUST02676,Promotion
2024,CUST02681,Retirement
2024,CUST02681,Retirement Drift
2024,CUST02687,Channel Drift
2024,CUST02688,Retirement Drift
2024,CUST02690,Health Shock
2024,CUST02695,Retirement Drift
2024,CUST02700,Childbirth
2024,CUST02700,Spending Drift
2024,CUST02701,Channel Drift
2024,CUST02703,Promotion
2024,CUST02705,Spending Drift
2024,CUST02707,Spending Drift
2024,CUST02710,Divorce
2024,CUST02711,Health Shock
2024,CUST02713,Retirement
2024,CUST02713,Retirement Drift
2024,CUST02719,Policy Lapse
2024,CUST02719,Policy Reactivation
2024,CUST02723,Retirement Drift
2024,CUST02725,Retirement
2024,CUST02725,Retirement Drift
2024,CUST02728,Job Loss
2024,CUST02732,Retirement
2024,CUST02732,Retirement Drift
2024,CUST02736,Spending Drift
2024,CUST02738,Promotion
2024,CUST02738,Channel Drift
2024,CUST02739,Channel Drift
2024,CUST02742,Spending Drift
2024,CUST02752,Channel Drift
2024,CUST02760,Channel Drift
2024,CUST02761,Retirement
2024,CUST02761,Retirement Drift
2024,CUST02762,Promotion
2024,CUST02763,Promotion
2024,CUST02764,Job Loss
2024,CUST02765,Policy Lapse
2024,CUST02765,Marriage
2024,CUST02768,Spending Drift
2024,CUST02769,Health Shock
2024,CUST02776,Retirement Drift
2024,CUST02777,Promotion
2024,CUST02777,Spending Drift
2024,CUST02779,Channel Drift
2024,CUST02783,Retirement
2024,CUST02783,Policy Lapse
2024,CUST02783,Retirement Drift
2024,CUST02791,Spending Drift
2024,CUST02796,Retirement Drift
2024,CUST02798,Promotion
2024,CUST02799,Retirement Drift
2024,CUST02802,Promotion
2024,CUST02803,Retirement Drift
2024,CUST02804,Retirement
2024,CUST02804,Spending Drift
2024,CUST02804,Retirement Drift
2024,CUST02808,Policy Lapse
2024,CUST02811,Retirement Drift
2024,CUST02816,Divorce
2024,CUST02818,Promotion
2024,CUST02822,Channel Drift
2024,CUST02825,Channel Drift
2024,CUST02826,Spending Drift
2024,CUST02826,Channel Drift
2024,CUST02827,Channel Drift
2024,CUST02827,Retirement Drift
2024,CUST02835,Job Loss
2024,CUST02837,Marriage
2024,CUST02838,Spending Drift
2024,CUST02838,Channel Drift
2024,CUST02841,Spending Drift
2024,CUST02842,Marriage
2024,CUST02843,Promotion
2024,CUST02845,Channel Drift
2024,CUST02850,Divorce
2024,CUST02850,Spending Drift
2024,CUST02850,Retirement Drift
2024,CUST02851,Policy Lapse
2024,CUST02851,Policy Reactivation
2024,CUST02851,Retirement Drift
2024,CUST02853,Retirement Drift
2024,CUST02859,Spending Drift
2024,CUST02862,Spending Drift
2024,CUST02863,Spending Drift
2024,CUST02865,Retirement
2024,CUST02865,Divorce
2024,CUST02865,Retirement Drift
2024,CUST02866,Retirement
2024,CUST02866,Retirement Drift
2024,CUST02868,Job Loss
2024,CUST02869,Retirement Drift
2024,CUST02870,Retirement Drift
2024,CUST02871,Job Loss
2024,CUST02872,Retirement Drift
2024,CUST02876,Promotion
2024,CUST02879,Spending Drift
2024,CUST02883,Spending Drift
2024,CUST02884,Channel Drift
2024,CUST02886,Channel Drift
2024,CUST02888,Retirement Drift
2024,CUST02889,Retirement
2024,CUST02889,Retirement Drift
2024,CUST02891,Spending Drift
2024,CUST02892,Marriage
2024,CUST02892,Spending Drift
2024,CUST02893,Retirement Drift
2024,CUST02896,Promotion
2024,CUST02899,Job Loss
2024,CUST02900,Spending Drift
2024,CUST02900,Channel Drift
2024,CUST02905,Spending Drift
2024,CUST02909,Spending Drift
2024,CUST02909,Channel Drift
2024,CUST02910,Channel Drift
2024,CUST02911,Retirement Drift
2024,CUST02912,Promotion
2024,CUST02913,Retirement
2024,CUST02913,Channel Drift
2024,CUST02913,Retirement Drift
2024,CUST02915,Promotion
2024,CUST02918,Retirement Drift
2024,CUST02920,Retirement Drift
2024,CUST02921,Channel Drift
2024,CUST02923,Spending Drift
2024,CUST02924,Promotion
2024,CUST02925,Promotion
2024,CUST02926,Retirement Drift
2024,CUST02931,Promotion
2024,CUST02936,Promotion
2024,CUST02937,Marriage
2024,CUST02938,Health Shock
2024,CUST02943,Promotion
2024,CUST02943,Spending Drift
2024,CUST02944,Retirement Drift
2024,CUST02950,Spending Drift
2024,CUST02951,Promotion
2024,CUST02952,Retirement
2024,CUST02952,Retirement Drift
2024,CUST02958,Channel Drift
2024,CUST02960,Channel Drift
2024,CUST02961,Retirement Drift
2024,CUST02962,Retirement
2024,CUST02962,Retirement Drift
2024,CUST02966,Channel Drift
2024,CUST02973,Retirement
2024,CUST02973,Retirement Drift
2024,CUST02975,Retirement
2024,CUST02975,Retirement Drift
2024,CUST02976,Retirement Drift
2024,CUST02979,Retirement
2024,CUST02979,Policy Lapse
2024,CUST02979,Retirement Drift
2024,CUST02980,Spending Drift
2024,CUST02980,Retirement Drift
2024,CUST02981,Retirement Drift
2024,CUST02984,Channel Drift
2024,CUST02986,Retirement
2024,CUST02986,Retirement Drift
2024,CUST02987,Divorce
2024,CUST02989,Retirement
2024,CUST02989,Retirement Drift
2024,CUST02990,Retirement Drift
2024,CUST02993,Channel Drift
2024,CUST02995,Marriage
2024,CUST02997,Retirement
2024,CUST02997,Retirement Drift
2024,CUST02999,Promotion
2024,CUST03000,Spending Drift
2024,CUST03003,Retirement Drift
2024,CUST03006,Promotion
2024,CUST03006,Spending Drift
2024,CUST03008,Spending Drift
2024,CUST03011,Retirement Drift
2024,CUST03013,Retirement Drift
2024,CUST03015,Policy Lapse
2024,CUST03016,Promotion
2024,CUST03016,Divorce
2024,CUST03017,Channel Drift
2024,CUST03018,Retirement Drift
2024,CUST03019,Promotion
2024,CUST03021,Spending Drift
2024,CUST03023,Marriage
2024,CUST03031,Promotion
2024,CUST03032,Promotion
2024,CUST03038,Job Loss
2024,CUST03040,Spending Drift
2024,CUST03047,Channel Drift
2024,CUST03048,Promotion
2024,CUST03049,Retirement Drift
2024,CUST03050,Promotion
2024,CUST03055,Policy Lapse
2024,CUST03055,Policy Reactivation
2024,CUST03057,Channel Drift
2024,CUST03058,Spending Drift
2024,CUST03059,Promotion
2024,CUST03061,Job Loss
2024,CUST03061,Spending Drift
2024,CUST03061,Retirement Drift
2024,CUST03062,Retirement Drift
2024,CUST03063,Promotion
2024,CUST03065,Job Loss
2024,CUST03066,Channel Drift
2024,CUST03071,Promotion
2024,CUST03072,Channel Drift
2024,CUST03073,Promotion
2024,CUST03077,Promotion
2024,CUST03082,Policy Lapse
2024,CUST03084,Promotion
2024,CUST03084,Spending Drift
2024,CUST03089,Policy Lapse
2024,CUST03092,Channel Drift
2024,CUST03094,Spending Drift
2024,CUST03095,Spending Drift
2024,CUST03096,Channel Drift
2024,CUST03097,Retirement Drift
2024,CUST03099,Retirement Drift
2024,CUST03102,Channel Drift
2024,CUST03103,Policy Lapse
2024,CUST03103,Policy Reactivation
2024,CUST03103,Retirement Drift
2024,CUST03104,Spending Drift
2024,CUST03104,Channel Drift
2024,CUST03104,Retirement Drift
2024,CUST03106,Promotion
2024,CUST03106,Childbirth
2024,CUST03108,Promotion
2024,CUST03111,Job Loss
2024,CUST03111,Channel Drift
2024,CUST03124,Retirement
2024,CUST03124,Retirement Drift
2024,CUST03126,Spending Drift
2024,CUST03128,Retirement Drift
2024,CUST03129,Retirement Drift
2024,CUST03133,Spending Drift
2024,CUST03136,Spending Drift
2024,CUST03137,Spending Drift
2024,CUST03140,Policy Lapse
2024,CUST03140,Retirement Drift
2024,CUST03152,Job Loss
2024,CUST03152,Divorce
2024,CUST03152,Retirement Drift
2024,CUST03154,Retirement Drift
2024,CUST03155,Promotion
2024,CUST03160,Retirement
2024,CUST03160,Retirement Drift
2024,CUST03163,Retirement Drift
2024,CUST03164,Retirement
2024,CUST03164,Health Shock
2024,CUST03164,Retirement Drift
2024,CUST03166,Divorce
2024,CUST03166,Spending Drift
2024,CUST03167,Retirement
2024,CUST03167,Retirement Drift
2024,CUST03174,Spending Drift
2024,CUST03175,Spending Drift
2024,CUST03177,Channel Drift
2024,CUST03180,Channel Drift
2024,CUST03183,Channel Drift
2024,CUST03186,Health Shock
2024,CUST03186,Spending Drift
2024,CUST03186,Channel Drift
2024,CUST03188,Retirement Drift
2024,CUST03190,Spending Drift
2024,CUST03191,Promotion
2024,CUST03197,Channel Drift
2024,CUST03199,Spending Drift
2024,CUST03200,Promotion
2024,CUST03211,Spending Drift
2024,CUST03213,Retirement Drift
2024,CUST03215,Promotion
2024,CUST03217,Retirement
2024,CUST03217,Retirement Drift
2024,CUST03219,Retirement Drift
2024,CUST03220,Promotion
2024,CUST03223,Promotion
2024,CUST03223,Spending Drift
2024,CUST03224,Health Shock
2024,CUST03225,Spending Drift
2024,CUST03227,Health Shock
2024,CUST03227,Retirement Drift
2024,CUST03228,Spending Drift
2024,CUST03228,Retirement Drift
2024,CUST03231,Job Loss
2024,CUST03231,Retirement Drift
2024,CUST03232,Promotion
2024,CUST03234,Promotion
2024,CUST03234,Divorce
2024,CUST03235,Channel Drift
2024,CUST03235,Retirement Drift
2024,CUST03237,Spending Drift
2024,CUST03238,Retirement
2024,CUST03238,Retirement Drift
2024,CUST03239,Retirement Drift
2024,CUST03247,Channel Drift
2024,CUST03248,Spending Drift
2024,CUST03248,Channel Drift
2024,CUST03250,Retirement Drift
2024,CUST03251,Channel Drift
2024,CUST03258,Promotion
2024,CUST03260,Retirement Drift
2024,CUST03262,Retirement
2024,CUST03262,Retirement Drift
2024,CUST03263,Spending Drift
2024,CUST03264,Spending Drift
2024,CUST03265,Retirement
2024,CUST03265,Channel Drift
2024,CUST03265,Retirement Drift
2024,CUST03266,Retirement Drift
2024,CUST03269,Channel Drift
2024,CUST03270,Policy Lapse
2024,CUST03270,Channel Drift
2024,CUST03271,Retirement
2024,CUST03271,Policy Lapse
2024,CUST03271,Retirement Drift
2024,CUST03274,Promotion
2024,CUST03277,Retirement Drift
2024,CUST03281,Divorce
2024,CUST03284,Retirement
2024,CUST03284,Retirement Drift
2024,CUST03285,Spending Drift
2024,CUST03291,Promotion
2024,CUST03302,Policy Lapse
2024,CUST03303,Job Loss
2024,CUST03305,Job Loss
2024,CUST03305,Retirement
2024,CUST03305,Retirement Drift
2024,CUST03307,Channel Drift
2024,CUST03307,Retirement Drift
2024,CUST03308,Retirement Drift
2024,CUST03311,Spending Drift
2024,CUST03313,Health Shock
2024,CUST03319,Retirement Drift
2024,CUST03323,Retirement
2024,CUST03323,Policy Lapse
2024,CUST03323,Policy Reactivation
2024,CUST03323,Retirement Drift
2024,CUST03327,Channel Drift
2024,CUST03328,Retirement Drift
2024,CUST03332,Spending Drift
2024,CUST03341,Spending Drift
2024,CUST03343,Channel Drift
2024,CUST03344,Retirement Drift
2024,CUST03346,Promotion
2024,CUST03346,Spending Drift
2024,CUST03350,Spending Drift
2024,CUST03351,Retirement
2024,CUST03351,Retirement Drift
2024,CUST03354,Retirement Drift
2024,CUST03355,Promotion
2024,CUST03360,Spending Drift
2024,CUST03361,Promotion
2024,CUST03363,Spending Drift
2024,CUST03364,Retirement
2024,CUST03364,Retirement Drift
2024,CUST03366,Promotion
2024,CUST03370,Job Loss
2024,CUST03372,Channel Drift
2024,CUST03377,Retirement Drift
2024,CUST03378,Retirement Drift
2024,CUST03385,Health Shock
2024,CUST03386,Policy Lapse
2024,CUST03386,Policy Reactivation
2024,CUST03387,Channel Drift
2024,CUST03390,Retirement
2024,CUST03390,Retirement Drift
2024,CUST03391,Childbirth
2024,CUST03394,Channel Drift
2024,CUST03396,Promotion
2024,CUST03400,Channel Drift
2024,CUST03403,Retirement
2024,CUST03403,Retirement Drift
2024,CUST03405,Policy Lapse
2024,CUST03405,Policy Reactivation
2024,CUST03409,Retirement
2024,CUST03409,Retirement Drift
2024,CUST03410,Policy Lapse
2024,CUST03412,Retirement
2024,CUST03412,Retirement Drift
2024,CUST03413,Channel Drift
2024,CUST03415,Spending Drift
2024,CUST03415,Channel Drift
2024,CUST03418,Promotion
2024,CUST03424,Spending Drift
2024,CUST03424,Retirement Drift
2024,CUST03434,Spending Drift
2024,CUST03436,Retirement
2024,CUST03436,Spending Drift
2024,CUST03436,Retirement Drift
2024,CUST03437,Promotion
2024,CUST03439,Health Shock
2024,CUST03440,Channel Drift
2024,CUST03444,Retirement
2024,CUST03444,Retirement Drift
2024,CUST03448,Spending Drift
2024,CUST03450,Spending Drift
2024,CUST03450,Retirement Drift
2024,CUST03452,Policy Lapse
2024,CUST03452,Retirement Drift
2024,CUST03453,Channel Drift
2024,CUST03454,Retirement
2024,CUST03454,Retirement Drift
2024,CUST03457,Promotion
2024,CUST03474,Spending Drift
2024,CUST03474,Retirement Drift
2024,CUST03475,Retirement
2024,CUST03475,Retirement Drift
2024,CUST03476,Retirement
2024,CUST03476,Retirement Drift
2024,CUST03477,Job Loss
2024,CUST03482,Retirement
2024,CUST03482,Retirement Drift
2024,CUST03485,Channel Drift
2024,CUST03486,Policy Lapse
2024,CUST03486,Policy Reactivation
2024,CUST03490,Spending Drift
2024,CUST03497,Retirement Drift
2024,CUST03499,Promotion
2024,CUST03499,Health Shock
2024,CUST03500,Policy Lapse
2024,CUST03501,Promotion
2024,CUST03507,Promotion
2024,CUST03508,Job Loss
2024,CUST03512,Promotion
2024,CUST03516,Promotion
2024,CUST03517,Promotion
2024,CUST03525,Policy Lapse
2024,CUST03526,Promotion
2024,CUST03527,Spending Drift
2024,CUST03529,Spending Drift
2024,CUST03530,Retirement Drift
2024,CUST03531,Spending Drift
2024,CUST03532,Retirement Drift
2024,CUST03534,Retirement
2024,CUST03534,Channel Drift
2024,CUST03534,Retirement Drift
2024,CUST03539,Retirement Drift
2024,CUST03540,Channel Drift
2024,CUST03541,Policy Lapse
2024,CUST03544,Retirement Drift
2024,CUST03548,Retirement Drift
2024,CUST03549,Retirement
2024,CUST03549,Retirement Drift
2024,CUST03550,Retirement Drift
2024,CUST03551,Retirement Drift
2024,CUST03552,Policy Lapse
2024,CUST03555,Channel Drift
2024,CUST03557,Spending Drift
2024,CUST03559,Promotion
2024,CUST03561,Promotion
2024,CUST03561,Spending Drift
2024,CUST03563,Spending Drift
2024,CUST03566,Retirement Drift
2024,CUST03567,Spending Drift
2024,CUST03568,Spending Drift
2024,CUST03574,Retirement Drift
2024,CUST03575,Retirement
2024,CUST03575,Health Shock
2024,CUST03575,Retirement Drift
2024,CUST03576,Retirement
2024,CUST03576,Retirement Drift
2024,CUST03577,Promotion
2024,CUST03578,Spending Drift
2024,CUST03582,Retirement
2024,CUST03582,Retirement Drift
2024,CUST03588,Retirement
2024,CUST03588,Retirement Drift
2024,CUST03590,Retirement Drift
2024,CUST03593,Retirement
2024,CUST03593,Policy Lapse
2024,CUST03593,Policy Reactivation
2024,CUST03593,Spending Drift
2024,CUST03593,Retirement Drift
2024,CUST03594,Health Shock
2024,CUST03595,Channel Drift
2024,CUST03596,Channel Drift
2024,CUST03599,Spending Drift
2024,CUST03602,Spending Drift
2024,CUST03602,Retirement Drift
2024,CUST03609,Channel Drift
2024,CUST03617,Promotion
2024,CUST03618,Retirement Drift
2024,CUST03619,Channel Drift
2024,CUST03620,Channel Drift
2024,CUST03622,Spending Drift
2024,CUST03622,Channel Drift
2024,CUST03624,Retirement Drift
2024,CUST03626,Retirement
2024,CUST03626,Retirement Drift
2024,CUST03629,Spending Drift
2024,CUST03631,Policy Lapse
2024,CUST03631,Spending Drift
2024,CUST03634,Promotion
2024,CUST03635,Health Shock
2024,CUST03635,Channel Drift
2024,CUST03637,Retirement Drift
2024,CUST03642,Retirement Drift
2024,CUST03647,Divorce
2024,CUST03649,Spending Drift
2024,CUST03650,Promotion
2024,CUST03650,Channel Drift
2024,CUST03653,Retirement
2024,CUST03653,Retirement Drift
2024,CUST03655,Retirement
2024,CUST03655,Retirement Drift
2024,CUST03656,Retirement Drift
2024,CUST03660,Channel Drift
2024,CUST03662,Retirement
2024,CUST03662,Retirement Drift
2024,CUST03665,Spending Drift
2024,CUST03670,Retirement Drift
2024,CUST03674,Retirement Drift
2024,CUST03675,Retirement
2024,CUST03675,Retirement Drift
2024,CUST03677,Promotion
2024,CUST03677,Spending Drift
2024,CUST03680,Promotion
2024,CUST03684,Channel Drift
2024,CUST03687,Channel Drift
2024,CUST03691,Promotion
2024,CUST03692,Spending Drift
2024,CUST03695,Divorce
2024,CUST03697,Spending Drift
2024,CUST03698,Channel Drift
2024,CUST03699,Health Shock
2024,CUST03700,Health Shock
2024,CUST03700,Retirement Drift
2024,CUST03703,Promotion
2024,CUST03706,Divorce
2024,CUST03708,Retirement Drift
2024,CUST03709,Policy Lapse
2024,CUST03711,Retirement
2024,CUST03711,Policy Lapse
2024,CUST03711,Retirement Drift
2024,CUST03714,Job Loss
2024,CUST03714,Retirement Drift
2024,CUST03716,Retirement Drift
2024,CUST03718,Retirement Drift
2024,CUST03720,Channel Drift
2024,CUST03724,Policy Lapse
2024,CUST03726,Promotion
2024,CUST03726,Spending Drift
2024,CUST03727,Channel Drift
2024,CUST03729,Channel Drift
2024,CUST03730,Retirement Drift
2024,CUST03733,Spending Drift
2024,CUST03736,Promotion
2024,CUST03738,Spending Drift
2024,CUST03741,Health Shock
2024,CUST03745,Channel Drift
2024,CUST03749,Retirement Drift
2024,CUST03750,Spending Drift
2024,CUST03751,Promotion
2024,CUST03753,Channel Drift
2024,CUST03755,Marriage
2024,CUST03758,Spending Drift
2024,CUST03760,Spending Drift
2024,CUST03762,Channel Drift
2024,CUST03765,Marriage
2024,CUST03765,Channel Drift
2024,CUST03770,Promotion
2024,CUST03770,Spending Drift
2024,CUST03771,Promotion
2024,CUST03773,Health Shock
2024,CUST03777,Retirement Drift
2024,CUST03778,Retirement
2024,CUST03778,Policy Lapse
2024,CUST03778,Retirement Drift
2024,CUST03780,Channel Drift
2024,CUST03785,Spending Drift
2024,CUST03786,Spending Drift
2024,CUST03787,Retirement Drift
2024,CUST03788,Retirement Drift
2024,CUST03790,Retirement Drift
2024,CUST03791,Retirement Drift
2024,CUST03793,Divorce
2024,CUST03794,Channel Drift
2024,CUST03801,Spending Drift
2024,CUST03803,Spending Drift
2024,CUST03807,Promotion
2024,CUST03810,Retirement Drift
2024,CUST03811,Policy Lapse
2024,CUST03811,Policy Reactivation
2024,CUST03811,Channel Drift
2024,CUST03811,Retirement Drift
2024,CUST03812,Spending Drift
2024,CUST03814,Retirement Drift
2024,CUST03816,Retirement
2024,CUST03816,Retirement Drift
2024,CUST03819,Promotion
2024,CUST03820,Retirement Drift
2024,CUST03822,Promotion
2024,CUST03823,Retirement Drift
2024,CUST03825,Health Shock
2024,CUST03825,Retirement Drift
2024,CUST03826,Retirement
2024,CUST03826,Retirement Drift
2024,CUST03827,Retirement Drift
2024,CUST03829,Retirement Drift
2024,CUST03830,Retirement Drift
2024,CUST03836,Retirement Drift
2024,CUST03837,Spending Drift
2024,CUST03838,Promotion
2024,CUST03842,Spending Drift
2024,CUST03844,Policy Lapse
2024,CUST03844,Retirement Drift
2024,CUST03847,Policy Lapse
2024,CUST03847,Policy Reactivation
2024,CUST03847,Retirement Drift
2024,CUST03850,Spending Drift
2024,CUST03855,Retirement Drift
2024,CUST03856,Spending Drift
2024,CUST03856,Retirement Drift
2024,CUST03862,Retirement Drift
2024,CUST03864,Policy Lapse
2024,CUST03864,Policy Reactivation
2024,CUST03869,Retirement Drift
2024,CUST03871,Promotion
2024,CUST03873,Retirement Drift
2024,CUST03874,Channel Drift
2024,CUST03880,Childbirth
2024,CUST03883,Promotion
2024,CUST03883,Spending Drift
2024,CUST03886,Job Loss
2024,CUST03889,Policy Lapse
2024,CUST03889,Channel Drift
2024,CUST03892,Policy Lapse
2024,CUST03899,Channel Drift
2024,CUST03899,Retirement Drift
2024,CUST03900,Retirement Drift
2024,CUST03901,Spending Drift
2024,CUST03906,Promotion
2024,CUST03907,Retirement Drift
2024,CUST03910,Policy Lapse
2024,CUST03910,Retirement Drift
2024,CUST03911,Spending Drift
2024,CUST03914,Channel Drift
2024,CUST03916,Job Loss
2024,CUST03917,Channel Drift
2024,CUST03918,Promotion
2024,CUST03919,Divorce
2024,CUST03920,Divorce
2024,CUST03922,Retirement
2024,CUST03922,Retirement Drift
2024,CUST03924,Promotion
2024,CUST03930,Marriage
2024,CUST03931,Retirement Drift
2024,CUST03933,Job Loss
2024,CUST03933,Retirement
2024,CUST03933,Retirement Drift
2024,CUST03935,Spending Drift
2024,CUST03937,Retirement
2024,CUST03937,Health Shock
2024,CUST03937,Retirement Drift
2024,CUST03939,Spending Drift
2024,CUST03940,Policy Lapse
2024,CUST03940,Spending Drift
2024,CUST03941,Retirement Drift
2024,CUST03944,Retirement Drift
2024,CUST03947,Promotion
2024,CUST03950,Retirement Drift
2024,CUST03954,Spending Drift
2024,CUST03955,Retirement
2024,CUST03955,Retirement Drift
2024,CUST03957,Retirement Drift
2024,CUST03959,Divorce
2024,CUST03961,Spending Drift
2024,CUST03963,Divorce
2024,CUST03963,Retirement Drift
2024,CUST03964,Spending Drift
2024,CUST03964,Retirement Drift
2024,CUST03974,Spending Drift
2024,CUST03977,Spending Drift
2024,CUST03977,Retirement Drift
2024,CUST03979,Retirement Drift
2024,CUST03980,Channel Drift
2024,CUST03983,Job Loss
2024,CUST03983,Policy Lapse
2024,CUST03983,Spending Drift
2024,CUST03983,Retirement Drift
2024,CUST03986,Health Shock
2024,CUST03988,Spending Drift
2024,CUST03991,Retirement Drift
2024,CUST03993,Policy Lapse
2024,CUST03994,Promotion
2024,CUST03995,Spending Drift
2024,CUST03997,Divorce
2024,CUST03997,Retirement Drift
2024,CUST03998,Channel Drift
2024,CUST04000,Promotion
2024,CUST04000,Divorce
2024,CUST04001,Promotion
2024,CUST04005,Retirement Drift
2024,CUST04007,Channel Drift
2024,CUST04010,Retirement Drift
2024,CUST04011,Promotion
2024,CUST04013,Channel Drift
2024,CUST04021,Divorce
2024,CUST04021,Channel Drift
2024,CUST04023,Retirement Drift
2024,CUST04024,Retirement
2024,CUST04024,Retirement Drift
2024,CUST04025,Channel Drift
2024,CUST04027,Policy Lapse
2024,CUST04027,Retirement Drift
2024,CUST04030,Retirement Drift
2024,CUST04040,Divorce
2024,CUST04041,Retirement Drift
2024,CUST04042,Promotion
2024,CUST04043,Channel Drift
2024,CUST04043,Retirement Drift
2024,CUST04046,Promotion
2024,CUST04047,Spending Drift
2024,CUST04048,Spending Drift
2024,CUST04050,Retirement
2024,CUST04050,Retirement Drift
2024,CUST04053,Spending Drift
2024,CUST04055,Spending Drift
2024,CUST04056,Promotion
2024,CUST04058,Promotion
2024,CUST04058,Health Shock
2024,CUST04059,Policy Lapse
2024,CUST04059,Spending Drift
2024,CUST04062,Promotion
2024,CUST04064,Retirement
2024,CUST04064,Retirement Drift
2024,CUST04067,Spending Drift
2024,CUST04069,Policy Lapse
2024,CUST04069,Spending Drift
2024,CUST04071,Retirement Drift
2024,CUST04073,Promotion
2024,CUST04074,Channel Drift
2024,CUST04076,Retirement Drift
2024,CUST04083,Policy Lapse
2024,CUST04083,Retirement Drift
2024,CUST04084,Spending Drift
2024,CUST04089,Health Shock
2024,CUST04089,Retirement Drift
2024,CUST04090,Channel Drift
2024,CUST04091,Retirement Drift
2024,CUST04099,Retirement Drift
2024,CUST04102,Spending Drift
2024,CUST04107,Channel Drift
2024,CUST04108,Channel Drift
2024,CUST04110,Retirement
2024,CUST04110,Retirement Drift
2024,CUST04113,Promotion
2024,CUST04114,Spending Drift
2024,CUST04115,Channel Drift
2024,CUST04116,Retirement
2024,CUST04116,Retirement Drift
2024,CUST04120,Promotion
2024,CUST04123,Promotion
2024,CUST04123,Childbirth
2024,CUST04127,Retirement
2024,CUST04127,Retirement Drift
2024,CUST04129,Promotion
2024,CUST04130,Channel Drift
2024,CUST04131,Retirement Drift
2024,CUST04134,Spending Drift
2024,CUST04134,Retirement Drift
2024,CUST04139,Promotion
2024,CUST04141,Spending Drift
2024,CUST04144,Policy Lapse
2024,CUST04144,Policy Reactivation
2024,CUST04147,Promotion
2024,CUST04148,Retirement Drift
2024,CUST04151,Channel Drift
2024,CUST04154,Retirement
2024,CUST04154,Channel Drift
2024,CUST04154,Retirement Drift
2024,CUST04155,Promotion
2024,CUST04155,Health Shock
2024,CUST04157,Spending Drift
2024,CUST04162,Channel Drift
2024,CUST04164,Spending Drift
2024,CUST04165,Channel Drift
2024,CUST04167,Spending Drift
2024,CUST04170,Promotion
2024,CUST04172,Retirement Drift
2024,CUST04173,Spending Drift
2024,CUST04177,Policy Lapse
2024,CUST04178,Retirement
2024,CUST04178,Retirement Drift
2024,CUST04179,Spending Drift
2024,CUST04182,Channel Drift
2024,CUST04183,Spending Drift
2024,CUST04185,Channel Drift
2024,CUST04186,Channel Drift
2024,CUST04188,Channel Drift
2024,CUST04189,Retirement
2024,CUST04189,Retirement Drift
2024,CUST04191,Job Loss
2024,CUST04193,Retirement
2024,CUST04193,Retirement Drift
2024,CUST04194,Retirement Drift
2024,CUST04196,Retirement Drift
2024,CUST04198,Spending Drift
2024,CUST04201,Promotion
2024,CUST04207,Marriage
2024,CUST04208,Channel Drift
2024,CUST04211,Job Loss
2024,CUST04211,Policy Lapse
2024,CUST04211,Policy Reactivation
2024,CUST04213,Spending Drift
2024,CUST04214,Promotion
2024,CUST04215,Retirement
2024,CUST04215,Health Shock
2024,CUST04215,Retirement Drift
2024,CUST04217,Channel Drift
2024,CUST04218,Channel Drift
2024,CUST04224,Retirement Drift
2024,CUST04226,Spending Drift
2024,CUST04230,Retirement Drift
2024,CUST04232,Divorce
2024,CUST04232,Spending Drift
2024,CUST04234,Spending Drift
2024,CUST04235,Promotion
2024,CUST04240,Retirement Drift
2024,CUST04242,Policy Lapse
2024,CUST04244,Promotion
2024,CUST04248,Health Shock
2024,CUST04248,Retirement Drift
2024,CUST04249,Channel Drift
2024,CUST04251,Promotion
2024,CUST04252,Retirement
2024,CUST04252,Retirement Drift
2024,CUST04255,Retirement
2024,CUST04255,Retirement Drift
2024,CUST04258,Retirement
2024,CUST04258,Retirement Drift
2024,CUST04261,Spending Drift
2024,CUST04266,Channel Drift
2024,CUST04266,Retirement Drift
2024,CUST04270,Job Loss
2024,CUST04272,Promotion
2024,CUST04272,Channel Drift
2024,CUST04273,Retirement Drift
2024,CUST04274,Spending Drift
2024,CUST04275,Channel Drift
2024,CUST04279,Spending Drift
2024,CUST04285,Channel Drift
2024,CUST04286,Retirement
2024,CUST04286,Retirement Drift
2024,CUST04289,Retirement
2024,CUST04289,Spending Drift
2024,CUST04289,Retirement Drift
2024,CUST04291,Promotion
2024,CUST04294,Policy Lapse
2024,CUST04294,Policy Reactivation
2024,CUST04296,Policy Lapse
2024,CUST04301,Retirement Drift
2024,CUST04305,Retirement Drift
2024,CUST04307,Spending Drift
2024,CUST04312,Promotion
2024,CUST04317,Spending Drift
2024,CUST04317,Retirement Drift
2024,CUST04319,Job Loss
2024,CUST04320,Channel Drift
2024,CUST04322,Retirement Drift
2024,CUST04325,Retirement
2024,CUST04325,Channel Drift
2024,CUST04325,Retirement Drift
2024,CUST04327,Spending Drift
2024,CUST04327,Channel Drift
2024,CUST04333,Promotion
2024,CUST04334,Channel Drift
2024,CUST04339,Spending Drift
2024,CUST04339,Retirement Drift
2024,CUST04347,Retirement Drift
2024,CUST04349,Channel Drift
2024,CUST04356,Retirement Drift
2024,CUST04357,Spending Drift
2024,CUST04360,Spending Drift
2024,CUST04361,Policy Lapse
2024,CUST04366,Retirement Drift
2024,CUST04369,Job Loss
2024,CUST04370,Health Shock
2024,CUST04370,Retirement Drift
2024,CUST04373,Retirement
2024,CUST04373,Retirement Drift
2024,CUST04375,Spending Drift
2024,CUST04376,Spending Drift
2024,CUST04377,Channel Drift
2024,CUST04381,Promotion
2024,CUST04384,Retirement Drift
2024,CUST04385,Spending Drift
2024,CUST04387,Promotion
2024,CUST04389,Channel Drift
2024,CUST04390,Job Loss
2024,CUST04393,Promotion
2024,CUST04397,Job Loss
2024,CUST04401,Retirement Drift
2024,CUST04403,Retirement Drift
2024,CUST04407,Spending Drift
2024,CUST04411,Channel Drift
2024,CUST04411,Retirement Drift
2024,CUST04412,Retirement
2024,CUST04412,Retirement Drift
2024,CUST04414,Spending Drift
2024,CUST04414,Channel Drift
2024,CUST04415,Health Shock
2024,CUST04415,Spending Drift
2024,CUST04415,Retirement Drift
2024,CUST04417,Promotion
2024,CUST04419,Retirement Drift
2024,CUST04424,Channel Drift
2024,CUST04427,Retirement Drift
2024,CUST04429,Job Loss
2024,CUST04429,Retirement
2024,CUST04429,Retirement Drift
2024,CUST04430,Retirement
2024,CUST04430,Retirement Drift
2024,CUST04434,Childbirth
2024,CUST04436,Health Shock
2024,CUST04436,Retirement Drift
2024,CUST04437,Spending Drift
2024,CUST04439,Retirement Drift
2024,CUST04445,Spending Drift
2024,CUST04446,Channel Drift
2024,CUST04449,Policy Lapse
2024,CUST04449,Policy Reactivation
2024,CUST04450,Retirement Drift
2024,CUST04451,Promotion
2024,CUST04453,Spending Drift
2024,CUST04453,Retirement Drift
2024,CUST04457,Spending Drift
2024,CUST04458,Retirement Drift
2024,CUST04461,Channel Drift
2024,CUST04462,Policy Lapse
2024,CUST04466,Job Loss
2024,CUST04466,Spending Drift
2024,CUST04469,Spending Drift
2024,CUST04471,Spending Drift
2024,CUST04475,Retirement Drift
2024,CUST04479,Retirement Drift
2024,CUST04480,Spending Drift
2024,CUST04482,Channel Drift
2024,CUST04483,Retirement
2024,CUST04483,Retirement Drift
2024,CUST04484,Retirement Drift
2024,CUST04486,Spending Drift
2024,CUST04487,Marriage
2024,CUST04488,Retirement Drift
2024,CUST04491,Spending Drift
2024,CUST04491,Channel Drift
2024,CUST04493,Promotion
2024,CUST04494,Retirement
2024,CUST04494,Spending Drift
2024,CUST04494,Retirement Drift
2024,CUST04497,Retirement Drift
2024,CUST04499,Job Loss
2024,CUST04500,Channel Drift
2024,CUST04506,Channel Drift
2024,CUST04511,Retirement Drift
2024,CUST04515,Retirement Drift
2024,CUST04518,Promotion
2024,CUST04518,Channel Drift
2024,CUST04520,Retirement Drift
2024,CUST04522,Promotion
2024,CUST04523,Retirement Drift
2024,CUST04527,Retirement
2024,CUST04527,Policy Lapse
2024,CUST04527,Policy Reactivation
2024,CUST04527,Retirement Drift
2024,CUST04535,Spending Drift
2024,CUST04536,Retirement Drift
2024,CUST04538,Retirement Drift
2024,CUST04539,Retirement Drift
2024,CUST04540,Channel Drift
2024,CUST04543,Retirement Drift
2024,CUST04544,Channel Drift
2024,CUST04549,Spending Drift
2024,CUST04549,Retirement Drift
2024,CUST04553,Retirement Drift
2024,CUST04556,Spending Drift
2024,CUST04558,Retirement Drift
2024,CUST04561,Promotion
2024,CUST04561,Marriage
2024,CUST04564,Promotion
2024,CUST04566,Retirement
2024,CUST04566,Retirement Drift
2024,CUST04568,Channel Drift
2024,CUST04569,Promotion
2024,CUST04569,Spending Drift
2024,CUST04573,Spending Drift
2024,CUST04576,Spending Drift
2024,CUST04578,Policy Lapse
2024,CUST04578,Policy Reactivation
2024,CUST04579,Promotion
2024,CUST04580,Promotion
2024,CUST04584,Retirement
2024,CUST04584,Channel Drift
2024,CUST04584,Retirement Drift
2024,CUST04586,Spending Drift
2024,CUST04586,Channel Drift
2024,CUST04587,Promotion
2024,CUST04588,Channel Drift
2024,CUST04589,Divorce
2024,CUST04589,Retirement Drift
2024,CUST04591,Spending Drift
2024,CUST04593,Promotion
2024,CUST04594,Retirement
2024,CUST04594,Retirement Drift
2024,CUST04595,Job Loss
2024,CUST04599,Promotion
2024,CUST04599,Channel Drift
2024,CUST04601,Spending Drift
2024,CUST04602,Spending Drift
2024,CUST04605,Spending Drift
2024,CUST04607,Spending Drift
2024,CUST04608,Promotion
2024,CUST04610,Spending Drift
2024,CUST04612,Channel Drift
2024,CUST04613,Retirement Drift
2024,CUST04615,Retirement Drift
2024,CUST04619,Retirement
2024,CUST04619,Retirement Drift
2024,CUST04622,Spending Drift
2024,CUST04622,Channel Drift
2024,CUST04626,Channel Drift
2024,CUST04628,Promotion
2024,CUST04629,Channel Drift
2024,CUST04638,Job Loss
2024,CUST04638,Policy Lapse
2024,CUST04638,Policy Reactivation
2024,CUST04638,Retirement Drift
2024,CUST04639,Promotion
2024,CUST04642,Promotion
2024,CUST04642,Spending Drift
2024,CUST04645,Retirement Drift
2024,CUST04646,Promotion
2024,CUST04646,Spending Drift
2024,CUST04647,Spending Drift
2024,CUST04650,Spending Drift
2024,CUST04651,Promotion
2024,CUST04652,Policy Lapse
2024,CUST04652,Retirement Drift
2024,CUST04654,Retirement Drift
2024,CUST04655,Retirement Drift
2024,CUST04658,Retirement Drift
2024,CUST04659,Childbirth
2024,CUST04662,Channel Drift
2024,CUST04662,Retirement Drift
2024,CUST04663,Spending Drift
2024,CUST04665,Retirement Drift
2024,CUST04673,Job Loss
2024,CUST04674,Channel Drift
2024,CUST04675,Policy Lapse
2024,CUST04675,Retirement Drift
2024,CUST04679,Retirement
2024,CUST04679,Retirement Drift
2024,CUST04680,Promotion
2024,CUST04689,Spending Drift
2024,CUST04691,Retirement Drift
2024,CUST04693,Retirement Drift
2024,CUST04694,Retirement Drift
2024,CUST04695,Spending Drift
2024,CUST04697,Promotion
2024,CUST04700,Retirement Drift
2024,CUST04701,Spending Drift
2024,CUST04703,Retirement
2024,CUST04703,Retirement Drift
2024,CUST04704,Promotion
2024,CUST04709,Retirement
2024,CUST04709,Retirement Drift
2024,CUST04715,Retirement Drift
2024,CUST04716,Channel Drift
2024,CUST04720,Spending Drift
2024,CUST04721,Spending Drift
2024,CUST04721,Channel Drift
2024,CUST04723,Promotion
2024,CUST04724,Divorce
2024,CUST04724,Spending Drift
2024,CUST04724,Channel Drift
2024,CUST04725,Retirement Drift
2024,CUST04728,Retirement
2024,CUST04728,Spending Drift
2024,CUST04728,Retirement Drift
2024,CUST04729,Promotion
2024,CUST04729,Spending Drift
2024,CUST04744,Promotion
2024,CUST04745,Promotion
2024,CUST04745,Spending Drift
2024,CUST04746,Promotion
2024,CUST04747,Promotion
2024,CUST04752,Health Shock
2024,CUST04757,Spending Drift
2024,CUST04761,Policy Lapse
2024,CUST04761,Policy Reactivation
2024,CUST04761,Retirement Drift
2024,CUST04765,Retirement
2024,CUST04765,Retirement Drift
2024,CUST04766,Promotion
2024,CUST04768,Channel Drift
2024,CUST04772,Policy Lapse
2024,CUST04772,Policy Reactivation
2024,CUST04774,Channel Drift
2024,CUST04779,Channel Drift
2024,CUST04780,Job Loss
2024,CUST04780,Retirement Drift
2024,CUST04781,Spending Drift
2024,CUST04782,Policy Lapse
2024,CUST04782,Spending Drift
2024,CUST04784,Promotion
2024,CUST04789,Marriage
2024,CUST04789,Spending Drift
2024,CUST04790,Channel Drift
2024,CUST04792,Spending Drift
2024,CUST04794,Health Shock
2024,CUST04795,Job Loss
2024,CUST04795,Retirement Drift
2024,CUST04797,Channel Drift
2024,CUST04809,Spending Drift
2024,CUST04811,Promotion
2024,CUST04811,Spending Drift
2024,CUST04812,Promotion
2024,CUST04815,Retirement Drift
2024,CUST04818,Job Loss
2024,CUST04818,Retirement
2024,CUST04818,Retirement Drift
2024,CUST04819,Spending Drift
2024,CUST04822,Job Loss
2024,CUST04823,Retirement Drift
2024,CUST04828,Retirement Drift
2024,CUST04829,Channel Drift
2024,CUST04831,Retirement
2024,CUST04831,Retirement Drift
2024,CUST04839,Promotion
2024,CUST04846,Job Loss
2024,CUST04846,Retirement Drift
2024,CUST04850,Promotion
2024,CUST04850,Channel Drift
2024,CUST04851,Retirement
2024,CUST04851,Retirement Drift
2024,CUST04854,Spending Drift
2024,CUST04854,Channel Drift
2024,CUST04854,Retirement Drift
2024,CUST04856,Promotion
2024,CUST04857,Job Loss
2024,CUST04857,Spending Drift
2024,CUST04859,Childbirth
2024,CUST04862,Retirement
2024,CUST04862,Policy Lapse
2024,CUST04862,Policy Reactivation
2024,CUST04862,Retirement Drift
2024,CUST04865,Channel Drift
2024,CUST04866,Promotion
2024,CUST04867,Job Loss
2024,CUST04867,Retirement Drift
2024,CUST04871,Spending Drift
2024,CUST04872,Promotion
2024,CUST04875,Retirement Drift
2024,CUST04876,Divorce
2024,CUST04877,Spending Drift
2024,CUST04881,Spending Drift
2024,CUST04882,Promotion
2024,CUST04883,Job Loss
2024,CUST04883,Channel Drift
2024,CUST04888,Promotion
2024,CUST04890,Spending Drift
2024,CUST04893,Promotion
2024,CUST04894,Promotion
2024,CUST04895,Retirement
2024,CUST04895,Spending Drift
2024,CUST04895,Retirement Drift
2024,CUST04899,Channel Drift
2024,CUST04903,Channel Drift
2024,CUST04904,Job Loss
2024,CUST04904,Retirement Drift
2024,CUST04908,Spending Drift
2024,CUST04909,Retirement Drift
2024,CUST04910,Retirement Drift
2024,CUST04912,Spending Drift
2024,CUST04913,Spending Drift
2024,CUST04916,Spending Drift
2024,CUST04924,Spending Drift
2024,CUST04927,Retirement Drift
2024,CUST04928,Channel Drift
2024,CUST04930,Promotion
2024,CUST04932,Retirement Drift
2024,CUST04933,Job Loss
2024,CUST04934,Promotion
2024,CUST04936,Divorce
2024,CUST04937,Channel Drift
2024,CUST04943,Job Loss
2024,CUST04945,Marriage
2024,CUST04946,Spending Drift
2024,CUST04946,Retirement Drift
2024,CUST04947,Retirement Drift
2024,CUST04955,Retirement
2024,CUST04955,Retirement Drift
2024,CUST04957,Spending Drift
2024,CUST04958,Policy Lapse
2024,CUST04958,Policy Reactivation
2024,CUST04958,Spending Drift
2024,CUST04959,Retirement
2024,CUST04959,Retirement Drift
2024,CUST04961,Retirement
2024,CUST04961,Retirement Drift
2024,CUST04969,Spending Drift
2024,CUST04969,Retirement Drift
2024,CUST04971,Job Loss
2024,CUST04971,Retirement
2024,CUST04971,Retirement Drift
2024,CUST04974,Promotion
2024,CUST04979,Retirement
2024,CUST04979,Spending Drift
2024,CUST04979,Retirement Drift
2024,CUST04980,Retirement Drift
2024,CUST04981,Retirement Drift
2024,CUST04982,Spending Drift
2024,CUST04982,Retirement Drift
2024,CUST04984,Spending Drift
2024,CUST04990,Channel Drift
2024,CUST04991,Job Loss
2024,CUST04993,Marriage
2024,CUST04994,Childbirth
2024,CUST04994,Spending Drift
2024,CUST04996,Channel Drift
2024,CUST04996,Retirement Drift
2025,CUST00000,Spending Drift
2025,CUST00000,Channel Drift
2025,CUST00001,Promotion
2025,CUST00002,Retirement Drift
2025,CUST00005,Policy Lapse
2025,CUST00005,Policy Reactivation
2025,CUST00006,Retirement Drift
2025,CUST00008,Spending Drift
2025,CUST00011,Promotion
2025,CUST00013,Channel Drift
2025,CUST00014,Channel Drift
2025,CUST00016,Promotion
2025,CUST00019,Promotion
2025,CUST00022,Spending Drift
2025,CUST00029,Health Shock
2025,CUST00032,Promotion
2025,CUST00035,Promotion
2025,CUST00036,Retirement
2025,CUST00036,Retirement Drift
2025,CUST00037,Retirement Drift
2025,CUST00038,Promotion
2025,CUST00046,Promotion
2025,CUST00046,Spending Drift
2025,CUST00048,Retirement Drift
2025,CUST00051,Channel Drift
2025,CUST00052,Spending Drift
2025,CUST00056,Promotion
2025,CUST00057,Spending Drift
2025,CUST00058,Promotion
2025,CUST00060,Spending Drift
2025,CUST00062,Channel Drift
2025,CUST00062,Retirement Drift
2025,CUST00063,Channel Drift
2025,CUST00067,Retirement
2025,CUST00067,Retirement Drift
2025,CUST00068,Promotion
2025,CUST00074,Promotion
2025,CUST00075,Promotion
2025,CUST00075,Spending Drift
2025,CUST00076,Channel Drift
2025,CUST00076,Retirement Drift
2025,CUST00077,Spending Drift
2025,CUST00077,Retirement Drift
2025,CUST00080,Spending Drift
2025,CUST00080,Retirement Drift
2025,CUST00081,Policy Lapse
2025,CUST00081,Retirement Drift
2025,CUST00084,Divorce
2025,CUST00084,Health Shock
2025,CUST00084,Spending Drift
2025,CUST00084,Retirement Drift
2025,CUST00085,Channel Drift
2025,CUST00086,Promotion
2025,CUST00086,Channel Drift
2025,CUST00087,Promotion
2025,CUST00088,Spending Drift
2025,CUST00093,Retirement Drift
2025,CUST00096,Spending Drift
2025,CUST00096,Retirement Drift
2025,CUST00097,Spending Drift
2025,CUST00100,Spending Drift
2025,CUST00106,Channel Drift
2025,CUST00107,Divorce
2025,CUST00110,Retirement Drift
2025,CUST00111,Retirement Drift
2025,CUST00114,Promotion
2025,CUST00116,Retirement
2025,CUST00116,Channel Drift
2025,CUST00116,Retirement Drift
2025,CUST00118,Spending Drift
2025,CUST00123,Retirement Drift
2025,CUST00124,Retirement Drift
2025,CUST00127,Promotion
2025,CUST00128,Retirement
2025,CUST00128,Retirement Drift
2025,CUST00131,Policy Lapse
2025,CUST00131,Policy Reactivation
2025,CUST00132,Spending Drift
2025,CUST00133,Spending Drift
2025,CUST00135,Retirement Drift
2025,CUST00136,Marriage
2025,CUST00142,Channel Drift
2025,CUST00144,Retirement Drift
2025,CUST00145,Spending Drift
2025,CUST00146,Promotion
2025,CUST00149,Marriage
2025,CUST00151,Promotion
2025,CUST00154,Marriage
2025,CUST00154,Spending Drift
2025,CUST00156,Spending Drift
2025,CUST00157,Marriage
2025,CUST00160,Channel Drift
2025,CUST00164,Spending Drift
2025,CUST00175,Channel Drift
2025,CUST00177,Spending Drift
2025,CUST00180,Channel Drift
2025,CUST00181,Retirement Drift
2025,CUST00183,Job Loss
2025,CUST00183,Divorce
2025,CUST00183,Channel Drift
2025,CUST00185,Spending Drift
2025,CUST00189,Retirement Drift
2025,CUST00191,Retirement
2025,CUST00191,Channel Drift
2025,CUST00191,Retirement Drift
2025,CUST00192,Channel Drift
2025,CUST00193,Job Loss
2025,CUST00195,Retirement Drift
2025,CUST00201,Promotion
2025,CUST00205,Spending Drift
2025,CUST00208,Channel Drift
2025,CUST00213,Spending Drift
2025,CUST00217,Spending Drift
2025,CUST00221,Job Loss
2025,CUST00221,Policy Lapse
2025,CUST00221,Retirement Drift
2025,CUST00233,Retirement
2025,CUST00233,Policy Lapse
2025,CUST00233,Policy Reactivation
2025,CUST00233,Retirement Drift
2025,CUST00234,Retirement Drift
2025,CUST00239,Promotion
2025,CUST00240,Promotion
2025,CUST00243,Promotion
2025,CUST00244,Spending Drift
2025,CUST00245,Marriage
2025,CUST00247,Retirement
2025,CUST00247,Retirement Drift
2025,CUST00248,Marriage
2025,CUST00249,Retirement
2025,CUST00249,Retirement Drift
2025,CUST00253,Spending Drift
2025,CUST00254,Promotion
2025,CUST00255,Retirement
2025,CUST00255,Spending Drift
2025,CUST00255,Retirement Drift
2025,CUST00258,Health Shock
2025,CUST00259,Job Loss
2025,CUST00259,Policy Lapse
2025,CUST00259,Retirement Drift
2025,CUST00260,Promotion
2025,CUST00262,Policy Lapse
2025,CUST00269,Retirement Drift
2025,CUST00271,Promotion
2025,CUST00283,Policy Lapse
2025,CUST00283,Channel Drift
2025,CUST00287,Spending Drift
2025,CUST00290,Spending Drift
2025,CUST00291,Retirement
2025,CUST00291,Retirement Drift
2025,CUST00294,Retirement Drift
2025,CUST00295,Retirement Drift
2025,CUST00298,Spending Drift
2025,CUST00298,Retirement Drift
2025,CUST00301,Promotion
2025,CUST00303,Retirement
2025,CUST00303,Retirement Drift
2025,CUST00305,Policy Lapse
2025,CUST00305,Policy Reactivation
2025,CUST00305,Retirement Drift
2025,CUST00307,Spending Drift
2025,CUST00308,Spending Drift
2025,CUST00309,Promotion
2025,CUST00309,Channel Drift
2025,CUST00313,Channel Drift
2025,CUST00314,Promotion
2025,CUST00319,Spending Drift
2025,CUST00319,Channel Drift
2025,CUST00320,Retirement
2025,CUST00320,Retirement Drift
2025,CUST00321,Retirement Drift
2025,CUST00322,Job Loss
2025,CUST00322,Policy Lapse
2025,CUST00323,Channel Drift
2025,CUST00324,Retirement
2025,CUST00324,Retirement Drift
2025,CUST00325,Retirement Drift
2025,CUST00326,Job Loss
2025,CUST00326,Retirement Drift
2025,CUST00328,Retirement Drift
2025,CUST00329,Retirement Drift
2025,CUST00332,Retirement Drift
2025,CUST00334,Retirement Drift
2025,CUST00335,Spending Drift
2025,CUST00337,Retirement Drift
2025,CUST00343,Spending Drift
2025,CUST00348,Promotion
2025,CUST00356,Channel Drift
2025,CUST00360,Policy Lapse
2025,CUST00360,Policy Reactivation
2025,CUST00360,Retirement Drift
2025,CUST00362,Channel Drift
2025,CUST00364,Spending Drift
2025,CUST00365,Spending Drift
2025,CUST00365,Retirement Drift
2025,CUST00374,Channel Drift
2025,CUST00378,Channel Drift
2025,CUST00381,Promotion
2025,CUST00386,Promotion
2025,CUST00386,Divorce
2025,CUST00386,Channel Drift
2025,CUST00389,Promotion
2025,CUST00391,Spending Drift
2025,CUST00391,Retirement Drift
2025,CUST00392,Promotion
2025,CUST00396,Retirement Drift
2025,CUST00397,Retirement Drift
2025,CUST00402,Spending Drift
2025,CUST00402,Channel Drift
2025,CUST00402,Retirement Drift
2025,CUST00404,Promotion
2025,CUST00407,Retirement Drift
2025,CUST00411,Channel Drift
2025,CUST00416,Retirement
2025,CUST00416,Retirement Drift
2025,CUST00419,Promotion
2025,CUST00421,Retirement
2025,CUST00421,Retirement Drift
2025,CUST00422,Retirement
2025,CUST00422,Retirement Drift
2025,CUST00423,Spending Drift
2025,CUST00425,Retirement Drift
2025,CUST00426,Marriage
2025,CUST00429,Retirement
2025,CUST00429,Retirement Drift
2025,CUST00433,Channel Drift
2025,CUST00435,Childbirth
2025,CUST00435,Spending Drift
2025,CUST00436,Promotion
2025,CUST00437,Policy Lapse
2025,CUST00437,Policy Reactivation
2025,CUST00437,Retirement Drift
2025,CUST00440,Promotion
2025,CUST00444,Promotion
2025,CUST00446,Job Loss
2025,CUST00446,Retirement
2025,CUST00446,Retirement Drift
2025,CUST00449,Promotion
2025,CUST00452,Promotion
2025,CUST00454,Job Loss
2025,CUST00454,Health Shock
2025,CUST00458,Promotion
2025,CUST00463,Health Shock
2025,CUST00465,Health Shock
2025,CUST00465,Retirement Drift
2025,CUST00469,Spending Drift
2025,CUST00472,Retirement Drift
2025,CUST00474,Promotion
2025,CUST00475,Retirement
2025,CUST00475,Spending Drift
2025,CUST00475,Retirement Drift
2025,CUST00476,Divorce
2025,CUST00476,Retirement Drift
2025,CUST00477,Policy Lapse
2025,CUST00479,Retirement Drift
2025,CUST00484,Promotion
2025,CUST00485,Channel Drift
2025,CUST00488,Retirement
2025,CUST00488,Divorce
2025,CUST00488,Retirement Drift
2025,CUST00493,Promotion
2025,CUST00496,Channel Drift
2025,CUST00503,Retirement
2025,CUST00503,Retirement Drift
2025,CUST00505,Retirement
2025,CUST00505,Retirement Drift
2025,CUST00507,Spending Drift
2025,CUST00508,Policy Lapse
2025,CUST00508,Divorce
2025,CUST00508,Channel Drift
2025,CUST00509,Marriage
2025,CUST00514,Spending Drift
2025,CUST00514,Retirement Drift
2025,CUST00516,Spending Drift
2025,CUST00517,Promotion
2025,CUST00518,Retirement Drift
2025,CUST00520,Divorce
2025,CUST00524,Promotion
2025,CUST00526,Promotion
2025,CUST00529,Spending Drift
2025,CUST00529,Retirement Drift
2025,CUST00531,Retirement Drift
2025,CUST00532,Childbirth
2025,CUST00534,Retirement
2025,CUST00534,Retirement Drift
2025,CUST00536,Divorce
2025,CUST00538,Spending Drift
2025,CUST00538,Channel Drift
2025,CUST00539,Spending Drift
2025,CUST00542,Promotion
2025,CUST00543,Childbirth
2025,CUST00547,Spending Drift
2025,CUST00547,Retirement Drift
2025,CUST00548,Retirement
2025,CUST00548,Retirement Drift
2025,CUST00558,Channel Drift
2025,CUST00559,Promotion
2025,CUST00562,Promotion
2025,CUST00567,Promotion
2025,CUST00568,Spending Drift
2025,CUST00569,Channel Drift
2025,CUST00570,Promotion
2025,CUST00571,Policy Lapse
2025,CUST00571,Policy Reactivation
2025,CUST00573,Channel Drift
2025,CUST00574,Retirement Drift
2025,CUST00579,Channel Drift
2025,CUST00583,Promotion
2025,CUST00588,Policy Lapse
2025,CUST00589,Job Loss
2025,CUST00593,Promotion
2025,CUST00600,Retirement Drift
2025,CUST00601,Spending Drift
2025,CUST00603,Spending Drift
2025,CUST00605,Job Loss
2025,CUST00607,Policy Lapse
2025,CUST00608,Channel Drift
2025,CUST00610,Marriage
2025,CUST00610,Childbirth
2025,CUST00611,Job Loss
2025,CUST00611,Retirement Drift
2025,CUST00614,Policy Lapse
2025,CUST00616,Spending Drift
2025,CUST00617,Spending Drift
2025,CUST00618,Channel Drift
2025,CUST00620,Job Loss
2025,CUST00624,Retirement Drift
2025,CUST00627,Promotion
2025,CUST00627,Spending Drift
2025,CUST00629,Retirement Drift
2025,CUST00636,Policy Lapse
2025,CUST00636,Retirement Drift
2025,CUST00642,Retirement Drift
2025,CUST00647,Spending Drift
2025,CUST00651,Policy Lapse
2025,CUST00651,Policy Reactivation
2025,CUST00664,Promotion
2025,CUST00665,Spending Drift
2025,CUST00668,Health Shock
2025,CUST00668,Retirement Drift
2025,CUST00672,Channel Drift
2025,CUST00674,Spending Drift
2025,CUST00674,Retirement Drift
2025,CUST00675,Job Loss
2025,CUST00677,Promotion
2025,CUST00681,Spending Drift
2025,CUST00682,Spending Drift
2025,CUST00685,Channel Drift
2025,CUST00688,Retirement Drift
2025,CUST00691,Retirement
2025,CUST00691,Retirement Drift
2025,CUST00694,Channel Drift
2025,CUST00697,Channel Drift
2025,CUST00699,Retirement Drift
2025,CUST00702,Retirement Drift
2025,CUST00708,Promotion
2025,CUST00708,Spending Drift
2025,CUST00709,Retirement Drift
2025,CUST00710,Health Shock
2025,CUST00713,Spending Drift
2025,CUST00719,Retirement Drift
2025,CUST00721,Channel Drift
2025,CUST00722,Policy Lapse
2025,CUST00722,Policy Reactivation
2025,CUST00722,Spending Drift
2025,CUST00722,Channel Drift
2025,CUST00722,Retirement Drift
2025,CUST00727,Channel Drift
2025,CUST00728,Retirement Drift
2025,CUST00731,Channel Drift
2025,CUST00732,Promotion
2025,CUST00734,Spending Drift
2025,CUST00737,Promotion
2025,CUST00737,Spending Drift
2025,CUST00741,Spending Drift
2025,CUST00743,Retirement Drift
2025,CUST00745,Retirement Drift
2025,CUST00757,Promotion
2025,CUST00759,Spending Drift
2025,CUST00760,Promotion
2025,CUST00763,Channel Drift
2025,CUST00764,Channel Drift
2025,CUST00768,Health Shock
2025,CUST00769,Retirement Drift
2025,CUST00770,Retirement Drift
2025,CUST00774,Retirement Drift
2025,CUST00777,Channel Drift
2025,CUST00777,Retirement Drift
2025,CUST00784,Promotion
2025,CUST00786,Spending Drift
2025,CUST00788,Spending Drift
2025,CUST00788,Channel Drift
2025,CUST00791,Channel Drift
2025,CUST00795,Retirement Drift
2025,CUST00799,Channel Drift
2025,CUST00800,Retirement Drift
2025,CUST00801,Retirement Drift
2025,CUST00802,Spending Drift
2025,CUST00804,Channel Drift
2025,CUST00805,Divorce
2025,CUST00809,Policy Lapse
2025,CUST00811,Channel Drift
2025,CUST00814,Spending Drift
2025,CUST00816,Health Shock
2025,CUST00824,Promotion
2025,CUST00825,Channel Drift
2025,CUST00827,Marriage
2025,CUST00828,Divorce
2025,CUST00831,Spending Drift
2025,CUST00834,Retirement Drift
2025,CUST00835,Promotion
2025,CUST00835,Spending Drift
2025,CUST00836,Retirement Drift
2025,CUST00839,Channel Drift
2025,CUST00841,Health Shock
2025,CUST00844,Retirement Drift
2025,CUST00845,Promotion
2025,CUST00845,Divorce
2025,CUST00848,Promotion
2025,CUST00853,Retirement Drift
2025,CUST00857,Promotion
2025,CUST00858,Promotion
2025,CUST00859,Channel Drift
2025,CUST00860,Retirement Drift
2025,CUST00862,Retirement
2025,CUST00862,Retirement Drift
2025,CUST00864,Spending Drift
2025,CUST00868,Health Shock
2025,CUST00869,Retirement Drift
2025,CUST00871,Job Loss
2025,CUST00874,Job Loss
2025,CUST00875,Divorce
2025,CUST00875,Retirement Drift
2025,CUST00876,Promotion
2025,CUST00879,Spending Drift
2025,CUST00882,Policy Lapse
2025,CUST00882,Channel Drift
2025,CUST00884,Health Shock
2025,CUST00886,Promotion
2025,CUST00887,Spending Drift
2025,CUST00888,Job Loss
2025,CUST00888,Policy Lapse
2025,CUST00899,Retirement
2025,CUST00899,Retirement Drift
2025,CUST00902,Promotion
2025,CUST00902,Spending Drift
2025,CUST00904,Retirement
2025,CUST00904,Spending Drift
2025,CUST00904,Retirement Drift
2025,CUST00907,Promotion
2025,CUST00910,Promotion
2025,CUST00911,Spending Drift
2025,CUST00915,Promotion
2025,CUST00915,Channel Drift
2025,CUST00916,Health Shock
2025,CUST00919,Job Loss
2025,CUST00923,Retirement
2025,CUST00923,Spending Drift
2025,CUST00923,Retirement Drift
2025,CUST00924,Spending Drift
2025,CUST00927,Retirement Drift
2025,CUST00928,Retirement Drift
2025,CUST00929,Policy Lapse
2025,CUST00929,Retirement Drift
2025,CUST00930,Spending Drift
2025,CUST00931,Retirement Drift
2025,CUST00932,Spending Drift
2025,CUST00932,Retirement Drift
2025,CUST00933,Retirement Drift
2025,CUST00936,Retirement
2025,CUST00936,Health Shock
2025,CUST00936,Retirement Drift
2025,CUST00938,Retirement Drift
2025,CUST00950,Retirement
2025,CUST00950,Retirement Drift
2025,CUST00951,Channel Drift
2025,CUST00952,Retirement Drift
2025,CUST00953,Retirement Drift
2025,CUST00956,Policy Lapse
2025,CUST00956,Health Shock
2025,CUST00957,Retirement Drift
2025,CUST00960,Divorce
2025,CUST00964,Job Loss
2025,CUST00964,Spending Drift
2025,CUST00967,Retirement
2025,CUST00967,Policy Lapse
2025,CUST00967,Policy Reactivation
2025,CUST00967,Retirement Drift
2025,CUST00971,Job Loss
2025,CUST00974,Retirement
2025,CUST00974,Retirement Drift
2025,CUST00976,Channel Drift
2025,CUST00977,Spending Drift
2025,CUST00979,Retirement Drift
2025,CUST00981,Spending Drift
2025,CUST00981,Retirement Drift
2025,CUST00987,Retirement Drift
2025,CUST00988,Spending Drift
2025,CUST00990,Policy Lapse
2025,CUST00995,Health Shock
2025,CUST00996,Health Shock
2025,CUST00997,Retirement Drift
2025,CUST00999,Policy Lapse
2025,CUST00999,Channel Drift
2025,CUST01001,Divorce
2025,CUST01002,Spending Drift
2025,CUST01004,Spending Drift
2025,CUST01008,Retirement
2025,CUST01008,Retirement Drift
2025,CUST01009,Policy Lapse
2025,CUST01009,Policy Reactivation
2025,CUST01010,Channel Drift
2025,CUST01010,Retirement Drift
2025,CUST01011,Retirement Drift
2025,CUST01012,Retirement Drift
2025,CUST01015,Retirement
2025,CUST01015,Retirement Drift
2025,CUST01017,Spending Drift
2025,CUST01017,Channel Drift
2025,CUST01018,Channel Drift
2025,CUST01021,Retirement Drift
2025,CUST01023,Promotion
2025,CUST01031,Channel Drift
2025,CUST01031,Retirement Drift
2025,CUST01035,Retirement Drift
2025,CUST01037,Retirement Drift
2025,CUST01038,Spending Drift
2025,CUST01039,Retirement
2025,CUST01039,Retirement Drift
2025,CUST01040,Spending Drift
2025,CUST01040,Channel Drift
2025,CUST01043,Spending Drift
2025,CUST01044,Spending Drift
2025,CUST01045,Retirement
2025,CUST01045,Retirement Drift
2025,CUST01047,Channel Drift
2025,CUST01049,Policy Lapse
2025,CUST01052,Promotion
2025,CUST01055,Spending Drift
2025,CUST01056,Retirement Drift
2025,CUST01059,Channel Drift
2025,CUST01071,Promotion
2025,CUST01075,Policy Lapse
2025,CUST01075,Policy Reactivation
2025,CUST01078,Spending Drift
2025,CUST01078,Retirement Drift
2025,CUST01080,Retirement
2025,CUST01080,Retirement Drift
2025,CUST01082,Retirement Drift
2025,CUST01084,Retirement Drift
2025,CUST01085,Promotion
2025,CUST01085,Spending Drift
2025,CUST01086,Policy Lapse
2025,CUST01087,Channel Drift
2025,CUST01088,Channel Drift
2025,CUST01093,Divorce
2025,CUST01097,Job Loss
2025,CUST01097,Retirement Drift
2025,CUST01099,Retirement Drift
2025,CUST01102,Spending Drift
2025,CUST01103,Retirement Drift
2025,CUST01108,Promotion
2025,CUST01110,Promotion
2025,CUST01111,Health Shock
2025,CUST01111,Spending Drift
2025,CUST01111,Channel Drift
2025,CUST01113,Retirement Drift
2025,CUST01115,Spending Drift
2025,CUST01116,Retirement
2025,CUST01116,Retirement Drift
2025,CUST01119,Retirement Drift
2025,CUST01121,Retirement Drift
2025,CUST01125,Retirement Drift
2025,CUST01129,Channel Drift
2025,CUST01132,Policy Lapse
2025,CUST01134,Spending Drift
2025,CUST01134,Retirement Drift
2025,CUST01138,Health Shock
2025,CUST01138,Channel Drift
2025,CUST01141,Health Shock
2025,CUST01141,Retirement Drift
2025,CUST01143,Channel Drift
2025,CUST01148,Retirement Drift
2025,CUST01149,Channel Drift
2025,CUST01149,Retirement Drift
2025,CUST01151,Promotion
2025,CUST01152,Retirement Drift
2025,CUST01155,Retirement
2025,CUST01155,Retirement Drift
2025,CUST01157,Retirement Drift
2025,CUST01158,Retirement
2025,CUST01158,Spending Drift
2025,CUST01158,Channel Drift
2025,CUST01158,Retirement Drift
2025,CUST01160,Channel Drift
2025,CUST01163,Retirement
2025,CUST01163,Retirement Drift
2025,CUST01164,Spending Drift
2025,CUST01173,Policy Lapse
2025,CUST01174,Spending Drift
2025,CUST01174,Channel Drift
2025,CUST01175,Job Loss
2025,CUST01175,Retirement Drift
2025,CUST01176,Promotion
2025,CUST01178,Spending Drift
2025,CUST01181,Retirement
2025,CUST01181,Retirement Drift
2025,CUST01186,Channel Drift
2025,CUST01188,Spending Drift
2025,CUST01189,Retirement Drift
2025,CUST01192,Retirement
2025,CUST01192,Retirement Drift
2025,CUST01193,Promotion
2025,CUST01195,Retirement Drift
2025,CUST01198,Retirement
2025,CUST01198,Retirement Drift
2025,CUST01199,Spending Drift
2025,CUST01201,Divorce
2025,CUST01202,Promotion
2025,CUST01206,Retirement
2025,CUST01206,Retirement Drift
2025,CUST01207,Promotion
2025,CUST01207,Spending Drift
2025,CUST01210,Retirement Drift
2025,CUST01212,Spending Drift
2025,CUST01217,Retirement
2025,CUST01217,Spending Drift
2025,CUST01217,Retirement Drift
2025,CUST01218,Childbirth
2025,CUST01221,Spending Drift
2025,CUST01222,Retirement Drift
2025,CUST01225,Divorce
2025,CUST01230,Policy Lapse
2025,CUST01230,Policy Reactivation
2025,CUST01237,Retirement Drift
2025,CUST01241,Spending Drift
2025,CUST01241,Channel Drift
2025,CUST01244,Retirement Drift
2025,CUST01249,Promotion
2025,CUST01252,Retirement
2025,CUST01252,Retirement Drift
2025,CUST01253,Retirement
2025,CUST01253,Retirement Drift
2025,CUST01254,Channel Drift
2025,CUST01255,Retirement Drift
2025,CUST01256,Promotion
2025,CUST01257,Health Shock
2025,CUST01262,Job Loss
2025,CUST01264,Promotion
2025,CUST01265,Spending Drift
2025,CUST01267,Spending Drift
2025,CUST01270,Promotion
2025,CUST01271,Policy Lapse
2025,CUST01271,Spending Drift
2025,CUST01274,Promotion
2025,CUST01275,Retirement
2025,CUST01275,Policy Lapse
2025,CUST01275,Policy Reactivation
2025,CUST01275,Retirement Drift
2025,CUST01277,Channel Drift
2025,CUST01287,Spending Drift
2025,CUST01287,Channel Drift
2025,CUST01288,Retirement Drift
2025,CUST01289,Promotion
2025,CUST01292,Policy Lapse
2025,CUST01295,Spending Drift
2025,CUST01296,Channel Drift
2025,CUST01300,Channel Drift
2025,CUST01302,Retirement
2025,CUST01302,Retirement Drift
2025,CUST01305,Spending Drift
2025,CUST01305,Channel Drift
2025,CUST01306,Spending Drift
2025,CUST01315,Spending Drift
2025,CUST01321,Retirement Drift
2025,CUST01322,Promotion
2025,CUST01322,Spending Drift
2025,CUST01325,Channel Drift
2025,CUST01331,Retirement Drift
2025,CUST01333,Promotion
2025,CUST01335,Channel Drift
2025,CUST01337,Childbirth
2025,CUST01339,Retirement Drift
2025,CUST01340,Promotion
2025,CUST01343,Promotion
2025,CUST01345,Promotion
2025,CUST01349,Channel Drift
2025,CUST01350,Health Shock
2025,CUST01350,Retirement Drift
2025,CUST01352,Spending Drift
2025,CUST01356,Health Shock
2025,CUST01356,Retirement Drift
2025,CUST01361,Spending Drift
2025,CUST01366,Divorce
2025,CUST01367,Spending Drift
2025,CUST01371,Spending Drift
2025,CUST01372,Channel Drift
2025,CUST01373,Channel Drift
2025,CUST01375,Retirement Drift
2025,CUST01382,Channel Drift
2025,CUST01386,Promotion
2025,CUST01387,Channel Drift
2025,CUST01388,Retirement Drift
2025,CUST01389,Retirement Drift
2025,CUST01390,Job Loss
2025,CUST01391,Spending Drift
2025,CUST01392,Retirement Drift
2025,CUST01394,Promotion
2025,CUST01397,Promotion
2025,CUST01398,Spending Drift
2025,CUST01401,Promotion
2025,CUST01402,Channel Drift
2025,CUST01405,Retirement
2025,CUST01405,Retirement Drift
2025,CUST01406,Childbirth
2025,CUST01406,Spending Drift
2025,CUST01413,Divorce
2025,CUST01414,Job Loss
2025,CUST01414,Retirement Drift
2025,CUST01417,Promotion
2025,CUST01418,Retirement Drift
2025,CUST01419,Retirement Drift
2025,CUST01420,Divorce
2025,CUST01422,Retirement Drift
2025,CUST01424,Health Shock
2025,CUST01426,Spending Drift
2025,CUST01427,Promotion
2025,CUST01427,Spending Drift
2025,CUST01434,Spending Drift
2025,CUST01437,Policy Lapse
2025,CUST01437,Policy Reactivation
2025,CUST01438,Spending Drift
2025,CUST01440,Spending Drift
2025,CUST01442,Spending Drift
2025,CUST01445,Retirement Drift
2025,CUST01448,Channel Drift
2025,CUST01451,Health Shock
2025,CUST01453,Channel Drift
2025,CUST01455,Divorce
2025,CUST01455,Retirement Drift
2025,CUST01461,Promotion
2025,CUST01462,Promotion
2025,CUST01463,Channel Drift
2025,CUST01465,Promotion
2025,CUST01468,Policy Lapse
2025,CUST01469,Promotion
2025,CUST01470,Health Shock
2025,CUST01470,Retirement Drift
2025,CUST01472,Spending Drift
2025,CUST01473,Job Loss
2025,CUST01474,Retirement
2025,CUST01474,Retirement Drift
2025,CUST01475,Retirement
2025,CUST01475,Retirement Drift
2025,CUST01477,Promotion
2025,CUST01479,Promotion
2025,CUST01479,Channel Drift
2025,CUST01486,Retirement
2025,CUST01486,Retirement Drift
2025,CUST01488,Policy Lapse
2025,CUST01488,Spending Drift
2025,CUST01491,Retirement Drift
2025,CUST01492,Promotion
2025,CUST01493,Channel Drift
2025,CUST01497,Promotion
2025,CUST01497,Divorce
2025,CUST01501,Policy Lapse
2025,CUST01501,Policy Reactivation
2025,CUST01502,Retirement Drift
2025,CUST01505,Spending Drift
2025,CUST01509,Spending Drift
2025,CUST01510,Spending Drift
2025,CUST01513,Policy Lapse
2025,CUST01513,Policy Reactivation
2025,CUST01514,Promotion
2025,CUST01517,Channel Drift
2025,CUST01521,Policy Lapse
2025,CUST01521,Policy Reactivation
2025,CUST01522,Retirement Drift
2025,CUST01524,Spending Drift
2025,CUST01524,Channel Drift
2025,CUST01527,Channel Drift
2025,CUST01532,Job Loss
2025,CUST01538,Marriage
2025,CUST01540,Spending Drift
2025,CUST01541,Retirement Drift
2025,CUST01542,Spending Drift
2025,CUST01542,Channel Drift
2025,CUST01544,Channel Drift
2025,CUST01546,Spending Drift
2025,CUST01547,Divorce
2025,CUST01548,Promotion
2025,CUST01552,Channel Drift
2025,CUST01554,Channel Drift
2025,CUST01557,Spending Drift
2025,CUST01559,Promotion
2025,CUST01559,Spending Drift
2025,CUST01562,Retirement Drift
2025,CUST01563,Channel Drift
2025,CUST01564,Spending Drift
2025,CUST01565,Retirement
2025,CUST01565,Spending Drift
2025,CUST01565,Retirement Drift
2025,CUST01567,Promotion
2025,CUST01571,Spending Drift
2025,CUST01575,Marriage
2025,CUST01576,Retirement Drift
2025,CUST01577,Retirement
2025,CUST01577,Retirement Drift
2025,CUST01578,Retirement Drift
2025,CUST01584,Promotion
2025,CUST01588,Policy Lapse
2025,CUST01588,Retirement Drift
2025,CUST01589,Spending Drift
2025,CUST01590,Childbirth
2025,CUST01590,Spending Drift
2025,CUST01592,Spending Drift
2025,CUST01593,Promotion
2025,CUST01595,Retirement Drift
2025,CUST01596,Channel Drift
2025,CUST01598,Spending Drift
2025,CUST01598,Channel Drift
2025,CUST01600,Spending Drift
2025,CUST01602,Childbirth
2025,CUST01602,Spending Drift
2025,CUST01603,Promotion
2025,CUST01610,Channel Drift
2025,CUST01612,Job Loss
2025,CUST01614,Health Shock
2025,CUST01615,Channel Drift
2025,CUST01619,Channel Drift
2025,CUST01625,Channel Drift
2025,CUST01627,Spending Drift
2025,CUST01638,Policy Lapse
2025,CUST01638,Policy Reactivation
2025,CUST01638,Retirement Drift
2025,CUST01639,Retirement Drift
2025,CUST01640,Retirement
2025,CUST01640,Retirement Drift
2025,CUST01643,Promotion
2025,CUST01648,Promotion
2025,CUST01648,Channel Drift
2025,CUST01652,Job Loss
2025,CUST01653,Retirement Drift
2025,CUST01654,Promotion
2025,CUST01654,Marriage
2025,CUST01655,Channel Drift
2025,CUST01656,Spending Drift
2025,CUST01657,Retirement Drift
2025,CUST01660,Marriage
2025,CUST01661,Channel Drift
2025,CUST01664,Spending Drift
2025,CUST01669,Spending Drift
2025,CUST01672,Retirement Drift
2025,CUST01674,Retirement Drift
2025,CUST01675,Spending Drift
2025,CUST01680,Divorce
2025,CUST01682,Retirement
2025,CUST01682,Retirement Drift
2025,CUST01685,Retirement Drift
2025,CUST01686,Channel Drift
2025,CUST01687,Retirement Drift
2025,CUST01688,Promotion
2025,CUST01688,Spending Drift
2025,CUST01688,Channel Drift
2025,CUST01691,Retirement Drift
2025,CUST01694,Retirement Drift
2025,CUST01696,Retirement Drift
2025,CUST01697,Channel Drift
2025,CUST01699,Policy Lapse
2025,CUST01699,Policy Reactivation
2025,CUST01703,Retirement
2025,CUST01703,Policy Lapse
2025,CUST01703,Policy Reactivation
2025,CUST01703,Retirement Drift
2025,CUST01705,Retirement Drift
2025,CUST01707,Retirement Drift
2025,CUST01708,Channel Drift
2025,CUST01712,Retirement Drift
2025,CUST01714,Spending Drift
2025,CUST01714,Channel Drift
2025,CUST01714,Retirement Drift
2025,CUST01726,Retirement Drift
2025,CUST01727,Spending Drift
2025,CUST01728,Spending Drift
2025,CUST01728,Retirement Drift
2025,CUST01729,Retirement Drift
2025,CUST01730,Policy Lapse
2025,CUST01730,Policy Reactivation
2025,CUST01731,Channel Drift
2025,CUST01733,Health Shock
2025,CUST01733,Retirement Drift
2025,CUST01734,Policy Lapse
2025,CUST01737,Health Shock
2025,CUST01738,Retirement Drift
2025,CUST01741,Spending Drift
2025,CUST01745,Spending Drift
2025,CUST01745,Retirement Drift
2025,CUST01749,Retirement Drift
2025,CUST01750,Spending Drift
2025,CUST01754,Retirement Drift
2025,CUST01760,Job Loss
2025,CUST01760,Spending Drift
2025,CUST01760,Retirement Drift
2025,CUST01761,Promotion
2025,CUST01761,Spending Drift
2025,CUST01762,Policy Lapse
2025,CUST01763,Retirement
2025,CUST01763,Spending Drift
2025,CUST01763,Retirement Drift
2025,CUST01764,Retirement Drift
2025,CUST01766,Spending Drift
2025,CUST01769,Spending Drift
2025,CUST01772,Childbirth
2025,CUST01772,Channel Drift
2025,CUST01778,Spending Drift
2025,CUST01782,Retirement Drift
2025,CUST01783,Retirement Drift
2025,CUST01784,Promotion
2025,CUST01785,Retirement
2025,CUST01785,Channel Drift
2025,CUST01785,Retirement Drift
2025,CUST01788,Promotion
2025,CUST01789,Channel Drift
2025,CUST01791,Retirement
2025,CUST01791,Retirement Drift
2025,CUST01798,Job Loss
2025,CUST01799,Retirement
2025,CUST01799,Channel Drift
2025,CUST01799,Retirement Drift
2025,CUST01806,Spending Drift
2025,CUST01808,Channel Drift
2025,CUST01810,Spending Drift
2025,CUST01811,Retirement
2025,CUST01811,Retirement Drift
2025,CUST01812,Spending Drift
2025,CUST01813,Retirement
2025,CUST01813,Retirement Drift
2025,CUST01814,Spending Drift
2025,CUST01818,Promotion
2025,CUST01821,Spending Drift
2025,CUST01822,Spending Drift
2025,CUST01823,Promotion
2025,CUST01825,Spending Drift
2025,CUST01827,Promotion
2025,CUST01828,Health Shock
2025,CUST01832,Health Shock
2025,CUST01832,Channel Drift
2025,CUST01833,Health Shock
2025,CUST01833,Retirement Drift
2025,CUST01835,Retirement Drift
2025,CUST01836,Channel Drift
2025,CUST01837,Spending Drift
2025,CUST01838,Retirement Drift
2025,CUST01839,Promotion
2025,CUST01840,Promotion
2025,CUST01840,Spending Drift
2025,CUST01851,Channel Drift
2025,CUST01853,Retirement Drift
2025,CUST01854,Promotion
2025,CUST01856,Promotion
2025,CUST01857,Retirement Drift
2025,CUST01859,Retirement
2025,CUST01859,Policy Lapse
2025,CUST01859,Health Shock
2025,CUST01859,Channel Drift
2025,CUST01859,Retirement Drift
2025,CUST01861,Divorce
2025,CUST01862,Spending Drift
2025,CUST01869,Health Shock
2025,CUST01870,Promotion
2025,CUST01870,Spending Drift
2025,CUST01879,Spending Drift
2025,CUST01881,Spending Drift
2025,CUST01885,Promotion
2025,CUST01892,Retirement Drift
2025,CUST01893,Promotion
2025,CUST01894,Policy Lapse
2025,CUST01894,Retirement Drift
2025,CUST01895,Retirement Drift
2025,CUST01897,Channel Drift
2025,CUST01900,Spending Drift
2025,CUST01907,Retirement Drift
2025,CUST01910,Retirement Drift
2025,CUST01913,Retirement
2025,CUST01913,Retirement Drift
2025,CUST01917,Retirement Drift
2025,CUST01918,Spending Drift
2025,CUST01920,Promotion
2025,CUST01920,Channel Drift
2025,CUST01923,Retirement Drift
2025,CUST01925,Marriage
2025,CUST01927,Channel Drift
2025,CUST01929,Spending Drift
2025,CUST01929,Retirement Drift
2025,CUST01930,Channel Drift
2025,CUST01930,Retirement Drift
2025,CUST01931,Spending Drift
2025,CUST01931,Retirement Drift
2025,CUST01933,Spending Drift
2025,CUST01935,Retirement Drift
2025,CUST01936,Retirement
2025,CUST01936,Retirement Drift
2025,CUST01938,Spending Drift
2025,CUST01941,Marriage
2025,CUST01941,Channel Drift
2025,CUST01947,Channel Drift
2025,CUST01949,Retirement Drift
2025,CUST01950,Retirement
2025,CUST01950,Policy Lapse
2025,CUST01950,Spending Drift
2025,CUST01950,Retirement Drift
2025,CUST01952,Channel Drift
2025,CUST01955,Policy Lapse
2025,CUST01956,Retirement Drift
2025,CUST01958,Promotion
2025,CUST01961,Retirement Drift
2025,CUST01962,Retirement Drift
2025,CUST01963,Channel Drift
2025,CUST01964,Spending Drift
2025,CUST01966,Policy Lapse
2025,CUST01966,Policy Reactivation
2025,CUST01966,Channel Drift
2025,CUST01966,Retirement Drift
2025,CUST01968,Retirement
2025,CUST01968,Retirement Drift
2025,CUST01976,Retirement Drift
2025,CUST01979,Retirement
2025,CUST01979,Retirement Drift
2025,CUST01981,Divorce
2025,CUST01982,Spending Drift
2025,CUST01983,Channel Drift
2025,CUST01983,Retirement Drift
2025,CUST01984,Divorce
2025,CUST01990,Retirement
2025,CUST01990,Policy Lapse
2025,CUST01990,Retirement Drift
2025,CUST01993,Retirement Drift
2025,CUST01996,Spending Drift
2025,CUST02000,Retirement
2025,CUST02000,Retirement Drift
2025,CUST02003,Policy Lapse
2025,CUST02003,Policy Reactivation
2025,CUST02005,Retirement
2025,CUST02005,Retirement Drift
2025,CUST02006,Spending Drift
2025,CUST02006,Retirement Drift
2025,CUST02007,Promotion
2025,CUST02008,Promotion
2025,CUST02010,Channel Drift
2025,CUST02011,Policy Lapse
2025,CUST02011,Spending Drift
2025,CUST02014,Spending Drift
2025,CUST02015,Retirement
2025,CUST02015,Retirement Drift
2025,CUST02016,Spending Drift
2025,CUST02017,Retirement Drift
2025,CUST02018,Spending Drift
2025,CUST02019,Promotion
2025,CUST02020,Retirement
2025,CUST02020,Retirement Drift
2025,CUST02022,Retirement Drift
2025,CUST02023,Promotion
2025,CUST02029,Channel Drift
2025,CUST02033,Retirement
2025,CUST02033,Retirement Drift
2025,CUST02037,Promotion
2025,CUST02044,Retirement Drift
2025,CUST02045,Promotion
2025,CUST02045,Spending Drift
2025,CUST02047,Promotion
2025,CUST02049,Channel Drift
2025,CUST02050,Promotion
2025,CUST02051,Retirement Drift
2025,CUST02052,Retirement Drift
2025,CUST02054,Spending Drift
2025,CUST02056,Promotion
2025,CUST02059,Spending Drift
2025,CUST02060,Spending Drift
2025,CUST02064,Retirement
2025,CUST02064,Retirement Drift
2025,CUST02065,Policy Lapse
2025,CUST02067,Promotion
2025,CUST02067,Spending Drift
2025,CUST02071,Channel Drift
2025,CUST02076,Promotion
2025,CUST02076,Channel Drift
2025,CUST02077,Spending Drift
2025,CUST02080,Retirement Drift
2025,CUST02082,Job Loss
2025,CUST02082,Policy Lapse
2025,CUST02082,Spending Drift
2025,CUST02084,Promotion
2025,CUST02084,Spending Drift
2025,CUST02085,Channel Drift
2025,CUST02090,Channel Drift
2025,CUST02093,Channel Drift
2025,CUST02096,Channel Drift
2025,CUST02097,Promotion
2025,CUST02098,Promotion
2025,CUST02100,Promotion
2025,CUST02105,Childbirth
2025,CUST02106,Retirement Drift
2025,CUST02108,Spending Drift
2025,CUST02110,Retirement
2025,CUST02110,Policy Lapse
2025,CUST02110,Retirement Drift
2025,CUST02112,Spending Drift
2025,CUST02113,Divorce
2025,CUST02114,Retirement Drift
2025,CUST02118,Channel Drift
2025,CUST02118,Retirement Drift
2025,CUST02122,Spending Drift
2025,CUST02126,Spending Drift
2025,CUST02132,Promotion
2025,CUST02133,Retirement Drift
2025,CUST02135,Policy Lapse
2025,CUST02136,Channel Drift
2025,CUST02139,Policy Lapse
2025,CUST02144,Health Shock
2025,CUST02144,Retirement Drift
2025,CUST02145,Retirement
2025,CUST02145,Channel Drift
2025,CUST02145,Retirement Drift
2025,CUST02146,Retirement Drift
2025,CUST02148,Channel Drift
2025,CUST02153,Retirement
2025,CUST02153,Spending Drift
2025,CUST02153,Retirement Drift
2025,CUST02154,Retirement Drift
2025,CUST02155,Job Loss
2025,CUST02155,Health Shock
2025,CUST02155,Channel Drift
2025,CUST02159,Health Shock
2025,CUST02163,Promotion
2025,CUST02167,Spending Drift
2025,CUST02171,Promotion
2025,CUST02173,Retirement Drift
2025,CUST02175,Spending Drift
2025,CUST02176,Retirement Drift
2025,CUST02182,Retirement Drift
2025,CUST02183,Retirement Drift
2025,CUST02192,Spending Drift
2025,CUST02196,Policy Lapse
2025,CUST02196,Policy Reactivation
2025,CUST02199,Spending Drift
2025,CUST02201,Spending Drift
2025,CUST02204,Retirement Drift
2025,CUST02208,Spending Drift
2025,CUST02211,Retirement Drift
2025,CUST02212,Policy Lapse
2025,CUST02212,Policy Reactivation
2025,CUST02212,Retirement Drift
2025,CUST02213,Promotion
2025,CUST02213,Channel Drift
2025,CUST02219,Promotion
2025,CUST02220,Promotion
2025,CUST02221,Promotion
2025,CUST02226,Retirement
2025,CUST02226,Policy Lapse
2025,CUST02226,Policy Reactivation
2025,CUST02226,Channel Drift
2025,CUST02226,Retirement Drift
2025,CUST02227,Channel Drift
2025,CUST02228,Channel Drift
2025,CUST02229,Channel Drift
2025,CUST02232,Job Loss
2025,CUST02234,Retirement Drift
2025,CUST02235,Spending Drift
2025,CUST02237,Retirement Drift
2025,CUST02241,Retirement
2025,CUST02241,Retirement Drift
2025,CUST02248,Retirement
2025,CUST02248,Policy Lapse
2025,CUST02248,Retirement Drift
2025,CUST02249,Promotion
2025,CUST02249,Spending Drift
2025,CUST02252,Retirement Drift
2025,CUST02253,Channel Drift
2025,CUST02255,Promotion
2025,CUST02256,Retirement
2025,CUST02256,Retirement Drift
2025,CUST02260,Spending Drift
2025,CUST02265,Spending Drift
2025,CUST02268,Channel Drift
2025,CUST02269,Retirement Drift
2025,CUST02274,Spending Drift
2025,CUST02276,Spending Drift
2025,CUST02277,Spending Drift
2025,CUST02278,Spending Drift
2025,CUST02278,Retirement Drift
2025,CUST02286,Health Shock
2025,CUST02289,Channel Drift
2025,CUST02291,Channel Drift
2025,CUST02291,Retirement Drift
2025,CUST02300,Channel Drift
2025,CUST02302,Divorce
2025,CUST02305,Retirement
2025,CUST02305,Retirement Drift
2025,CUST02306,Policy Lapse
2025,CUST02310,Promotion
2025,CUST02312,Promotion
2025,CUST02312,Channel Drift
2025,CUST02321,Promotion
2025,CUST02321,Divorce
2025,CUST02326,Retirement Drift
2025,CUST02328,Spending Drift
2025,CUST02330,Spending Drift
2025,CUST02335,Policy Lapse
2025,CUST02338,Promotion
2025,CUST02338,Childbirth
2025,CUST02339,Retirement
2025,CUST02339,Policy Lapse
2025,CUST02339,Policy Reactivation
2025,CUST02339,Retirement Drift
2025,CUST02344,Retirement Drift
2025,CUST02345,Spending Drift
2025,CUST02347,Retirement
2025,CUST02347,Retirement Drift
2025,CUST02350,Promotion
2025,CUST02351,Promotion
2025,CUST02353,Channel Drift
2025,CUST02355,Policy Lapse
2025,CUST02355,Retirement Drift
2025,CUST02357,Promotion
2025,CUST02360,Retirement Drift
2025,CUST02365,Promotion
2025,CUST02365,Channel Drift
2025,CUST02371,Health Shock
2025,CUST02372,Promotion
2025,CUST02373,Promotion
2025,CUST02373,Spending Drift
2025,CUST02376,Channel Drift
2025,CUST02378,Promotion
2025,CUST02380,Retirement Drift
2025,CUST02382,Retirement Drift
2025,CUST02383,Promotion
2025,CUST02386,Retirement Drift
2025,CUST02396,Retirement Drift
2025,CUST02399,Spending Drift
2025,CUST02406,Channel Drift
2025,CUST02411,Retirement
2025,CUST02411,Retirement Drift
2025,CUST02413,Retirement Drift
2025,CUST02420,Spending Drift
2025,CUST02424,Retirement Drift
2025,CUST02425,Retirement Drift
2025,CUST02427,Retirement
2025,CUST02427,Channel Drift
2025,CUST02427,Retirement Drift
2025,CUST02428,Spending Drift
2025,CUST02431,Promotion
2025,CUST02432,Retirement Drift
2025,CUST02435,Spending Drift
2025,CUST02439,Retirement
2025,CUST02439,Retirement Drift
2025,CUST02443,Retirement
2025,CUST02443,Retirement Drift
2025,CUST02445,Retirement Drift
2025,CUST02446,Retirement
2025,CUST02446,Spending Drift
2025,CUST02446,Retirement Drift
2025,CUST02448,Retirement Drift
2025,CUST02450,Channel Drift
2025,CUST02451,Spending Drift
2025,CUST02452,Health Shock
2025,CUST02452,Spending Drift
2025,CUST02455,Retirement Drift
2025,CUST02461,Job Loss
2025,CUST02465,Spending Drift
2025,CUST02466,Promotion
2025,CUST02467,Promotion
2025,CUST02472,Retirement Drift
2025,CUST02474,Channel Drift
2025,CUST02475,Promotion
2025,CUST02475,Channel Drift
2025,CUST02479,Channel Drift
2025,CUST02481,Spending Drift
2025,CUST02482,Retirement Drift
2025,CUST02484,Policy Lapse
2025,CUST02488,Spending Drift
2025,CUST02489,Spending Drift
2025,CUST02493,Spending Drift
2025,CUST02494,Retirement Drift
2025,CUST02495,Channel Drift
2025,CUST02496,Channel Drift
2025,CUST02499,Channel Drift
2025,CUST02503,Retirement Drift
2025,CUST02504,Retirement
2025,CUST02504,Retirement Drift
2025,CUST02506,Channel Drift
2025,CUST02510,Retirement Drift
2025,CUST02514,Promotion
2025,CUST02521,Promotion
2025,CUST02523,Channel Drift
2025,CUST02523,Retirement Drift
2025,CUST02524,Spending Drift
2025,CUST02526,Retirement
2025,CUST02526,Retirement Drift
2025,CUST02527,Channel Drift
2025,CUST02531,Channel Drift
2025,CUST02532,Channel Drift
2025,CUST02533,Spending Drift
2025,CUST02536,Divorce
2025,CUST02546,Channel Drift
2025,CUST02547,Retirement Drift
2025,CUST02548,Marriage
2025,CUST02550,Retirement
2025,CUST02550,Policy Lapse
2025,CUST02550,Retirement Drift
2025,CUST02552,Retirement
2025,CUST02552,Spending Drift
2025,CUST02552,Retirement Drift
2025,CUST02556,Spending Drift
2025,CUST02556,Retirement Drift
2025,CUST02557,Retirement Drift
2025,CUST02558,Health Shock
2025,CUST02559,Retirement Drift
2025,CUST02562,Health Shock
2025,CUST02563,Retirement Drift
2025,CUST02569,Spending Drift
2025,CUST02570,Health Shock
2025,CUST02570,Retirement Drift
2025,CUST02571,Promotion
2025,CUST02572,Promotion
2025,CUST02572,Channel Drift
2025,CUST02573,Spending Drift
2025,CUST02574,Retirement
2025,CUST02574,Retirement Drift
2025,CUST02575,Retirement
2025,CUST02575,Retirement Drift
2025,CUST02577,Job Loss
2025,CUST02578,Policy Lapse
2025,CUST02578,Policy Reactivation
2025,CUST02578,Spending Drift
2025,CUST02580,Policy Lapse
2025,CUST02580,Policy Reactivation
2025,CUST02581,Retirement
2025,CUST02581,Retirement Drift
2025,CUST02582,Retirement Drift
2025,CUST02583,Promotion
2025,CUST02584,Channel Drift
2025,CUST02587,Retirement
2025,CUST02587,Spending Drift
2025,CUST02587,Retirement Drift
2025,CUST02588,Retirement Drift
2025,CUST02589,Promotion
2025,CUST02593,Retirement Drift
2025,CUST02595,Channel Drift
2025,CUST02597,Retirement Drift
2025,CUST02599,Policy Lapse
2025,CUST02599,Policy Reactivation
2025,CUST02599,Health Shock
2025,CUST02600,Policy Lapse
2025,CUST02600,Policy Reactivation
2025,CUST02600,Retirement Drift
2025,CUST02603,Retirement
2025,CUST02603,Retirement Drift
2025,CUST02605,Policy Lapse
2025,CUST02608,Health Shock
2025,CUST02609,Policy Lapse
2025,CUST02609,Policy Reactivation
2025,CUST02610,Retirement Drift
2025,CUST02615,Retirement Drift
2025,CUST02616,Spending Drift
2025,CUST02616,Retirement Drift
2025,CUST02619,Policy Lapse
2025,CUST02619,Policy Reactivation
2025,CUST02619,Channel Drift
2025,CUST02621,Channel Drift
2025,CUST02622,Health Shock
2025,CUST02622,Spending Drift
2025,CUST02622,Retirement Drift
2025,CUST02623,Spending Drift
2025,CUST02625,Spending Drift
2025,CUST02627,Policy Lapse
2025,CUST02629,Retirement
2025,CUST02629,Retirement Drift
2025,CUST02630,Retirement Drift
2025,CUST02635,Policy Lapse
2025,CUST02637,Promotion
2025,CUST02637,Childbirth
2025,CUST02645,Spending Drift
2025,CUST02646,Channel Drift
2025,CUST02651,Retirement
2025,CUST02651,Retirement Drift
2025,CUST02656,Spending Drift
2025,CUST02657,Spending Drift
2025,CUST02658,Job Loss
2025,CUST02660,Retirement Drift
2025,CUST02664,Spending Drift
2025,CUST02668,Retirement Drift
2025,CUST02670,Retirement Drift
2025,CUST02673,Retirement
2025,CUST02673,Retirement Drift
2025,CUST02675,Channel Drift
2025,CUST02680,Policy Lapse
2025,CUST02680,Channel Drift
2025,CUST02681,Divorce
2025,CUST02681,Retirement Drift
2025,CUST02683,Health Shock
2025,CUST02683,Spending Drift
2025,CUST02685,Promotion
2025,CUST02688,Policy Lapse
2025,CUST02688,Policy Reactivation
2025,CUST02688,Retirement Drift
2025,CUST02690,Channel Drift
2025,CUST02695,Retirement Drift
2025,CUST02699,Promotion
2025,CUST02703,Divorce
2025,CUST02705,Promotion
2025,CUST02706,Channel Drift
2025,CUST02711,Retirement Drift
2025,CUST02712,Promotion
2025,CUST02713,Retirement Drift
2025,CUST02714,Promotion
2025,CUST02720,Channel Drift
2025,CUST02721,Spending Drift
2025,CUST02722,Spending Drift
2025,CUST02723,Retirement Drift
2025,CUST02724,Promotion
2025,CUST02724,Spending Drift
2025,CUST02725,Retirement Drift
2025,CUST02728,Policy Lapse
2025,CUST02729,Spending Drift
2025,CUST02730,Promotion
2025,CUST02730,Spending Drift
2025,CUST02732,Retirement
2025,CUST02732,Retirement Drift
2025,CUST02735,Promotion
2025,CUST02736,Spending Drift
2025,CUST02737,Spending Drift
2025,CUST02741,Spending Drift
2025,CUST02743,Promotion
2025,CUST02743,Spending Drift
2025,CUST02746,Promotion
2025,CUST02746,Channel Drift
2025,CUST02749,Channel Drift
2025,CUST02752,Policy Lapse
2025,CUST02752,Policy Reactivation
2025,CUST02754,Spending Drift
2025,CUST02755,Promotion
2025,CUST02757,Health Shock
2025,CUST02757,Channel Drift
2025,CUST02761,Retirement Drift
2025,CUST02763,Childbirth
2025,CUST02763,Channel Drift
2025,CUST02766,Channel Drift
2025,CUST02770,Promotion
2025,CUST02773,Promotion
2025,CUST02774,Channel Drift
2025,CUST02776,Retirement
2025,CUST02776,Retirement Drift
2025,CUST02783,Spending Drift
2025,CUST02783,Retirement Drift
2025,CUST02796,Job Loss
2025,CUST02796,Retirement Drift
2025,CUST02797,Spending Drift
2025,CUST02799,Job Loss
2025,CUST02799,Retirement Drift
2025,CUST02802,Promotion
2025,CUST02803,Spending Drift
2025,CUST02803,Retirement Drift
2025,CUST02804,Retirement Drift
2025,CUST02806,Spending Drift
2025,CUST02807,Health Shock
2025,CUST02807,Spending Drift
2025,CUST02808,Spending Drift
2025,CUST02809,Policy Lapse
2025,CUST02811,Retirement Drift
2025,CUST02817,Marriage
2025,CUST02820,Spending Drift
2025,CUST02822,Policy Lapse
2025,CUST02822,Spending Drift
2025,CUST02824,Promotion
2025,CUST02825,Spending Drift
2025,CUST02827,Retirement Drift
2025,CUST02833,Spending Drift
2025,CUST02838,Policy Lapse
2025,CUST02841,Spending Drift
2025,CUST02843,Channel Drift
2025,CUST02848,Spending Drift
2025,CUST02850,Retirement Drift
2025,CUST02851,Retirement
2025,CUST02851,Policy Lapse
2025,CUST02851,Policy Reactivation
2025,CUST02851,Retirement Drift
2025,CUST02852,Channel Drift
2025,CUST02853,Retirement Drift
2025,CUST02857,Promotion
2025,CUST02858,Promotion
2025,CUST02865,Retirement
2025,CUST02865,Retirement Drift
2025,CUST02866,Retirement
2025,CUST02866,Retirement Drift
2025,CUST02869,Retirement
2025,CUST02869,Policy Lapse
2025,CUST02869,Policy Reactivation
2025,CUST02869,Retirement Drift
2025,CUST02870,Spending Drift
2025,CUST02870,Retirement Drift
2025,CUST02871,Promotion
2025,CUST02872,Retirement Drift
2025,CUST02878,Promotion
2025,CUST02880,Spending Drift
2025,CUST02881,Promotion
2025,CUST02885,Promotion
2025,CUST02887,Spending Drift
2025,CUST02888,Retirement Drift
2025,CUST02889,Retirement
2025,CUST02889,Retirement Drift
2025,CUST02891,Channel Drift
2025,CUST02892,Spending Drift
2025,CUST02893,Retirement Drift
2025,CUST02899,Policy Lapse
2025,CUST02901,Channel Drift
2025,CUST02910,Policy Lapse
2025,CUST02910,Policy Reactivation
2025,CUST02910,Spending Drift
2025,CUST02911,Channel Drift
2025,CUST02911,Retirement Drift
2025,CUST02912,Promotion
2025,CUST02912,Spending Drift
2025,CUST02913,Retirement
2025,CUST02913,Retirement Drift
2025,CUST02914,Retirement
2025,CUST02914,Retirement Drift
2025,CUST02918,Retirement Drift
2025,CUST02920,Retirement
2025,CUST02920,Retirement Drift
2025,CUST02926,Channel Drift
2025,CUST02926,Retirement Drift
2025,CUST02927,Promotion
2025,CUST02929,Spending Drift
2025,CUST02929,Channel Drift
2025,CUST02936,Spending Drift
2025,CUST02938,Spending Drift
2025,CUST02938,Retirement Drift
2025,CUST02939,Spending Drift
2025,CUST02942,Channel Drift
2025,CUST02944,Retirement
2025,CUST02944,Retirement Drift
2025,CUST02947,Childbirth
2025,CUST02952,Retirement Drift
2025,CUST02954,Channel Drift
2025,CUST02954,Retirement Drift
2025,CUST02955,Spending Drift
2025,CUST02956,Spending Drift
2025,CUST02961,Channel Drift
2025,CUST02961,Retirement Drift
2025,CUST02962,Retirement Drift
2025,CUST02963,Divorce
2025,CUST02965,Promotion
2025,CUST02967,Divorce
2025,CUST02973,Retirement
2025,CUST02973,Channel Drift
2025,CUST02973,Retirement Drift
2025,CUST02974,Channel Drift
2025,CUST02975,Retirement Drift
2025,CUST02976,Retirement
2025,CUST02976,Channel Drift
2025,CUST02976,Retirement Drift
2025,CUST02978,Promotion
2025,CUST02979,Retirement Drift
2025,CUST02980,Retirement
2025,CUST02980,Policy Lapse
2025,CUST02980,Policy Reactivation
2025,CUST02980,Retirement Drift
2025,CUST02981,Retirement Drift
2025,CUST02984,Retirement Drift
2025,CUST02985,Channel Drift
2025,CUST02986,Retirement
2025,CUST02986,Retirement Drift
2025,CUST02989,Retirement Drift
2025,CUST02990,Retirement Drift
2025,CUST02992,Channel Drift
2025,CUST02993,Marriage
2025,CUST02994,Retirement Drift
2025,CUST02997,Retirement Drift
2025,CUST02998,Retirement Drift
2025,CUST03003,Retirement Drift
2025,CUST03004,Promotion
2025,CUST03006,Spending Drift
2025,CUST03011,Retirement Drift
2025,CUST03013,Retirement Drift
2025,CUST03018,Retirement
2025,CUST03018,Retirement Drift
2025,CUST03021,Promotion
2025,CUST03031,Spending Drift
2025,CUST03032,Channel Drift
2025,CUST03033,Spending Drift
2025,CUST03042,Spending Drift
2025,CUST03043,Spending Drift
2025,CUST03048,Promotion
2025,CUST03048,Spending Drift
2025,CUST03049,Retirement Drift
2025,CUST03055,Promotion
2025,CUST03055,Spending Drift
2025,CUST03055,Channel Drift
2025,CUST03059,Spending Drift
2025,CUST03060,Policy Lapse
2025,CUST03061,Retirement
2025,CUST03061,Retirement Drift
2025,CUST03062,Retirement Drift
2025,CUST03067,Spending Drift
2025,CUST03071,Promotion
2025,CUST03073,Spending Drift
2025,CUST03074,Promotion
2025,CUST03076,Spending Drift
2025,CUST03081,Health Shock
2025,CUST03084,Promotion
2025,CUST03085,Retirement Drift
2025,CUST03092,Channel Drift
2025,CUST03097,Retirement Drift
2025,CUST03099,Policy Lapse
2025,CUST03099,Policy Reactivation
2025,CUST03099,Retirement Drift
2025,CUST03102,Spending Drift
2025,CUST03103,Retirement Drift
2025,CUST03104,Job Loss
2025,CUST03104,Retirement
2025,CUST03104,Retirement Drift
2025,CUST03107,Spending Drift
2025,CUST03107,Channel Drift
2025,CUST03117,Health Shock
2025,CUST03119,Spending Drift
2025,CUST03124,Retirement Drift
2025,CUST03126,Job Loss
2025,CUST03128,Retirement
2025,CUST03128,Retirement Drift
2025,CUST03129,Divorce
2025,CUST03129,Channel Drift
2025,CUST03129,Retirement Drift
2025,CUST03131,Spending Drift
2025,CUST03132,Job Loss
2025,CUST03132,Spending Drift
2025,CUST03135,Channel Drift
2025,CUST03140,Retirement Drift
2025,CUST03144,Policy Lapse
2025,CUST03147,Promotion
2025,CUST03149,Spending Drift
2025,CUST03149,Channel Drift
2025,CUST03150,Promotion
2025,CUST03151,Promotion
2025,CUST03152,Health Shock
2025,CUST03152,Retirement Drift
2025,CUST03154,Retirement Drift
2025,CUST03160,Retirement Drift
2025,CUST03161,Channel Drift
2025,CUST03162,Spending Drift
2025,CUST03163,Retirement Drift
2025,CUST03164,Policy Lapse
2025,CUST03164,Retirement Drift
2025,CUST03165,Promotion
2025,CUST03165,Spending Drift
2025,CUST03167,Retirement Drift
2025,CUST03168,Spending Drift
2025,CUST03168,Channel Drift
2025,CUST03173,Policy Lapse
2025,CUST03177,Health Shock
2025,CUST03178,Channel Drift
2025,CUST03182,Spending Drift
2025,CUST03187,Spending Drift
2025,CUST03188,Retirement
2025,CUST03188,Retirement Drift
2025,CUST03190,Promotion
2025,CUST03193,Channel Drift
2025,CUST03195,Channel Drift
2025,CUST03196,Spending Drift
2025,CUST03197,Health Shock
2025,CUST03198,Promotion
2025,CUST03200,Spending Drift
2025,CUST03201,Promotion
2025,CUST03204,Channel Drift
2025,CUST03208,Spending Drift
2025,CUST03213,Retirement Drift
2025,CUST03217,Retirement Drift
2025,CUST03219,Spending Drift
2025,CUST03219,Retirement Drift
2025,CUST03225,Channel Drift
2025,CUST03227,Retirement Drift
2025,CUST03228,Retirement Drift
2025,CUST03230,Spending Drift
2025,CUST03231,Retirement Drift
2025,CUST03233,Spending Drift
2025,CUST03235,Retirement
2025,CUST03235,Policy Lapse
2025,CUST03235,Retirement Drift
2025,CUST03238,Retirement Drift
2025,CUST03239,Retirement Drift
2025,CUST03243,Promotion
2025,CUST03245,Promotion
2025,CUST03249,Promotion
2025,CUST03250,Retirement Drift
2025,CUST03255,Promotion
2025,CUST03255,Marriage
2025,CUST03258,Promotion
2025,CUST03258,Channel Drift
2025,CUST03260,Channel Drift
2025,CUST03260,Retirement Drift
2025,CUST03262,Retirement Drift
2025,CUST03265,Retirement
2025,CUST03265,Retirement Drift
2025,CUST03266,Retirement
2025,CUST03266,Health Shock
2025,CUST03266,Retirement Drift
2025,CUST03271,Retirement Drift
2025,CUST03274,Spending Drift
2025,CUST03277,Retirement
2025,CUST03277,Retirement Drift
2025,CUST03278,Retirement Drift
2025,CUST03279,Spending Drift
2025,CUST03284,Spending Drift
2025,CUST03284,Retirement Drift
2025,CUST03285,Channel Drift
2025,CUST03286,Promotion
2025,CUST03287,Promotion
2025,CUST03291,Promotion
2025,CUST03302,Spending Drift
2025,CUST03305,Retirement Drift
2025,CUST03307,Spending Drift
2025,CUST03307,Channel Drift
2025,CUST03307,Retirement Drift
2025,CUST03308,Retirement Drift
2025,CUST03311,Policy Lapse
2025,CUST03311,Channel Drift
2025,CUST03316,Marriage
2025,CUST03317,Spending Drift
2025,CUST03319,Health Shock
2025,CUST03319,Retirement Drift
2025,CUST03323,Retirement Drift
2025,CUST03327,Spending Drift
2025,CUST03328,Retirement
2025,CUST03328,Policy Lapse
2025,CUST03328,Retirement Drift
2025,CUST03330,Promotion
2025,CUST03338,Policy Lapse
2025,CUST03339,Spending Drift
2025,CUST03343,Spending Drift
2025,CUST03344,Retirement Drift
2025,CUST03346,Promotion
2025,CUST03349,Channel Drift
2025,CUST03351,Retirement Drift
2025,CUST03354,Retirement
2025,CUST03354,Retirement Drift
2025,CUST03363,Policy Lapse
2025,CUST03363,Policy Reactivation
2025,CUST03363,Spending Drift
2025,CUST03364,Retirement Drift
2025,CUST03366,Spending Drift
2025,CUST03370,Channel Drift
2025,CUST03371,Divorce
2025,CUST03376,Spending Drift
2025,CUST03377,Retirement Drift
2025,CUST03378,Retirement Drift
2025,CUST03380,Spending Drift
2025,CUST03382,Retirement Drift
2025,CUST03389,Divorce
2025,CUST03390,Retirement Drift
2025,CUST03392,Spending Drift
2025,CUST03395,Health Shock
2025,CUST03395,Spending Drift
2025,CUST03396,Spending Drift
2025,CUST03399,Channel Drift
2025,CUST03400,Channel Drift
2025,CUST03403,Retirement
2025,CUST03403,Retirement Drift
2025,CUST03404,Job Loss
2025,CUST03408,Promotion
2025,CUST03409,Retirement Drift
2025,CUST03412,Retirement Drift
2025,CUST03420,Promotion
2025,CUST03420,Marriage
2025,CUST03421,Promotion
2025,CUST03424,Retirement Drift
2025,CUST03425,Spending Drift
2025,CUST03434,Channel Drift
2025,CUST03436,Retirement
2025,CUST03436,Channel Drift
2025,CUST03436,Retirement Drift
2025,CUST03439,Retirement
2025,CUST03439,Retirement Drift
2025,CUST03441,Promotion
2025,CUST03444,Job Loss
2025,CUST03444,Retirement
2025,CUST03444,Retirement Drift
2025,CUST03447,Retirement Drift
2025,CUST03448,Channel Drift
2025,CUST03450,Retirement Drift
2025,CUST03452,Spending Drift
2025,CUST03452,Retirement Drift
2025,CUST03454,Retirement Drift
2025,CUST03458,Channel Drift
2025,CUST03464,Job Loss
2025,CUST03468,Divorce
2025,CUST03471,Promotion
2025,CUST03474,Retirement
2025,CUST03474,Retirement Drift
2025,CUST03475,Retirement
2025,CUST03475,Retirement Drift
2025,CUST03476,Retirement Drift
2025,CUST03477,Job Loss
2025,CUST03479,Promotion
2025,CUST03482,Retirement Drift
2025,CUST03489,Policy Lapse
2025,CUST03490,Promotion
2025,CUST03493,Job Loss
2025,CUST03493,Health Shock
2025,CUST03497,Retirement Drift
2025,CUST03502,Spending Drift
2025,CUST03502,Channel Drift
2025,CUST03503,Channel Drift
2025,CUST03506,Spending Drift
2025,CUST03511,Spending Drift
2025,CUST03512,Promotion
2025,CUST03512,Spending Drift
2025,CUST03513,Spending Drift
2025,CUST03529,Channel Drift
2025,CUST03530,Policy Lapse
2025,CUST03530,Retirement Drift
2025,CUST03532,Policy Lapse
2025,CUST03532,Retirement Drift
2025,CUST03534,Channel Drift
2025,CUST03534,Retirement Drift
2025,CUST03537,Promotion
2025,CUST03539,Retirement
2025,CUST03539,Retirement Drift
2025,CUST03541,Spending Drift
2025,CUST03544,Retirement
2025,CUST03544,Retirement Drift
2025,CUST03547,Promotion
2025,CUST03548,Retirement
2025,CUST03548,Retirement Drift
2025,CUST03549,Retirement
2025,CUST03549,Retirement Drift
2025,CUST03550,Retirement Drift
2025,CUST03551,Retirement
2025,CUST03551,Retirement Drift
2025,CUST03554,Channel Drift
2025,CUST03556,Promotion
2025,CUST03560,Spending Drift
2025,CUST03561,Channel Drift
2025,CUST03563,Promotion
2025,CUST03565,Health Shock
2025,CUST03566,Retirement
2025,CUST03566,Retirement Drift
2025,CUST03567,Spending Drift
2025,CUST03572,Spending Drift
2025,CUST03574,Channel Drift
2025,CUST03574,Retirement Drift
2025,CUST03575,Retirement
2025,CUST03575,Retirement Drift
2025,CUST03576,Retirement Drift
2025,CUST03581,Job Loss
2025,CUST03582,Policy Lapse
2025,CUST03582,Spending Drift
2025,CUST03582,Retirement Drift
2025,CUST03586,Spending Drift
2025,CUST03588,Retirement Drift
2025,CUST03589,Promotion
2025,CUST03590,Retirement
2025,CUST03590,Retirement Drift
2025,CUST03592,Promotion
2025,CUST03593,Retirement Drift
2025,CUST03595,Spending Drift
2025,CUST03602,Retirement Drift
2025,CUST03603,Promotion
2025,CUST03603,Spending Drift
2025,CUST03604,Promotion
2025,CUST03605,Channel Drift
2025,CUST03607,Channel Drift
2025,CUST03610,Spending Drift
2025,CUST03614,Spending Drift
2025,CUST03618,Retirement Drift
2025,CUST03619,Spending Drift
2025,CUST03619,Channel Drift
2025,CUST03621,Promotion
2025,CUST03624,Retirement Drift
2025,CUST03626,Retirement Drift
2025,CUST03627,Spending Drift
2025,CUST03629,Spending Drift
2025,CUST03637,Channel Drift
2025,CUST03637,Retirement Drift
2025,CUST03642,Retirement Drift
2025,CUST03643,Channel Drift
2025,CUST03644,Divorce
2025,CUST03647,Retirement
2025,CUST03647,Retirement Drift
2025,CUST03653,Retirement
2025,CUST03653,Retirement Drift
2025,CUST03655,Retirement Drift
2025,CUST03656,Retirement Drift
2025,CUST03659,Spending Drift
2025,CUST03660,Promotion
2025,CUST03662,Retirement Drift
2025,CUST03668,Spending Drift
2025,CUST03670,Retirement Drift
2025,CUST03672,Spending Drift
2025,CUST03672,Channel Drift
2025,CUST03674,Retirement Drift
2025,CUST03675,Job Loss
2025,CUST03675,Retirement Drift
2025,CUST03681,Spending Drift
2025,CUST03684,Spending Drift
2025,CUST03685,Spending Drift
2025,CUST03690,Promotion
2025,CUST03695,Promotion
2025,CUST03699,Promotion
2025,CUST03700,Retirement Drift
2025,CUST03704,Promotion
2025,CUST03706,Channel Drift
2025,CUST03708,Retirement Drift
2025,CUST03709,Health Shock
2025,CUST03711,Retirement
2025,CUST03711,Policy Lapse
2025,CUST03711,Retirement Drift
2025,CUST03713,Channel Drift
2025,CUST03714,Retirement Drift
2025,CUST03716,Spending Drift
2025,CUST03716,Retirement Drift
2025,CUST03718,Retirement Drift
2025,CUST03720,Spending Drift
2025,CUST03722,Spending Drift
2025,CUST03725,Channel Drift
2025,CUST03729,Channel Drift
2025,CUST03730,Retirement
2025,CUST03730,Spending Drift
2025,CUST03730,Retirement Drift
2025,CUST03732,Spending Drift
2025,CUST03737,Policy Lapse
2025,CUST03737,Marriage
2025,CUST03740,Promotion
2025,CUST03746,Promotion
2025,CUST03746,Channel Drift
2025,CUST03749,Retirement Drift
2025,CUST03753,Promotion
2025,CUST03754,Promotion
2025,CUST03755,Channel Drift
2025,CUST03763,Promotion
2025,CUST03764,Channel Drift
2025,CUST03769,Policy Lapse
2025,CUST03773,Spending Drift
2025,CUST03777,Retirement Drift
2025,CUST03778,Channel Drift
2025,CUST03778,Retirement Drift
2025,CUST03786,Promotion
2025,CUST03787,Retirement Drift
2025,CUST03788,Retirement
2025,CUST03788,Spending Drift
2025,CUST03788,Retirement Drift
2025,CUST03790,Retirement
2025,CUST03790,Retirement Drift
2025,CUST03791,Retirement
2025,CUST03791,Retirement Drift
2025,CUST03792,Spending Drift
2025,CUST03798,Spending Drift
2025,CUST03798,Channel Drift
2025,CUST03803,Channel Drift
2025,CUST03804,Channel Drift
2025,CUST03810,Retirement Drift
2025,CUST03811,Retirement Drift
2025,CUST03812,Promotion
2025,CUST03813,Spending Drift
2025,CUST03814,Retirement Drift
2025,CUST03816,Retirement Drift
2025,CUST03818,Promotion
2025,CUST03820,Retirement Drift
2025,CUST03823,Job Loss
2025,CUST03823,Retirement
2025,CUST03823,Retirement Drift
2025,CUST03825,Spending Drift
2025,CUST03825,Retirement Drift
2025,CUST03826,Health Shock
2025,CUST03826,Retirement Drift
2025,CUST03827,Spending Drift
2025,CUST03827,Retirement Drift
2025,CUST03829,Spending Drift
2025,CUST03829,Retirement Drift
2025,CUST03830,Retirement Drift
2025,CUST03836,Retirement
2025,CUST03836,Retirement Drift
2025,CUST03837,Spending Drift
2025,CUST03838,Promotion
2025,CUST03840,Promotion
2025,CUST03843,Channel Drift
2025,CUST03844,Retirement
2025,CUST03844,Retirement Drift
2025,CUST03845,Spending Drift
2025,CUST03845,Channel Drift
2025,CUST03847,Retirement Drift
2025,CUST03850,Promotion
2025,CUST03855,Spending Drift
2025,CUST03855,Retirement Drift
2025,CUST03856,Retirement Drift
2025,CUST03862,Retirement Drift
2025,CUST03864,Job Loss
2025,CUST03866,Spending Drift
2025,CUST03869,Retirement Drift
2025,CUST03870,Promotion
2025,CUST03873,Retirement Drift
2025,CUST03875,Policy Lapse
2025,CUST03878,Divorce
2025,CUST03891,Promotion
2025,CUST03899,Retirement
2025,CUST03899,Retirement Drift
2025,CUST03900,Retirement
2025,CUST03900,Retirement Drift
2025,CUST03903,Spending Drift
2025,CUST03904,Spending Drift
2025,CUST03907,Policy Lapse
2025,CUST03907,Retirement Drift
2025,CUST03908,Spending Drift
2025,CUST03910,Retirement Drift
2025,CUST03911,Channel Drift
2025,CUST03915,Spending Drift
2025,CUST03920,Divorce
2025,CUST03922,Retirement Drift
2025,CUST03926,Promotion
2025,CUST03928,Spending Drift
2025,CUST03929,Retirement
2025,CUST03929,Retirement Drift
2025,CUST03931,Retirement Drift
2025,CUST03933,Retirement Drift
2025,CUST03935,Policy Lapse
2025,CUST03937,Retirement Drift
2025,CUST03938,Divorce
2025,CUST03940,Channel Drift
2025,CUST03941,Channel Drift
2025,CUST03941,Retirement Drift
2025,CUST03944,Job Loss
2025,CUST03944,Spending Drift
2025,CUST03944,Retirement Drift
2025,CUST03946,Channel Drift
2025,CUST03949,Promotion
2025,CUST03950,Retirement
2025,CUST03950,Retirement Drift
2025,CUST03951,Promotion
2025,CUST03953,Spending Drift
2025,CUST03953,Channel Drift
2025,CUST03955,Health Shock
2025,CUST03955,Retirement Drift
2025,CUST03957,Retirement Drift
2025,CUST03958,Channel Drift
2025,CUST03961,Marriage
2025,CUST03962,Spending Drift
2025,CUST03963,Retirement Drift
2025,CUST03964,Retirement Drift
2025,CUST03972,Divorce
2025,CUST03973,Channel Drift
2025,CUST03975,Spending Drift
2025,CUST03977,Policy Lapse
2025,CUST03977,Policy Reactivation
2025,CUST03977,Retirement Drift
2025,CUST03979,Retirement Drift
2025,CUST03983,Job Loss
2025,CUST03983,Retirement Drift
2025,CUST03989,Health Shock
2025,CUST03991,Retirement Drift
2025,CUST03992,Spending Drift
2025,CUST03994,Channel Drift
2025,CUST03997,Retirement Drift
2025,CUST03998,Channel Drift
2025,CUST04000,Promotion
2025,CUST04001,Spending Drift
2025,CUST04002,Promotion
2025,CUST04003,Promotion
2025,CUST04003,Spending Drift
2025,CUST04005,Retirement
2025,CUST04005,Retirement Drift
2025,CUST04007,Spending Drift
2025,CUST04007,Channel Drift
2025,CUST04010,Retirement
2025,CUST04010,Retirement Drift
2025,CUST04012,Spending Drift
2025,CUST04023,Retirement
2025,CUST04023,Retirement Drift
2025,CUST04024,Retirement Drift
2025,CUST04025,Promotion
2025,CUST04026,Spending Drift
2025,CUST04027,Retirement
2025,CUST04027,Retirement Drift
2025,CUST04029,Spending Drift
2025,CUST04030,Retirement
2025,CUST04030,Retirement Drift
2025,CUST04033,Spending Drift
2025,CUST04036,Divorce
2025,CUST04040,Spending Drift
2025,CUST04041,Retirement Drift
2025,CUST04042,Health Shock
2025,CUST04043,Retirement Drift
2025,CUST04045,Spending Drift
2025,CUST04050,Retirement
2025,CUST04050,Retirement Drift
2025,CUST04059,Spending Drift
2025,CUST04060,Channel Drift
2025,CUST04064,Retirement Drift
2025,CUST04068,Promotion
2025,CUST04069,Policy Lapse
2025,CUST04069,Policy Reactivation
2025,CUST04071,Retirement Drift
2025,CUST04076,Retirement
2025,CUST04076,Retirement Drift
2025,CUST04077,Policy Lapse
2025,CUST04081,Promotion
2025,CUST04082,Job Loss
2025,CUST04082,Spending Drift
2025,CUST04083,Retirement
2025,CUST04083,Health Shock
2025,CUST04083,Retirement Drift
2025,CUST04086,Spending Drift
2025,CUST04088,Channel Drift
2025,CUST04089,Retirement
2025,CUST04089,Retirement Drift
2025,CUST04091,Retirement Drift
2025,CUST04095,Promotion
2025,CUST04099,Retirement
2025,CUST04099,Retirement Drift
2025,CUST04107,Channel Drift
2025,CUST04110,Retirement
2025,CUST04110,Retirement Drift
2025,CUST04116,Spending Drift
2025,CUST04116,Channel Drift
2025,CUST04116,Retirement Drift
2025,CUST04117,Promotion
2025,CUST04120,Spending Drift
2025,CUST04121,Spending Drift
2025,CUST04121,Channel Drift
2025,CUST04123,Spending Drift
2025,CUST04127,Retirement Drift
2025,CUST04131,Policy Lapse
2025,CUST04131,Policy Reactivation
2025,CUST04131,Channel Drift
2025,CUST04131,Retirement Drift
2025,CUST04133,Health Shock
2025,CUST04134,Retirement Drift
2025,CUST04136,Promotion
2025,CUST04137,Promotion
2025,CUST04139,Channel Drift
2025,CUST04148,Retirement Drift
2025,CUST04149,Retirement Drift
2025,CUST04154,Retirement
2025,CUST04154,Retirement Drift
2025,CUST04156,Policy Lapse
2025,CUST04159,Channel Drift
2025,CUST04163,Spending Drift
2025,CUST04171,Spending Drift
2025,CUST04172,Divorce
2025,CUST04172,Retirement Drift
2025,CUST04178,Policy Lapse
2025,CUST04178,Policy Reactivation
2025,CUST04178,Retirement Drift
2025,CUST04187,Channel Drift
2025,CUST04189,Spending Drift
2025,CUST04189,Retirement Drift
2025,CUST04190,Channel Drift
2025,CUST04191,Policy Lapse
2025,CUST04193,Retirement
2025,CUST04193,Policy Lapse
2025,CUST04193,Policy Reactivation
2025,CUST04193,Spending Drift
2025,CUST04193,Retirement Drift
2025,CUST04194,Retirement Drift
2025,CUST04196,Retirement
2025,CUST04196,Retirement Drift
2025,CUST04197,Promotion
2025,CUST04200,Spending Drift
2025,CUST04201,Spending Drift
2025,CUST04202,Spending Drift
2025,CUST04205,Health Shock
2025,CUST04208,Promotion
2025,CUST04211,Channel Drift
2025,CUST04215,Retirement Drift
2025,CUST04217,Promotion
2025,CUST04219,Retirement
2025,CUST04219,Retirement Drift
2025,CUST04223,Spending Drift
2025,CUST04224,Retirement Drift
2025,CUST04228,Channel Drift
2025,CUST04230,Retirement Drift
2025,CUST04233,Promotion
2025,CUST04236,Promotion
2025,CUST04237,Spending Drift
2025,CUST04239,Policy Lapse
2025,CUST04240,Retirement Drift
2025,CUST04241,Promotion
2025,CUST04242,Channel Drift
2025,CUST04248,Retirement Drift
2025,CUST04249,Promotion
2025,CUST04252,Retirement Drift
2025,CUST04255,Retirement
2025,CUST04255,Retirement Drift
2025,CUST04256,Childbirth
2025,CUST04257,Promotion
2025,CUST04257,Health Shock
2025,CUST04258,Retirement Drift
2025,CUST04259,Policy Lapse
2025,CUST04262,Promotion
2025,CUST04262,Spending Drift
2025,CUST04266,Retirement
2025,CUST04266,Retirement Drift
2025,CUST04273,Job Loss
2025,CUST04273,Spending Drift
2025,CUST04273,Retirement Drift
2025,CUST04275,Promotion
2025,CUST04286,Retirement Drift
2025,CUST04289,Spending Drift
2025,CUST04289,Retirement Drift
2025,CUST04291,Spending Drift
2025,CUST04292,Spending Drift
2025,CUST04293,Channel Drift
2025,CUST04298,Job Loss
2025,CUST04300,Spending Drift
2025,CUST04301,Retirement
2025,CUST04301,Spending Drift
2025,CUST04301,Retirement Drift
2025,CUST04304,Spending Drift
2025,CUST04305,Retirement Drift
2025,CUST04307,Spending Drift
2025,CUST04309,Promotion
2025,CUST04309,Channel Drift
2025,CUST04310,Spending Drift
2025,CUST04314,Spending Drift
2025,CUST04317,Retirement Drift
2025,CUST04322,Retirement Drift
2025,CUST04323,Channel Drift
2025,CUST04325,Retirement
2025,CUST04325,Retirement Drift
2025,CUST04326,Promotion
2025,CUST04326,Channel Drift
2025,CUST04329,Spending Drift
2025,CUST04331,Retirement Drift
2025,CUST04332,Promotion
2025,CUST04332,Spending Drift
2025,CUST04335,Spending Drift
2025,CUST04338,Retirement
2025,CUST04338,Retirement Drift
2025,CUST04339,Job Loss
2025,CUST04339,Retirement Drift
2025,CUST04340,Channel Drift
2025,CUST04342,Spending Drift
2025,CUST04344,Channel Drift
2025,CUST04347,Retirement Drift
2025,CUST04351,Policy Lapse
2025,CUST04351,Policy Reactivation
2025,CUST04354,Promotion
2025,CUST04356,Retirement Drift
2025,CUST04359,Spending Drift
2025,CUST04361,Job Loss
2025,CUST04364,Spending Drift
2025,CUST04366,Retirement
2025,CUST04366,Retirement Drift
2025,CUST04368,Marriage
2025,CUST04370,Retirement
2025,CUST04370,Retirement Drift
2025,CUST04373,Retirement Drift
2025,CUST04374,Spending Drift
2025,CUST04375,Promotion
2025,CUST04382,Channel Drift
2025,CUST04384,Retirement
2025,CUST04384,Spending Drift
2025,CUST04384,Retirement Drift
2025,CUST04388,Retirement Drift
2025,CUST04390,Policy Lapse
2025,CUST04401,Retirement Drift
2025,CUST04403,Retirement
2025,CUST04403,Retirement Drift
2025,CUST04406,Spending Drift
2025,CUST04411,Retirement Drift
2025,CUST04412,Spending Drift
2025,CUST04412,Retirement Drift
2025,CUST04413,Policy Lapse
2025,CUST04415,Retirement Drift
2025,CUST04419,Spending Drift
2025,CUST04419,Retirement Drift
2025,CUST04421,Spending Drift
2025,CUST04422,Marriage
2025,CUST04425,Spending Drift
2025,CUST04425,Channel Drift
2025,CUST04426,Channel Drift
2025,CUST04427,Retirement
2025,CUST04427,Retirement Drift
2025,CUST04429,Retirement Drift
2025,CUST04430,Spending Drift
2025,CUST04430,Retirement Drift
2025,CUST04431,Spending Drift
2025,CUST04436,Policy Lapse
2025,CUST04436,Retirement Drift
2025,CUST04438,Promotion
2025,CUST04439,Spending Drift
2025,CUST04439,Retirement Drift
2025,CUST04442,Divorce
2025,CUST04447,Retirement
2025,CUST04447,Retirement Drift
2025,CUST04449,Promotion
2025,CUST04450,Retirement
2025,CUST04450,Retirement Drift
2025,CUST04453,Retirement
2025,CUST04453,Retirement Drift
2025,CUST04454,Channel Drift
2025,CUST04455,Promotion
2025,CUST04458,Retirement Drift
2025,CUST04460,Spending Drift
2025,CUST04461,Promotion
2025,CUST04462,Promotion
2025,CUST04462,Spending Drift
2025,CUST04475,Retirement Drift
2025,CUST04477,Spending Drift
2025,CUST04478,Policy Lapse
2025,CUST04479,Retirement
2025,CUST04479,Retirement Drift
2025,CUST04480,Divorce
2025,CUST04480,Channel Drift
2025,CUST04483,Retirement Drift
2025,CUST04484,Retirement
2025,CUST04484,Retirement Drift
2025,CUST04488,Retirement
2025,CUST04488,Retirement Drift
2025,CUST04494,Retirement Drift
2025,CUST04495,Spending Drift
2025,CUST04497,Retirement Drift
2025,CUST04508,Retirement Drift
2025,CUST04511,Retirement Drift
2025,CUST04512,Promotion
2025,CUST04513,Policy Lapse
2025,CUST04514,Spending Drift
2025,CUST04515,Channel Drift
2025,CUST04515,Retirement Drift
2025,CUST04520,Retirement Drift
2025,CUST04523,Retirement
2025,CUST04523,Channel Drift
2025,CUST04523,Retirement Drift
2025,CUST04527,Retirement Drift
2025,CUST04529,Promotion
2025,CUST04536,Retirement
2025,CUST04536,Policy Lapse
2025,CUST04536,Spending Drift
2025,CUST04536,Retirement Drift
2025,CUST04537,Spending Drift
2025,CUST04538,Retirement Drift
2025,CUST04539,Retirement
2025,CUST04539,Spending Drift
2025,CUST04539,Retirement Drift
2025,CUST04543,Retirement
2025,CUST04543,Retirement Drift
2025,CUST04545,Spending Drift
2025,CUST04546,Retirement Drift
2025,CUST04547,Spending Drift
2025,CUST04549,Job Loss
2025,CUST04549,Retirement
2025,CUST04549,Retirement Drift
2025,CUST04550,Spending Drift
2025,CUST04552,Channel Drift
2025,CUST04553,Retirement
2025,CUST04553,Retirement Drift
2025,CUST04556,Spending Drift
2025,CUST04558,Retirement
2025,CUST04558,Retirement Drift
2025,CUST04566,Retirement
2025,CUST04566,Retirement Drift
2025,CUST04567,Spending Drift
2025,CUST04567,Channel Drift
2025,CUST04570,Policy Lapse
2025,CUST04573,Channel Drift
2025,CUST04576,Channel Drift
2025,CUST04577,Promotion
2025,CUST04584,Retirement Drift
2025,CUST04589,Retirement Drift
2025,CUST04590,Channel Drift
2025,CUST04592,Policy Lapse
2025,CUST04592,Policy Reactivation
2025,CUST04594,Policy Lapse
2025,CUST04594,Spending Drift
2025,CUST04594,Retirement Drift
2025,CUST04599,Promotion
2025,CUST04599,Channel Drift
2025,CUST04601,Channel Drift
2025,CUST04605,Spending Drift
2025,CUST04607,Promotion
2025,CUST04607,Health Shock
2025,CUST04611,Policy Lapse
2025,CUST04611,Policy Reactivation
2025,CUST04613,Channel Drift
2025,CUST04613,Retirement Drift
2025,CUST04614,Channel Drift
2025,CUST04615,Retirement Drift
2025,CUST04616,Divorce
2025,CUST04619,Retirement
2025,CUST04619,Retirement Drift
2025,CUST04622,Promotion
2025,CUST04632,Divorce
2025,CUST04634,Spending Drift
2025,CUST04635,Policy Lapse
2025,CUST04635,Policy Reactivation
2025,CUST04638,Job Loss
2025,CUST04638,Retirement Drift
2025,CUST04641,Policy Lapse
2025,CUST04641,Policy Reactivation
2025,CUST04645,Retirement
2025,CUST04645,Spending Drift
2025,CUST04645,Retirement Drift
2025,CUST04648,Channel Drift
2025,CUST04652,Retirement Drift
2025,CUST04654,Policy Lapse
2025,CUST04654,Channel Drift
2025,CUST04654,Retirement Drift
2025,CUST04655,Retirement
2025,CUST04655,Retirement Drift
2025,CUST04657,Spending Drift
2025,CUST04658,Retirement
2025,CUST04658,Retirement Drift
2025,CUST04662,Retirement Drift
2025,CUST04665,Retirement Drift
2025,CUST04666,Spending Drift
2025,CUST04667,Spending Drift
2025,CUST04670,Channel Drift
2025,CUST04673,Promotion
2025,CUST04673,Spending Drift
2025,CUST04675,Spending Drift
2025,CUST04675,Channel Drift
2025,CUST04675,Retirement Drift
2025,CUST04676,Spending Drift
2025,CUST04677,Channel Drift
2025,CUST04679,Retirement Drift
2025,CUST04682,Marriage
2025,CUST04686,Spending Drift
2025,CUST04689,Marriage
2025,CUST04691,Retirement Drift
2025,CUST04693,Retirement Drift
2025,CUST04694,Retirement Drift
2025,CUST04696,Channel Drift
2025,CUST04700,Retirement Drift
2025,CUST04701,Spending Drift
2025,CUST04701,Channel Drift
2025,CUST04703,Retirement
2025,CUST04703,Retirement Drift
2025,CUST04707,Channel Drift
2025,CUST04709,Retirement Drift
2025,CUST04711,Promotion
2025,CUST04715,Retirement Drift
2025,CUST04722,Promotion
2025,CUST04722,Spending Drift
2025,CUST04722,Channel Drift
2025,CUST04725,Retirement Drift
2025,CUST04728,Retirement Drift
2025,CUST04731,Spending Drift
2025,CUST04732,Promotion
2025,CUST04740,Retirement Drift
2025,CUST04743,Spending Drift
2025,CUST04743,Channel Drift
2025,CUST04748,Retirement Drift
2025,CUST04750,Promotion
2025,CUST04756,Promotion
2025,CUST04761,Retirement Drift
2025,CUST04765,Retirement Drift
2025,CUST04768,Promotion
2025,CUST04772,Promotion
2025,CUST04772,Spending Drift
2025,CUST04773,Promotion
2025,CUST04775,Channel Drift
2025,CUST04779,Channel Drift
2025,CUST04780,Spending Drift
2025,CUST04780,Retirement Drift
2025,CUST04782,Channel Drift
2025,CUST04783,Spending Drift
2025,CUST04784,Spending Drift
2025,CUST04786,Spending Drift
2025,CUST04791,Retirement
2025,CUST04791,Spending Drift
2025,CUST04791,Retirement Drift
2025,CUST04795,Retirement Drift
2025,CUST04796,Retirement
2025,CUST04796,Policy Lapse
2025,CUST04796,Retirement Drift
2025,CUST04799,Spending Drift
2025,CUST04802,Spending Drift
2025,CUST04803,Spending Drift
2025,CUST04815,Channel Drift
2025,CUST04815,Retirement Drift
2025,CUST04818,Retirement Drift
2025,CUST04823,Retirement
2025,CUST04823,Retirement Drift
2025,CUST04824,Promotion
2025,CUST04825,Promotion
2025,CUST04826,Channel Drift
2025,CUST04828,Spending Drift
2025,CUST04828,Retirement Drift
2025,CUST04829,Promotion
2025,CUST04831,Channel Drift
2025,CUST04831,Retirement Drift
2025,CUST04834,Spending Drift
2025,CUST04834,Retirement Drift
2025,CUST04840,Spending Drift
2025,CUST04841,Job Loss
2025,CUST04842,Spending Drift
2025,CUST04843,Retirement Drift
2025,CUST04844,Promotion
2025,CUST04846,Health Shock
2025,CUST04846,Retirement Drift
2025,CUST04847,Divorce
2025,CUST04848,Spending Drift
2025,CUST04851,Retirement
2025,CUST04851,Channel Drift
2025,CUST04851,Retirement Drift
2025,CUST04853,Retirement
2025,CUST04853,Retirement Drift
2025,CUST04854,Retirement Drift
2025,CUST04859,Promotion
2025,CUST04860,Spending Drift
2025,CUST04861,Promotion
2025,CUST04862,Retirement Drift
2025,CUST04865,Channel Drift
2025,CUST04867,Retirement
2025,CUST04867,Retirement Drift
2025,CUST04869,Spending Drift
2025,CUST04871,Divorce
2025,CUST04871,Spending Drift
2025,CUST04875,Channel Drift
2025,CUST04875,Retirement Drift
2025,CUST04877,Channel Drift
2025,CUST04879,Channel Drift
2025,CUST04880,Channel Drift
2025,CUST04883,Channel Drift
2025,CUST04885,Marriage
2025,CUST04885,Channel Drift
2025,CUST04889,Channel Drift
2025,CUST04890,Promotion
2025,CUST04891,Promotion
2025,CUST04895,Retirement
2025,CUST04895,Retirement Drift
2025,CUST04899,Promotion
2025,CUST04899,Marriage
2025,CUST04900,Promotion
2025,CUST04904,Retirement Drift
2025,CUST04907,Channel Drift
2025,CUST04908,Channel Drift
2025,CUST04909,Retirement Drift
2025,CUST04910,Retirement Drift
2025,CUST04918,Spending Drift
2025,CUST04921,Channel Drift
2025,CUST04926,Spending Drift
2025,CUST04927,Retirement Drift
2025,CUST04929,Spending Drift
2025,CUST04932,Retirement Drift
2025,CUST04933,Policy Lapse
2025,CUST04935,Retirement Drift
2025,CUST04939,Channel Drift
2025,CUST04941,Promotion
2025,CUST04943,Promotion
2025,CUST04946,Retirement Drift
2025,CUST04947,Job Loss
2025,CUST04947,Retirement
2025,CUST04947,Retirement Drift
2025,CUST04948,Spending Drift
2025,CUST04949,Spending Drift
2025,CUST04950,Promotion
2025,CUST04954,Spending Drift
2025,CUST04955,Retirement Drift
2025,CUST04956,Health Shock
2025,CUST04957,Policy Lapse
2025,CUST04959,Retirement
2025,CUST04959,Retirement Drift
2025,CUST04961,Retirement Drift
2025,CUST04963,Spending Drift
2025,CUST04963,Channel Drift
2025,CUST04964,Retirement Drift
2025,CUST04966,Channel Drift
2025,CUST04968,Promotion
2025,CUST04969,Retirement Drift
2025,CUST04971,Retirement
2025,CUST04971,Policy Lapse
2025,CUST04971,Retirement Drift
2025,CUST04973,Policy Lapse
2025,CUST04979,Health Shock
2025,CUST04979,Retirement Drift
2025,CUST04980,Retirement
2025,CUST04980,Spending Drift
2025,CUST04980,Retirement Drift
2025,CUST04981,Retirement Drift
2025,CUST04982,Retirement Drift
2025,CUST04984,Marriage
2025,CUST04989,Promotion
2025,CUST04993,Promotion
2025,CUST04993,Channel Drift
2025,CUST04994,Spending Drift
2025,CUST04995,Marriage
2025,CUST04996,Retirement Drift
