CustomerID,Age,Gender,City,Postcode,IncomeBand,CreditScore,PolicyStatus,Beneficiary
CUST00000,52,Female,Manchester,SW95 5HH,£25–40k,691,Active,Spouse
CUST00001,41,Male,Birmingham,M87 9CS,>£60k,685,Active,Spouse
CUST00002,68,Male,Bristol,SW4 2GH,>£60k,746,Active,Spouse
CUST00003,37,Male,Cardiff,BT4 9GW,<£15k,732,Active,Spouse
CUST00004,48,Male,Cardiff,BS29 8SI,£15–25k,585,Active,Spouse
CUST00005,29,Male,London,B90 7KI,£15–25k,718,Active,Spouse
CUST00006,66,Male,Birmingham,LS98 6DC,£25–40k,686,Active,Spouse
CUST00007,36,Female,Bristol,M46 6TI,<£15k,706,Active,Spouse
CUST00008,35,Female,London,EH69 2MC,£25–40k,682,Active,Spouse
CUST00009,44,Male,Cardiff,G81 6SG,>£60k,636,Active,Spouse
CUST00010,57,Male,Manchester,SW85 4YJ,£25–40k,626,Active,Spouse
CUST00011,25,Female,Manchester,LS13 7IO,£40–60k,711,Active,Spouse
CUST00012,56,Male,Liverpool,B48 6GV,<£15k,710,Active,Spouse
CUST00013,43,Male,Glasgow,M78 3RX,£15–25k,681,Active,Spouse
CUST00014,38,Male,Leeds,B60 7IU,£25–40k,763,Active,Spouse
CUST00015,49,Male,Cardiff,LS88 6YY,>£60k,676,Active,Spouse
CUST00016,34,Male,London,LS5 6MI,£40–60k,736,Active,Spouse
CUST00017,60,Female,Manchester,LS73 6GU,<£15k,755,Active,Spouse
CUST00018,32,Female,Edinburgh,BS83 8EI,£25–40k,681,Active,Spouse
CUST00019,37,Male,Birmingham,LS96 9RI,£15–25k,688,Active,Spouse
CUST00020,57,Female,Belfast,BS75 7LH,£25–40k,781,Active,Spouse
CUST00021,50,Female,Birmingham,CF64 2YB,£25–40k,661,Active,Spouse
CUST00022,44,Female,Manchester,B81 3ZV,£25–40k,793,Active,Spouse
CUST00023,46,Male,Bristol,BT9 7MT,£25–40k,682,Active,Spouse
CUST00024,41,Male,Edinburgh,CF33 9AV,£40–60k,721,Active,Spouse
CUST00025,32,Female,Manchester,CF97 5YU,£40–60k,669,Active,Spouse
CUST00026,58,Female,Liverpool,M38 7FO,<£15k,719,Active,Spouse
CUST00027,46,Female,London,G65 3QD,>£60k,758,Active,Spouse
CUST00028,34,Male,Glasgow,CF78 4EL,£25–40k,680,Active,Spouse
CUST00029,49,Male,Birmingham,CF68 1TK,£25–40k,715,Active,Spouse
CUST00030,23,Male,Edinburgh,SW15 6ZJ,£15–25k,674,Active,Spouse
CUST00031,42,Female,Leeds,SW31 2CX,£40–60k,724,Active,Spouse
CUST00032,48,Female,Edinburgh,M98 9YE,£15–25k,695,Active,Spouse
CUST00033,18,Male,Birmingham,EH71 3IQ,<£15k,698,Active,Spouse
CUST00034,45,Male,Belfast,BS28 9YX,£15–25k,847,Active,Spouse
CUST00035,42,Male,Leeds,G52 6OQ,£25–40k,718,Active,Spouse
CUST00036,62,Male,Edinburgh,M32 4CK,£40–60k,745,Active,Spouse
CUST00037,66,Female,London,BT71 4SH,£25–40k,615,Active,Spouse
CUST00038,30,Male,London,M91 1HC,£25–40k,666,Active,Spouse
CUST00039,21,Female,London,L10 9HI,<£15k,704,Active,Spouse
CUST00040,31,Female,Edinburgh,LS70 3XS,<£15k,792,Active,Spouse
CUST00041,33,Female,Belfast,EH32 8ZN,>£60k,680,Active,Spouse
CUST00042,57,Female,Leeds,M13 7LN,£25–40k,626,Active,Spouse
CUST00043,20,Male,Bristol,EH94 1VU,>£60k,711,Active,Spouse
CUST00044,48,Male,Manchester,SW52 6ZD,£15–25k,746,Active,Spouse
CUST00045,52,Female,Leeds,LS25 9OE,£40–60k,717,Active,Spouse
CUST00046,34,Male,Bristol,B36 8HC,>£60k,713,Active,Spouse
CUST00047,49,Male,Edinburgh,CF13 1UR,<£15k,657,Active,Spouse
CUST00048,72,Female,London,M97 4FN,£15–25k,728,Active,Spouse
CUST00049,30,Male,Edinburgh,EH28 7BF,£40–60k,747,Active,Spouse
CUST00050,59,Female,Bristol,SW50 5ZZ,£25–40k,724,Active,Spouse
CUST00051,41,Male,Edinburgh,G55 9VW,£15–25k,654,Active,Spouse
CUST00052,43,Female,Edinburgh,B25 5GB,£25–40k,720,Active,Spouse
CUST00053,45,Female,Belfast,CF8 6BB,£25–40k,787,Active,Spouse
CUST00054,54,Male,Belfast,EH65 9FB,<£15k,648,Active,Spouse
CUST00055,28,Female,Cardiff,M24 2TC,>£60k,728,Active,Spouse
CUST00056,41,Male,Leeds,BS16 4ST,>£60k,742,Active,Spouse
CUST00057,52,Female,London,BT11 7VS,>£60k,695,Active,Spouse
CUST00058,32,Female,Belfast,CF41 5GV,£15–25k,609,Active,Spouse
CUST00059,48,Female,Liverpool,LS34 7EV,£40–60k,625,Active,Spouse
CUST00060,31,Female,Glasgow,EH41 2AO,>£60k,709,Active,Spouse
CUST00061,45,Female,Belfast,BT13 2RG,£40–60k,631,Active,Spouse
CUST00062,61,Male,Cardiff,G17 6CH,£15–25k,763,Active,Spouse
CUST00063,52,Female,Liverpool,G21 8RW,>£60k,730,Active,Spouse
CUST00064,52,Female,Glasgow,BT84 9AV,£25–40k,850,Active,Spouse
CUST00065,59,Female,Cardiff,G85 2EI,£15–25k,739,Active,Spouse
CUST00066,33,Female,Manchester,M96 9EI,<£15k,685,Active,Spouse
CUST00067,79,Male,Glasgow,BT27 6GV,£25–40k,587,Active,Spouse
CUST00068,37,Male,Glasgow,CF63 5BC,£25–40k,765,Active,Spouse
CUST00069,34,Female,Bristol,G6 1KY,<£15k,740,Active,Spouse
CUST00070,45,Female,Birmingham,G21 8RW,£25–40k,660,Active,Spouse
CUST00071,18,Female,Bristol,CF2 2CW,£15–25k,711,Active,Spouse
CUST00072,33,Male,Birmingham,CF5 6SR,>£60k,693,Active,Spouse
CUST00073,52,Male,Birmingham,BS17 1JL,<£15k,751,Active,Spouse
CUST00074,37,Female,London,L27 4VD,£40–60k,660,Active,Spouse
CUST00075,26,Female,Liverpool,CF53 3HF,£40–60k,755,Active,Spouse
CUST00076,76,Male,Birmingham,BS4 3XK,£15–25k,761,Active,Spouse
CUST00077,64,Male,Bristol,LS35 3ZW,<£15k,657,Active,Spouse
CUST00078,51,Male,Manchester,BS5 8HG,<£15k,746,Active,Spouse
CUST00079,18,Male,Edinburgh,L40 4HA,£25–40k,638,Active,Spouse
CUST00080,69,Female,Leeds,BS43 5CY,<£15k,614,Active,Spouse
CUST00081,66,Female,Glasgow,L83 9MV,>£60k,613,Active,Spouse
CUST00082,30,Male,Cardiff,L4 2IF,£25–40k,727,Active,Spouse
CUST00083,46,Female,Belfast,G5 2TN,£25–40k,676,Active,Spouse
CUST00084,68,Male,Liverpool,L56 9DM,£25–40k,625,Active,Spouse
CUST00085,42,Female,Belfast,LS33 1WN,>£60k,735,Active,Spouse
CUST00086,49,Male,London,CF69 4LN,£15–25k,662,Active,Spouse
CUST00087,36,Male,Manchester,L80 6VD,£40–60k,750,Active,Spouse
CUST00088,58,Female,Glasgow,CF40 7KM,£40–60k,718,Active,Spouse
CUST00089,32,Female,Glasgow,CF17 4NV,£40–60k,666,Active,Spouse
CUST00090,44,Male,Bristol,B79 5MR,£40–60k,707,Active,Spouse
CUST00091,53,Female,London,G37 4NZ,£25–40k,687,Active,Spouse
CUST00092,57,Male,Belfast,BT84 6OO,>£60k,748,Active,Spouse
CUST00093,64,Male,Edinburgh,LS66 8ZZ,>£60k,701,Active,Spouse
CUST00094,49,Female,Birmingham,M37 9VU,£25–40k,692,Active,Spouse
CUST00095,32,Male,Belfast,L12 4VJ,£15–25k,825,Active,Spouse
CUST00096,62,Female,Leeds,LS19 1BH,£40–60k,747,Active,Spouse
CUST00097,44,Male,Edinburgh,BT99 2ON,£25–40k,646,Active,Spouse
CUST00098,59,Male,Belfast,LS92 7PM,<£15k,691,Active,Spouse
CUST00099,51,Female,Leeds,B84 1YY,<£15k,666,Active,Spouse
CUST00100,48,Male,Manchester,BS29 3ZW,£40–60k,669,Active,Spouse
CUST00101,37,Male,Cardiff,EH7 9HD,>£60k,713,Active,Spouse
CUST00102,23,Female,Edinburgh,B60 9RT,>£60k,615,Active,Spouse
CUST00103,34,Female,Liverpool,EH79 9NR,£25–40k,687,Active,Spouse
CUST00104,57,Male,Edinburgh,B96 8OI,£25–40k,690,Active,Spouse
CUST00105,44,Male,Leeds,G99 9PU,<£15k,682,Active,Spouse
CUST00106,49,Female,Leeds,G57 2WJ,£25–40k,650,Active,Spouse
CUST00107,43,Male,Leeds,G43 6RC,>£60k,724,Active,Spouse
CUST00108,48,Male,Birmingham,B30 7WE,£25–40k,700,Active,Spouse
CUST00109,45,Female,Leeds,M54 7KR,£40–60k,729,Active,Spouse
CUST00110,77,Female,Edinburgh,BS8 4NM,>£60k,653,Active,Spouse
CUST00111,77,Male,Belfast,SW98 7PA,<£15k,651,Active,Spouse
CUST00112,18,Female,Liverpool,G97 7NR,<£15k,668,Active,Spouse
CUST00113,50,Male,Cardiff,BT29 8HI,£40–60k,812,Active,Spouse
CUST00114,31,Female,Bristol,EH4 7KV,£40–60k,729,Active,Spouse
CUST00115,25,Female,Bristol,B60 3TR,>£60k,809,Active,Spouse
CUST00116,62,Female,London,BS76 1CU,<£15k,671,Active,Spouse
CUST00117,19,Female,Bristol,B60 3BI,£40–60k,781,Active,Spouse
CUST00118,43,Male,Bristol,L28 8KK,£15–25k,774,Active,Spouse
CUST00119,45,Female,Bristol,G97 7IC,>£60k,702,Active,Spouse
CUST00120,38,Male,Edinburgh,SW96 9BL,<£15k,737,Active,Spouse
CUST00121,46,Male,Leeds,M84 1YA,£40–60k,730,Active,Spouse
CUST00122,21,Male,Leeds,LS3 3HE,£40–60k,776,Active,Spouse
CUST00123,68,Female,Edinburgh,M73 4OW,>£60k,706,Active,Spouse
CUST00124,75,Female,Glasgow,L22 2YF,£25–40k,805,Active,Spouse
CUST00125,54,Female,Glasgow,M75 1JS,£15–25k,782,Active,Spouse
CUST00126,60,Male,Bristol,BS92 4CS,£25–40k,594,Active,Spouse
CUST00127,40,Female,Leeds,M90 5VT,£40–60k,743,Active,Spouse
CUST00128,69,Female,Manchester,BT6 6RN,>£60k,617,Active,Spouse
CUST00129,19,Male,Liverpool,M65 6AN,>£60k,696,Active,Spouse
CUST00130,18,Female,Edinburgh,M56 6UO,£15–25k,694,Active,Spouse
CUST00131,50,Male,Birmingham,BS23 9UI,£15–25k,643,Active,Spouse
CUST00132,44,Female,Belfast,CF62 8NX,<£15k,757,Active,Spouse
CUST00133,37,Male,Belfast,G42 4CI,<£15k,652,Active,Spouse
CUST00134,43,Male,Edinburgh,LS97 8ST,£15–25k,637,Active,Spouse
CUST00135,74,Male,Bristol,L4 8KF,£40–60k,702,Active,Spouse
CUST00136,34,Female,Edinburgh,LS46 5KI,>£60k,712,Active,Spouse
CUST00137,43,Female,Belfast,G72 1QG,£40–60k,686,Active,Spouse
CUST00138,37,Male,Manchester,LS93 7PR,£25–40k,665,Active,Spouse
CUST00139,22,Male,Leeds,EH83 8OZ,£40–60k,782,Active,Spouse
CUST00140,53,Female,London,M38 4MW,£25–40k,718,Active,Spouse
CUST00141,43,Female,Leeds,G85 6PR,£15–25k,642,Active,Spouse
CUST00142,33,Male,Cardiff,L55 9KL,£15–25k,614,Active,Spouse
CUST00143,35,Male,Edinburgh,G40 5HD,>£60k,635,Active,Spouse
CUST00144,70,Female,Leeds,L16 9YW,£25–40k,752,Active,Spouse
CUST00145,46,Female,Birmingham,LS28 8IX,£40–60k,648,Active,Spouse
CUST00146,29,Male,Belfast,CF77 5DG,£15–25k,688,Active,Spouse
CUST00147,58,Male,Glasgow,LS47 3JA,>£60k,814,Active,Spouse
CUST00148,24,Male,Cardiff,B36 1BR,<£15k,733,Active,Spouse
CUST00149,35,Male,Glasgow,B82 8DA,£15–25k,670,Active,Spouse
CUST00150,45,Male,Belfast,G61 8OK,>£60k,650,Active,Spouse
CUST00151,41,Female,Birmingham,SW33 8DC,>£60k,645,Active,Spouse
CUST00152,36,Male,Bristol,EH10 1EE,£40–60k,745,Active,Spouse
CUST00153,46,Female,Belfast,G11 4DR,£15–25k,745,Active,Spouse
CUST00154,35,Male,Bristol,BT77 4YQ,£25–40k,734,Active,Spouse
CUST00155,20,Male,Bristol,EH57 5SN,£25–40k,702,Active,Spouse
CUST00156,54,Male,Glasgow,BT80 1TX,£25–40k,600,Active,Spouse
CUST00157,35,Male,Manchester,LS81 4IV,<£15k,702,Active,Spouse
CUST00158,60,Male,Manchester,B31 3RC,£40–60k,665,Active,Spouse
CUST00159,52,Male,Birmingham,SW53 8WT,£25–40k,786,Active,Spouse
CUST00160,53,Female,Edinburgh,G5 4JW,>£60k,687,Active,Spouse
CUST00161,50,Female,Glasgow,EH10 4IZ,<£15k,663,Active,Spouse
CUST00162,46,Female,Belfast,LS55 2RH,£40–60k,690,Active,Spouse
CUST00163,50,Male,Birmingham,G19 2BF,<£15k,675,Active,Spouse
CUST00164,50,Female,Glasgow,BT96 5OD,£25–40k,674,Active,Spouse
CUST00165,58,Male,Edinburgh,G90 7IQ,£40–60k,680,Active,Spouse
CUST00166,18,Male,Cardiff,EH57 2TB,£15–25k,639,Active,Spouse
CUST00167,45,Male,Bristol,L78 5AC,>£60k,800,Active,Spouse
CUST00168,57,Female,Leeds,BT76 1YV,£25–40k,567,Active,Spouse
CUST00169,22,Male,Glasgow,BT6 3PQ,£40–60k,768,Active,Spouse
CUST00170,54,Female,Edinburgh,G24 7UP,£40–60k,836,Active,Spouse
CUST00171,38,Male,Manchester,EH45 7KK,£40–60k,649,Active,Spouse
CUST00172,46,Female,Manchester,B43 7WP,>£60k,671,Active,Spouse
CUST00173,60,Male,Glasgow,BS98 9BO,£40–60k,669,Active,Spouse
CUST00174,40,Female,Manchester,L33 6DY,<£15k,641,Active,Spouse
CUST00175,56,Female,Bristol,CF1 9ON,£25–40k,644,Active,Spouse
CUST00176,51,Male,London,LS67 6TY,£15–25k,812,Active,Spouse
CUST00177,18,Male,Edinburgh,EH98 1GI,>£60k,789,Active,Spouse
CUST00178,49,Female,Cardiff,B37 8WP,£25–40k,632,Active,Spouse
CUST00179,46,Female,Manchester,SW81 4WF,>£60k,743,Active,Spouse
CUST00180,33,Female,Glasgow,CF2 9NC,£25–40k,728,Active,Spouse
CUST00181,68,Female,Leeds,M60 2UE,>£60k,669,Active,Spouse
CUST00182,30,Female,Edinburgh,G66 5NP,£40–60k,692,Active,Spouse
CUST00183,45,Female,Edinburgh,LS59 9EM,£15–25k,765,Active,Spouse
CUST00184,42,Female,Leeds,BT66 3CI,<£15k,674,Active,Spouse
CUST00185,29,Female,Bristol,L65 5AJ,>£60k,600,Active,Spouse
CUST00186,25,Female,Glasgow,BT75 8EO,£25–40k,622,Active,Spouse
CUST00187,41,Male,Cardiff,EH45 6RY,<£15k,609,Active,Spouse
CUST00188,18,Female,Cardiff,BS59 6GW,£15–25k,696,Active,Spouse
CUST00189,72,Male,Leeds,BT50 4YN,£40–60k,767,Active,Spouse
CUST00190,40,Male,London,L96 8WZ,>£60k,633,Active,Spouse
CUST00191,83,Male,Bristol,BS85 3PB,£40–60k,703,Active,Spouse
CUST00192,47,Male,Birmingham,CF76 6DO,<£15k,691,Active,Spouse
CUST00193,44,Female,Manchester,CF59 1XE,<£15k,667,Active,Spouse
CUST00194,41,Female,Bristol,B10 8ZI,£25–40k,790,Active,Spouse
CUST00195,63,Male,Liverpool,BT89 7UC,<£15k,575,Active,Spouse
CUST00196,23,Female,Liverpool,CF49 6UW,£25–40k,653,Active,Spouse
CUST00197,59,Male,Edinburgh,CF5 2HU,£15–25k,776,Active,Spouse
CUST00198,55,Male,Glasgow,LS96 2ND,<£15k,632,Active,Spouse
CUST00199,37,Female,Manchester,EH22 5AB,£15–25k,729,Active,Spouse
CUST00200,41,Female,Liverpool,SW38 6LN,>£60k,677,Active,Spouse
CUST00201,39,Female,Birmingham,LS68 7SV,£15–25k,769,Active,Spouse
CUST00202,53,Male,Birmingham,B23 2TM,<£15k,681,Active,Spouse
CUST00203,49,Male,Belfast,LS64 3HO,>£60k,624,Active,Spouse
CUST00204,37,Male,Glasgow,EH33 1ZO,£15–25k,762,Active,Spouse
CUST00205,21,Female,Glasgow,CF21 2OL,£25–40k,736,Active,Spouse
CUST00206,18,Male,Belfast,G82 7WI,>£60k,801,Active,Spouse
CUST00207,36,Female,Edinburgh,G26 7PD,£25–40k,723,Active,Spouse
CUST00208,46,Male,Leeds,BS74 6SJ,<£15k,709,Active,Spouse
CUST00209,49,Female,Glasgow,SW85 7IA,£15–25k,597,Active,Spouse
CUST00210,47,Female,Belfast,SW78 8JY,£25–40k,688,Active,Spouse
CUST00211,36,Male,Leeds,BT46 4UG,>£60k,653,Active,Spouse
CUST00212,47,Male,Belfast,G87 3UD,£25–40k,641,Active,Spouse
CUST00213,60,Male,London,G57 1SL,<£15k,728,Active,Spouse
CUST00214,48,Female,Birmingham,M38 6XN,£40–60k,758,Active,Spouse
CUST00215,18,Female,Birmingham,LS17 9LQ,<£15k,623,Active,Spouse
CUST00216,52,Male,Cardiff,G22 5PZ,£25–40k,656,Active,Spouse
CUST00217,35,Male,Glasgow,L15 8CE,£15–25k,615,Active,Spouse
CUST00218,30,Female,Leeds,BS72 6CZ,£25–40k,763,Active,Spouse
CUST00219,52,Female,Bristol,SW34 9DO,£15–25k,711,Active,Spouse
CUST00220,36,Female,Liverpool,G75 7UL,£25–40k,707,Active,Spouse
CUST00221,62,Male,Manchester,LS61 1TR,<£15k,657,Active,Spouse
CUST00222,44,Female,Liverpool,BT29 2UO,£25–40k,806,Active,Spouse
CUST00223,55,Female,Glasgow,BS15 3BB,£40–60k,666,Active,Spouse
CUST00224,54,Male,Glasgow,EH15 2HR,<£15k,605,Active,Spouse
CUST00225,43,Male,Birmingham,BS59 6VX,£25–40k,737,Active,Spouse
CUST00226,50,Female,Cardiff,BS76 3NU,£40–60k,736,Active,Spouse
CUST00227,57,Male,Manchester,EH79 7IB,£25–40k,727,Active,Spouse
CUST00228,51,Male,Liverpool,LS57 8HL,£25–40k,712,Active,Spouse
CUST00229,28,Female,Manchester,L70 6BM,>£60k,763,Active,Spouse
CUST00230,44,Female,Glasgow,LS16 8CV,£40–60k,740,Active,Spouse
CUST00231,59,Male,Leeds,BT3 1ZK,£25–40k,669,Active,Spouse
CUST00232,38,Male,Leeds,B73 4CY,£40–60k,681,Active,Spouse
CUST00233,63,Male,Cardiff,LS76 4HK,£15–25k,646,Active,Spouse
CUST00234,66,Male,Birmingham,BT1 5EE,£25–40k,711,Active,Spouse
CUST00235,49,Male,Cardiff,G23 2VA,<£15k,753,Active,Spouse
CUST00236,46,Female,Birmingham,SW46 4SK,£40–60k,763,Active,Spouse
CUST00237,37,Male,London,B34 1EX,£25–40k,784,Active,Spouse
CUST00238,38,Male,Bristol,CF15 2PO,£40–60k,787,Active,Spouse
CUST00239,38,Male,Liverpool,CF76 2OQ,£15–25k,683,Active,Spouse
CUST00240,29,Male,Leeds,BT6 9JO,<£15k,653,Active,Spouse
CUST00241,44,Male,London,SW62 7NV,£40–60k,714,Active,Spouse
CUST00242,59,Female,Manchester,EH92 8CC,£25–40k,687,Active,Spouse
CUST00243,28,Other,Liverpool,BT19 2EI,£15–25k,722,Active,Spouse
CUST00244,47,Female,Belfast,BT71 6MT,£25–40k,729,Active,Spouse
CUST00245,35,Male,Cardiff,G59 9TN,<£15k,668,Active,Spouse
CUST00246,35,Male,Manchester,M84 9XG,>£60k,771,Active,Spouse
CUST00247,66,Female,Bristol,EH30 7KO,<£15k,665,Active,Spouse
CUST00248,36,Male,Bristol,BS94 2KN,£25–40k,737,Active,Spouse
CUST00249,68,Male,Liverpool,G48 3VP,>£60k,807,Active,Spouse
CUST00250,35,Female,Manchester,M11 2ND,>£60k,676,Active,Spouse
CUST00251,49,Female,Liverpool,B72 1SR,£25–40k,720,Active,Spouse
CUST00252,42,Male,Cardiff,L86 2NL,£15–25k,652,Active,Spouse
CUST00253,44,Male,Bristol,SW37 5LD,£15–25k,807,Active,Spouse
CUST00254,37,Female,Belfast,CF28 3VP,£25–40k,713,Active,Spouse
CUST00255,82,Female,Leeds,M45 9LD,£15–25k,668,Active,Spouse
CUST00256,55,Male,Glasgow,BT29 7RY,>£60k,810,Active,Spouse
CUST00257,53,Female,Belfast,BT87 9AT,>£60k,766,Active,Spouse
CUST00258,57,Female,Glasgow,SW24 5WY,£40–60k,730,Active,Spouse
CUST00259,65,Male,Glasgow,L45 1FE,>£60k,738,Active,Spouse
CUST00260,42,Male,Belfast,BS9 3XU,£40–60k,708,Active,Spouse
CUST00261,50,Female,London,M96 9GM,£25–40k,676,Active,Spouse
CUST00262,47,Female,Bristol,EH44 3LJ,£15–25k,702,Active,Spouse
CUST00263,54,Female,Liverpool,BT77 2BE,<£15k,829,Active,Spouse
CUST00264,48,Female,Birmingham,BT7 2IO,£15–25k,794,Active,Spouse
CUST00265,54,Male,Bristol,EH78 8NI,>£60k,711,Active,Spouse
CUST00266,38,Male,Leeds,CF15 6ND,£40–60k,711,Active,Spouse
CUST00267,46,Male,Glasgow,BT63 9VJ,£25–40k,657,Active,Spouse
CUST00268,36,Female,London,LS51 1AG,<£15k,722,Active,Spouse
CUST00269,68,Female,Glasgow,LS99 3YI,£25–40k,696,Active,Spouse
CUST00270,23,Male,Glasgow,L16 1PX,£40–60k,568,Active,Spouse
CUST00271,29,Male,Bristol,B17 7RW,£40–60k,742,Active,Spouse
CUST00272,25,Female,Leeds,CF72 6CM,<£15k,752,Active,Spouse
CUST00273,54,Male,London,BS3 8CK,£25–40k,694,Active,Spouse
CUST00274,22,Female,Belfast,BS74 7WU,£25–40k,658,Active,Spouse
CUST00275,41,Male,Bristol,G15 7AK,<£15k,721,Active,Spouse
CUST00276,26,Female,Birmingham,BT59 6CN,£25–40k,786,Active,Spouse
CUST00277,50,Female,Manchester,LS56 7QC,£40–60k,727,Active,Spouse
CUST00278,54,Male,Bristol,G96 6HK,<£15k,779,Active,Spouse
CUST00279,47,Female,Birmingham,M66 2QQ,£25–40k,742,Active,Spouse
CUST00280,34,Male,Leeds,L45 3HD,£25–40k,808,Active,Spouse
CUST00281,46,Male,Birmingham,G26 3TE,£40–60k,659,Active,Spouse
CUST00282,38,Male,Manchester,B99 8OY,<£15k,586,Active,Spouse
CUST00283,38,Female,Belfast,BT58 6UK,£15–25k,554,Active,Spouse
CUST00284,56,Female,Birmingham,EH9 8OU,<£15k,725,Active,Spouse
CUST00285,30,Male,Glasgow,G76 1LQ,>£60k,697,Active,Spouse
CUST00286,44,Female,Manchester,G60 8BB,£40–60k,630,Active,Spouse
CUST00287,41,Male,Liverpool,G10 2TT,£25–40k,701,Active,Spouse
CUST00288,41,Male,Cardiff,BS60 9ZX,<£15k,659,Active,Spouse
CUST00289,29,Female,London,EH74 4KT,£40–60k,683,Active,Spouse
CUST00290,36,Male,Edinburgh,CF20 1OD,<£15k,734,Active,Spouse
CUST00291,65,Male,Liverpool,M65 3BH,>£60k,755,Active,Spouse
CUST00292,45,Female,Edinburgh,EH68 9TF,>£60k,661,Active,Spouse
CUST00293,58,Male,Liverpool,L37 7NY,£40–60k,738,Active,Spouse
CUST00294,64,Male,Liverpool,BT7 6CK,£25–40k,711,Active,Spouse
CUST00295,71,Male,Manchester,CF87 7JI,<£15k,711,Active,Spouse
CUST00296,35,Female,Belfast,B43 2SV,£15–25k,670,Active,Spouse
CUST00297,52,Female,Birmingham,L40 7ET,£25–40k,665,Active,Spouse
CUST00298,70,Male,Manchester,G72 7UZ,>£60k,726,Active,Spouse
CUST00299,45,Male,Liverpool,B86 9CU,£40–60k,707,Active,Spouse
CUST00300,41,Female,Bristol,CF47 1LJ,£40–60k,599,Active,Spouse
CUST00301,37,Male,Birmingham,LS44 8GH,£15–25k,794,Active,Spouse
CUST00302,48,Male,Birmingham,B10 5ZD,£40–60k,762,Active,Spouse
CUST00303,61,Female,Cardiff,CF95 9BV,£25–40k,697,Active,Spouse
CUST00304,54,Female,Liverpool,BT17 7EF,£15–25k,605,Active,Spouse
CUST00305,67,Female,Birmingham,BT22 8BN,<£15k,782,Active,Spouse
CUST00306,52,Male,Liverpool,LS57 5YX,£15–25k,715,Active,Spouse
CUST00307,44,Male,Edinburgh,LS69 4JZ,>£60k,770,Active,Spouse
CUST00308,56,Male,Edinburgh,LS48 8OY,£25–40k,529,Active,Spouse
CUST00309,39,Female,Glasgow,BS65 9NF,£15–25k,632,Active,Spouse
CUST00310,25,Female,Leeds,BT18 5BU,<£15k,769,Active,Spouse
CUST00311,44,Male,Edinburgh,L71 2WQ,<£15k,728,Active,Spouse
CUST00312,46,Male,Manchester,G11 3IO,£40–60k,623,Active,Spouse
CUST00313,21,Female,Cardiff,B56 2HO,£40–60k,674,Active,Spouse
CUST00314,39,Male,Liverpool,SW54 1MQ,£40–60k,679,Active,Spouse
CUST00315,40,Female,Liverpool,LS50 2LH,£40–60k,824,Active,Spouse
CUST00316,60,Male,London,L13 6ZE,<£15k,714,Active,Spouse
CUST00317,43,Female,Birmingham,SW37 8WE,>£60k,697,Active,Spouse
CUST00318,55,Male,Edinburgh,EH79 1CA,£25–40k,695,Active,Spouse
CUST00319,58,Male,Glasgow,LS20 9XT,£25–40k,720,Active,Spouse
CUST00320,76,Male,Cardiff,BS15 5HJ,<£15k,691,Active,Spouse
CUST00321,61,Male,Manchester,SW31 7UZ,£40–60k,637,Active,Spouse
CUST00322,35,Female,Belfast,EH9 2PT,<£15k,814,Active,Spouse
CUST00323,58,Female,Cardiff,SW81 9SH,£40–60k,729,Active,Spouse
CUST00324,81,Female,Birmingham,G55 1TL,£25–40k,696,Active,Spouse
CUST00325,61,Male,Leeds,BT54 3VV,£40–60k,771,Active,Spouse
CUST00326,69,Male,Manchester,CF47 2QR,£40–60k,631,Active,Spouse
CUST00327,44,Female,Cardiff,CF71 1MP,£40–60k,719,Active,Spouse
CUST00328,69,Female,London,BS48 5XA,£25–40k,727,Active,Spouse
CUST00329,62,Female,Liverpool,M45 4XV,£40–60k,626,Active,Spouse
CUST00330,40,Female,Manchester,BT95 6EB,<£15k,782,Active,Spouse
CUST00331,42,Male,Liverpool,CF44 3YV,£15–25k,700,Active,Spouse
CUST00332,68,Male,Edinburgh,EH81 3ZE,£25–40k,649,Active,Spouse
CUST00333,35,Male,Manchester,EH5 5GB,<£15k,620,Active,Spouse
CUST00334,69,Female,Leeds,SW41 5QM,£25–40k,760,Active,Spouse
CUST00335,59,Female,Cardiff,EH33 1YU,£25–40k,680,Active,Spouse
CUST00336,24,Female,Leeds,G46 1UK,£25–40k,601,Active,Spouse
CUST00337,65,Female,Glasgow,M48 7MX,£40–60k,733,Active,Spouse
CUST00338,56,Male,Edinburgh,BS44 3PW,>£60k,716,Active,Spouse
CUST00339,33,Male,Edinburgh,L67 5ZC,£15–25k,683,Active,Spouse
CUST00340,30,Female,Bristol,M56 3RJ,£25–40k,633,Active,Spouse
CUST00341,58,Female,Liverpool,M11 6VJ,£15–25k,605,Active,Spouse
CUST00342,30,Male,Glasgow,EH78 7FW,£40–60k,686,Active,Spouse
CUST00343,46,Female,Edinburgh,L58 1XL,<£15k,619,Active,Spouse
CUST00344,21,Female,Belfast,BS36 1CV,£25–40k,726,Active,Spouse
CUST00345,48,Male,Bristol,L66 3AE,£25–40k,781,Active,Spouse
CUST00346,46,Female,Belfast,EH5 3CH,>£60k,732,Active,Spouse
CUST00347,34,Female,Liverpool,L50 1TE,£25–40k,660,Active,Spouse
CUST00348,26,Female,Edinburgh,L48 8YC,£15–25k,658,Active,Spouse
CUST00349,40,Female,Belfast,B68 6MK,<£15k,774,Active,Spouse
CUST00350,32,Female,Glasgow,LS15 1XF,<£15k,828,Active,Spouse
CUST00351,54,Male,Edinburgh,CF50 9DI,<£15k,724,Active,Spouse
CUST00352,45,Female,Glasgow,EH28 5WP,£25–40k,691,Active,Spouse
CUST00353,36,Female,Leeds,M18 2OF,£25–40k,617,Active,Spouse
CUST00354,32,Male,Edinburgh,M88 6VL,£40–60k,798,Active,Spouse
CUST00355,53,Male,Manchester,CF70 5JF,<£15k,797,Active,Spouse
CUST00356,36,Male,Birmingham,L66 4DG,£15–25k,639,Active,Spouse
CUST00357,45,Male,Birmingham,LS64 1LR,£40–60k,653,Active,Spouse
CUST00358,48,Female,Belfast,L60 9ET,£40–60k,606,Active,Spouse
CUST00359,18,Male,Manchester,M40 7WX,£40–60k,722,Active,Spouse
CUST00360,70,Male,Edinburgh,CF53 7SC,<£15k,725,Active,Spouse
CUST00361,53,Male,Birmingham,L83 2OO,£40–60k,704,Active,Spouse
CUST00362,47,Male,Cardiff,L17 9US,£25–40k,615,Active,Spouse
CUST00363,33,Female,Birmingham,B56 9BD,£40–60k,774,Active,Spouse
CUST00364,28,Other,Cardiff,B39 3FK,>£60k,681,Active,Spouse
CUST00365,63,Female,Leeds,L67 5CI,£25–40k,708,Active,Spouse
CUST00366,47,Male,Leeds,CF36 3UJ,£40–60k,681,Active,Spouse
CUST00367,55,Male,Belfast,CF12 9UF,£15–25k,757,Active,Spouse
CUST00368,33,Male,Belfast,BT20 3VT,>£60k,620,Active,Spouse
CUST00369,18,Male,Belfast,L73 1AC,£25–40k,730,Active,Spouse
CUST00370,50,Female,London,BT34 4YS,£25–40k,849,Active,Spouse
CUST00371,46,Male,Bristol,BT82 1PU,>£60k,694,Active,Spouse
CUST00372,49,Female,Cardiff,G83 5PH,£15–25k,719,Active,Spouse
CUST00373,42,Male,Bristol,G59 2WB,£40–60k,654,Active,Spouse
CUST00374,45,Female,Birmingham,EH54 8OG,£40–60k,699,Active,Spouse
CUST00375,44,Female,Liverpool,BT19 6WK,£40–60k,749,Active,Spouse
CUST00376,45,Male,Liverpool,BS17 6QR,<£15k,621,Active,Spouse
CUST00377,35,Male,Manchester,L31 8DI,<£15k,688,Active,Spouse
CUST00378,45,Female,Edinburgh,LS19 2BJ,£25–40k,731,Active,Spouse
CUST00379,45,Male,Bristol,BT54 4FK,<£15k,581,Active,Spouse
CUST00380,26,Female,Belfast,L25 3PQ,£40–60k,735,Active,Spouse
CUST00381,41,Male,Edinburgh,EH40 8AC,>£60k,789,Active,Spouse
CUST00382,47,Female,Bristol,CF59 4GS,£15–25k,679,Active,Spouse
CUST00383,35,Female,Liverpool,SW7 5PT,<£15k,681,Active,Spouse
CUST00384,47,Female,Edinburgh,G69 1DN,£25–40k,700,Active,Spouse
CUST00385,59,Female,Birmingham,G94 6YM,£25–40k,610,Active,Spouse
CUST00386,24,Male,Liverpool,SW52 1SR,£25–40k,686,Active,Spouse
CUST00387,53,Female,Leeds,L71 5CM,<£15k,745,Active,Spouse
CUST00388,36,Male,Cardiff,EH98 9IT,£15–25k,544,Active,Spouse
CUST00389,36,Female,Belfast,M17 2ML,£15–25k,723,Active,Spouse
CUST00390,44,Male,Liverpool,CF47 3GT,£25–40k,734,Active,Spouse
CUST00391,62,Male,Cardiff,BS65 1BB,£25–40k,690,Active,Spouse
CUST00392,38,Female,Birmingham,L61 9OE,£25–40k,646,Active,Spouse
CUST00393,24,Male,Belfast,CF18 6TK,£40–60k,603,Active,Spouse
CUST00394,34,Female,Birmingham,BS79 5SK,£25–40k,762,Active,Spouse
CUST00395,55,Male,Cardiff,CF69 8WS,>£60k,670,Active,Spouse
CUST00396,77,Female,Glasgow,EH3 6KV,>£60k,663,Active,Spouse
CUST00397,64,Male,Manchester,BS75 5ZX,£25–40k,793,Active,Spouse
CUST00398,51,Female,London,BT61 5UZ,£40–60k,659,Active,Spouse
CUST00399,39,Male,Belfast,BT30 1SP,<£15k,711,Active,Spouse
CUST00400,24,Male,Birmingham,CF81 7EV,£40–60k,641,Active,Spouse
CUST00401,29,Male,Leeds,SW74 2GA,<£15k,732,Active,Spouse
CUST00402,62,Male,Edinburgh,L54 3NW,<£15k,743,Active,Spouse
CUST00403,59,Female,Leeds,BS65 8XX,£15–25k,654,Active,Spouse
CUST00404,40,Female,London,B67 4RK,£40–60k,684,Active,Spouse
CUST00405,51,Male,Edinburgh,CF49 6FO,>£60k,829,Active,Spouse
CUST00406,35,Female,Cardiff,L70 6VY,£25–40k,755,Active,Spouse
CUST00407,67,Female,Glasgow,BT62 4HI,£40–60k,730,Active,Spouse
CUST00408,39,Female,Cardiff,G29 5YJ,£15–25k,649,Active,Spouse
CUST00409,29,Male,Leeds,EH41 8LR,£25–40k,582,Active,Spouse
CUST00410,41,Female,Glasgow,G16 9MM,£25–40k,683,Active,Spouse
CUST00411,57,Female,Liverpool,B38 1JW,£40–60k,665,Active,Spouse
CUST00412,42,Female,Manchester,L57 5XP,£25–40k,716,Active,Spouse
CUST00413,52,Female,Leeds,LS69 5RW,£40–60k,744,Active,Spouse
CUST00414,47,Female,Glasgow,B14 4HB,>£60k,622,Active,Spouse
CUST00415,50,Female,Cardiff,LS82 4BD,£15–25k,660,Active,Spouse
CUST00416,63,Female,Bristol,L92 8DV,£25–40k,701,Active,Spouse
CUST00417,48,Male,Birmingham,SW71 3NU,£25–40k,850,Active,Spouse
CUST00418,56,Female,Edinburgh,EH84 4YJ,£40–60k,722,Active,Spouse
CUST00419,42,Male,Liverpool,G83 1YC,£15–25k,626,Active,Spouse
CUST00420,41,Female,Belfast,LS69 1FN,£15–25k,648,Active,Spouse
CUST00421,70,Female,Birmingham,SW51 8FX,<£15k,723,Active,Spouse
CUST00422,62,Female,Glasgow,SW2 5ST,<£15k,663,Active,Spouse
CUST00423,33,Female,Manchester,L37 8UR,£15–25k,738,Active,Spouse
CUST00424,31,Male,Cardiff,EH18 9OI,>£60k,673,Active,Spouse
CUST00425,70,Female,Leeds,M43 3XO,£25–40k,676,Active,Spouse
CUST00426,23,Female,Glasgow,B2 6ZJ,<£15k,594,Active,Spouse
CUST00427,22,Female,Belfast,LS23 7NQ,<£15k,775,Active,Spouse
CUST00428,36,Female,Liverpool,M52 2FE,<£15k,850,Active,Spouse
CUST00429,68,Female,Edinburgh,L32 1IM,£25–40k,820,Active,Spouse
CUST00430,60,Male,Leeds,EH97 5KJ,£40–60k,735,Active,Spouse
CUST00431,32,Male,Belfast,BT2 5UL,£15–25k,699,Active,Spouse
CUST00432,55,Female,Leeds,SW86 2OJ,£25–40k,757,Active,Spouse
CUST00433,27,Male,Birmingham,BS88 9WY,£25–40k,688,Active,Spouse
CUST00434,43,Female,Glasgow,M82 5LT,£40–60k,692,Active,Spouse
CUST00435,29,Female,Leeds,LS18 8EO,£40–60k,811,Active,Spouse
CUST00436,41,Female,Belfast,L54 9PY,£15–25k,642,Active,Spouse
CUST00437,73,Male,Cardiff,LS98 4VY,£15–25k,792,Active,Spouse
CUST00438,47,Male,Belfast,M68 8QW,>£60k,593,Active,Spouse
CUST00439,38,Female,Liverpool,M73 2BR,£40–60k,604,Active,Spouse
CUST00440,52,Male,Cardiff,LS74 9EF,£25–40k,668,Active,Spouse
CUST00441,44,Male,Liverpool,CF57 2VG,£40–60k,806,Active,Spouse
CUST00442,35,Female,Belfast,EH12 9OZ,<£15k,728,Active,Spouse
CUST00443,56,Female,London,EH17 9NO,<£15k,773,Active,Spouse
CUST00444,43,Male,Belfast,SW72 8VZ,£15–25k,687,Active,Spouse
CUST00445,41,Male,Glasgow,SW51 5AX,£40–60k,722,Active,Spouse
CUST00446,67,Male,Leeds,BT10 1NL,£25–40k,683,Active,Spouse
CUST00447,18,Male,Manchester,CF8 2PB,>£60k,753,Active,Spouse
CUST00448,46,Female,Glasgow,BS24 3YU,<£15k,730,Active,Spouse
CUST00449,21,Female,Bristol,L49 8MM,>£60k,668,Active,Spouse
CUST00450,56,Male,Manchester,CF18 6DF,£25–40k,624,Active,Spouse
CUST00451,51,Female,Cardiff,BS68 3XH,£15–25k,697,Active,Spouse
CUST00452,33,Female,London,SW39 8VX,£25–40k,651,Active,Spouse
CUST00453,29,Female,Cardiff,BS69 7HH,£40–60k,703,Active,Spouse
CUST00454,47,Female,Edinburgh,L20 5GX,<£15k,677,Active,Spouse
CUST00455,28,Male,Manchester,SW85 7TY,>£60k,524,Active,Spouse
CUST00456,51,Male,London,LS27 2DT,£25–40k,754,Active,Spouse
CUST00457,54,Male,London,EH77 1HX,£25–40k,823,Active,Spouse
CUST00458,42,Male,London,BS57 4RG,£40–60k,782,Active,Spouse
CUST00459,35,Male,London,B65 5HX,£15–25k,652,Active,Spouse
CUST00460,46,Male,Belfast,L74 6HJ,>£60k,797,Active,Spouse
CUST00461,40,Female,Birmingham,CF29 7JI,£40–60k,606,Active,Spouse
CUST00462,58,Female,London,CF76 3UV,£25–40k,695,Active,Spouse
CUST00463,49,Female,Bristol,CF64 1LU,£15–25k,654,Active,Spouse
CUST00464,46,Male,Bristol,CF41 7NE,£40–60k,613,Active,Spouse
CUST00465,73,Female,Glasgow,BS24 9PH,£15–25k,764,Active,Spouse
CUST00466,46,Male,Leeds,G91 3ZO,£40–60k,751,Active,Spouse
CUST00467,35,Female,London,CF53 7RQ,>£60k,761,Active,Spouse
CUST00468,39,Male,Birmingham,BS32 5GK,>£60k,675,Active,Spouse
CUST00469,30,Male,Manchester,EH48 2RX,£25–40k,725,Active,Spouse
CUST00470,45,Female,Leeds,SW35 7VT,£25–40k,784,Active,Spouse
CUST00471,29,Female,Belfast,SW10 4ZY,£25–40k,725,Active,Spouse
CUST00472,62,Female,Belfast,CF28 8GK,>£60k,850,Active,Spouse
CUST00473,47,Male,Glasgow,SW28 4XD,>£60k,678,Active,Spouse
CUST00474,47,Female,Edinburgh,LS90 4MH,£15–25k,779,Active,Spouse
CUST00475,64,Male,Cardiff,L37 7OR,£15–25k,692,Active,Spouse
CUST00476,64,Male,Liverpool,G34 6QP,<£15k,698,Active,Spouse
CUST00477,57,Male,Edinburgh,M93 8YK,£15–25k,732,Active,Spouse
CUST00478,39,Male,Leeds,L41 7BS,£40–60k,644,Active,Spouse
CUST00479,63,Male,Leeds,B3 5RS,£40–60k,791,Active,Spouse
CUST00480,51,Female,Belfast,BS38 3GK,<£15k,698,Active,Spouse
CUST00481,27,Female,Leeds,BS73 4PR,<£15k,771,Active,Spouse
CUST00482,49,Male,Liverpool,G98 8XU,£40–60k,684,Active,Spouse
CUST00483,58,Female,Edinburgh,EH22 6FE,£25–40k,619,Active,Spouse
CUST00484,29,Male,Cardiff,EH24 9UB,£15–25k,659,Active,Spouse
CUST00485,52,Female,Cardiff,SW10 1YA,£40–60k,710,Active,Spouse
CUST00486,54,Male,Bristol,B81 4CW,>£60k,766,Active,Spouse
CUST00487,55,Male,Birmingham,SW28 9OL,£25–40k,813,Active,Spouse
CUST00488,61,Female,London,BT82 8VP,£15–25k,692,Active,Spouse
CUST00489,36,Female,London,SW69 9NA,>£60k,694,Active,Spouse
CUST00490,55,Male,London,CF93 5RJ,>£60k,673,Active,Spouse
CUST00491,56,Male,London,CF90 7ZF,>£60k,736,Active,Spouse
CUST00492,30,Female,Manchester,M68 3HG,£15–25k,765,Active,Spouse
CUST00493,50,Male,Belfast,CF33 6IZ,£15–25k,810,Active,Spouse
CUST00494,44,Male,Bristol,M48 7OS,£25–40k,681,Active,Spouse
CUST00495,29,Female,Leeds,LS39 2UU,<£15k,635,Active,Spouse
CUST00496,59,Female,London,M52 7MR,<£15k,802,Active,Spouse
CUST00497,43,Female,Edinburgh,SW82 1WF,<£15k,689,Active,Spouse
CUST00498,46,Male,Manchester,EH56 6SD,£40–60k,769,Active,Spouse
CUST00499,31,Male,Cardiff,SW30 4WS,>£60k,714,Active,Spouse
CUST00500,59,Female,Edinburgh,G6 2VI,£25–40k,730,Active,Spouse
CUST00501,18,Male,Cardiff,BT85 1FK,£25–40k,740,Active,Spouse
CUST00502,52,Female,London,LS76 3YW,£25–40k,782,Active,Spouse
CUST00503,69,Female,Bristol,M39 3SH,£40–60k,778,Active,Spouse
CUST00504,46,Male,Belfast,BS87 9KM,£15–25k,603,Active,Spouse
CUST00505,77,Female,Birmingham,M65 6BD,£25–40k,689,Active,Spouse
CUST00506,45,Female,Bristol,LS10 6TY,<£15k,801,Active,Spouse
CUST00507,33,Male,Belfast,BT51 6AU,<£15k,620,Active,Spouse
CUST00508,38,Female,Glasgow,EH63 4LR,£15–25k,658,Active,Spouse
CUST00509,23,Female,Bristol,BS24 7CY,£15–25k,695,Active,Spouse
CUST00510,46,Male,Belfast,G32 2CI,<£15k,612,Active,Spouse
CUST00511,40,Female,Birmingham,BS92 3XM,£25–40k,654,Active,Spouse
CUST00512,18,Female,Liverpool,L14 2AJ,£15–25k,706,Active,Spouse
CUST00513,48,Male,Edinburgh,L98 5DE,£15–25k,654,Active,Spouse
CUST00514,61,Female,Manchester,B56 8RR,£40–60k,701,Active,Spouse
CUST00515,34,Male,Cardiff,BS14 1CL,£25–40k,609,Active,Spouse
CUST00516,49,Female,Cardiff,M77 6MA,£15–25k,730,Active,Spouse
CUST00517,37,Male,Glasgow,BS50 2XR,<£15k,708,Active,Spouse
CUST00518,69,Male,Leeds,BT67 3VM,£15–25k,753,Active,Spouse
CUST00519,18,Male,Birmingham,B35 5IP,£25–40k,656,Active,Spouse
CUST00520,43,Male,Birmingham,M22 7IN,£15–25k,704,Active,Spouse
CUST00521,47,Female,Glasgow,EH10 6IH,£15–25k,726,Active,Spouse
CUST00522,43,Female,Edinburgh,BT79 4OD,>£60k,701,Active,Spouse
CUST00523,59,Female,Birmingham,G1 7KT,<£15k,717,Active,Spouse
CUST00524,27,Male,Bristol,L57 6NU,£25–40k,706,Active,Spouse
CUST00525,43,Female,Belfast,B39 6TW,<£15k,587,Active,Spouse
CUST00526,47,Male,Leeds,EH41 3MK,£40–60k,638,Active,Spouse
CUST00527,59,Female,Glasgow,EH74 4KM,£25–40k,725,Active,Spouse
CUST00528,27,Male,Glasgow,BS47 2SG,£40–60k,755,Active,Spouse
CUST00529,65,Female,Belfast,CF24 9AX,>£60k,684,Active,Spouse
CUST00530,42,Male,Edinburgh,LS57 5WC,£25–40k,748,Active,Spouse
CUST00531,64,Female,Bristol,EH18 5HI,£40–60k,600,Active,Spouse
CUST00532,28,Male,Birmingham,BS49 2OT,<£15k,675,Active,Spouse
CUST00533,40,Male,Edinburgh,BT52 9QW,<£15k,746,Active,Spouse
CUST00534,64,Male,Bristol,CF5 6WZ,<£15k,783,Active,Spouse
CUST00535,19,Female,Cardiff,BT82 2DY,£25–40k,651,Active,Spouse
CUST00536,26,Female,Leeds,L22 1SU,£25–40k,664,Active,Spouse
CUST00537,32,Male,Bristol,L56 2AD,<£15k,725,Active,Spouse
CUST00538,53,Male,Glasgow,LS66 9RS,<£15k,700,Active,Spouse
CUST00539,43,Male,Belfast,LS58 6MO,<£15k,677,Active,Spouse
CUST00540,41,Male,Belfast,CF20 6AP,>£60k,795,Active,Spouse
CUST00541,55,Female,Manchester,G54 2DX,£40–60k,679,Active,Spouse
CUST00542,43,Male,Birmingham,L40 6OZ,£15–25k,726,Active,Spouse
CUST00543,27,Female,Leeds,CF62 6PD,£25–40k,708,Active,Spouse
CUST00544,54,Male,Edinburgh,EH41 2JB,£15–25k,730,Active,Spouse
CUST00545,33,Male,Manchester,SW44 2VZ,£15–25k,662,Active,Spouse
CUST00546,18,Female,Birmingham,LS67 3RF,<£15k,744,Active,Spouse
CUST00547,76,Male,Liverpool,CF55 8HZ,£25–40k,644,Active,Spouse
CUST00548,61,Female,Bristol,B24 7MA,£15–25k,817,Active,Spouse
CUST00549,38,Male,Belfast,LS58 7MA,£25–40k,693,Active,Spouse
CUST00550,48,Female,Leeds,LS36 2SD,>£60k,728,Active,Spouse
CUST00551,49,Male,Cardiff,B47 6GO,£40–60k,676,Active,Spouse
CUST00552,54,Female,Manchester,G86 8QU,<£15k,677,Active,Spouse
CUST00553,50,Male,Liverpool,BT50 7SD,>£60k,698,Active,Spouse
CUST00554,18,Male,Liverpool,L59 3VW,£15–25k,775,Active,Spouse
CUST00555,36,Female,Glasgow,BT76 2VE,£25–40k,782,Active,Spouse
CUST00556,60,Female,Liverpool,M31 5DF,£25–40k,713,Active,Spouse
CUST00557,52,Female,Liverpool,B66 7NT,>£60k,738,Active,Spouse
CUST00558,42,Female,Birmingham,BT50 7FP,£25–40k,690,Active,Spouse
CUST00559,53,Female,Cardiff,B72 3PJ,>£60k,523,Active,Spouse
CUST00560,44,Female,Birmingham,B41 8TB,£40–60k,676,Active,Spouse
CUST00561,33,Male,Liverpool,SW63 3GM,£15–25k,724,Active,Spouse
CUST00562,35,Male,Cardiff,CF84 8NV,>£60k,751,Active,Spouse
CUST00563,59,Male,Edinburgh,BS91 8PF,<£15k,730,Active,Spouse
CUST00564,55,Female,Manchester,BT4 4JB,<£15k,730,Active,Spouse
CUST00565,57,Female,Glasgow,LS69 5FY,£40–60k,745,Active,Spouse
CUST00566,50,Male,Edinburgh,BT96 8RQ,£25–40k,764,Active,Spouse
CUST00567,42,Male,Manchester,BT15 5YR,<£15k,655,Active,Spouse
CUST00568,33,Female,Liverpool,CF97 1YX,>£60k,681,Active,Spouse
CUST00569,18,Male,Edinburgh,CF28 7DX,£25–40k,712,Active,Spouse
CUST00570,54,Male,Leeds,G5 8IL,<£15k,756,Active,Spouse
CUST00571,20,Male,Manchester,EH16 4GZ,£15–25k,654,Active,Spouse
CUST00572,57,Male,Belfast,L91 7FT,£25–40k,688,Active,Spouse
CUST00573,54,Female,Birmingham,LS27 1SL,£25–40k,625,Active,Spouse
CUST00574,65,Male,Cardiff,G77 9FK,>£60k,621,Active,Spouse
CUST00575,18,Female,Glasgow,G74 5QV,£25–40k,711,Active,Spouse
CUST00576,48,Male,Manchester,B97 7BI,£40–60k,670,Active,Spouse
CUST00577,52,Female,Birmingham,B32 3WK,£25–40k,730,Active,Spouse
CUST00578,50,Male,Leeds,BS63 3SU,£25–40k,669,Active,Spouse
CUST00579,34,Female,Glasgow,BS49 8CU,<£15k,675,Active,Spouse
CUST00580,32,Male,Manchester,BS66 5WL,£25–40k,767,Active,Spouse
CUST00581,40,Female,Edinburgh,EH42 1YX,<£15k,709,Active,Spouse
CUST00582,57,Male,Manchester,EH82 6CZ,<£15k,647,Active,Spouse
CUST00583,24,Female,Cardiff,BS28 7GP,£15–25k,650,Active,Spouse
CUST00584,48,Male,Glasgow,L37 6RS,>£60k,711,Active,Spouse
CUST00585,50,Male,Birmingham,BT63 6VY,£40–60k,693,Active,Spouse
CUST00586,18,Female,London,SW13 8AD,£40–60k,691,Active,Spouse
CUST00587,59,Female,Birmingham,EH59 1NG,£40–60k,774,Active,Spouse
CUST00588,46,Male,Birmingham,G21 5CU,<£15k,711,Active,Spouse
CUST00589,54,Male,Liverpool,G11 6VU,£15–25k,772,Active,Spouse
CUST00590,45,Male,Birmingham,SW51 5XW,£25–40k,736,Active,Spouse
CUST00591,36,Male,Leeds,BS84 2WD,<£15k,626,Active,Spouse
CUST00592,38,Female,London,LS62 2ES,>£60k,787,Active,Spouse
CUST00593,54,Male,Leeds,CF88 8AA,>£60k,631,Active,Spouse
CUST00594,55,Female,Liverpool,M55 3PC,£15–25k,635,Active,Spouse
CUST00595,50,Female,Leeds,BS12 2DK,£15–25k,645,Active,Spouse
CUST00596,27,Female,Liverpool,G18 7YY,<£15k,798,Active,Spouse
CUST00597,40,Male,Birmingham,B9 9SA,<£15k,736,Active,Spouse
CUST00598,45,Male,Belfast,B57 6XG,£40–60k,639,Active,Spouse
CUST00599,41,Female,Birmingham,BS79 8GC,£25–40k,640,Active,Spouse
CUST00600,81,Male,Manchester,B97 2SX,£25–40k,747,Active,Spouse
CUST00601,45,Female,Bristol,L55 6ZE,£15–25k,732,Active,Spouse
CUST00602,55,Female,Leeds,G83 2HR,>£60k,743,Active,Spouse
CUST00603,55,Male,Belfast,BT93 5YW,£15–25k,735,Active,Spouse
CUST00604,46,Male,London,G27 9TQ,£15–25k,792,Active,Spouse
CUST00605,47,Female,Leeds,BS38 1ZZ,<£15k,703,Active,Spouse
CUST00606,47,Female,Leeds,EH50 2HP,£25–40k,714,Active,Spouse
CUST00607,20,Male,Belfast,M68 1LK,£15–25k,650,Active,Spouse
CUST00608,43,Female,Birmingham,BS73 7LR,£25–40k,601,Active,Spouse
CUST00609,45,Female,Birmingham,EH99 2AS,<£15k,713,Active,Spouse
CUST00610,26,Male,Manchester,SW34 4BB,<£15k,663,Active,Spouse
CUST00611,64,Female,Bristol,CF37 9YN,<£15k,733,Active,Spouse
CUST00612,52,Male,Bristol,BS11 9RT,£40–60k,768,Active,Spouse
CUST00613,32,Female,Birmingham,G11 5CQ,£15–25k,624,Active,Spouse
CUST00614,59,Female,Leeds,B69 6MS,<£15k,695,Active,Spouse
CUST00615,32,Male,Manchester,G90 7XH,>£60k,825,Active,Spouse
CUST00616,20,Female,London,LS12 7DO,£40–60k,711,Active,Spouse
CUST00617,42,Female,Belfast,BT8 5VX,£25–40k,678,Active,Spouse
CUST00618,18,Male,Birmingham,M2 3WA,<£15k,792,Active,Spouse
CUST00619,23,Male,Birmingham,EH45 9QZ,£40–60k,684,Active,Spouse
CUST00620,38,Female,Glasgow,B48 3XY,<£15k,735,Active,Spouse
CUST00621,21,Male,Glasgow,M99 1KZ,£25–40k,727,Active,Spouse
CUST00622,47,Female,Bristol,G68 2IW,<£15k,660,Active,Spouse
CUST00623,51,Female,Belfast,M64 8QL,<£15k,701,Active,Spouse
CUST00624,72,Male,London,EH73 3LF,£25–40k,688,Active,Spouse
CUST00625,30,Female,Glasgow,M74 2HX,£40–60k,728,Active,Spouse
CUST00626,40,Male,Cardiff,SW6 1HB,£15–25k,699,Active,Spouse
CUST00627,26,Male,Edinburgh,L50 3FB,£40–60k,736,Active,Spouse
CUST00628,37,Male,Cardiff,BS29 6HN,<£15k,715,Active,Spouse
CUST00629,76,Male,Liverpool,G10 6DQ,£15–25k,685,Active,Spouse
CUST00630,56,Other,London,B29 9BM,<£15k,689,Active,Spouse
CUST00631,35,Male,Manchester,EH37 5KC,£40–60k,779,Active,Spouse
CUST00632,18,Female,Cardiff,EH2 6GJ,£15–25k,760,Active,Spouse
CUST00633,18,Female,Belfast,G95 4OL,£15–25k,753,Active,Spouse
CUST00634,45,Male,Belfast,EH99 4XR,<£15k,642,Active,Spouse
CUST00635,38,Female,Leeds,B1 7AH,£25–40k,741,Active,Spouse
CUST00636,74,Female,Cardiff,L82 1KA,£40–60k,606,Active,Spouse
CUST00637,31,Female,Bristol,G14 4QH,>£60k,620,Active,Spouse
CUST00638,42,Female,Bristol,EH8 3WI,£25–40k,755,Active,Spouse
CUST00639,23,Female,Manchester,SW30 9NW,<£15k,699,Active,Spouse
CUST00640,58,Male,Liverpool,EH96 2SD,<£15k,674,Active,Spouse
CUST00641,18,Female,Cardiff,B82 7CS,£40–60k,711,Active,Spouse
CUST00642,63,Female,Belfast,SW56 3HJ,£40–60k,635,Active,Spouse
CUST00643,18,Male,Glasgow,L51 6KO,<£15k,719,Active,Spouse
CUST00644,50,Male,Glasgow,LS10 4EY,£25–40k,670,Active,Spouse
CUST00645,34,Female,Belfast,M20 2FO,£15–25k,702,Active,Spouse
CUST00646,28,Male,Edinburgh,L53 2RL,<£15k,634,Active,Spouse
CUST00647,55,Female,Leeds,EH40 8ID,£40–60k,631,Active,Spouse
CUST00648,19,Male,Manchester,B88 5WW,£40–60k,659,Active,Spouse
CUST00649,38,Male,Belfast,SW28 6EC,>£60k,727,Active,Spouse
CUST00650,36,Female,Leeds,L51 9BV,£40–60k,785,Active,Spouse
CUST00651,46,Female,Glasgow,G23 1MO,<£15k,651,Active,Spouse
CUST00652,51,Female,Cardiff,CF32 2OD,<£15k,784,Active,Spouse
CUST00653,54,Male,Birmingham,M2 1YH,£40–60k,609,Active,Spouse
CUST00654,39,Female,Birmingham,LS52 6VU,£25–40k,715,Active,Spouse
CUST00655,54,Female,Manchester,BT76 5CA,£40–60k,689,Active,Spouse
CUST00656,40,Female,Manchester,LS83 8ZE,£40–60k,807,Active,Spouse
CUST00657,54,Male,Manchester,L16 1OB,£40–60k,725,Active,Spouse
CUST00658,36,Male,Birmingham,BT56 7PA,>£60k,633,Active,Spouse
CUST00659,51,Female,Bristol,BS23 6GF,£25–40k,746,Active,Spouse
CUST00660,44,Male,Glasgow,G58 3BT,<£15k,740,Active,Spouse
CUST00661,55,Male,Belfast,BT32 5PN,<£15k,750,Active,Spouse
CUST00662,22,Female,Cardiff,EH8 2IM,£40–60k,678,Active,Spouse
CUST00663,52,Male,Birmingham,BS26 9HU,£25–40k,702,Active,Spouse
CUST00664,55,Male,Cardiff,SW49 6PR,£40–60k,725,Active,Spouse
CUST00665,18,Male,Edinburgh,L73 9KM,>£60k,765,Active,Spouse
CUST00666,37,Male,Glasgow,B4 6TH,>£60k,648,Active,Spouse
CUST00667,60,Male,London,G8 8QL,£25–40k,737,Active,Spouse
CUST00668,63,Female,Belfast,LS21 2HV,<£15k,715,Active,Spouse
CUST00669,39,Female,Leeds,G69 1YH,£15–25k,708,Active,Spouse
CUST00670,29,Female,Belfast,BS46 3FH,£15–25k,618,Active,Spouse
CUST00671,35,Male,Belfast,L95 6SA,£40–60k,792,Active,Spouse
CUST00672,36,Female,Liverpool,BT73 3SG,£15–25k,597,Active,Spouse
CUST00673,42,Female,Edinburgh,CF40 3PB,£25–40k,667,Active,Spouse
CUST00674,61,Male,Manchester,SW30 4AQ,£25–40k,786,Active,Spouse
CUST00675,38,Male,Edinburgh,SW43 4ZE,£15–25k,715,Active,Spouse
CUST00676,50,Male,Liverpool,B42 1AE,£25–40k,697,Active,Spouse
CUST00677,41,Female,Belfast,B15 9LC,£40–60k,644,Active,Spouse
CUST00678,18,Male,Liverpool,BS76 2KJ,£15–25k,644,Active,Spouse
CUST00679,43,Male,Liverpool,B21 7ZU,£15–25k,613,Active,Spouse
CUST00680,48,Female,Edinburgh,L23 9WT,<£15k,704,Active,Spouse
CUST00681,36,Female,Liverpool,LS86 3MJ,£25–40k,683,Active,Spouse
CUST00682,25,Male,Glasgow,B23 1WS,>£60k,749,Active,Spouse
CUST00683,57,Female,Bristol,BT5 3TK,£25–40k,631,Active,Spouse
CUST00684,28,Female,Belfast,LS82 2PE,>£60k,644,Active,Spouse
CUST00685,53,Male,Liverpool,M31 6KF,£25–40k,720,Active,Spouse
CUST00686,60,Male,Manchester,L58 1IG,<£15k,770,Active,Spouse
CUST00687,22,Male,Leeds,M45 5ZD,>£60k,730,Active,Spouse
CUST00688,61,Male,London,SW50 8XN,£40–60k,679,Active,Spouse
CUST00689,44,Male,Birmingham,BS64 7LR,£40–60k,689,Active,Spouse
CUST00690,43,Male,Bristol,M62 4FO,£25–40k,749,Active,Spouse
CUST00691,71,Female,Manchester,SW38 1KI,£15–25k,782,Active,Spouse
CUST00692,37,Male,Manchester,M44 3MF,>£60k,715,Active,Spouse
CUST00693,33,Male,Manchester,CF12 6TT,£15–25k,658,Active,Spouse
CUST00694,43,Female,Edinburgh,SW56 3TN,£25–40k,657,Active,Spouse
CUST00695,36,Female,Birmingham,SW13 6GG,£40–60k,714,Active,Spouse
CUST00696,52,Female,Bristol,CF93 9IV,£25–40k,728,Active,Spouse
CUST00697,52,Female,Glasgow,G31 2BM,£40–60k,625,Active,Spouse
CUST00698,33,Male,Belfast,CF63 3BL,>£60k,702,Active,Spouse
CUST00699,61,Male,London,BS12 5VU,£15–25k,841,Active,Spouse
CUST00700,49,Female,Belfast,EH26 2AG,£25–40k,743,Active,Spouse
CUST00701,24,Female,Birmingham,G11 8DJ,£25–40k,741,Active,Spouse
CUST00702,74,Female,Bristol,EH63 5CU,<£15k,654,Active,Spouse
CUST00703,36,Male,Cardiff,BS24 6ML,<£15k,751,Active,Spouse
CUST00704,45,Male,Birmingham,EH6 5OO,£25–40k,584,Active,Spouse
CUST00705,37,Female,Glasgow,LS35 1EY,£15–25k,786,Active,Spouse
CUST00706,40,Male,Manchester,M86 6ZR,<£15k,683,Active,Spouse
CUST00707,56,Female,Bristol,BT30 9BM,£40–60k,720,Active,Spouse
CUST00708,40,Male,Cardiff,BS69 8SH,£15–25k,663,Active,Spouse
CUST00709,89,Male,Edinburgh,G11 7WB,£15–25k,774,Active,Spouse
CUST00710,52,Male,Cardiff,BT67 3DY,>£60k,732,Active,Spouse
CUST00711,43,Male,Edinburgh,B22 4ZG,£25–40k,719,Active,Spouse
CUST00712,41,Female,Birmingham,SW55 2VN,£25–40k,648,Active,Spouse
CUST00713,50,Female,Leeds,B77 5KX,£40–60k,681,Active,Spouse
CUST00714,51,Male,Manchester,M50 9MR,£25–40k,736,Active,Spouse
CUST00715,52,Male,Liverpool,G67 8AZ,£40–60k,644,Active,Spouse
CUST00716,38,Male,Belfast,BT67 7DN,<£15k,682,Active,Spouse
CUST00717,59,Female,Birmingham,B73 2DS,<£15k,755,Active,Spouse
CUST00718,34,Male,Manchester,G69 6NI,£15–25k,624,Active,Spouse
CUST00719,81,Male,Bristol,EH74 8BF,<£15k,725,Active,Spouse
CUST00720,24,Male,Glasgow,BS19 7BM,>£60k,666,Active,Spouse
CUST00721,60,Male,Liverpool,LS7 8IL,£25–40k,825,Active,Spouse
CUST00722,73,Female,London,L39 5IP,<£15k,723,Active,Spouse
CUST00723,18,Female,Manchester,LS18 5XO,£25–40k,700,Active,Spouse
CUST00724,29,Female,Liverpool,G94 7TU,<£15k,705,Active,Spouse
CUST00725,31,Female,Manchester,LS57 4NX,£15–25k,675,Active,Spouse
CUST00726,57,Male,Edinburgh,CF48 1QZ,£25–40k,685,Active,Spouse
CUST00727,40,Female,Birmingham,M40 9ME,<£15k,696,Active,Spouse
CUST00728,84,Female,Cardiff,BT4 3GG,£40–60k,633,Active,Spouse
CUST00729,49,Female,London,LS5 8BL,£40–60k,805,Active,Spouse
CUST00730,44,Male,Leeds,G48 8QM,£40–60k,773,Active,Spouse
CUST00731,25,Female,Manchester,SW31 6PT,>£60k,687,Active,Spouse
CUST00732,32,Male,Edinburgh,B61 9LL,£40–60k,696,Active,Spouse
CUST00733,44,Male,Birmingham,G96 2JA,>£60k,703,Active,Spouse
CUST00734,57,Female,Bristol,SW21 4HU,<£15k,565,Active,Spouse
CUST00735,35,Male,Leeds,LS35 7QA,£40–60k,712,Active,Spouse
CUST00736,18,Male,London,EH17 3TZ,£15–25k,737,Active,Spouse
CUST00737,35,Male,London,LS33 5WW,£25–40k,688,Active,Spouse
CUST00738,58,Female,Glasgow,BS49 6OI,<£15k,776,Active,Spouse
CUST00739,54,Male,Leeds,EH39 9TM,<£15k,631,Active,Spouse
CUST00740,53,Female,Belfast,M1 9VL,<£15k,740,Active,Spouse
CUST00741,51,Female,Cardiff,BT78 5JV,£40–60k,787,Active,Spouse
CUST00742,46,Male,Manchester,EH9 6IU,£40–60k,784,Active,Spouse
CUST00743,66,Male,Liverpool,G34 5GE,<£15k,741,Active,Spouse
CUST00744,49,Female,Cardiff,LS8 7VK,£40–60k,727,Active,Spouse
CUST00745,70,Female,Birmingham,SW84 8JI,£25–40k,764,Active,Spouse
CUST00746,29,Male,Bristol,BS50 1SW,£40–60k,723,Active,Spouse
CUST00747,32,Male,Belfast,LS44 4VR,£15–25k,660,Active,Spouse
CUST00748,39,Female,Edinburgh,L65 5FV,£25–40k,615,Active,Spouse
CUST00749,31,Female,Cardiff,B38 2PE,£40–60k,791,Active,Spouse
CUST00750,35,Female,Glasgow,CF98 3VK,£15–25k,751,Active,Spouse
CUST00751,47,Male,Manchester,LS46 4XJ,£15–25k,733,Active,Spouse
CUST00752,53,Male,Bristol,L48 5SJ,£25–40k,643,Active,Spouse
CUST00753,57,Female,Edinburgh,M61 1US,£40–60k,626,Active,Spouse
CUST00754,34,Male,Belfast,BT10 8GQ,£40–60k,734,Active,Spouse
CUST00755,29,Male,Manchester,BS68 5NB,£15–25k,582,Active,Spouse
CUST00756,50,Male,Birmingham,B26 6NS,£40–60k,606,Active,Spouse
CUST00757,55,Female,Edinburgh,B41 3YC,£15–25k,681,Active,Spouse
CUST00758,50,Male,Edinburgh,L81 3KU,£25–40k,718,Active,Spouse
CUST00759,56,Female,London,SW58 5GY,>£60k,736,Active,Spouse
CUST00760,29,Male,Birmingham,BT98 3PZ,£15–25k,685,Active,Spouse
CUST00761,50,Male,Manchester,B79 7UN,£40–60k,785,Active,Spouse
CUST00762,54,Female,Bristol,BS62 7AB,<£15k,779,Active,Spouse
CUST00763,50,Female,Cardiff,LS94 6AK,£25–40k,765,Active,Spouse
CUST00764,48,Female,Cardiff,LS3 1UX,>£60k,762,Active,Spouse
CUST00765,39,Female,Leeds,LS89 6JE,£15–25k,793,Active,Spouse
CUST00766,52,Female,Manchester,BS65 5FC,>£60k,616,Active,Spouse
CUST00767,50,Male,London,G38 8XQ,>£60k,573,Active,Spouse
CUST00768,54,Female,Belfast,CF44 7VE,<£15k,753,Active,Spouse
CUST00769,74,Female,Liverpool,EH46 4FZ,£15–25k,669,Active,Spouse
CUST00770,74,Female,Bristol,SW30 4XE,£25–40k,700,Active,Spouse
CUST00771,33,Female,Leeds,SW76 9FD,£25–40k,670,Active,Spouse
CUST00772,53,Male,Liverpool,SW49 5YR,£40–60k,647,Active,Spouse
CUST00773,39,Male,Belfast,SW77 1VD,£40–60k,720,Active,Spouse
CUST00774,68,Female,London,SW89 2NO,£40–60k,751,Active,Spouse
CUST00775,45,Male,Bristol,M71 5PW,£25–40k,733,Active,Spouse
CUST00776,48,Male,Birmingham,LS89 1JN,>£60k,630,Active,Spouse
CUST00777,71,Male,Manchester,CF35 3ND,<£15k,794,Active,Spouse
CUST00778,43,Male,Cardiff,BT16 5DZ,£25–40k,672,Active,Spouse
CUST00779,28,Female,Manchester,EH26 4YI,>£60k,737,Active,Spouse
CUST00780,54,Male,Cardiff,LS46 7JF,£40–60k,651,Active,Spouse
CUST00781,48,Female,London,CF64 4WP,£25–40k,749,Active,Spouse
CUST00782,37,Female,Liverpool,LS1 1VC,£40–60k,688,Active,Spouse
CUST00783,41,Male,Manchester,BT86 8EC,£15–25k,655,Active,Spouse
CUST00784,42,Male,Cardiff,M93 2IU,<£15k,607,Active,Spouse
CUST00785,41,Female,Leeds,EH38 5OB,£40–60k,685,Active,Spouse
CUST00786,44,Male,Manchester,B6 5LZ,£40–60k,728,Active,Spouse
CUST00787,26,Male,Liverpool,BS95 2DY,<£15k,637,Active,Spouse
CUST00788,33,Female,London,SW18 3KL,<£15k,622,Active,Spouse
CUST00789,53,Male,Edinburgh,BT35 2LK,£15–25k,666,Active,Spouse
CUST00790,44,Male,Birmingham,M52 7OI,£25–40k,649,Active,Spouse
CUST00791,39,Female,Bristol,EH54 3DE,£25–40k,718,Active,Spouse
CUST00792,50,Male,London,B14 7SP,£25–40k,639,Active,Spouse
CUST00793,43,Male,Belfast,EH24 7YL,£40–60k,650,Active,Spouse
CUST00794,43,Male,Belfast,SW88 3PP,£40–60k,661,Active,Spouse
CUST00795,72,Female,Manchester,BS57 1CI,>£60k,748,Active,Spouse
CUST00796,50,Female,Liverpool,SW91 9YX,>£60k,584,Active,Spouse
CUST00797,40,Male,Belfast,BT29 6QQ,£25–40k,750,Active,Spouse
CUST00798,44,Male,Belfast,M56 4PL,£40–60k,802,Active,Spouse
CUST00799,59,Male,Bristol,B72 1AU,£15–25k,678,Active,Spouse
CUST00800,68,Male,Birmingham,CF61 8FC,<£15k,683,Active,Spouse
CUST00801,73,Male,Edinburgh,L31 6IB,£25–40k,797,Active,Spouse
CUST00802,49,Male,Cardiff,LS71 7MH,£40–60k,609,Active,Spouse
CUST00803,48,Male,Manchester,EH57 8CP,£15–25k,634,Active,Spouse
CUST00804,35,Female,Edinburgh,L16 8XU,£15–25k,667,Active,Spouse
CUST00805,28,Male,London,M52 7BR,£40–60k,713,Active,Spouse
CUST00806,34,Female,Cardiff,SW12 5QR,£40–60k,686,Active,Spouse
CUST00807,37,Female,Leeds,EH44 6BH,£15–25k,729,Active,Spouse
CUST00808,51,Male,Edinburgh,L72 8WV,£15–25k,681,Active,Spouse
CUST00809,53,Female,Liverpool,EH15 2YV,<£15k,773,Active,Spouse
CUST00810,18,Male,Leeds,SW44 6UZ,£25–40k,664,Active,Spouse
CUST00811,30,Male,Glasgow,CF67 6WD,>£60k,659,Active,Spouse
CUST00812,18,Female,London,B64 3WX,<£15k,572,Active,Spouse
CUST00813,18,Female,Bristol,M33 4GD,>£60k,670,Active,Spouse
CUST00814,37,Female,Bristol,LS59 4WK,<£15k,783,Active,Spouse
CUST00815,47,Female,Manchester,BS6 2YO,>£60k,572,Active,Spouse
CUST00816,52,Male,Edinburgh,BT65 3PA,<£15k,850,Active,Spouse
CUST00817,18,Female,Cardiff,SW71 7SP,<£15k,803,Active,Spouse
CUST00818,44,Male,Cardiff,B89 3XE,<£15k,674,Active,Spouse
CUST00819,36,Female,Manchester,BS85 6QM,£15–25k,719,Active,Spouse
CUST00820,38,Female,Bristol,BT89 4IM,£15–25k,632,Active,Spouse
CUST00821,36,Female,Liverpool,G58 3EN,£15–25k,721,Active,Spouse
CUST00822,55,Female,Belfast,CF39 9KW,£15–25k,810,Active,Spouse
CUST00823,46,Female,Cardiff,LS26 4TW,£15–25k,777,Active,Spouse
CUST00824,42,Female,Glasgow,L87 3WU,£40–60k,696,Active,Spouse
CUST00825,43,Female,Birmingham,CF70 6WD,£40–60k,712,Active,Spouse
CUST00826,58,Female,Liverpool,CF62 7VX,>£60k,672,Active,Spouse
CUST00827,31,Male,Cardiff,G55 1QD,>£60k,757,Active,Spouse
CUST00828,58,Other,London,BS19 1VB,£15–25k,788,Active,Spouse
CUST00829,35,Male,Leeds,G97 3JV,£15–25k,686,Active,Spouse
CUST00830,59,Female,Glasgow,B8 5GY,<£15k,672,Active,Spouse
CUST00831,54,Male,Cardiff,SW46 8DT,<£15k,688,Active,Spouse
CUST00832,49,Male,Cardiff,LS96 9MH,>£60k,631,Active,Spouse
CUST00833,46,Male,Cardiff,G89 1MM,£25–40k,520,Active,Spouse
CUST00834,63,Female,Bristol,L71 1AX,£25–40k,746,Active,Spouse
CUST00835,30,Male,Glasgow,LS80 8HU,>£60k,804,Active,Spouse
CUST00836,62,Male,Liverpool,BT70 4YX,<£15k,633,Active,Spouse
CUST00837,37,Male,Leeds,G58 3VC,£40–60k,636,Active,Spouse
CUST00838,50,Female,Birmingham,B95 9DM,£15–25k,665,Active,Spouse
CUST00839,18,Female,London,BS36 9IE,£25–40k,695,Active,Spouse
CUST00840,58,Male,Birmingham,BT33 1KO,£40–60k,706,Active,Spouse
CUST00841,53,Female,Birmingham,SW20 6TB,£25–40k,711,Active,Spouse
CUST00842,55,Male,Belfast,G63 9LC,£15–25k,717,Active,Spouse
CUST00843,43,Female,Liverpool,CF29 3QC,£25–40k,705,Active,Spouse
CUST00844,67,Male,Cardiff,B54 9RM,£40–60k,736,Active,Spouse
CUST00845,30,Male,Manchester,L29 4VK,£25–40k,704,Active,Spouse
CUST00846,50,Female,Liverpool,L38 4YT,>£60k,690,Active,Spouse
CUST00847,18,Male,Cardiff,EH72 1DV,<£15k,648,Active,Spouse
CUST00848,38,Male,Liverpool,EH31 4BV,£25–40k,813,Active,Spouse
CUST00849,52,Male,Liverpool,BS15 7IR,£40–60k,607,Active,Spouse
CUST00850,43,Male,Glasgow,SW67 6QZ,£15–25k,779,Active,Spouse
CUST00851,36,Male,Cardiff,EH63 1JU,<£15k,762,Active,Spouse
CUST00852,22,Female,Leeds,L66 2DF,£15–25k,530,Active,Spouse
CUST00853,63,Female,Cardiff,CF1 2GV,£15–25k,672,Active,Spouse
CUST00854,18,Female,Leeds,BS14 4RW,<£15k,676,Active,Spouse
CUST00855,47,Female,Bristol,M96 3AO,<£15k,726,Active,Spouse
CUST00856,18,Male,Liverpool,SW12 2BF,£40–60k,660,Active,Spouse
CUST00857,45,Female,Glasgow,CF10 4IN,<£15k,726,Active,Spouse
CUST00858,30,Female,Bristol,EH81 7NK,>£60k,687,Active,Spouse
CUST00859,36,Male,London,BS87 2RA,£25–40k,713,Active,Spouse
CUST00860,62,Female,Belfast,M97 1WC,£25–40k,679,Active,Spouse
CUST00861,24,Male,Liverpool,CF14 5ZV,£15–25k,657,Active,Spouse
CUST00862,71,Female,Glasgow,BT12 5YO,<£15k,648,Active,Spouse
CUST00863,26,Male,Bristol,BS85 1PF,£40–60k,676,Active,Spouse
CUST00864,43,Male,Cardiff,LS18 7ZZ,>£60k,668,Active,Spouse
CUST00865,22,Female,Cardiff,G82 3JV,£40–60k,719,Active,Spouse
CUST00866,48,Female,Liverpool,SW71 9ED,£25–40k,741,Active,Spouse
CUST00867,48,Female,London,SW74 7RR,£25–40k,797,Active,Spouse
CUST00868,56,Male,Manchester,G27 6GN,£40–60k,733,Active,Spouse
CUST00869,63,Male,Cardiff,B21 3HT,£15–25k,708,Active,Spouse
CUST00870,42,Female,Glasgow,LS15 3VZ,£25–40k,718,Active,Spouse
CUST00871,18,Female,Belfast,SW97 9OU,£15–25k,708,Active,Spouse
CUST00872,43,Female,Cardiff,M38 2ID,£15–25k,725,Active,Spouse
CUST00873,60,Female,Leeds,BT63 6LE,£25–40k,735,Active,Spouse
CUST00874,34,Other,Leeds,M37 2GK,<£15k,751,Active,Spouse
CUST00875,69,Female,Edinburgh,EH43 5WS,<£15k,764,Active,Spouse
CUST00876,25,Male,Birmingham,BT73 6ZK,£25–40k,734,Active,Spouse
CUST00877,27,Male,Bristol,B1 6HZ,£25–40k,683,Active,Spouse
CUST00878,50,Male,Leeds,BS36 6EV,£15–25k,715,Active,Spouse
CUST00879,60,Male,Liverpool,EH60 8LY,£15–25k,799,Active,Spouse
CUST00880,52,Female,Glasgow,EH71 2FU,£25–40k,678,Active,Spouse
CUST00881,18,Male,Belfast,M36 3RG,£25–40k,779,Active,Spouse
CUST00882,43,Female,Glasgow,M94 2AQ,£15–25k,697,Active,Spouse
CUST00883,45,Male,London,BT75 7YS,£40–60k,726,Active,Spouse
CUST00884,52,Male,Leeds,SW71 5RR,£25–40k,683,Active,Spouse
CUST00885,43,Female,Edinburgh,B47 7HY,£40–60k,663,Active,Spouse
CUST00886,34,Female,Belfast,G18 8QQ,>£60k,657,Active,Spouse
CUST00887,43,Male,Manchester,BS47 9AV,>£60k,646,Active,Spouse
CUST00888,18,Male,Leeds,BT88 3YQ,£15–25k,677,Active,Spouse
CUST00889,26,Female,Birmingham,EH21 3SS,£40–60k,706,Active,Spouse
CUST00890,35,Male,Birmingham,EH46 1HY,£15–25k,727,Active,Spouse
CUST00891,27,Female,Edinburgh,LS9 5LH,<£15k,594,Active,Spouse
CUST00892,43,Female,London,LS67 6MP,<£15k,675,Active,Spouse
CUST00893,25,Female,Edinburgh,SW6 6DW,>£60k,746,Active,Spouse
CUST00894,29,Male,Cardiff,G95 5SR,£15–25k,654,Active,Spouse
CUST00895,59,Female,Belfast,B49 7LS,£40–60k,730,Active,Spouse
CUST00896,28,Female,Manchester,CF33 7HQ,£15–25k,680,Active,Spouse
CUST00897,27,Male,Bristol,L45 8ZP,>£60k,753,Active,Spouse
CUST00898,58,Female,Belfast,SW65 3OF,£15–25k,809,Active,Spouse
CUST00899,79,Male,Leeds,M66 5GE,£25–40k,662,Active,Spouse
CUST00900,55,Female,Birmingham,B47 2VH,£15–25k,587,Active,Spouse
CUST00901,47,Female,Bristol,L93 2PV,£25–40k,725,Active,Spouse
CUST00902,30,Female,Edinburgh,EH27 3UN,£15–25k,659,Active,Spouse
CUST00903,58,Male,London,LS6 3SS,£40–60k,727,Active,Spouse
CUST00904,70,Female,Birmingham,B81 9BS,£25–40k,791,Active,Spouse
CUST00905,20,Female,Birmingham,SW22 5FQ,£15–25k,668,Active,Spouse
CUST00906,29,Female,Bristol,BT73 1XX,£40–60k,745,Active,Spouse
CUST00907,49,Female,Glasgow,M28 8TP,<£15k,640,Active,Spouse
CUST00908,32,Male,Edinburgh,B29 7TE,>£60k,774,Active,Spouse
CUST00909,38,Male,Belfast,B80 9IF,<£15k,578,Active,Spouse
CUST00910,28,Female,Liverpool,EH77 2HM,<£15k,814,Active,Spouse
CUST00911,60,Female,Bristol,B14 1GQ,<£15k,624,Active,Spouse
CUST00912,47,Female,Cardiff,BS20 2FP,£25–40k,756,Active,Spouse
CUST00913,19,Female,Belfast,BT5 9QY,£25–40k,763,Active,Spouse
CUST00914,51,Male,Manchester,M62 3TR,£25–40k,656,Active,Spouse
CUST00915,54,Female,London,BS67 7LB,£40–60k,717,Active,Spouse
CUST00916,50,Male,Cardiff,BS30 8ZY,<£15k,708,Active,Spouse
CUST00917,31,Female,Bristol,L76 2NE,£25–40k,657,Active,Spouse
CUST00918,41,Female,Glasgow,EH99 4CJ,£15–25k,702,Active,Spouse
CUST00919,54,Male,Belfast,CF53 5GA,<£15k,816,Active,Spouse
CUST00920,48,Male,London,BT67 2QA,£25–40k,738,Active,Spouse
CUST00921,58,Male,Bristol,LS89 6NL,<£15k,743,Active,Spouse
CUST00922,31,Male,Manchester,B55 5IR,<£15k,781,Active,Spouse
CUST00923,62,Female,Bristol,BT47 5VM,£25–40k,708,Active,Spouse
CUST00924,32,Female,Leeds,BS71 9PF,£15–25k,701,Active,Spouse
CUST00925,21,Male,Liverpool,CF72 8IJ,<£15k,790,Active,Spouse
CUST00926,35,Male,Belfast,L91 7XE,>£60k,682,Active,Spouse
CUST00927,66,Female,Manchester,LS58 3DG,>£60k,550,Active,Spouse
CUST00928,64,Male,Cardiff,BS44 9TW,£15–25k,720,Active,Spouse
CUST00929,70,Female,London,B50 1ZC,£15–25k,643,Active,Spouse
CUST00930,50,Male,Birmingham,EH77 7CC,£25–40k,643,Active,Spouse
CUST00931,61,Female,Glasgow,LS48 2TB,>£60k,763,Active,Spouse
CUST00932,71,Female,Bristol,BS79 9JW,<£15k,699,Active,Spouse
CUST00933,76,Female,Belfast,SW23 8OA,<£15k,639,Active,Spouse
CUST00934,44,Female,Leeds,CF37 4BZ,£25–40k,641,Active,Spouse
CUST00935,47,Female,Belfast,CF67 4TF,£15–25k,645,Active,Spouse
CUST00936,61,Male,London,L31 1FC,£25–40k,728,Active,Spouse
CUST00937,28,Male,Glasgow,BS46 7MS,£25–40k,750,Active,Spouse
CUST00938,68,Male,Leeds,CF2 2CR,£25–40k,734,Active,Spouse
CUST00939,24,Female,Glasgow,CF75 6LI,£25–40k,691,Active,Spouse
CUST00940,55,Male,Leeds,BT25 8MS,£15–25k,685,Active,Spouse
CUST00941,29,Female,London,G23 7QD,£15–25k,773,Active,Spouse
CUST00942,40,Male,Cardiff,M65 5KD,>£60k,795,Active,Spouse
CUST00943,37,Female,Cardiff,G69 5WO,>£60k,679,Active,Spouse
CUST00944,36,Male,Bristol,BT62 4YK,£25–40k,690,Active,Spouse
CUST00945,51,Other,Edinburgh,EH76 1PD,£25–40k,641,Active,Spouse
CUST00946,27,Male,Glasgow,M49 4VW,>£60k,598,Active,Spouse
CUST00947,18,Female,Leeds,L53 6QR,£25–40k,618,Active,Spouse
CUST00948,37,Female,London,G32 5CM,>£60k,710,Active,Spouse
CUST00949,51,Male,Liverpool,M71 3PK,£25–40k,707,Active,Spouse
CUST00950,66,Male,Liverpool,LS74 5FX,£15–25k,808,Active,Spouse
CUST00951,40,Male,Leeds,EH95 4HX,£40–60k,642,Active,Spouse
CUST00952,77,Female,Leeds,G27 4GH,£25–40k,771,Active,Spouse
CUST00953,61,Female,Belfast,L20 2DC,<£15k,666,Active,Spouse
CUST00954,57,Male,Edinburgh,BT1 9BP,£15–25k,708,Active,Spouse
CUST00955,43,Male,Liverpool,BT41 8SI,£25–40k,695,Active,Spouse
CUST00956,52,Female,Edinburgh,B98 9IM,<£15k,789,Active,Spouse
CUST00957,79,Female,Leeds,BT17 1QZ,£40–60k,675,Active,Spouse
CUST00958,47,Male,Bristol,EH70 1QL,>£60k,694,Active,Spouse
CUST00959,51,Female,Bristol,B59 2WQ,>£60k,548,Active,Spouse
CUST00960,41,Female,Edinburgh,L89 1AV,>£60k,822,Active,Spouse
CUST00961,34,Male,Leeds,BS75 2KL,£25–40k,675,Active,Spouse
CUST00962,36,Female,Belfast,G24 9IH,>£60k,691,Active,Spouse
CUST00963,25,Male,Glasgow,EH79 6LF,<£15k,668,Active,Spouse
CUST00964,51,Female,Edinburgh,BS27 7WY,£15–25k,725,Active,Spouse
CUST00965,48,Female,Liverpool,L52 5OF,£25–40k,783,Active,Spouse
CUST00966,51,Male,Belfast,B74 4DX,>£60k,780,Active,Spouse
CUST00967,79,Male,Glasgow,LS72 7MG,£25–40k,753,Active,Spouse
CUST00968,25,Male,Birmingham,B61 1FN,£25–40k,717,Active,Spouse
CUST00969,47,Male,Edinburgh,B81 9RX,£40–60k,795,Active,Spouse
CUST00970,43,Male,Liverpool,EH39 5RS,<£15k,651,Active,Spouse
CUST00971,37,Male,London,BS13 3BG,£15–25k,624,Active,Spouse
CUST00972,18,Male,Glasgow,EH81 2OX,£40–60k,823,Active,Spouse
CUST00973,45,Male,Liverpool,G47 6RR,<£15k,629,Active,Spouse
CUST00974,70,Female,Glasgow,L3 7DL,£25–40k,813,Active,Spouse
CUST00975,47,Female,Belfast,LS74 9FY,<£15k,619,Active,Spouse
CUST00976,38,Male,Glasgow,L42 9PY,<£15k,686,Active,Spouse
CUST00977,45,Male,Edinburgh,M49 5OU,£15–25k,636,Active,Spouse
CUST00978,59,Male,Birmingham,B82 6NU,<£15k,573,Active,Spouse
CUST00979,62,Male,Belfast,BT52 2CF,£25–40k,783,Active,Spouse
CUST00980,39,Male,Liverpool,LS41 6UJ,<£15k,696,Active,Spouse
CUST00981,67,Male,Glasgow,BT83 7IO,£15–25k,739,Active,Spouse
CUST00982,40,Male,Liverpool,BT67 8NF,£40–60k,687,Active,Spouse
CUST00983,52,Male,Birmingham,SW17 4VI,>£60k,816,Active,Spouse
CUST00984,42,Male,Manchester,LS22 7DD,£40–60k,678,Active,Spouse
CUST00985,45,Male,Manchester,EH71 1AY,£15–25k,703,Active,Spouse
CUST00986,49,Male,Bristol,CF98 2DI,£40–60k,696,Active,Spouse
CUST00987,63,Male,Belfast,B11 7JH,£25–40k,647,Active,Spouse
CUST00988,51,Female,Leeds,G57 3EQ,<£15k,728,Active,Spouse
CUST00989,33,Male,Birmingham,SW5 6KP,£25–40k,725,Active,Spouse
CUST00990,52,Other,Edinburgh,CF35 9OE,<£15k,550,Active,Spouse
CUST00991,30,Male,Cardiff,B76 8UX,<£15k,797,Active,Spouse
CUST00992,36,Female,Belfast,BS68 9JL,£25–40k,629,Active,Spouse
CUST00993,18,Female,Edinburgh,CF30 2OJ,£25–40k,636,Active,Spouse
CUST00994,43,Female,Liverpool,BS34 3JA,£25–40k,625,Active,Spouse
CUST00995,55,Male,London,CF98 3LJ,£15–25k,651,Active,Spouse
CUST00996,49,Male,Edinburgh,CF2 8YP,£40–60k,787,Active,Spouse
CUST00997,65,Female,Glasgow,SW99 7ZJ,£25–40k,718,Active,Spouse
CUST00998,28,Male,Belfast,LS1 9LG,£25–40k,697,Active,Spouse
CUST00999,50,Male,Bristol,CF56 7HF,<£15k,850,Active,Spouse
CUST01000,18,Female,Bristol,BS29 5CN,<£15k,698,Active,Spouse
CUST01001,54,Male,Leeds,CF98 5JU,£25–40k,707,Active,Spouse
CUST01002,48,Female,Cardiff,G53 4CF,£25–40k,654,Active,Spouse
CUST01003,59,Male,Birmingham,G15 8TO,<£15k,703,Active,Spouse
CUST01004,48,Female,Glasgow,BT63 4KA,£25–40k,764,Active,Spouse
CUST01005,40,Female,Birmingham,SW69 1FD,>£60k,778,Active,Spouse
CUST01006,25,Male,Glasgow,G17 8XA,<£15k,717,Active,Spouse
CUST01007,32,Female,Leeds,M20 1PG,£25–40k,636,Active,Spouse
CUST01008,73,Male,Liverpool,BS40 8LO,<£15k,626,Active,Spouse
CUST01009,46,Male,London,L11 3BI,£15–25k,622,Active,Spouse
CUST01010,63,Male,Bristol,M70 8FG,£25–40k,676,Active,Spouse
CUST01011,61,Female,Glasgow,BS2 2YW,<£15k,736,Active,Spouse
CUST01012,79,Female,Leeds,BS99 8HX,£40–60k,611,Active,Spouse
CUST01013,30,Female,London,LS59 2QV,<£15k,760,Active,Spouse
CUST01014,50,Male,Leeds,EH50 5KF,£15–25k,686,Active,Spouse
CUST01015,75,Male,London,CF67 2IP,£40–60k,700,Active,Spouse
CUST01016,33,Male,Glasgow,LS47 1VG,£15–25k,764,Active,Spouse
CUST01017,45,Female,Manchester,LS82 7KA,£15–25k,706,Active,Spouse
CUST01018,55,Female,Birmingham,G75 2MZ,>£60k,744,Active,Spouse
CUST01019,30,Female,Leeds,SW6 8WT,£40–60k,682,Active,Spouse
CUST01020,24,Female,Birmingham,L99 2HF,£15–25k,721,Active,Spouse
CUST01021,73,Female,Edinburgh,M88 6YU,£15–25k,643,Active,Spouse
CUST01022,21,Male,London,SW46 3WR,£40–60k,662,Active,Spouse
CUST01023,41,Female,Manchester,B63 4KR,>£60k,744,Active,Spouse
CUST01024,39,Female,Liverpool,EH94 4AW,£15–25k,722,Active,Spouse
CUST01025,37,Male,Bristol,L93 3IB,<£15k,689,Active,Spouse
CUST01026,32,Female,Edinburgh,EH72 5RW,>£60k,633,Active,Spouse
CUST01027,56,Female,Edinburgh,LS73 3RL,£40–60k,674,Active,Spouse
CUST01028,51,Female,Liverpool,EH36 9FC,£40–60k,650,Active,Spouse
CUST01029,45,Female,Cardiff,B58 5IR,£25–40k,574,Active,Spouse
CUST01030,39,Female,Liverpool,EH1 9MX,>£60k,656,Active,Spouse
CUST01031,62,Female,Birmingham,SW80 6YT,£40–60k,624,Active,Spouse
CUST01032,42,Female,Leeds,L93 2VR,<£15k,720,Active,Spouse
CUST01033,60,Female,Bristol,LS68 8YR,£15–25k,752,Active,Spouse
CUST01034,44,Male,Birmingham,BT37 6NU,£40–60k,704,Active,Spouse
CUST01035,62,Male,Liverpool,M13 9VC,<£15k,694,Active,Spouse
CUST01036,47,Male,London,B23 1GD,£40–60k,773,Active,Spouse
CUST01037,82,Male,Edinburgh,LS13 1SU,£40–60k,715,Active,Spouse
CUST01038,53,Male,Bristol,EH68 5BL,£40–60k,750,Active,Spouse
CUST01039,63,Male,Leeds,BT92 2AG,>£60k,763,Active,Spouse
CUST01040,36,Male,Edinburgh,M60 1LR,>£60k,719,Active,Spouse
CUST01041,60,Male,Bristol,L91 1TI,£15–25k,787,Active,Spouse
CUST01042,42,Female,Cardiff,SW94 2JC,£15–25k,718,Active,Spouse
CUST01043,51,Male,Leeds,CF13 2XH,£15–25k,702,Active,Spouse
CUST01044,49,Male,Cardiff,BS25 4QV,>£60k,572,Active,Spouse
CUST01045,90,Male,Leeds,BT81 3RX,>£60k,838,Active,Spouse
CUST01046,42,Female,Cardiff,BS96 2YU,£25–40k,693,Active,Spouse
CUST01047,20,Female,Belfast,L87 8WV,<£15k,592,Active,Spouse
CUST01048,52,Male,Bristol,M22 3RM,£25–40k,764,Active,Spouse
CUST01049,57,Female,Cardiff,L85 3RT,£15–25k,650,Active,Spouse
CUST01050,56,Male,Edinburgh,L41 9KL,<£15k,692,Active,Spouse
CUST01051,39,Male,Bristol,BS93 6TH,<£15k,619,Active,Spouse
CUST01052,34,Male,Belfast,CF28 7YR,<£15k,731,Active,Spouse
CUST01053,49,Male,Glasgow,L58 8MA,<£15k,710,Active,Spouse
CUST01054,18,Male,London,G77 1QE,£25–40k,710,Active,Spouse
CUST01055,36,Male,Glasgow,SW39 4GK,>£60k,719,Active,Spouse
CUST01056,63,Male,London,G71 9RS,£25–40k,673,Active,Spouse
CUST01057,46,Female,Belfast,B13 1OL,>£60k,822,Active,Spouse
CUST01058,49,Male,Birmingham,B34 6SH,>£60k,698,Active,Spouse
CUST01059,32,Female,Leeds,G39 2SM,>£60k,749,Active,Spouse
CUST01060,30,Male,Belfast,LS94 2XK,£25–40k,778,Active,Spouse
CUST01061,54,Male,Edinburgh,B63 2TU,£40–60k,666,Active,Spouse
CUST01062,33,Male,Glasgow,SW94 7CY,<£15k,654,Active,Spouse
CUST01063,18,Male,London,L45 7ND,£15–25k,728,Active,Spouse
CUST01064,18,Male,Leeds,BT2 7BJ,>£60k,694,Active,Spouse
CUST01065,42,Male,Cardiff,SW41 9SE,£15–25k,680,Active,Spouse
CUST01066,51,Male,Liverpool,CF90 4EB,£25–40k,666,Active,Spouse
CUST01067,47,Male,Bristol,EH97 9CH,>£60k,778,Active,Spouse
CUST01068,53,Male,Bristol,G51 3EK,>£60k,675,Active,Spouse
CUST01069,45,Female,Manchester,EH74 1RM,>£60k,680,Active,Spouse
CUST01070,42,Male,Glasgow,M52 9NY,£15–25k,712,Active,Spouse
CUST01071,24,Female,Birmingham,B62 9GP,<£15k,603,Active,Spouse
CUST01072,31,Male,Bristol,BT26 9TX,£25–40k,730,Active,Spouse
CUST01073,54,Female,Cardiff,LS32 2IY,<£15k,748,Active,Spouse
CUST01074,32,Male,Bristol,L88 2DV,£25–40k,705,Active,Spouse
CUST01075,39,Male,Bristol,BS47 6GK,£15–25k,692,Active,Spouse
CUST01076,39,Female,Liverpool,BT84 1YJ,£15–25k,716,Active,Spouse
CUST01077,34,Female,Birmingham,L79 8TE,<£15k,770,Active,Spouse
CUST01078,62,Male,Edinburgh,SW30 4VL,£15–25k,728,Active,Spouse
CUST01079,60,Male,Birmingham,M15 1HT,<£15k,614,Active,Spouse
CUST01080,63,Male,Birmingham,G2 6WZ,<£15k,722,Active,Spouse
CUST01081,35,Male,Manchester,G58 8AK,£25–40k,657,Active,Spouse
CUST01082,69,Male,Leeds,CF28 4RQ,£40–60k,749,Active,Spouse
CUST01083,42,Female,Glasgow,CF62 3WW,<£15k,614,Active,Spouse
CUST01084,64,Male,London,BS75 9BI,£40–60k,633,Active,Spouse
CUST01085,39,Female,Birmingham,SW37 4ZW,£15–25k,690,Active,Spouse
CUST01086,34,Male,Belfast,G7 8UA,£15–25k,688,Active,Spouse
CUST01087,44,Male,Manchester,BS85 5VV,£15–25k,687,Active,Spouse
CUST01088,49,Female,Liverpool,M3 5UM,£25–40k,799,Active,Spouse
CUST01089,24,Male,Leeds,BS66 2KP,>£60k,709,Active,Spouse
CUST01090,28,Female,Belfast,CF12 3GQ,£15–25k,611,Active,Spouse
CUST01091,59,Male,Edinburgh,CF92 1BH,£15–25k,714,Active,Spouse
CUST01092,22,Female,Cardiff,G43 8MX,>£60k,688,Active,Spouse
CUST01093,18,Female,Birmingham,SW45 6LU,£25–40k,646,Active,Spouse
CUST01094,18,Female,Glasgow,LS65 5ZB,£25–40k,690,Active,Spouse
CUST01095,55,Male,Glasgow,BS4 9IH,£25–40k,734,Active,Spouse
CUST01096,39,Female,Birmingham,L51 3CX,>£60k,760,Active,Spouse
CUST01097,65,Female,Bristol,CF87 4NH,£40–60k,742,Active,Spouse
CUST01098,36,Male,Belfast,B55 5TK,£40–60k,692,Active,Spouse
CUST01099,69,Male,Edinburgh,CF17 4UE,£25–40k,680,Active,Spouse
CUST01100,53,Female,Belfast,CF88 4EJ,£15–25k,655,Active,Spouse
CUST01101,60,Male,Cardiff,B56 3US,£15–25k,649,Active,Spouse
CUST01102,43,Male,Birmingham,L9 9RX,>£60k,732,Active,Spouse
CUST01103,72,Male,Manchester,B41 3XA,£25–40k,713,Active,Spouse
CUST01104,41,Male,Liverpool,BS53 5OX,<£15k,679,Active,Spouse
CUST01105,59,Female,Glasgow,B25 2EF,<£15k,727,Active,Spouse
CUST01106,55,Female,London,BT79 5TS,£40–60k,791,Active,Spouse
CUST01107,45,Male,Belfast,LS77 4HV,£25–40k,723,Active,Spouse
CUST01108,39,Female,London,L11 8EQ,£25–40k,653,Active,Spouse
CUST01109,36,Female,Belfast,EH92 6FM,£15–25k,556,Active,Spouse
CUST01110,53,Male,Edinburgh,EH18 3GH,£25–40k,725,Active,Spouse
CUST01111,52,Female,London,BS98 1IN,£25–40k,649,Active,Spouse
CUST01112,36,Male,Leeds,LS97 4CF,£15–25k,663,Active,Spouse
CUST01113,61,Female,Edinburgh,BT63 6OH,£25–40k,711,Active,Spouse
CUST01114,45,Male,Bristol,BS6 7XK,<£15k,746,Active,Spouse
CUST01115,35,Male,Bristol,BT96 9QU,£25–40k,721,Active,Spouse
CUST01116,75,Male,London,CF14 8OB,£15–25k,777,Active,Spouse
CUST01117,50,Female,Leeds,CF69 7XB,>£60k,705,Active,Spouse
CUST01118,52,Male,Cardiff,BS67 1GJ,£40–60k,786,Active,Spouse
CUST01119,65,Male,Edinburgh,BS39 5OF,£25–40k,798,Active,Spouse
CUST01120,48,Male,Bristol,G79 1WQ,£40–60k,575,Active,Spouse
CUST01121,73,Male,Birmingham,EH83 8CX,£15–25k,653,Active,Spouse
CUST01122,18,Female,Cardiff,M24 9EM,>£60k,745,Active,Spouse
CUST01123,18,Female,Bristol,L58 1FO,<£15k,701,Active,Spouse
CUST01124,18,Female,Belfast,LS59 2IK,<£15k,680,Active,Spouse
CUST01125,69,Male,Birmingham,M12 2WO,<£15k,721,Active,Spouse
CUST01126,45,Female,Liverpool,M68 7XZ,£15–25k,728,Active,Spouse
CUST01127,18,Male,Cardiff,BT21 7RM,<£15k,662,Active,Spouse
CUST01128,37,Male,London,B43 3FE,£25–40k,737,Active,Spouse
CUST01129,30,Male,Birmingham,SW54 5JX,<£15k,711,Active,Spouse
CUST01130,43,Female,Edinburgh,G81 3DE,£15–25k,665,Active,Spouse
CUST01131,37,Male,Leeds,SW80 5AO,£25–40k,694,Active,Spouse
CUST01132,18,Male,Edinburgh,EH70 1TP,<£15k,747,Active,Spouse
CUST01133,33,Female,Leeds,LS76 8ON,>£60k,684,Active,Spouse
CUST01134,68,Male,Edinburgh,M77 1HR,£25–40k,748,Active,Spouse
CUST01135,27,Female,Glasgow,BT81 9GB,£15–25k,529,Active,Spouse
CUST01136,52,Male,Birmingham,B8 6BE,£25–40k,686,Active,Spouse
CUST01137,48,Female,London,BT78 5KC,£15–25k,745,Active,Spouse
CUST01138,58,Female,London,M54 3FV,£25–40k,675,Active,Spouse
CUST01139,43,Female,Glasgow,BT85 9FO,<£15k,723,Active,Spouse
CUST01140,51,Female,Belfast,L5 2YJ,<£15k,711,Active,Spouse
CUST01141,66,Male,Liverpool,L49 2YN,>£60k,726,Active,Spouse
CUST01142,56,Female,Cardiff,M38 8ED,<£15k,716,Active,Spouse
CUST01143,30,Female,Glasgow,L68 7QG,£40–60k,662,Active,Spouse
CUST01144,27,Male,Leeds,BT8 2SX,£40–60k,763,Active,Spouse
CUST01145,21,Female,Cardiff,M62 5NT,<£15k,691,Active,Spouse
CUST01146,39,Male,Liverpool,G68 6ET,>£60k,579,Active,Spouse
CUST01147,39,Male,Belfast,EH67 8PZ,£40–60k,681,Active,Spouse
CUST01148,70,Male,Birmingham,BT30 5GA,<£15k,585,Active,Spouse
CUST01149,64,Female,Manchester,SW60 2XG,<£15k,686,Active,Spouse
CUST01150,57,Male,Belfast,BS53 1KL,£40–60k,704,Active,Spouse
CUST01151,28,Female,Cardiff,LS2 4WJ,£15–25k,785,Active,Spouse
CUST01152,63,Female,Glasgow,M40 5QR,>£60k,638,Active,Spouse
CUST01153,53,Female,Liverpool,SW15 6KM,<£15k,664,Active,Spouse
CUST01154,22,Male,Belfast,BT4 3GK,>£60k,653,Active,Spouse
CUST01155,65,Female,Liverpool,EH61 1UE,£15–25k,753,Active,Spouse
CUST01156,40,Female,Edinburgh,B81 8RK,<£15k,781,Active,Spouse
CUST01157,62,Male,Edinburgh,BS96 1QJ,£25–40k,653,Active,Spouse
CUST01158,69,Male,Belfast,L72 9AG,<£15k,677,Active,Spouse
CUST01159,41,Male,Belfast,L46 2EI,£15–25k,586,Active,Spouse
CUST01160,35,Female,London,L49 9FS,>£60k,691,Active,Spouse
CUST01161,49,Female,Belfast,BS24 2ZY,£25–40k,634,Active,Spouse
CUST01162,33,Female,Glasgow,L91 1IN,<£15k,799,Active,Spouse
CUST01163,61,Male,Manchester,EH31 6OJ,£15–25k,776,Active,Spouse
CUST01164,44,Female,Leeds,CF39 3DL,>£60k,720,Active,Spouse
CUST01165,54,Female,London,LS12 8QA,>£60k,798,Active,Spouse
CUST01166,22,Male,Edinburgh,CF20 4KP,>£60k,542,Active,Spouse
CUST01167,37,Female,Cardiff,G42 3YD,£25–40k,714,Active,Spouse
CUST01168,46,Male,Cardiff,B27 1OM,>£60k,655,Active,Spouse
CUST01169,52,Female,Cardiff,M1 5BV,<£15k,671,Active,Spouse
CUST01170,45,Male,Belfast,M43 8BD,£25–40k,728,Active,Spouse
CUST01171,38,Male,Cardiff,G3 5UG,<£15k,747,Active,Spouse
CUST01172,59,Male,Liverpool,LS25 5IR,£15–25k,657,Active,Spouse
CUST01173,37,Female,Liverpool,EH86 2IE,£15–25k,642,Active,Spouse
CUST01174,44,Male,Birmingham,G15 1TR,>£60k,718,Active,Spouse
CUST01175,72,Female,Cardiff,M27 9LR,<£15k,679,Active,Spouse
CUST01176,49,Male,Liverpool,G19 5SH,<£15k,669,Active,Spouse
CUST01177,37,Male,Birmingham,M40 6RO,£25–40k,721,Active,Spouse
CUST01178,38,Female,London,B4 8VB,<£15k,696,Active,Spouse
CUST01179,50,Male,Manchester,BS7 2NM,£25–40k,715,Active,Spouse
CUST01180,18,Female,Birmingham,BT76 8TL,>£60k,670,Active,Spouse
CUST01181,61,Female,Glasgow,L26 9CY,>£60k,606,Active,Spouse
CUST01182,18,Male,Edinburgh,BT17 2ZW,>£60k,734,Active,Spouse
CUST01183,48,Male,Edinburgh,M59 5VU,£15–25k,634,Active,Spouse
CUST01184,46,Male,Edinburgh,EH30 4ET,<£15k,662,Active,Spouse
CUST01185,52,Male,Glasgow,L51 3WV,£15–25k,528,Active,Spouse
CUST01186,41,Female,Liverpool,L59 8AC,>£60k,667,Active,Spouse
CUST01187,56,Female,Edinburgh,M45 8OF,<£15k,588,Active,Spouse
CUST01188,45,Male,Glasgow,L78 3QD,£15–25k,733,Active,Spouse
CUST01189,72,Female,Bristol,M42 9UC,>£60k,671,Active,Spouse
CUST01190,49,Female,Glasgow,CF60 7SN,£25–40k,591,Active,Spouse
CUST01191,44,Female,Leeds,BT32 9FP,£15–25k,770,Active,Spouse
CUST01192,73,Female,Bristol,M44 4WS,>£60k,725,Active,Spouse
CUST01193,21,Female,Bristol,BS73 6RW,<£15k,781,Active,Spouse
CUST01194,21,Male,Leeds,B85 2XW,£40–60k,629,Active,Spouse
CUST01195,66,Female,Belfast,EH15 8KR,£15–25k,695,Active,Spouse
CUST01196,36,Male,Manchester,EH23 5MC,£25–40k,741,Active,Spouse
CUST01197,47,Male,Belfast,M88 7KP,>£60k,831,Active,Spouse
CUST01198,61,Male,London,M28 3SY,£25–40k,712,Active,Spouse
CUST01199,48,Female,London,B85 3OR,£15–25k,762,Active,Spouse
CUST01200,43,Male,Glasgow,BS79 8GG,>£60k,646,Active,Spouse
CUST01201,56,Female,Liverpool,G73 5NW,£25–40k,682,Active,Spouse
CUST01202,49,Female,Liverpool,M75 1TQ,£15–25k,580,Active,Spouse
CUST01203,43,Male,Bristol,B38 1LR,£15–25k,668,Active,Spouse
CUST01204,18,Male,London,SW91 9LD,£15–25k,693,Active,Spouse
CUST01205,43,Male,Glasgow,SW31 7WS,£25–40k,721,Active,Spouse
CUST01206,62,Female,Bristol,L92 7MM,<£15k,758,Active,Spouse
CUST01207,38,Female,Bristol,CF28 3PE,£40–60k,711,Active,Spouse
CUST01208,52,Male,Leeds,CF50 6NE,£40–60k,674,Active,Spouse
CUST01209,22,Male,Glasgow,B18 1CU,>£60k,687,Active,Spouse
CUST01210,63,Female,London,B93 8VN,<£15k,608,Active,Spouse
CUST01211,30,Male,Birmingham,M18 7OZ,£25–40k,652,Active,Spouse
CUST01212,30,Male,Belfast,BS80 3OQ,£15–25k,742,Active,Spouse
CUST01213,35,Male,Bristol,CF58 7LH,£15–25k,743,Active,Spouse
CUST01214,45,Female,Birmingham,BS78 1SP,>£60k,595,Active,Spouse
CUST01215,38,Female,Leeds,CF35 7RS,£15–25k,760,Active,Spouse
CUST01216,47,Male,Liverpool,SW5 8WL,£25–40k,679,Active,Spouse
CUST01217,63,Female,Manchester,BT62 2EX,£15–25k,635,Active,Spouse
CUST01218,36,Male,Cardiff,G60 9CQ,£40–60k,754,Active,Spouse
CUST01219,55,Female,Belfast,M32 8UX,>£60k,630,Active,Spouse
CUST01220,52,Female,Manchester,CF75 5TB,£15–25k,661,Active,Spouse
CUST01221,18,Female,Liverpool,CF2 8OQ,>£60k,680,Active,Spouse
CUST01222,74,Female,Edinburgh,BT94 6NL,<£15k,761,Active,Spouse
CUST01223,44,Male,Glasgow,G22 1WT,<£15k,605,Active,Spouse
CUST01224,18,Male,Glasgow,BT34 1UP,£25–40k,702,Active,Spouse
CUST01225,51,Male,Belfast,B74 1VJ,£40–60k,742,Active,Spouse
CUST01226,53,Male,Belfast,SW37 8CE,£25–40k,740,Active,Spouse
CUST01227,49,Female,Cardiff,M36 5ET,£25–40k,771,Active,Spouse
CUST01228,37,Female,Glasgow,G33 1XD,<£15k,701,Active,Spouse
CUST01229,18,Female,Belfast,B76 3VO,<£15k,667,Active,Spouse
CUST01230,59,Male,Liverpool,B34 4PF,<£15k,738,Active,Spouse
CUST01231,18,Male,Cardiff,SW44 2ET,£25–40k,822,Active,Spouse
CUST01232,47,Female,Birmingham,EH97 7YM,<£15k,710,Active,Spouse
CUST01233,35,Male,Leeds,EH93 3GS,£15–25k,675,Active,Spouse
CUST01234,47,Female,Liverpool,SW83 5YD,£40–60k,735,Active,Spouse
CUST01235,49,Male,London,B60 7PJ,£25–40k,668,Active,Spouse
CUST01236,31,Female,Edinburgh,CF30 7VW,<£15k,642,Active,Spouse
CUST01237,61,Female,Bristol,EH34 3QN,>£60k,756,Active,Spouse
CUST01238,52,Female,London,G58 7VK,<£15k,764,Active,Spouse
CUST01239,43,Male,Cardiff,SW13 9UL,£15–25k,750,Active,Spouse
CUST01240,53,Male,Bristol,BT84 5KI,<£15k,752,Active,Spouse
CUST01241,29,Female,Glasgow,M33 7OY,£25–40k,550,Active,Spouse
CUST01242,48,Male,Leeds,BT99 4QK,>£60k,583,Active,Spouse
CUST01243,39,Male,Birmingham,L71 1VA,£40–60k,566,Active,Spouse
CUST01244,63,Male,Manchester,SW53 2QD,£15–25k,756,Active,Spouse
CUST01245,50,Male,Edinburgh,L29 5IG,£25–40k,649,Active,Spouse
CUST01246,18,Male,London,SW80 2BT,£40–60k,566,Active,Spouse
CUST01247,36,Male,Leeds,BT82 2WD,£40–60k,741,Active,Spouse
CUST01248,39,Female,Manchester,BT17 7VY,<£15k,730,Active,Spouse
CUST01249,53,Male,Belfast,B15 3IJ,£40–60k,740,Active,Spouse
CUST01250,18,Female,Edinburgh,M82 8IY,<£15k,654,Active,Spouse
CUST01251,52,Male,Bristol,L33 3YC,<£15k,789,Active,Spouse
CUST01252,62,Male,Glasgow,SW49 7KB,<£15k,717,Active,Spouse
CUST01253,64,Male,Glasgow,G23 8CP,£15–25k,717,Active,Spouse
CUST01254,21,Male,Leeds,BT51 3UP,£40–60k,739,Active,Spouse
CUST01255,62,Female,Manchester,B70 7GT,£40–60k,810,Active,Spouse
CUST01256,36,Male,Manchester,EH92 5DB,<£15k,630,Active,Spouse
CUST01257,57,Female,Manchester,M74 5YO,£25–40k,725,Active,Spouse
CUST01258,49,Female,London,EH20 1BV,£40–60k,777,Active,Spouse
CUST01259,57,Male,Bristol,G20 6MS,£40–60k,730,Active,Spouse
CUST01260,38,Female,London,CF91 8PN,£15–25k,745,Active,Spouse
CUST01261,27,Female,Bristol,M70 4AM,<£15k,717,Active,Spouse
CUST01262,44,Female,Edinburgh,M73 9LK,£15–25k,604,Active,Spouse
CUST01263,51,Female,Glasgow,BS8 2LR,>£60k,665,Active,Spouse
CUST01264,50,Male,Liverpool,M59 5UG,<£15k,642,Active,Spouse
CUST01265,57,Female,Birmingham,CF6 7VG,£15–25k,800,Active,Spouse
CUST01266,18,Female,Glasgow,BS14 6PC,£15–25k,628,Active,Spouse
CUST01267,30,Female,Edinburgh,LS18 1GA,£15–25k,618,Active,Spouse
CUST01268,41,Female,Belfast,LS63 7CZ,<£15k,722,Active,Spouse
CUST01269,55,Male,Cardiff,G64 9ZO,>£60k,715,Active,Spouse
CUST01270,54,Female,London,SW44 1KZ,£15–25k,695,Active,Spouse
CUST01271,36,Male,London,BS16 4ZU,<£15k,643,Active,Spouse
CUST01272,42,Female,Cardiff,EH87 9EX,<£15k,645,Active,Spouse
CUST01273,50,Male,Belfast,LS10 1XE,<£15k,646,Active,Spouse
CUST01274,37,Female,Edinburgh,SW61 1HW,£25–40k,764,Active,Spouse
CUST01275,62,Female,Birmingham,SW23 1JZ,£15–25k,768,Active,Spouse
CUST01276,44,Female,Manchester,EH79 3SC,£25–40k,666,Active,Spouse
CUST01277,52,Female,Manchester,M64 4CZ,>£60k,647,Active,Spouse
CUST01278,56,Male,Leeds,BS44 7KD,£40–60k,661,Active,Spouse
CUST01279,41,Female,Belfast,CF18 6ZG,£25–40k,745,Active,Spouse
CUST01280,18,Female,London,BT23 6CD,>£60k,664,Active,Spouse
CUST01281,50,Male,Glasgow,B97 7FW,<£15k,735,Active,Spouse
CUST01282,51,Female,Liverpool,CF22 8HS,£40–60k,686,Active,Spouse
CUST01283,58,Male,London,B13 7YF,£15–25k,642,Active,Spouse
CUST01284,29,Female,London,EH11 1AF,£15–25k,721,Active,Spouse
CUST01285,28,Female,Manchester,BT37 7WZ,<£15k,803,Active,Spouse
CUST01286,56,Other,Edinburgh,B27 3UI,£15–25k,665,Active,Spouse
CUST01287,57,Female,Cardiff,EH53 4FT,>£60k,626,Active,Spouse
CUST01288,66,Male,London,BT24 8TC,>£60k,700,Active,Spouse
CUST01289,36,Male,Glasgow,L54 1RH,£40–60k,682,Active,Spouse
CUST01290,33,Male,Leeds,M68 2TL,>£60k,686,Active,Spouse
CUST01291,27,Male,Cardiff,CF29 8YU,>£60k,809,Active,Spouse
CUST01292,36,Male,Leeds,G7 4DZ,<£15k,749,Active,Spouse
CUST01293,48,Female,Birmingham,EH64 3FV,£25–40k,640,Active,Spouse
CUST01294,42,Female,London,SW83 6JG,£40–60k,771,Active,Spouse
CUST01295,38,Female,Bristol,G43 8BD,<£15k,635,Active,Spouse
CUST01296,53,Other,London,CF23 3ZA,£25–40k,569,Active,Spouse
CUST01297,40,Female,Edinburgh,CF15 2HX,£25–40k,777,Active,Spouse
CUST01298,41,Female,Edinburgh,BT75 6NG,£25–40k,756,Active,Spouse
CUST01299,28,Male,Liverpool,LS15 6HD,<£15k,684,Active,Spouse
CUST01300,39,Male,Leeds,BS26 7HC,£40–60k,729,Active,Spouse
CUST01301,46,Male,Edinburgh,BT63 1NE,>£60k,578,Active,Spouse
CUST01302,66,Male,Leeds,BT59 3ML,<£15k,669,Active,Spouse
CUST01303,45,Male,Birmingham,EH93 4UL,£25–40k,681,Active,Spouse
CUST01304,44,Female,Glasgow,LS43 3BW,£25–40k,693,Active,Spouse
CUST01305,31,Female,Belfast,SW36 3DO,£25–40k,746,Active,Spouse
CUST01306,34,Female,Edinburgh,BS22 6HJ,£40–60k,656,Active,Spouse
CUST01307,21,Female,Belfast,B82 3SR,£40–60k,667,Active,Spouse
CUST01308,34,Male,Leeds,M53 9PG,£25–40k,525,Active,Spouse
CUST01309,18,Female,Belfast,EH60 5AX,>£60k,530,Active,Spouse
CUST01310,41,Female,Bristol,LS32 6NS,£25–40k,783,Active,Spouse
CUST01311,24,Male,Leeds,BT20 1NB,£15–25k,697,Active,Spouse
CUST01312,41,Female,London,EH94 9BN,£25–40k,737,Active,Spouse
CUST01313,55,Male,Cardiff,BS62 2OP,£15–25k,829,Active,Spouse
CUST01314,48,Male,Leeds,M72 1WX,£40–60k,651,Active,Spouse
CUST01315,36,Male,Bristol,LS17 6JH,>£60k,671,Active,Spouse
CUST01316,35,Female,Manchester,SW62 5FW,<£15k,799,Active,Spouse
CUST01317,54,Male,Edinburgh,BT96 1OO,>£60k,602,Active,Spouse
CUST01318,52,Male,Birmingham,BS24 6UO,£40–60k,636,Active,Spouse
CUST01319,55,Female,London,M50 6QB,>£60k,766,Active,Spouse
CUST01320,41,Male,Glasgow,BS97 5WT,>£60k,665,Active,Spouse
CUST01321,67,Female,Cardiff,BT27 2TK,£15–25k,658,Active,Spouse
CUST01322,33,Male,London,CF87 6BD,£15–25k,642,Active,Spouse
CUST01323,43,Male,Bristol,L60 1LL,<£15k,714,Active,Spouse
CUST01324,59,Male,Birmingham,CF91 2RW,<£15k,731,Active,Spouse
CUST01325,52,Male,Leeds,B43 4RD,£25–40k,776,Active,Spouse
CUST01326,30,Female,Edinburgh,BT90 4YX,£40–60k,613,Active,Spouse
CUST01327,53,Male,Leeds,L46 5QV,£40–60k,692,Active,Spouse
CUST01328,59,Female,Bristol,G7 2LL,<£15k,697,Active,Spouse
CUST01329,35,Female,Edinburgh,EH65 9DP,>£60k,735,Active,Spouse
CUST01330,46,Male,Cardiff,CF38 8TL,<£15k,697,Active,Spouse
CUST01331,80,Female,Manchester,LS59 2CM,<£15k,771,Active,Spouse
CUST01332,55,Female,Birmingham,G10 2FI,£40–60k,706,Active,Spouse
CUST01333,45,Male,Manchester,B64 3GQ,£25–40k,681,Active,Spouse
CUST01334,48,Female,London,G54 9EP,£40–60k,670,Active,Spouse
CUST01335,27,Female,Liverpool,BS57 1JG,<£15k,697,Active,Spouse
CUST01336,49,Male,Manchester,SW30 9UK,>£60k,757,Active,Spouse
CUST01337,33,Female,Bristol,BT44 6PS,£15–25k,702,Active,Spouse
CUST01338,52,Female,Cardiff,CF57 8JS,£25–40k,729,Active,Spouse
CUST01339,69,Male,Birmingham,G22 5HP,£25–40k,682,Active,Spouse
CUST01340,31,Male,Liverpool,G99 1EL,>£60k,705,Active,Spouse
CUST01341,41,Female,Glasgow,EH22 3WR,<£15k,675,Active,Spouse
CUST01342,36,Female,Glasgow,B23 3FH,£15–25k,717,Active,Spouse
CUST01343,35,Female,Manchester,SW41 3OI,£15–25k,743,Active,Spouse
CUST01344,55,Male,Liverpool,B27 9WB,>£60k,723,Active,Spouse
CUST01345,30,Male,Liverpool,L19 6OR,<£15k,714,Active,Spouse
CUST01346,60,Male,Birmingham,CF39 2AM,£25–40k,747,Active,Spouse
CUST01347,54,Female,Edinburgh,B59 6EA,£15–25k,701,Active,Spouse
CUST01348,44,Male,Cardiff,CF43 5PJ,£25–40k,772,Active,Spouse
CUST01349,49,Male,Belfast,B73 8KW,£15–25k,717,Active,Spouse
CUST01350,86,Male,Manchester,EH6 3VR,£40–60k,681,Active,Spouse
CUST01351,18,Male,Manchester,G4 7TH,£15–25k,689,Active,Spouse
CUST01352,43,Male,Edinburgh,L12 6BT,£25–40k,715,Active,Spouse
CUST01353,52,Female,Leeds,BT68 4ZY,£15–25k,583,Active,Spouse
CUST01354,52,Male,Glasgow,LS3 2RO,£15–25k,696,Active,Spouse
CUST01355,41,Female,Manchester,CF51 4PK,£15–25k,604,Active,Spouse
CUST01356,66,Male,Belfast,BT66 1VL,£25–40k,674,Active,Spouse
CUST01357,54,Male,Bristol,B92 7LM,>£60k,651,Active,Spouse
CUST01358,49,Male,Liverpool,SW37 6LJ,£40–60k,685,Active,Spouse
CUST01359,54,Male,Edinburgh,CF12 4XO,<£15k,683,Active,Spouse
CUST01360,32,Male,Bristol,EH37 3ZX,>£60k,699,Active,Spouse
CUST01361,44,Female,Bristol,BS18 2EG,£25–40k,714,Active,Spouse
CUST01362,58,Female,Glasgow,EH68 6CS,>£60k,636,Active,Spouse
CUST01363,58,Male,Bristol,M1 7UI,<£15k,628,Active,Spouse
CUST01364,53,Female,Bristol,B72 8WS,£15–25k,737,Active,Spouse
CUST01365,37,Male,Birmingham,LS24 7JR,£40–60k,654,Active,Spouse
CUST01366,32,Male,Edinburgh,SW39 5PR,<£15k,704,Active,Spouse
CUST01367,55,Female,Edinburgh,LS4 1EI,£40–60k,691,Active,Spouse
CUST01368,18,Male,Glasgow,EH16 5NF,>£60k,668,Active,Spouse
CUST01369,36,Female,Edinburgh,LS4 2YI,£25–40k,728,Active,Spouse
CUST01370,52,Female,Edinburgh,M77 6SP,£25–40k,708,Active,Spouse
CUST01371,58,Male,Belfast,BS34 8WD,£40–60k,756,Active,Spouse
CUST01372,37,Male,Liverpool,CF94 1IF,£15–25k,650,Active,Spouse
CUST01373,43,Male,Belfast,SW19 6OW,>£60k,598,Active,Spouse
CUST01374,47,Male,Birmingham,L21 1IL,£40–60k,668,Active,Spouse
CUST01375,90,Female,Bristol,L7 5JQ,<£15k,781,Active,Spouse
CUST01376,35,Female,Manchester,CF25 3YD,£15–25k,639,Active,Spouse
CUST01377,34,Male,Belfast,B70 6KV,<£15k,758,Active,Spouse
CUST01378,59,Female,Glasgow,G88 6DR,>£60k,782,Active,Spouse
CUST01379,32,Male,Belfast,L19 1EQ,£40–60k,728,Active,Spouse
CUST01380,33,Female,Glasgow,L63 7KF,£40–60k,796,Active,Spouse
CUST01381,32,Male,Manchester,LS20 9HG,<£15k,626,Active,Spouse
CUST01382,29,Male,Cardiff,BT89 9RW,£15–25k,699,Active,Spouse
CUST01383,55,Male,Cardiff,M54 8CD,£15–25k,736,Active,Spouse
CUST01384,29,Female,Birmingham,SW62 6JW,£40–60k,677,Active,Spouse
CUST01385,37,Male,Liverpool,B57 9YK,£25–40k,630,Active,Spouse
CUST01386,37,Female,Birmingham,G4 2HE,>£60k,779,Active,Spouse
CUST01387,25,Male,Birmingham,LS40 3GE,£40–60k,712,Active,Spouse
CUST01388,65,Female,Manchester,BS89 2CA,>£60k,777,Active,Spouse
CUST01389,69,Female,Edinburgh,BS6 4DB,£25–40k,718,Active,Spouse
CUST01390,51,Female,Cardiff,BT8 8DI,<£15k,669,Active,Spouse
CUST01391,25,Male,London,M39 1YD,<£15k,691,Active,Spouse
CUST01392,61,Female,Manchester,BT27 4FV,£40–60k,568,Active,Spouse
CUST01393,38,Male,Liverpool,SW12 3XI,>£60k,732,Active,Spouse
CUST01394,45,Female,Belfast,L46 3QY,<£15k,773,Active,Spouse
CUST01395,59,Male,Belfast,LS65 2DS,>£60k,615,Active,Spouse
CUST01396,46,Female,London,CF28 4JF,£40–60k,656,Active,Spouse
CUST01397,33,Female,Cardiff,SW93 2GQ,<£15k,619,Active,Spouse
CUST01398,48,Female,Edinburgh,L90 3OV,£40–60k,775,Active,Spouse
CUST01399,49,Female,Manchester,B46 7NG,£25–40k,616,Active,Spouse
CUST01400,44,Male,Cardiff,LS53 2YK,£15–25k,730,Active,Spouse
CUST01401,43,Female,Manchester,EH15 9EP,>£60k,718,Active,Spouse
CUST01402,35,Female,Liverpool,G72 1CK,£15–25k,685,Active,Spouse
CUST01403,40,Male,Edinburgh,M50 5OT,£40–60k,787,Active,Spouse
CUST01404,29,Male,Glasgow,EH29 9NJ,£15–25k,574,Active,Spouse
CUST01405,65,Male,Bristol,LS9 8VL,£25–40k,706,Active,Spouse
CUST01406,27,Male,Birmingham,SW87 8VD,>£60k,753,Active,Spouse
CUST01407,53,Female,Bristol,EH67 2DE,<£15k,798,Active,Spouse
CUST01408,47,Female,Bristol,BS89 2XF,£15–25k,843,Active,Spouse
CUST01409,43,Male,Manchester,L26 6GT,<£15k,734,Active,Spouse
CUST01410,55,Male,Bristol,M30 7XP,£40–60k,850,Active,Spouse
CUST01411,38,Male,Glasgow,BT76 5YZ,£15–25k,672,Active,Spouse
CUST01412,55,Female,Bristol,L61 7PQ,£40–60k,623,Active,Spouse
CUST01413,33,Male,Glasgow,B99 8DD,>£60k,691,Active,Spouse
CUST01414,68,Male,Glasgow,EH64 4UE,£25–40k,744,Active,Spouse
CUST01415,46,Female,London,M95 1CP,>£60k,669,Active,Spouse
CUST01416,18,Female,London,B49 6EJ,£40–60k,822,Active,Spouse
CUST01417,44,Male,Belfast,BT13 2VY,£25–40k,655,Active,Spouse
CUST01418,79,Male,Cardiff,EH60 4JV,<£15k,625,Active,Spouse
CUST01419,64,Female,Edinburgh,EH65 5RK,£15–25k,700,Active,Spouse
CUST01420,55,Female,Cardiff,CF3 1ND,>£60k,732,Active,Spouse
CUST01421,55,Male,Bristol,EH41 7OO,£15–25k,843,Active,Spouse
CUST01422,77,Female,London,SW23 9VY,£40–60k,658,Active,Spouse
CUST01423,52,Male,Glasgow,B63 7EJ,£25–40k,598,Active,Spouse
CUST01424,57,Other,Bristol,EH98 2SV,£15–25k,764,Active,Spouse
CUST01425,18,Male,Edinburgh,CF88 9SP,>£60k,698,Active,Spouse
CUST01426,55,Male,Edinburgh,CF21 9BM,>£60k,721,Active,Spouse
CUST01427,26,Female,Glasgow,EH76 7TV,>£60k,632,Active,Spouse
CUST01428,42,Female,Liverpool,G42 1AS,£15–25k,674,Active,Spouse
CUST01429,39,Male,London,B47 6ZX,>£60k,619,Active,Spouse
CUST01430,45,Female,Belfast,SW98 6MD,£25–40k,796,Active,Spouse
CUST01431,27,Female,Bristol,L46 7LB,£40–60k,686,Active,Spouse
CUST01432,54,Female,Leeds,LS31 5SC,>£60k,606,Active,Spouse
CUST01433,45,Female,Manchester,G15 6FA,£25–40k,762,Active,Spouse
CUST01434,30,Male,Cardiff,L5 8VN,£25–40k,708,Active,Spouse
CUST01435,59,Female,Belfast,CF54 5AW,£25–40k,839,Active,Spouse
CUST01436,46,Female,Edinburgh,BT3 6MS,>£60k,657,Active,Spouse
CUST01437,18,Female,Bristol,L74 2ZP,<£15k,657,Active,Spouse
CUST01438,24,Male,Manchester,LS44 8QZ,£15–25k,802,Active,Spouse
CUST01439,58,Female,Liverpool,B79 5LN,£15–25k,632,Active,Spouse
CUST01440,33,Female,Leeds,EH82 2RG,£40–60k,704,Active,Spouse
CUST01441,60,Female,Glasgow,G7 5SM,>£60k,730,Active,Spouse
CUST01442,51,Female,Leeds,BT96 2WS,<£15k,712,Active,Spouse
CUST01443,28,Female,Manchester,BT44 5CS,£25–40k,704,Active,Spouse
CUST01444,44,Female,Cardiff,EH55 4LZ,£15–25k,615,Active,Spouse
CUST01445,70,Female,Manchester,G65 5NV,£15–25k,664,Active,Spouse
CUST01446,24,Female,Cardiff,L26 7MI,<£15k,673,Active,Spouse
CUST01447,41,Male,Belfast,CF59 9FA,£40–60k,695,Active,Spouse
CUST01448,40,Male,Cardiff,B74 8GV,£40–60k,699,Active,Spouse
CUST01449,47,Female,Edinburgh,G82 9ZT,£40–60k,705,Active,Spouse
CUST01450,50,Female,Bristol,BT94 1QG,£15–25k,727,Active,Spouse
CUST01451,52,Female,Liverpool,EH19 4EX,<£15k,743,Active,Spouse
CUST01452,34,Female,Glasgow,BS53 6CU,<£15k,660,Active,Spouse
CUST01453,60,Female,Leeds,BS35 5UF,>£60k,675,Active,Spouse
CUST01454,43,Female,Glasgow,BT31 7HD,>£60k,687,Active,Spouse
CUST01455,79,Male,Birmingham,LS4 4ZJ,£40–60k,648,Active,Spouse
CUST01456,31,Female,Edinburgh,EH72 7NU,£25–40k,699,Active,Spouse
CUST01457,42,Male,London,LS21 5EA,£25–40k,632,Active,Spouse
CUST01458,43,Female,Glasgow,G85 9FU,£40–60k,700,Active,Spouse
CUST01459,37,Female,London,EH3 1CK,>£60k,690,Active,Spouse
CUST01460,33,Male,Belfast,G9 7LV,£25–40k,632,Active,Spouse
CUST01461,38,Female,Manchester,BS93 3HD,£25–40k,640,Active,Spouse
CUST01462,25,Female,Belfast,CF16 9VS,<£15k,588,Active,Spouse
CUST01463,48,Female,Cardiff,G64 2HT,£15–25k,673,Active,Spouse
CUST01464,60,Female,Manchester,L43 7ZX,>£60k,582,Active,Spouse
CUST01465,39,Female,Leeds,BS28 3DF,£25–40k,712,Active,Spouse
CUST01466,35,Male,Leeds,G57 7IS,£40–60k,697,Active,Spouse
CUST01467,18,Male,London,EH69 6WD,>£60k,674,Active,Spouse
CUST01468,32,Male,Liverpool,CF55 8VH,£15–25k,755,Active,Spouse
CUST01469,47,Female,Glasgow,B47 8WL,£25–40k,746,Active,Spouse
CUST01470,62,Female,Glasgow,SW83 1XV,<£15k,669,Active,Spouse
CUST01471,46,Female,London,LS33 9MJ,£15–25k,635,Active,Spouse
CUST01472,50,Male,Liverpool,M69 4OM,<£15k,730,Active,Spouse
CUST01473,49,Male,London,BS33 5CY,£15–25k,669,Active,Spouse
CUST01474,71,Male,Leeds,G27 3OU,£25–40k,700,Active,Spouse
CUST01475,89,Female,Liverpool,BS5 5CY,<£15k,635,Active,Spouse
CUST01476,54,Female,Edinburgh,EH95 7KW,£40–60k,757,Active,Spouse
CUST01477,29,Female,Bristol,M21 5QC,£25–40k,684,Active,Spouse
CUST01478,24,Female,Liverpool,BS78 9XK,£25–40k,772,Active,Spouse
CUST01479,43,Female,Edinburgh,SW98 1UU,£40–60k,649,Active,Spouse
CUST01480,59,Male,Birmingham,EH83 3AM,£25–40k,699,Active,Spouse
CUST01481,57,Male,Leeds,G41 2DF,>£60k,725,Active,Spouse
CUST01482,30,Male,Leeds,CF92 3TV,£25–40k,667,Active,Spouse
CUST01483,32,Male,Bristol,L58 8XE,£15–25k,631,Active,Spouse
CUST01484,20,Male,Glasgow,B88 6ZJ,£40–60k,821,Active,Spouse
CUST01485,49,Male,Leeds,M54 6FM,£40–60k,725,Active,Spouse
CUST01486,61,Male,Bristol,BT29 1AR,<£15k,667,Active,Spouse
CUST01487,24,Female,Belfast,LS12 8GI,£25–40k,743,Active,Spouse
CUST01488,27,Female,Birmingham,SW52 7TI,£15–25k,741,Active,Spouse
CUST01489,22,Female,Birmingham,M48 3SD,<£15k,624,Active,Spouse
CUST01490,35,Female,London,CF56 8VP,£40–60k,739,Active,Spouse
CUST01491,69,Female,Manchester,LS92 4GZ,£15–25k,724,Active,Spouse
CUST01492,35,Female,Glasgow,G96 8ME,£40–60k,754,Active,Spouse
CUST01493,22,Male,Bristol,LS77 4JX,£40–60k,644,Active,Spouse
CUST01494,46,Female,Leeds,BS24 7ZE,>£60k,745,Active,Spouse
CUST01495,41,Female,London,G34 4TO,£40–60k,681,Active,Spouse
CUST01496,41,Male,Leeds,L75 8CA,£25–40k,764,Active,Spouse
CUST01497,33,Female,Edinburgh,B42 7VG,<£15k,641,Active,Spouse
CUST01498,40,Female,Bristol,BS95 5CD,<£15k,774,Active,Spouse
CUST01499,35,Female,Cardiff,SW7 6HP,£40–60k,684,Active,Spouse
CUST01500,22,Female,Liverpool,BT86 1AI,£15–25k,686,Active,Spouse
CUST01501,48,Female,Cardiff,BT49 5MV,<£15k,628,Active,Spouse
CUST01502,61,Male,Liverpool,B72 1SF,>£60k,712,Active,Spouse
CUST01503,37,Other,Glasgow,B65 8KO,£25–40k,713,Active,Spouse
CUST01504,52,Male,Birmingham,M41 9NE,<£15k,595,Active,Spouse
CUST01505,48,Other,Glasgow,M41 1EP,£15–25k,771,Active,Spouse
CUST01506,33,Male,Glasgow,L56 5IT,£15–25k,670,Active,Spouse
CUST01507,39,Male,Glasgow,CF41 7FK,>£60k,746,Active,Spouse
CUST01508,29,Male,Edinburgh,B72 8BG,£15–25k,725,Active,Spouse
CUST01509,40,Female,Birmingham,SW30 3BP,<£15k,800,Active,Spouse
CUST01510,40,Female,Glasgow,B91 8ND,£15–25k,567,Active,Spouse
CUST01511,54,Female,Edinburgh,SW57 6WR,£40–60k,722,Active,Spouse
CUST01512,47,Female,Edinburgh,EH64 2XE,£15–25k,769,Active,Spouse
CUST01513,20,Male,Manchester,L12 4JF,£15–25k,645,Active,Spouse
CUST01514,44,Male,Birmingham,CF35 4SA,£25–40k,706,Active,Spouse
CUST01515,42,Male,Cardiff,BT24 7CH,£40–60k,610,Active,Spouse
CUST01516,37,Male,Edinburgh,M43 1JV,£15–25k,795,Active,Spouse
CUST01517,28,Male,Manchester,BS48 2KE,>£60k,695,Active,Spouse
CUST01518,51,Male,London,M59 8OU,£25–40k,744,Active,Spouse
CUST01519,54,Male,Glasgow,BT85 1KB,£15–25k,666,Active,Spouse
CUST01520,31,Female,Belfast,EH42 3GB,<£15k,801,Active,Spouse
CUST01521,57,Female,Glasgow,L8 2RT,<£15k,701,Active,Spouse
CUST01522,65,Male,Bristol,M52 5FH,>£60k,609,Active,Spouse
CUST01523,25,Female,Bristol,M3 4FM,<£15k,569,Active,Spouse
CUST01524,46,Male,Bristol,G83 3DJ,£15–25k,708,Active,Spouse
CUST01525,23,Female,Edinburgh,BS95 5VT,£25–40k,748,Active,Spouse
CUST01526,18,Male,Birmingham,L86 2LQ,<£15k,718,Active,Spouse
CUST01527,53,Female,Leeds,EH58 7PI,<£15k,705,Active,Spouse
CUST01528,22,Female,Belfast,BT55 2YN,£25–40k,769,Active,Spouse
CUST01529,37,Female,Liverpool,BT24 7UN,£15–25k,668,Active,Spouse
CUST01530,34,Male,Manchester,SW66 6OV,£25–40k,738,Active,Spouse
CUST01531,36,Male,Leeds,B64 9UU,£25–40k,629,Active,Spouse
CUST01532,58,Female,Cardiff,M38 8NC,£15–25k,694,Active,Spouse
CUST01533,59,Female,Edinburgh,G20 3VJ,<£15k,698,Active,Spouse
CUST01534,33,Male,Leeds,CF55 5SB,<£15k,593,Active,Spouse
CUST01535,46,Male,Cardiff,M6 9DQ,<£15k,679,Active,Spouse
CUST01536,55,Female,Bristol,BS13 8VX,£25–40k,663,Active,Spouse
CUST01537,50,Male,Belfast,G46 5SC,£15–25k,696,Active,Spouse
CUST01538,32,Male,Cardiff,SW15 8FZ,>£60k,667,Active,Spouse
CUST01539,24,Female,Birmingham,BS6 2NW,<£15k,806,Active,Spouse
CUST01540,49,Female,Glasgow,L76 8YV,<£15k,615,Active,Spouse
CUST01541,70,Female,Edinburgh,BT34 6ZF,£25–40k,633,Active,Spouse
CUST01542,35,Male,Leeds,B11 5VD,<£15k,683,Active,Spouse
CUST01543,44,Male,Bristol,CF3 1MD,£40–60k,739,Active,Spouse
CUST01544,18,Female,London,B84 8OW,>£60k,698,Active,Spouse
CUST01545,40,Female,Bristol,BT93 8JT,£40–60k,707,Active,Spouse
CUST01546,39,Female,Belfast,L89 7ZJ,<£15k,669,Active,Spouse
CUST01547,42,Male,Manchester,B18 1GD,<£15k,798,Active,Spouse
CUST01548,37,Female,London,LS4 4PU,£40–60k,765,Active,Spouse
CUST01549,46,Female,Birmingham,LS56 9GC,£15–25k,702,Active,Spouse
CUST01550,47,Male,Glasgow,EH19 8NA,<£15k,725,Active,Spouse
CUST01551,38,Female,Manchester,B20 8PP,£25–40k,761,Active,Spouse
CUST01552,51,Male,London,EH75 4GJ,£25–40k,623,Active,Spouse
CUST01553,18,Female,Belfast,BS7 6AD,£40–60k,795,Active,Spouse
CUST01554,47,Female,Bristol,BS64 9JB,£40–60k,617,Active,Spouse
CUST01555,37,Male,Edinburgh,BS63 9SX,£25–40k,750,Active,Spouse
CUST01556,41,Female,Belfast,EH30 1QA,£25–40k,691,Active,Spouse
CUST01557,54,Male,Bristol,BT41 9CI,£25–40k,715,Active,Spouse
CUST01558,52,Male,Bristol,EH15 8TU,£15–25k,737,Active,Spouse
CUST01559,33,Male,Liverpool,EH90 7AF,£40–60k,660,Active,Spouse
CUST01560,32,Female,Glasgow,LS61 6OH,>£60k,663,Active,Spouse
CUST01561,42,Male,Cardiff,LS76 6TW,£40–60k,693,Active,Spouse
CUST01562,64,Female,Edinburgh,B38 7NV,£40–60k,712,Active,Spouse
CUST01563,42,Male,Liverpool,EH21 4JW,>£60k,850,Active,Spouse
CUST01564,29,Female,Manchester,EH17 3GF,£15–25k,678,Active,Spouse
CUST01565,70,Male,Belfast,EH13 7PJ,£40–60k,800,Active,Spouse
CUST01566,39,Female,Leeds,LS72 1AL,£40–60k,599,Active,Spouse
CUST01567,37,Female,Glasgow,L87 3FQ,<£15k,779,Active,Spouse
CUST01568,42,Female,London,M44 7DT,<£15k,738,Active,Spouse
CUST01569,44,Female,Leeds,M72 4PI,£25–40k,612,Active,Spouse
CUST01570,44,Female,Liverpool,L99 1YR,<£15k,746,Active,Spouse
CUST01571,35,Female,Glasgow,B89 9TV,>£60k,744,Active,Spouse
CUST01572,45,Female,Manchester,SW57 8YD,£40–60k,741,Active,Spouse
CUST01573,49,Male,Manchester,BT79 2RB,£25–40k,640,Active,Spouse
CUST01574,39,Male,Cardiff,M22 2GL,£25–40k,677,Active,Spouse
CUST01575,34,Female,Birmingham,G91 8YQ,<£15k,711,Active,Spouse
CUST01576,73,Female,Edinburgh,M20 6KE,£40–60k,761,Active,Spouse
CUST01577,62,Male,Manchester,LS57 7YY,£25–40k,656,Active,Spouse
CUST01578,62,Male,London,LS61 6JQ,<£15k,792,Active,Spouse
CUST01579,33,Male,Birmingham,M35 6WY,£25–40k,722,Active,Spouse
CUST01580,51,Male,Bristol,L81 4EY,£15–25k,683,Active,Spouse
CUST01581,46,Male,Cardiff,BS30 3ZN,<£15k,727,Active,Spouse
CUST01582,41,Female,Bristol,BS59 9ZV,>£60k,758,Active,Spouse
CUST01583,25,Female,Liverpool,SW57 3YA,>£60k,677,Active,Spouse
CUST01584,54,Female,Cardiff,M11 6KM,<£15k,805,Active,Spouse
CUST01585,60,Male,Birmingham,BS8 7YB,£25–40k,705,Active,Spouse
CUST01586,42,Male,Birmingham,BT8 9JN,>£60k,680,Active,Spouse
CUST01587,40,Female,Bristol,CF39 6LA,<£15k,593,Active,Spouse
CUST01588,70,Female,Glasgow,CF79 3WM,£25–40k,694,Active,Spouse
CUST01589,32,Female,Edinburgh,LS70 8WL,<£15k,722,Active,Spouse
CUST01590,33,Female,Bristol,LS39 2BR,£40–60k,751,Active,Spouse
CUST01591,33,Male,Liverpool,BS93 3QR,£25–40k,742,Active,Spouse
CUST01592,39,Female,Glasgow,LS12 9RJ,>£60k,713,Active,Spouse
CUST01593,56,Female,Cardiff,L97 3AA,£25–40k,666,Active,Spouse
CUST01594,56,Female,Cardiff,BT34 4YJ,£25–40k,595,Active,Spouse
CUST01595,66,Female,Bristol,CF15 1LI,<£15k,756,Active,Spouse
CUST01596,43,Male,Cardiff,L16 1YU,£15–25k,767,Active,Spouse
CUST01597,60,Male,Manchester,EH39 1OK,£40–60k,697,Active,Spouse
CUST01598,44,Other,Leeds,BT73 9TH,£40–60k,644,Active,Spouse
CUST01599,45,Male,Liverpool,G37 3WM,£25–40k,611,Active,Spouse
CUST01600,55,Male,Cardiff,LS14 6QS,>£60k,742,Active,Spouse
CUST01601,19,Female,Leeds,L59 2EW,£25–40k,780,Active,Spouse
CUST01602,35,Female,Bristol,BS11 2BN,<£15k,850,Active,Spouse
CUST01603,47,Male,Birmingham,EH28 8CL,£40–60k,780,Active,Spouse
CUST01604,30,Female,Cardiff,BS76 9QY,<£15k,679,Active,Spouse
CUST01605,36,Male,Bristol,G75 8UN,£40–60k,610,Active,Spouse
CUST01606,25,Male,Edinburgh,EH94 7FE,£25–40k,689,Active,Spouse
CUST01607,49,Female,Cardiff,B63 8EW,£40–60k,637,Active,Spouse
CUST01608,39,Female,Cardiff,CF16 4OP,>£60k,655,Active,Spouse
CUST01609,43,Male,London,B72 6DT,£25–40k,736,Active,Spouse
CUST01610,45,Male,Bristol,M16 6SJ,£25–40k,663,Active,Spouse
CUST01611,59,Female,London,CF20 2LJ,£25–40k,717,Active,Spouse
CUST01612,46,Male,Liverpool,G38 8AZ,<£15k,637,Active,Spouse
CUST01613,57,Male,Birmingham,B76 7BJ,£40–60k,723,Active,Spouse
CUST01614,51,Male,Glasgow,LS24 8AD,£25–40k,684,Active,Spouse
CUST01615,38,Male,Cardiff,L9 1NP,<£15k,803,Active,Spouse
CUST01616,38,Male,Belfast,G73 8KZ,£15–25k,627,Active,Spouse
CUST01617,47,Female,Bristol,EH93 3YE,<£15k,696,Active,Spouse
CUST01618,60,Male,Cardiff,EH98 8VO,<£15k,688,Active,Spouse
CUST01619,53,Female,Birmingham,L12 7MH,<£15k,784,Active,Spouse
CUST01620,50,Male,Bristol,L70 1VO,£25–40k,640,Active,Spouse
CUST01621,18,Female,Glasgow,M22 1SU,£40–60k,722,Active,Spouse
CUST01622,39,Male,Glasgow,CF83 2UR,£25–40k,712,Active,Spouse
CUST01623,44,Male,Manchester,LS80 9SY,£25–40k,626,Active,Spouse
CUST01624,42,Male,London,BT67 4YP,>£60k,637,Active,Spouse
CUST01625,37,Female,Cardiff,SW16 9FA,<£15k,751,Active,Spouse
CUST01626,45,Male,Glasgow,LS32 8CZ,£15–25k,730,Active,Spouse
CUST01627,46,Male,Cardiff,BT42 7SB,>£60k,680,Active,Spouse
CUST01628,48,Male,Edinburgh,SW44 7FN,£40–60k,602,Active,Spouse
CUST01629,55,Male,London,CF41 7IC,£25–40k,649,Active,Spouse
CUST01630,51,Female,Manchester,M70 3JE,£25–40k,678,Active,Spouse
CUST01631,26,Male,Birmingham,G99 2EJ,£15–25k,658,Active,Spouse
CUST01632,51,Female,Bristol,B8 6FA,£15–25k,825,Active,Spouse
CUST01633,43,Female,London,G50 2KE,£15–25k,816,Active,Spouse
CUST01634,20,Female,Bristol,L34 7DB,>£60k,549,Active,Spouse
CUST01635,40,Female,Leeds,LS97 4PQ,£25–40k,693,Active,Spouse
CUST01636,52,Female,Cardiff,BS15 5BK,>£60k,661,Active,Spouse
CUST01637,49,Female,Edinburgh,CF53 2PA,£25–40k,685,Active,Spouse
CUST01638,62,Male,Bristol,LS3 5RS,£15–25k,708,Active,Spouse
CUST01639,85,Male,Manchester,LS98 9UZ,>£60k,686,Active,Spouse
CUST01640,61,Male,Birmingham,G73 7OC,£25–40k,786,Active,Spouse
CUST01641,18,Female,Cardiff,LS19 6RF,<£15k,741,Active,Spouse
CUST01642,26,Female,Leeds,CF55 9OB,£25–40k,684,Active,Spouse
CUST01643,28,Male,London,EH80 5UF,>£60k,771,Active,Spouse
CUST01644,36,Female,London,SW62 5TI,<£15k,599,Active,Spouse
CUST01645,47,Male,Bristol,L81 4SQ,<£15k,781,Active,Spouse
CUST01646,28,Male,Glasgow,SW21 9SC,£40–60k,749,Active,Spouse
CUST01647,18,Male,Glasgow,M51 2EX,£15–25k,786,Active,Spouse
CUST01648,50,Male,Cardiff,G56 4TQ,£25–40k,628,Active,Spouse
CUST01649,55,Male,Liverpool,L82 5YW,£25–40k,667,Active,Spouse
CUST01650,31,Male,Edinburgh,G32 6KG,£40–60k,666,Active,Spouse
CUST01651,54,Male,Edinburgh,BT43 1WE,£25–40k,641,Active,Spouse
CUST01652,18,Male,London,BT61 1AV,£15–25k,668,Active,Spouse
CUST01653,63,Male,Birmingham,BS72 8YM,£25–40k,773,Active,Spouse
CUST01654,36,Male,Cardiff,M84 2RA,>£60k,664,Active,Spouse
CUST01655,35,Male,Edinburgh,M46 7TL,<£15k,658,Active,Spouse
CUST01656,35,Male,Bristol,B99 1DO,£25–40k,712,Active,Spouse
CUST01657,64,Female,Liverpool,LS57 1HX,£15–25k,641,Active,Spouse
CUST01658,32,Female,London,G88 6GC,£25–40k,719,Active,Spouse
CUST01659,55,Female,Belfast,G92 4HP,>£60k,609,Active,Spouse
CUST01660,22,Male,Liverpool,SW36 8WW,£15–25k,800,Active,Spouse
CUST01661,18,Female,Belfast,LS1 4UM,£15–25k,678,Active,Spouse
CUST01662,24,Female,Manchester,G73 9PF,£40–60k,608,Active,Spouse
CUST01663,21,Female,Cardiff,LS85 3CS,<£15k,764,Active,Spouse
CUST01664,45,Male,Birmingham,M17 5SH,£25–40k,765,Active,Spouse
CUST01665,42,Male,Cardiff,G25 1WV,<£15k,763,Active,Spouse
CUST01666,42,Male,Cardiff,BT33 9OA,£40–60k,526,Active,Spouse
CUST01667,52,Female,Bristol,SW42 7NI,£40–60k,694,Active,Spouse
CUST01668,41,Male,Manchester,CF60 8LQ,£25–40k,646,Active,Spouse
CUST01669,54,Female,London,LS7 5NR,£40–60k,634,Active,Spouse
CUST01670,54,Male,Edinburgh,L1 7GK,£15–25k,704,Active,Spouse
CUST01671,55,Female,Manchester,BT4 4WN,>£60k,709,Active,Spouse
CUST01672,62,Male,Manchester,LS26 3KJ,£15–25k,724,Active,Spouse
CUST01673,46,Female,Manchester,M4 8NZ,£40–60k,561,Active,Spouse
CUST01674,63,Female,London,BT81 6IH,£25–40k,605,Active,Spouse
CUST01675,25,Male,Manchester,EH31 6BK,<£15k,746,Active,Spouse
CUST01676,45,Female,Cardiff,LS10 8YD,£40–60k,607,Active,Spouse
CUST01677,35,Male,Edinburgh,BT16 2BB,£15–25k,769,Active,Spouse
CUST01678,47,Male,Bristol,L89 2ZE,<£15k,701,Active,Spouse
CUST01679,34,Female,London,EH8 5TU,£40–60k,748,Active,Spouse
CUST01680,43,Female,Bristol,M14 1RB,£25–40k,736,Active,Spouse
CUST01681,32,Male,Glasgow,BS52 2TY,£25–40k,826,Active,Spouse
CUST01682,65,Female,Bristol,LS77 1OM,£40–60k,707,Active,Spouse
CUST01683,50,Female,Edinburgh,BS80 2KU,>£60k,664,Active,Spouse
CUST01684,55,Male,London,EH67 6SG,£40–60k,570,Active,Spouse
CUST01685,69,Female,Manchester,M2 2SZ,£40–60k,737,Active,Spouse
CUST01686,30,Male,Leeds,BT17 9IL,<£15k,797,Active,Spouse
CUST01687,74,Male,Bristol,EH93 8FH,£40–60k,723,Active,Spouse
CUST01688,33,Male,Birmingham,SW8 3JS,£40–60k,702,Active,Spouse
CUST01689,53,Male,Bristol,CF84 6JS,>£60k,718,Active,Spouse
CUST01690,30,Female,Cardiff,B19 8JT,>£60k,731,Active,Spouse
CUST01691,62,Male,Liverpool,G48 1QS,£25–40k,626,Active,Spouse
CUST01692,28,Male,Birmingham,SW31 9RB,<£15k,662,Active,Spouse
CUST01693,41,Male,Bristol,L26 4UG,£25–40k,750,Active,Spouse
CUST01694,62,Female,Manchester,L25 8WW,£25–40k,649,Active,Spouse
CUST01695,47,Male,Edinburgh,BT89 6SS,£40–60k,765,Active,Spouse
CUST01696,77,Female,Liverpool,BT39 7KF,£25–40k,711,Active,Spouse
CUST01697,48,Male,Manchester,EH6 8HA,£25–40k,723,Active,Spouse
CUST01698,40,Male,Leeds,LS60 4HP,£25–40k,706,Active,Spouse
CUST01699,18,Male,Liverpool,BS27 7FA,£15–25k,664,Active,Spouse
CUST01700,52,Female,Liverpool,SW10 6AR,£15–25k,646,Active,Spouse
CUST01701,57,Male,Manchester,B38 8GU,<£15k,598,Active,Spouse
CUST01702,57,Female,Belfast,L6 1GG,£40–60k,749,Active,Spouse
CUST01703,78,Male,Glasgow,B29 5XF,£25–40k,678,Active,Spouse
CUST01704,45,Male,Liverpool,CF32 3GA,£15–25k,791,Active,Spouse
CUST01705,65,Female,Birmingham,G13 1VE,£15–25k,761,Active,Spouse
CUST01706,50,Female,Bristol,M44 4JO,£25–40k,790,Active,Spouse
CUST01707,84,Female,Leeds,L48 3QZ,>£60k,735,Active,Spouse
CUST01708,45,Female,Belfast,BS92 2DE,£25–40k,743,Active,Spouse
CUST01709,47,Female,Birmingham,LS25 9MW,£15–25k,683,Active,Spouse
CUST01710,58,Male,Liverpool,L77 7UH,>£60k,670,Active,Spouse
CUST01711,53,Female,London,BT76 4RJ,£40–60k,609,Active,Spouse
CUST01712,70,Male,Birmingham,L32 1UZ,£15–25k,653,Active,Spouse
CUST01713,24,Male,Glasgow,B66 8GX,<£15k,780,Active,Spouse
CUST01714,68,Female,Manchester,EH85 2FQ,£40–60k,719,Active,Spouse
CUST01715,43,Male,Bristol,CF48 8QO,£25–40k,680,Active,Spouse
CUST01716,48,Female,Birmingham,L92 6QW,>£60k,697,Active,Spouse
CUST01717,42,Female,Edinburgh,EH61 5SM,£25–40k,647,Active,Spouse
CUST01718,27,Male,Belfast,SW27 4GO,£40–60k,705,Active,Spouse
CUST01719,48,Female,Leeds,BS28 5NM,£15–25k,656,Active,Spouse
CUST01720,36,Female,Belfast,B48 5RC,<£15k,713,Active,Spouse
CUST01721,31,Male,Birmingham,M38 8QL,£25–40k,763,Active,Spouse
CUST01722,53,Male,Leeds,BT6 8QT,£40–60k,656,Active,Spouse
CUST01723,52,Male,Liverpool,BS58 8NN,£25–40k,647,Active,Spouse
CUST01724,57,Male,Liverpool,EH41 5MA,>£60k,649,Active,Spouse
CUST01725,43,Female,Birmingham,EH30 5UC,<£15k,708,Active,Spouse
CUST01726,67,Female,Liverpool,M38 9QR,£25–40k,653,Active,Spouse
CUST01727,32,Male,Manchester,G30 2DC,£40–60k,612,Active,Spouse
CUST01728,73,Male,Liverpool,SW70 4KG,£15–25k,702,Active,Spouse
CUST01729,61,Female,Liverpool,G39 5GW,£25–40k,665,Active,Spouse
CUST01730,37,Female,Belfast,B97 9IA,<£15k,697,Active,Spouse
CUST01731,44,Male,Glasgow,G45 7MS,>£60k,740,Active,Spouse
CUST01732,45,Female,London,EH84 9YE,£15–25k,677,Active,Spouse
CUST01733,73,Female,Bristol,LS30 4PH,<£15k,646,Active,Spouse
CUST01734,33,Male,Cardiff,BT71 8XO,<£15k,647,Active,Spouse
CUST01735,55,Male,Liverpool,M41 4NY,<£15k,726,Active,Spouse
CUST01736,42,Male,Bristol,LS57 8RA,£25–40k,644,Active,Spouse
CUST01737,47,Male,Liverpool,B74 3JX,£15–25k,752,Active,Spouse
CUST01738,68,Male,London,EH85 6KH,>£60k,663,Active,Spouse
CUST01739,42,Female,Bristol,BS88 7YY,<£15k,726,Active,Spouse
CUST01740,39,Male,Cardiff,G42 1SZ,>£60k,620,Active,Spouse
CUST01741,42,Female,London,B20 6SU,£40–60k,627,Active,Spouse
CUST01742,59,Female,Belfast,BT74 7MG,£25–40k,681,Active,Spouse
CUST01743,44,Female,Bristol,M69 7GP,£25–40k,655,Active,Spouse
CUST01744,44,Male,Manchester,L73 8UJ,<£15k,776,Active,Spouse
CUST01745,61,Female,Manchester,B14 9FB,£15–25k,635,Active,Spouse
CUST01746,18,Male,Belfast,EH4 3GC,£15–25k,691,Active,Spouse
CUST01747,40,Male,Bristol,G27 4JV,<£15k,678,Active,Spouse
CUST01748,36,Male,Cardiff,M59 1LQ,<£15k,634,Active,Spouse
CUST01749,79,Female,London,B42 7MF,£15–25k,812,Active,Spouse
CUST01750,39,Male,Manchester,B69 7PX,£25–40k,707,Active,Spouse
CUST01751,59,Male,Manchester,BS27 3GJ,£40–60k,707,Active,Spouse
CUST01752,37,Male,Bristol,EH21 5SG,£25–40k,621,Active,Spouse
CUST01753,45,Female,Cardiff,EH36 4AE,£25–40k,628,Active,Spouse
CUST01754,62,Female,Edinburgh,M52 4QK,£25–40k,698,Active,Spouse
CUST01755,52,Female,Belfast,EH59 8SB,£15–25k,680,Active,Spouse
CUST01756,57,Male,Manchester,G83 8LW,>£60k,662,Active,Spouse
CUST01757,49,Male,Glasgow,BS79 3NH,£25–40k,678,Active,Spouse
CUST01758,41,Female,Birmingham,BT94 7OM,<£15k,758,Active,Spouse
CUST01759,33,Male,Birmingham,BT13 7WB,£25–40k,721,Active,Spouse
CUST01760,64,Male,Leeds,B36 9JV,<£15k,755,Active,Spouse
CUST01761,35,Female,Manchester,LS64 7YR,£40–60k,729,Active,Spouse
CUST01762,19,Male,Manchester,L10 2QY,<£15k,760,Active,Spouse
CUST01763,84,Male,Liverpool,BS58 3IG,£25–40k,718,Active,Spouse
CUST01764,65,Female,Cardiff,SW60 1CU,<£15k,619,Active,Spouse
CUST01765,29,Female,Edinburgh,BS44 7GM,£40–60k,680,Active,Spouse
CUST01766,42,Female,London,SW33 2WE,<£15k,718,Active,Spouse
CUST01767,35,Female,Liverpool,EH63 8CC,£25–40k,708,Active,Spouse
CUST01768,59,Male,Cardiff,LS92 8EP,<£15k,729,Active,Spouse
CUST01769,39,Male,Glasgow,B22 1TD,£25–40k,744,Active,Spouse
CUST01770,38,Male,Birmingham,G16 9XM,<£15k,705,Active,Spouse
CUST01771,58,Female,Birmingham,M86 1VI,£25–40k,688,Active,Spouse
CUST01772,26,Female,Birmingham,EH46 3GW,£40–60k,703,Active,Spouse
CUST01773,58,Male,London,CF28 8WB,£15–25k,761,Active,Spouse
CUST01774,29,Male,Cardiff,M50 5OB,£40–60k,741,Active,Spouse
CUST01775,41,Female,Belfast,SW7 7YG,£40–60k,788,Active,Spouse
CUST01776,27,Male,Leeds,L31 4CA,£15–25k,740,Active,Spouse
CUST01777,39,Male,Bristol,SW2 6GV,£25–40k,664,Active,Spouse
CUST01778,59,Male,Manchester,LS13 3XF,>£60k,767,Active,Spouse
CUST01779,18,Female,London,BS66 2KK,£15–25k,758,Active,Spouse
CUST01780,43,Female,Cardiff,LS80 4RM,£25–40k,701,Active,Spouse
CUST01781,26,Female,Bristol,M30 4DL,£40–60k,736,Active,Spouse
CUST01782,79,Male,Liverpool,B2 7UK,>£60k,668,Active,Spouse
CUST01783,63,Female,London,BS28 8HC,£25–40k,699,Active,Spouse
CUST01784,37,Female,Glasgow,BT48 1CG,£15–25k,615,Active,Spouse
CUST01785,65,Male,Bristol,G99 8DW,£25–40k,706,Active,Spouse
CUST01786,38,Female,Cardiff,BT22 5DT,<£15k,682,Active,Spouse
CUST01787,55,Male,Liverpool,BS87 3KF,>£60k,673,Active,Spouse
CUST01788,31,Female,Liverpool,EH9 6AT,<£15k,693,Active,Spouse
CUST01789,42,Female,Belfast,EH49 9UX,£40–60k,690,Active,Spouse
CUST01790,38,Male,Leeds,CF76 1HA,£15–25k,776,Active,Spouse
CUST01791,86,Female,Belfast,M40 4XN,£15–25k,637,Active,Spouse
CUST01792,18,Male,Leeds,BT11 1EL,£25–40k,685,Active,Spouse
CUST01793,18,Female,Edinburgh,G26 3MG,£40–60k,610,Active,Spouse
CUST01794,37,Female,London,LS93 8XK,£25–40k,740,Active,Spouse
CUST01795,41,Male,Birmingham,G41 1QZ,<£15k,561,Active,Spouse
CUST01796,41,Female,Bristol,G97 1HX,£40–60k,688,Active,Spouse
CUST01797,42,Female,Liverpool,L32 4RB,>£60k,765,Active,Spouse
CUST01798,58,Male,Leeds,LS78 7QK,<£15k,704,Active,Spouse
CUST01799,75,Female,Birmingham,EH81 1CP,>£60k,613,Active,Spouse
CUST01800,37,Female,Manchester,LS7 3GE,£25–40k,692,Active,Spouse
CUST01801,44,Female,Manchester,B76 9ZG,£40–60k,614,Active,Spouse
CUST01802,18,Female,Leeds,CF11 7XO,£40–60k,699,Active,Spouse
CUST01803,21,Female,Glasgow,B93 4HN,£15–25k,660,Active,Spouse
CUST01804,46,Male,Birmingham,BT32 5JS,£25–40k,622,Active,Spouse
CUST01805,49,Male,Edinburgh,LS35 8CL,<£15k,651,Active,Spouse
CUST01806,39,Female,Bristol,BS22 8ON,£25–40k,730,Active,Spouse
CUST01807,43,Female,Cardiff,BT95 7YE,<£15k,718,Active,Spouse
CUST01808,51,Female,Edinburgh,SW98 7NC,£15–25k,694,Active,Spouse
CUST01809,50,Female,Glasgow,BT69 3RX,£15–25k,659,Active,Spouse
CUST01810,52,Male,Birmingham,G49 8JO,£15–25k,686,Active,Spouse
CUST01811,64,Male,Glasgow,BS72 8CK,>£60k,708,Active,Spouse
CUST01812,36,Female,Birmingham,EH26 3GA,£15–25k,730,Active,Spouse
CUST01813,65,Female,London,CF94 6PM,<£15k,672,Active,Spouse
CUST01814,35,Male,Bristol,BS96 6MP,£15–25k,542,Active,Spouse
CUST01815,47,Male,Glasgow,BT10 7BD,<£15k,680,Active,Spouse
CUST01816,52,Male,Bristol,BT21 4YN,£15–25k,731,Active,Spouse
CUST01817,24,Male,Glasgow,L66 8UW,£40–60k,754,Active,Spouse
CUST01818,33,Male,Liverpool,SW84 7NX,>£60k,672,Active,Spouse
CUST01819,18,Female,Leeds,LS62 1LU,£15–25k,720,Active,Spouse
CUST01820,28,Male,London,B34 8VE,£15–25k,662,Active,Spouse
CUST01821,27,Female,Glasgow,LS78 3AD,<£15k,759,Active,Spouse
CUST01822,39,Female,Manchester,BS51 2QG,£15–25k,623,Active,Spouse
CUST01823,26,Male,Bristol,B55 5WJ,<£15k,748,Active,Spouse
CUST01824,32,Male,Cardiff,CF85 7SJ,£40–60k,671,Active,Spouse
CUST01825,45,Male,Bristol,M14 6EI,£25–40k,681,Active,Spouse
CUST01826,18,Male,Leeds,BS90 5AF,£40–60k,736,Active,Spouse
CUST01827,41,Male,Edinburgh,SW13 2YW,>£60k,717,Active,Spouse
CUST01828,55,Male,Bristol,CF54 5XN,<£15k,578,Active,Spouse
CUST01829,55,Male,Birmingham,B48 3WE,£25–40k,849,Active,Spouse
CUST01830,51,Male,Leeds,EH24 9DO,£25–40k,779,Active,Spouse
CUST01831,59,Female,Belfast,LS24 4BX,<£15k,739,Active,Spouse
CUST01832,59,Male,Birmingham,LS34 7OU,£25–40k,770,Active,Spouse
CUST01833,63,Male,Belfast,M82 3CJ,£25–40k,627,Active,Spouse
CUST01834,60,Male,Manchester,BS16 5CK,>£60k,684,Active,Spouse
CUST01835,64,Male,London,BT31 8PV,<£15k,729,Active,Spouse
CUST01836,26,Female,Manchester,SW8 5YA,£40–60k,785,Active,Spouse
CUST01837,33,Male,Belfast,SW13 4QZ,£25–40k,681,Active,Spouse
CUST01838,70,Female,London,BS78 9YI,£25–40k,708,Active,Spouse
CUST01839,39,Male,Edinburgh,EH97 6TN,>£60k,695,Active,Spouse
CUST01840,39,Female,Liverpool,L88 6KH,£40–60k,748,Active,Spouse
CUST01841,39,Male,Liverpool,BS49 1LK,£25–40k,697,Active,Spouse
CUST01842,53,Female,Manchester,SW59 7XE,£25–40k,727,Active,Spouse
CUST01843,34,Female,London,BT16 9IW,£15–25k,749,Active,Spouse
CUST01844,37,Male,Leeds,L58 8QN,£25–40k,638,Active,Spouse
CUST01845,18,Male,Leeds,SW82 6AU,£25–40k,689,Active,Spouse
CUST01846,21,Female,Liverpool,SW95 6VO,£40–60k,650,Active,Spouse
CUST01847,44,Male,Leeds,BT63 7XT,£40–60k,769,Active,Spouse
CUST01848,40,Male,Manchester,L55 8VW,£40–60k,615,Active,Spouse
CUST01849,43,Female,Manchester,BS38 4WE,£25–40k,766,Active,Spouse
CUST01850,40,Female,Cardiff,BT92 9BE,£25–40k,780,Active,Spouse
CUST01851,44,Male,Edinburgh,M39 9OF,£40–60k,742,Active,Spouse
CUST01852,48,Male,Edinburgh,M62 9HH,£25–40k,777,Active,Spouse
CUST01853,77,Female,Leeds,B97 2DN,<£15k,671,Active,Spouse
CUST01854,47,Male,London,B42 7YI,£15–25k,769,Active,Spouse
CUST01855,48,Male,Leeds,G86 8VD,<£15k,592,Active,Spouse
CUST01856,40,Male,Birmingham,CF82 8CZ,£25–40k,714,Active,Spouse
CUST01857,68,Male,Liverpool,LS74 2UK,£40–60k,706,Active,Spouse
CUST01858,31,Male,Bristol,BS84 9NZ,£25–40k,716,Active,Spouse
CUST01859,67,Female,Leeds,LS34 2JC,£15–25k,662,Active,Spouse
CUST01860,37,Female,Manchester,M44 4XD,£25–40k,663,Active,Spouse
CUST01861,25,Female,Belfast,L17 6MS,>£60k,703,Active,Spouse
CUST01862,44,Female,London,G8 9GM,£15–25k,597,Active,Spouse
CUST01863,32,Female,Bristol,L99 6ZV,<£15k,711,Active,Spouse
CUST01864,55,Female,Birmingham,CF85 4DM,£25–40k,757,Active,Spouse
CUST01865,56,Female,London,CF59 6EJ,£25–40k,699,Active,Spouse
CUST01866,23,Male,Leeds,EH88 8ET,£15–25k,686,Active,Spouse
CUST01867,18,Male,Glasgow,B96 1TK,>£60k,711,Active,Spouse
CUST01868,35,Male,Glasgow,CF89 2IW,<£15k,577,Active,Spouse
CUST01869,50,Female,Belfast,EH81 4PJ,<£15k,787,Active,Spouse
CUST01870,21,Male,Bristol,SW43 3WG,<£15k,727,Active,Spouse
CUST01871,39,Male,Leeds,SW23 8XM,>£60k,654,Active,Spouse
CUST01872,33,Male,Glasgow,B3 9MK,£25–40k,676,Active,Spouse
CUST01873,39,Female,Bristol,EH45 7MC,£25–40k,697,Active,Spouse
CUST01874,32,Female,Cardiff,G37 4WR,£25–40k,659,Active,Spouse
CUST01875,53,Female,Bristol,M17 6YZ,>£60k,643,Active,Spouse
CUST01876,48,Female,Belfast,SW91 5OU,<£15k,679,Active,Spouse
CUST01877,36,Female,Birmingham,BT18 8WP,<£15k,809,Active,Spouse
CUST01878,25,Female,Glasgow,B27 4ZX,£15–25k,792,Active,Spouse
CUST01879,57,Other,Leeds,SW47 2VZ,£15–25k,662,Active,Spouse
CUST01880,57,Male,Birmingham,BS55 3BD,<£15k,537,Active,Spouse
CUST01881,34,Male,Liverpool,EH23 1DQ,<£15k,644,Active,Spouse
CUST01882,50,Male,Liverpool,BT56 3UX,£40–60k,742,Active,Spouse
CUST01883,50,Male,Bristol,LS5 2HM,£15–25k,707,Active,Spouse
CUST01884,59,Male,Edinburgh,G89 3UX,£25–40k,746,Active,Spouse
CUST01885,35,Female,Bristol,M60 7IU,<£15k,667,Active,Spouse
CUST01886,55,Male,Edinburgh,L2 2DC,>£60k,696,Active,Spouse
CUST01887,45,Male,Manchester,EH83 9HA,£15–25k,708,Active,Spouse
CUST01888,18,Male,Belfast,BT74 8IW,>£60k,658,Active,Spouse
CUST01889,52,Male,Manchester,BT24 7PU,£25–40k,657,Active,Spouse
CUST01890,41,Male,Bristol,G74 3DK,£40–60k,727,Active,Spouse
CUST01891,59,Male,Manchester,CF24 7WA,£15–25k,767,Active,Spouse
CUST01892,62,Male,Bristol,CF69 9PC,£25–40k,691,Active,Spouse
CUST01893,41,Female,Cardiff,BT69 2YY,<£15k,630,Active,Spouse
CUST01894,66,Female,Leeds,M24 3AR,£25–40k,682,Active,Spouse
CUST01895,66,Female,Edinburgh,L16 1ES,£15–25k,717,Active,Spouse
CUST01896,60,Female,Leeds,B12 9IY,£40–60k,695,Active,Spouse
CUST01897,53,Male,London,M16 9JL,£25–40k,765,Active,Spouse
CUST01898,37,Male,Cardiff,B55 1HJ,<£15k,771,Active,Spouse
CUST01899,29,Male,London,CF38 9OE,£40–60k,807,Active,Spouse
CUST01900,47,Female,Belfast,EH89 6QL,£40–60k,659,Active,Spouse
CUST01901,57,Male,Belfast,CF66 4WD,£25–40k,719,Active,Spouse
CUST01902,19,Male,London,LS5 4EJ,£15–25k,676,Active,Spouse
CUST01903,29,Female,Leeds,B78 9GS,<£15k,644,Active,Spouse
CUST01904,30,Male,Liverpool,G17 7CR,<£15k,731,Active,Spouse
CUST01905,58,Female,Glasgow,G49 3MO,£15–25k,654,Active,Spouse
CUST01906,18,Female,Manchester,G87 7WE,£40–60k,556,Active,Spouse
CUST01907,75,Female,Cardiff,LS10 5UW,<£15k,709,Active,Spouse
CUST01908,57,Female,Leeds,L73 9TF,£25–40k,688,Active,Spouse
CUST01909,18,Female,Bristol,B41 7MA,£40–60k,724,Active,Spouse
CUST01910,69,Female,Belfast,LS10 5DR,<£15k,662,Active,Spouse
CUST01911,18,Female,Manchester,CF53 2KU,£15–25k,629,Active,Spouse
CUST01912,58,Male,Manchester,L43 5EZ,>£60k,719,Active,Spouse
CUST01913,63,Male,Leeds,G2 2MH,£25–40k,700,Active,Spouse
CUST01914,55,Male,Bristol,M16 3QX,£40–60k,674,Active,Spouse
CUST01915,28,Male,Glasgow,BT63 2QL,£25–40k,741,Active,Spouse
CUST01916,58,Female,Belfast,G71 5TD,£25–40k,663,Active,Spouse
CUST01917,68,Female,London,B41 7FL,£25–40k,794,Active,Spouse
CUST01918,30,Female,Cardiff,CF77 7PS,£25–40k,645,Active,Spouse
CUST01919,32,Female,Birmingham,G2 9WE,£15–25k,692,Active,Spouse
CUST01920,39,Male,Birmingham,B49 5BX,£25–40k,621,Active,Spouse
CUST01921,32,Female,Liverpool,LS87 7WO,£15–25k,573,Active,Spouse
CUST01922,18,Male,Birmingham,EH46 8QJ,£25–40k,611,Active,Spouse
CUST01923,74,Female,Glasgow,BS67 4JU,<£15k,810,Active,Spouse
CUST01924,56,Female,Manchester,G53 6CU,<£15k,664,Active,Spouse
CUST01925,22,Male,Manchester,M94 4CF,£15–25k,699,Active,Spouse
CUST01926,51,Female,Belfast,SW11 5RP,<£15k,654,Active,Spouse
CUST01927,50,Male,London,BS87 9XE,£25–40k,629,Active,Spouse
CUST01928,36,Male,Edinburgh,EH66 9WD,<£15k,684,Active,Spouse
CUST01929,73,Male,Bristol,SW79 4XA,<£15k,648,Active,Spouse
CUST01930,81,Female,Bristol,CF96 6HX,£25–40k,726,Active,Spouse
CUST01931,82,Female,Cardiff,BT6 8FV,£40–60k,640,Active,Spouse
CUST01932,28,Male,Cardiff,LS23 2LE,£25–40k,654,Active,Spouse
CUST01933,45,Male,Cardiff,L7 7PM,£40–60k,801,Active,Spouse
CUST01934,35,Female,Birmingham,L15 6VH,£25–40k,753,Active,Spouse
CUST01935,74,Female,Cardiff,M38 5PJ,£25–40k,715,Active,Spouse
CUST01936,61,Male,Glasgow,LS1 7GJ,£15–25k,651,Active,Spouse
CUST01937,51,Male,Cardiff,SW60 8BL,£15–25k,739,Active,Spouse
CUST01938,24,Male,London,BT59 6JL,£40–60k,646,Active,Spouse
CUST01939,40,Male,Manchester,SW45 3ML,>£60k,602,Active,Spouse
CUST01940,34,Male,London,M56 8GC,£25–40k,688,Active,Spouse
CUST01941,22,Male,Cardiff,CF20 7DP,<£15k,808,Active,Spouse
CUST01942,60,Male,London,B99 5HP,<£15k,850,Active,Spouse
CUST01943,26,Male,Bristol,L39 6NF,<£15k,726,Active,Spouse
CUST01944,34,Male,Cardiff,G14 8VO,£25–40k,632,Active,Spouse
CUST01945,59,Male,Birmingham,B46 7AL,£40–60k,703,Active,Spouse
CUST01946,39,Male,Leeds,M25 5BE,<£15k,717,Active,Spouse
CUST01947,32,Female,Bristol,BS96 6BF,£25–40k,646,Active,Spouse
CUST01948,34,Male,Leeds,EH86 5DN,>£60k,769,Active,Spouse
CUST01949,61,Female,Edinburgh,CF64 3KY,£25–40k,622,Active,Spouse
CUST01950,71,Male,Bristol,CF93 7ED,£40–60k,698,Active,Spouse
CUST01951,51,Male,Manchester,SW17 3LQ,£25–40k,656,Active,Spouse
CUST01952,45,Male,London,LS7 6NT,£25–40k,632,Active,Spouse
CUST01953,33,Male,London,BS62 5JP,>£60k,751,Active,Spouse
CUST01954,58,Male,Manchester,BS32 3XQ,£40–60k,728,Active,Spouse
CUST01955,38,Female,Birmingham,LS36 2IW,£15–25k,621,Active,Spouse
CUST01956,64,Female,Leeds,BS26 8WZ,£15–25k,757,Active,Spouse
CUST01957,18,Male,Manchester,CF79 3GS,>£60k,753,Active,Spouse
CUST01958,39,Female,Birmingham,LS16 3MB,£15–25k,742,Active,Spouse
CUST01959,23,Male,Glasgow,LS19 7AT,£25–40k,659,Active,Spouse
CUST01960,46,Female,Leeds,M7 7NQ,<£15k,808,Active,Spouse
CUST01961,85,Female,Glasgow,LS29 6NP,<£15k,705,Active,Spouse
CUST01962,61,Male,London,CF55 1JD,>£60k,713,Active,Spouse
CUST01963,47,Male,Glasgow,L36 6WN,<£15k,732,Active,Spouse
CUST01964,44,Male,Leeds,L7 3BA,£40–60k,749,Active,Spouse
CUST01965,29,Male,London,L28 5PI,<£15k,696,Active,Spouse
CUST01966,73,Female,Belfast,M56 3IP,£40–60k,769,Active,Spouse
CUST01967,49,Male,Liverpool,L39 2DV,£40–60k,760,Active,Spouse
CUST01968,68,Female,London,CF99 3KL,£15–25k,582,Active,Spouse
CUST01969,40,Male,Liverpool,BT68 6HU,£15–25k,659,Active,Spouse
CUST01970,23,Male,Glasgow,LS75 7CD,£15–25k,825,Active,Spouse
CUST01971,53,Female,Birmingham,BT16 1SU,£40–60k,757,Active,Spouse
CUST01972,35,Male,Leeds,LS91 8DC,£40–60k,682,Active,Spouse
CUST01973,44,Male,Cardiff,BT44 5XP,<£15k,723,Active,Spouse
CUST01974,56,Male,Leeds,CF93 3BE,>£60k,593,Active,Spouse
CUST01975,55,Female,Leeds,BS71 5YR,£40–60k,685,Active,Spouse
CUST01976,69,Female,Liverpool,L58 2NC,£25–40k,781,Active,Spouse
CUST01977,49,Female,Edinburgh,BS68 9ZA,£40–60k,701,Active,Spouse
CUST01978,40,Male,Birmingham,BT36 3JB,£25–40k,724,Active,Spouse
CUST01979,64,Male,Belfast,SW89 4XM,£25–40k,703,Active,Spouse
CUST01980,36,Female,Edinburgh,CF66 2FO,£40–60k,701,Active,Spouse
CUST01981,49,Female,Cardiff,BS72 7MT,<£15k,632,Active,Spouse
CUST01982,24,Male,Glasgow,LS24 1FS,£40–60k,668,Active,Spouse
CUST01983,69,Male,Leeds,BT90 1ZQ,>£60k,773,Active,Spouse
CUST01984,21,Male,Edinburgh,CF91 9IJ,£15–25k,644,Active,Spouse
CUST01985,56,Female,Leeds,G91 5RD,>£60k,675,Active,Spouse
CUST01986,51,Male,Birmingham,LS6 9HJ,£40–60k,608,Active,Spouse
CUST01987,45,Male,London,B36 3IZ,£15–25k,694,Active,Spouse
CUST01988,59,Female,London,LS27 9DA,>£60k,723,Active,Spouse
CUST01989,47,Male,Liverpool,BT48 6CW,<£15k,596,Active,Spouse
CUST01990,74,Female,Cardiff,G93 3NT,£40–60k,741,Active,Spouse
CUST01991,34,Male,Glasgow,L8 1LH,£25–40k,707,Active,Spouse
CUST01992,39,Male,Glasgow,B33 1RV,£25–40k,687,Active,Spouse
CUST01993,63,Female,Belfast,M93 7UI,£15–25k,643,Active,Spouse
CUST01994,55,Female,Belfast,CF27 8HK,£25–40k,775,Active,Spouse
CUST01995,53,Female,Glasgow,LS75 7EO,£25–40k,690,Active,Spouse
CUST01996,33,Male,Leeds,BS48 3PC,£25–40k,660,Active,Spouse
CUST01997,47,Male,Edinburgh,B59 3FG,>£60k,586,Active,Spouse
CUST01998,45,Female,Belfast,EH94 3UJ,£25–40k,751,Active,Spouse
CUST01999,23,Male,London,G21 3MV,£25–40k,771,Active,Spouse
CUST02000,85,Male,Belfast,LS9 3CN,£15–25k,696,Active,Spouse
CUST02001,41,Male,Leeds,EH83 7DX,£40–60k,692,Active,Spouse
CUST02002,46,Male,Cardiff,B94 1TD,>£60k,682,Active,Spouse
CUST02003,18,Female,Bristol,BS3 2AY,£15–25k,691,Active,Spouse
CUST02004,30,Other,London,B32 2IE,£25–40k,709,Active,Spouse
CUST02005,64,Male,Belfast,SW2 2RX,£40–60k,643,Active,Spouse
CUST02006,71,Male,Liverpool,M26 3PY,£40–60k,678,Active,Spouse
CUST02007,32,Male,Belfast,EH21 5KP,£15–25k,741,Active,Spouse
CUST02008,37,Male,Birmingham,LS8 9WI,£25–40k,697,Active,Spouse
CUST02009,45,Female,Cardiff,M3 1DR,£25–40k,737,Active,Spouse
CUST02010,43,Female,Glasgow,M66 7EA,>£60k,688,Active,Spouse
CUST02011,39,Male,Leeds,SW30 7ME,£15–25k,730,Active,Spouse
CUST02012,37,Female,Liverpool,G29 7VW,£25–40k,781,Active,Spouse
CUST02013,45,Male,Manchester,EH22 2HD,<£15k,599,Active,Spouse
CUST02014,49,Male,Glasgow,L10 6DL,£25–40k,728,Active,Spouse
CUST02015,65,Female,Manchester,SW78 3FN,£40–60k,655,Active,Spouse
CUST02016,31,Male,Cardiff,L77 3VN,£25–40k,739,Active,Spouse
CUST02017,62,Male,Birmingham,G80 5LD,<£15k,653,Active,Spouse
CUST02018,49,Male,Glasgow,EH85 6IZ,£25–40k,696,Active,Spouse
CUST02019,33,Male,Manchester,SW20 3KE,£40–60k,693,Active,Spouse
CUST02020,61,Male,Bristol,EH93 8CD,<£15k,702,Active,Spouse
CUST02021,42,Female,Belfast,BS94 5EC,£40–60k,736,Active,Spouse
CUST02022,62,Male,Liverpool,B24 7LK,£15–25k,642,Active,Spouse
CUST02023,49,Male,Edinburgh,BS62 7TZ,£40–60k,678,Active,Spouse
CUST02024,45,Female,Liverpool,B84 4MN,£25–40k,741,Active,Spouse
CUST02025,40,Female,Cardiff,EH69 9PR,>£60k,578,Active,Spouse
CUST02026,43,Female,Cardiff,LS50 2SW,>£60k,759,Active,Spouse
CUST02027,51,Male,Bristol,CF74 4WC,£25–40k,693,Active,Spouse
CUST02028,47,Male,Leeds,L1 4AL,£40–60k,703,Active,Spouse
CUST02029,18,Female,Cardiff,EH18 2BL,£25–40k,709,Active,Spouse
CUST02030,25,Male,Liverpool,B38 8ER,£25–40k,769,Active,Spouse
CUST02031,25,Female,Bristol,LS27 4BX,£25–40k,675,Active,Spouse
CUST02032,36,Male,Birmingham,M90 3MX,£25–40k,793,Active,Spouse
CUST02033,61,Female,London,BS48 1WD,£25–40k,563,Active,Spouse
CUST02034,44,Male,Belfast,M62 3AE,<£15k,632,Active,Spouse
CUST02035,47,Female,Liverpool,B11 4CA,£25–40k,739,Active,Spouse
CUST02036,48,Female,Belfast,BS20 3PX,£15–25k,743,Active,Spouse
CUST02037,41,Male,Birmingham,CF90 5PN,£15–25k,716,Active,Spouse
CUST02038,55,Male,Liverpool,EH83 1JD,<£15k,673,Active,Spouse
CUST02039,32,Male,Birmingham,SW83 1TY,£40–60k,661,Active,Spouse
CUST02040,43,Male,Birmingham,CF21 1MN,£25–40k,700,Active,Spouse
CUST02041,50,Female,Edinburgh,CF92 5SQ,£40–60k,655,Active,Spouse
CUST02042,55,Female,Glasgow,LS55 3IC,£25–40k,809,Active,Spouse
CUST02043,36,Female,Cardiff,BS17 4MT,<£15k,847,Active,Spouse
CUST02044,74,Female,London,LS51 3XR,£25–40k,700,Active,Spouse
CUST02045,42,Male,Belfast,M89 8PK,£15–25k,660,Active,Spouse
CUST02046,58,Female,Bristol,BS22 1ZL,<£15k,704,Active,Spouse
CUST02047,47,Female,Bristol,LS35 2DC,£15–25k,649,Active,Spouse
CUST02048,58,Male,Liverpool,BT43 1HJ,£40–60k,686,Active,Spouse
CUST02049,29,Female,Birmingham,CF14 2GT,£25–40k,695,Active,Spouse
CUST02050,33,Male,London,G25 9GU,<£15k,782,Active,Spouse
CUST02051,74,Male,London,LS35 2SS,£40–60k,697,Active,Spouse
CUST02052,61,Female,London,BT62 1BK,>£60k,762,Active,Spouse
CUST02053,18,Male,Manchester,G2 6YJ,£15–25k,661,Active,Spouse
CUST02054,46,Male,Bristol,CF25 6YM,£15–25k,674,Active,Spouse
CUST02055,34,Male,Liverpool,B90 2KN,<£15k,767,Active,Spouse
CUST02056,38,Male,Cardiff,M65 3AS,£25–40k,720,Active,Spouse
CUST02057,60,Female,Bristol,EH76 1JF,<£15k,786,Active,Spouse
CUST02058,29,Male,Birmingham,EH11 2WH,£15–25k,641,Active,Spouse
CUST02059,48,Female,Leeds,B99 3QQ,£15–25k,583,Active,Spouse
CUST02060,31,Male,Belfast,CF99 6OZ,£25–40k,774,Active,Spouse
CUST02061,54,Female,Birmingham,L38 6TN,<£15k,692,Active,Spouse
CUST02062,52,Female,London,BS31 4TT,£40–60k,742,Active,Spouse
CUST02063,24,Female,Manchester,B73 8DZ,£25–40k,671,Active,Spouse
CUST02064,80,Female,London,B99 5RZ,>£60k,783,Active,Spouse
CUST02065,48,Female,Manchester,EH13 8KF,<£15k,718,Active,Spouse
CUST02066,44,Female,Glasgow,B9 5SL,£25–40k,595,Active,Spouse
CUST02067,36,Male,Liverpool,M10 3WY,£40–60k,724,Active,Spouse
CUST02068,38,Male,Edinburgh,G61 5YO,£15–25k,638,Active,Spouse
CUST02069,31,Female,Birmingham,M73 8BL,<£15k,785,Active,Spouse
CUST02070,37,Female,Glasgow,BS53 3OL,£40–60k,770,Active,Spouse
CUST02071,49,Female,Cardiff,BT41 6CV,£25–40k,686,Active,Spouse
CUST02072,33,Male,Bristol,CF58 5VB,£40–60k,739,Active,Spouse
CUST02073,60,Male,Belfast,SW95 4WR,£40–60k,745,Active,Spouse
CUST02074,25,Female,London,B14 5MF,>£60k,669,Active,Spouse
CUST02075,39,Female,Belfast,BS10 4MO,£25–40k,585,Active,Spouse
CUST02076,51,Male,Manchester,L60 8UR,>£60k,736,Active,Spouse
CUST02077,53,Female,Edinburgh,M11 3XD,>£60k,723,Active,Spouse
CUST02078,40,Female,Bristol,BS26 7KC,£15–25k,652,Active,Spouse
CUST02079,40,Female,Liverpool,L78 8GW,£40–60k,718,Active,Spouse
CUST02080,64,Male,Edinburgh,M36 8BR,<£15k,704,Active,Spouse
CUST02081,45,Female,Birmingham,EH19 4KS,£40–60k,589,Active,Spouse
CUST02082,50,Female,London,BT49 1ZL,<£15k,781,Active,Spouse
CUST02083,43,Female,Bristol,EH28 1GA,£25–40k,688,Active,Spouse
CUST02084,39,Male,Bristol,G33 3CE,£15–25k,741,Active,Spouse
CUST02085,18,Female,Manchester,G52 2JW,>£60k,770,Active,Spouse
CUST02086,41,Male,Edinburgh,BS68 4VI,£25–40k,724,Active,Spouse
CUST02087,56,Male,Birmingham,SW12 7KY,<£15k,645,Active,Spouse
CUST02088,44,Male,Glasgow,B26 6NP,<£15k,685,Active,Spouse
CUST02089,27,Female,Edinburgh,CF89 3WN,£15–25k,761,Active,Spouse
CUST02090,40,Male,Liverpool,BT50 1RZ,£25–40k,629,Active,Spouse
CUST02091,45,Male,Belfast,LS10 3KV,£40–60k,614,Active,Spouse
CUST02092,38,Male,Liverpool,SW20 8EP,<£15k,717,Active,Spouse
CUST02093,22,Female,Liverpool,M87 7IQ,£25–40k,737,Active,Spouse
CUST02094,46,Female,London,EH17 8US,£25–40k,747,Active,Spouse
CUST02095,56,Male,Manchester,SW28 4NW,£40–60k,670,Active,Spouse
CUST02096,38,Female,Cardiff,B77 7GL,£15–25k,728,Active,Spouse
CUST02097,29,Female,Leeds,LS87 1LL,£15–25k,636,Active,Spouse
CUST02098,35,Male,London,G40 9DW,<£15k,619,Active,Spouse
CUST02099,27,Male,Edinburgh,EH53 7LL,£25–40k,630,Active,Spouse
CUST02100,40,Female,Cardiff,BS67 6DF,£15–25k,677,Active,Spouse
CUST02101,59,Female,Edinburgh,BS48 3RT,£15–25k,681,Active,Spouse
CUST02102,43,Female,Birmingham,CF56 7JV,>£60k,803,Active,Spouse
CUST02103,18,Male,Bristol,G90 2CZ,£40–60k,711,Active,Spouse
CUST02104,41,Female,Manchester,M84 1TN,£40–60k,717,Active,Spouse
CUST02105,36,Male,Manchester,EH96 9DU,£15–25k,681,Active,Spouse
CUST02106,63,Female,Edinburgh,CF75 1VJ,£25–40k,727,Active,Spouse
CUST02107,41,Female,Bristol,LS29 8RM,<£15k,653,Active,Spouse
CUST02108,29,Female,Manchester,LS61 2LZ,£25–40k,669,Active,Spouse
CUST02109,18,Female,Edinburgh,BS83 7AL,£15–25k,689,Active,Spouse
CUST02110,70,Female,Leeds,CF37 5VI,>£60k,707,Active,Spouse
CUST02111,34,Male,Glasgow,BS87 4AN,£25–40k,565,Active,Spouse
CUST02112,32,Female,London,SW4 3ZL,£25–40k,670,Active,Spouse
CUST02113,48,Female,Cardiff,BT41 6FS,<£15k,672,Active,Spouse
CUST02114,71,Female,Bristol,LS72 7GT,£15–25k,685,Active,Spouse
CUST02115,59,Female,Bristol,SW74 7EU,£40–60k,604,Active,Spouse
CUST02116,43,Female,Bristol,B52 6QF,<£15k,652,Active,Spouse
CUST02117,60,Male,Bristol,LS13 3QD,£25–40k,675,Active,Spouse
CUST02118,63,Male,Belfast,BS98 5RF,£25–40k,736,Active,Spouse
CUST02119,37,Male,Liverpool,LS12 2AN,£25–40k,635,Active,Spouse
CUST02120,33,Male,London,BT20 1TW,<£15k,681,Active,Spouse
CUST02121,54,Male,Cardiff,M74 7AX,>£60k,697,Active,Spouse
CUST02122,56,Female,Birmingham,EH82 6FH,£40–60k,780,Active,Spouse
CUST02123,45,Female,Leeds,G25 9HX,£25–40k,641,Active,Spouse
CUST02124,50,Male,Bristol,G85 1IC,£15–25k,815,Active,Spouse
CUST02125,57,Female,Birmingham,SW82 2DO,£40–60k,715,Active,Spouse
CUST02126,31,Male,Belfast,M14 3JI,<£15k,687,Active,Spouse
CUST02127,22,Female,Birmingham,M10 8LG,£40–60k,632,Active,Spouse
CUST02128,50,Male,Bristol,M63 1NC,<£15k,596,Active,Spouse
CUST02129,39,Male,Edinburgh,M27 7MK,£40–60k,626,Active,Spouse
CUST02130,28,Female,Edinburgh,B24 5AF,£15–25k,701,Active,Spouse
CUST02131,33,Female,Belfast,BT5 2KL,£15–25k,616,Active,Spouse
CUST02132,36,Male,Edinburgh,BT77 9AF,£40–60k,614,Active,Spouse
CUST02133,62,Female,Cardiff,G16 4TA,£25–40k,740,Active,Spouse
CUST02134,54,Female,Cardiff,SW67 9YE,£15–25k,650,Active,Spouse
CUST02135,50,Female,Leeds,L15 4AK,<£15k,710,Active,Spouse
CUST02136,33,Male,Birmingham,LS11 3II,£40–60k,693,Active,Spouse
CUST02137,21,Female,Edinburgh,LS12 6WR,>£60k,636,Active,Spouse
CUST02138,43,Male,Glasgow,EH96 8NQ,£40–60k,669,Active,Spouse
CUST02139,49,Male,Bristol,LS33 3GV,<£15k,656,Active,Spouse
CUST02140,39,Male,Glasgow,BS14 5FZ,£25–40k,697,Active,Spouse
CUST02141,32,Male,Leeds,EH56 8NT,£40–60k,676,Active,Spouse
CUST02142,47,Female,Glasgow,L80 2TM,£15–25k,789,Active,Spouse
CUST02143,32,Male,Bristol,LS73 6LU,£15–25k,669,Active,Spouse
CUST02144,85,Female,Manchester,EH22 1QI,<£15k,750,Active,Spouse
CUST02145,61,Female,Belfast,BS38 9LM,£15–25k,729,Active,Spouse
CUST02146,61,Male,London,M24 6NZ,£15–25k,648,Active,Spouse
CUST02147,59,Male,Birmingham,L32 2GV,£40–60k,742,Active,Spouse
CUST02148,28,Male,Liverpool,L19 6DA,£25–40k,678,Active,Spouse
CUST02149,18,Female,Liverpool,SW92 6GO,<£15k,705,Active,Spouse
CUST02150,59,Female,Belfast,L30 9CM,£25–40k,666,Active,Spouse
CUST02151,30,Male,Glasgow,BT28 9GD,£40–60k,636,Active,Spouse
CUST02152,44,Male,Cardiff,G92 2SU,£40–60k,728,Active,Spouse
CUST02153,67,Male,Bristol,BS41 6GG,£40–60k,571,Active,Spouse
CUST02154,65,Female,London,EH64 1IN,£15–25k,708,Active,Spouse
CUST02155,58,Male,Manchester,M58 3TK,<£15k,738,Active,Spouse
CUST02156,44,Male,Belfast,BS31 1JA,£25–40k,697,Active,Spouse
CUST02157,50,Male,Belfast,SW60 5EM,£15–25k,682,Active,Spouse
CUST02158,41,Male,London,CF68 1KU,£15–25k,483,Active,Spouse
CUST02159,52,Female,London,M61 2ZN,£25–40k,651,Active,Spouse
CUST02160,59,Male,Glasgow,G41 6MC,>£60k,754,Active,Spouse
CUST02161,37,Male,Cardiff,L64 1MJ,<£15k,732,Active,Spouse
CUST02162,51,Male,Edinburgh,EH83 2LT,£40–60k,664,Active,Spouse
CUST02163,54,Female,Manchester,SW29 1AE,<£15k,787,Active,Spouse
CUST02164,60,Male,Manchester,L89 7HF,<£15k,615,Active,Spouse
CUST02165,51,Male,Manchester,LS93 6RA,£40–60k,751,Active,Spouse
CUST02166,35,Male,London,G6 2BJ,>£60k,759,Active,Spouse
CUST02167,33,Female,Manchester,G43 7IW,£40–60k,682,Active,Spouse
CUST02168,34,Male,Birmingham,B75 8DE,>£60k,647,Active,Spouse
CUST02169,49,Female,Liverpool,B97 7UO,<£15k,620,Active,Spouse
CUST02170,41,Female,Manchester,CF68 4SP,£40–60k,719,Active,Spouse
CUST02171,34,Male,Edinburgh,G42 8HC,£25–40k,770,Active,Spouse
CUST02172,42,Female,Glasgow,G92 2LR,>£60k,786,Active,Spouse
CUST02173,69,Male,Leeds,LS89 2CP,£15–25k,614,Active,Spouse
CUST02174,50,Female,London,LS2 4OM,£40–60k,709,Active,Spouse
CUST02175,38,Male,Leeds,EH14 6GS,£25–40k,700,Active,Spouse
CUST02176,85,Female,Cardiff,CF41 5WO,£25–40k,731,Active,Spouse
CUST02177,55,Female,Birmingham,CF14 3HL,£15–25k,691,Active,Spouse
CUST02178,50,Female,Bristol,EH80 9GY,£40–60k,651,Active,Spouse
CUST02179,55,Female,Bristol,LS9 5NF,£25–40k,783,Active,Spouse
CUST02180,57,Female,Glasgow,BT83 2EO,£40–60k,656,Active,Spouse
CUST02181,30,Male,Manchester,M31 1OF,£15–25k,839,Active,Spouse
CUST02182,64,Female,Glasgow,SW61 9OL,<£15k,742,Active,Spouse
CUST02183,67,Male,Glasgow,M71 2LN,£25–40k,698,Active,Spouse
CUST02184,55,Male,Leeds,B51 9NQ,>£60k,769,Active,Spouse
CUST02185,40,Female,Liverpool,SW57 5LD,£40–60k,726,Active,Spouse
CUST02186,60,Male,London,BS94 7GJ,£25–40k,638,Active,Spouse
CUST02187,39,Female,Leeds,BS23 5QT,£25–40k,760,Active,Spouse
CUST02188,47,Male,Edinburgh,CF56 2VB,£25–40k,703,Active,Spouse
CUST02189,44,Male,Leeds,M29 2BB,£25–40k,767,Active,Spouse
CUST02190,31,Female,Belfast,G31 2RD,£25–40k,672,Active,Spouse
CUST02191,24,Female,Glasgow,LS80 7MM,<£15k,680,Active,Spouse
CUST02192,47,Male,Manchester,LS94 5PG,£15–25k,589,Active,Spouse
CUST02193,33,Male,Birmingham,LS45 5WT,£15–25k,711,Active,Spouse
CUST02194,51,Male,Glasgow,SW13 3QW,£25–40k,803,Active,Spouse
CUST02195,53,Male,Belfast,EH95 5WH,£40–60k,689,Active,Spouse
CUST02196,46,Male,Birmingham,L88 2FF,£15–25k,709,Active,Spouse
CUST02197,38,Female,Liverpool,EH19 1VP,£40–60k,714,Active,Spouse
CUST02198,37,Female,Bristol,L3 3IC,£40–60k,717,Active,Spouse
CUST02199,44,Male,Birmingham,SW77 6PS,£25–40k,686,Active,Spouse
CUST02200,42,Female,London,EH32 8DB,<£15k,744,Active,Spouse
CUST02201,54,Male,London,BT88 5HQ,£25–40k,683,Active,Spouse
CUST02202,55,Male,Cardiff,B97 3YD,£15–25k,695,Active,Spouse
CUST02203,44,Male,Manchester,G95 6OP,>£60k,673,Active,Spouse
CUST02204,68,Female,Liverpool,CF33 8IL,<£15k,787,Active,Spouse
CUST02205,35,Male,Edinburgh,SW46 5WK,£40–60k,680,Active,Spouse
CUST02206,50,Female,Cardiff,BT62 2IV,<£15k,732,Active,Spouse
CUST02207,29,Male,Cardiff,SW19 7HV,£15–25k,648,Active,Spouse
CUST02208,18,Female,Birmingham,L64 1HS,£40–60k,732,Active,Spouse
CUST02209,23,Male,Bristol,L27 2GM,£15–25k,661,Active,Spouse
CUST02210,57,Female,Manchester,G81 9OQ,£15–25k,748,Active,Spouse
CUST02211,67,Male,Birmingham,G87 6KM,£25–40k,814,Active,Spouse
CUST02212,87,Female,Belfast,BS36 5GB,<£15k,678,Active,Spouse
CUST02213,36,Male,Belfast,CF90 6TD,>£60k,723,Active,Spouse
CUST02214,25,Male,Bristol,EH73 6JD,£40–60k,685,Active,Spouse
CUST02215,47,Male,London,EH88 3OV,£25–40k,728,Active,Spouse
CUST02216,53,Female,Birmingham,CF38 9VF,£25–40k,683,Active,Spouse
CUST02217,27,Male,Glasgow,EH37 2ZJ,£40–60k,639,Active,Spouse
CUST02218,18,Male,London,EH6 4JS,£40–60k,667,Active,Spouse
CUST02219,24,Male,Manchester,SW63 5AN,£15–25k,670,Active,Spouse
CUST02220,50,Male,Liverpool,SW7 5EL,>£60k,629,Active,Spouse
CUST02221,46,Female,Glasgow,CF86 9EC,£40–60k,683,Active,Spouse
CUST02222,50,Female,Glasgow,B94 4NS,£15–25k,733,Active,Spouse
CUST02223,39,Male,Manchester,G29 1PL,£15–25k,700,Active,Spouse
CUST02224,40,Male,Leeds,BS55 7DI,<£15k,672,Active,Spouse
CUST02225,34,Female,Glasgow,BT40 3SN,>£60k,728,Active,Spouse
CUST02226,64,Male,Liverpool,BT18 4IE,>£60k,770,Active,Spouse
CUST02227,26,Female,Bristol,CF26 5JC,£15–25k,777,Active,Spouse
CUST02228,31,Female,Glasgow,BT81 8RF,<£15k,708,Active,Spouse
CUST02229,49,Female,Bristol,BS13 3QO,£25–40k,610,Active,Spouse
CUST02230,42,Female,Liverpool,CF88 6OL,£25–40k,781,Active,Spouse
CUST02231,18,Male,Bristol,EH54 7OA,£40–60k,845,Active,Spouse
CUST02232,18,Male,Cardiff,SW99 7CY,<£15k,717,Active,Spouse
CUST02233,23,Male,Birmingham,BT39 4SQ,£40–60k,726,Active,Spouse
CUST02234,61,Female,Liverpool,B80 9SJ,>£60k,748,Active,Spouse
CUST02235,23,Female,London,BS17 7VA,£15–25k,758,Active,Spouse
CUST02236,40,Male,Edinburgh,CF59 1CB,>£60k,616,Active,Spouse
CUST02237,65,Female,Glasgow,M43 2JS,£25–40k,825,Active,Spouse
CUST02238,46,Female,Edinburgh,L8 2XS,£25–40k,677,Active,Spouse
CUST02239,33,Male,Cardiff,SW90 4QE,<£15k,744,Active,Spouse
CUST02240,60,Female,Cardiff,EH18 4VU,£15–25k,677,Active,Spouse
CUST02241,68,Male,Birmingham,G81 5XA,<£15k,738,Active,Spouse
CUST02242,46,Female,Edinburgh,BT89 4DC,£15–25k,719,Active,Spouse
CUST02243,30,Male,London,B78 2QD,£25–40k,743,Active,Spouse
CUST02244,31,Male,Leeds,LS14 8AQ,<£15k,669,Active,Spouse
CUST02245,43,Male,Edinburgh,BS8 2JM,<£15k,813,Active,Spouse
CUST02246,48,Male,Edinburgh,B31 9IT,£40–60k,649,Active,Spouse
CUST02247,49,Male,Edinburgh,BT16 7EU,£40–60k,734,Active,Spouse
CUST02248,63,Female,London,B19 4FQ,£40–60k,698,Active,Spouse
CUST02249,34,Male,Cardiff,LS61 8JJ,<£15k,832,Active,Spouse
CUST02250,49,Female,Manchester,BT64 6VI,£25–40k,649,Active,Spouse
CUST02251,44,Female,Bristol,BS90 2ON,£15–25k,669,Active,Spouse
CUST02252,64,Female,Bristol,B4 5OD,£25–40k,734,Active,Spouse
CUST02253,40,Female,Belfast,BS2 5BU,£15–25k,761,Active,Spouse
CUST02254,43,Female,Belfast,EH6 6EO,£25–40k,696,Active,Spouse
CUST02255,34,Female,Edinburgh,G2 3LQ,£40–60k,655,Active,Spouse
CUST02256,76,Male,Cardiff,LS45 9MQ,£15–25k,758,Active,Spouse
CUST02257,18,Female,Manchester,B84 3LU,£25–40k,642,Active,Spouse
CUST02258,27,Female,Belfast,L59 3IZ,£15–25k,703,Active,Spouse
CUST02259,38,Female,Glasgow,BS9 8MP,£40–60k,790,Active,Spouse
CUST02260,40,Male,Belfast,B74 9YV,£15–25k,819,Active,Spouse
CUST02261,43,Female,Cardiff,G17 6SS,>£60k,835,Active,Spouse
CUST02262,41,Female,Liverpool,BT80 7CB,£15–25k,689,Active,Spouse
CUST02263,59,Male,London,B30 2VD,£15–25k,747,Active,Spouse
CUST02264,25,Male,Edinburgh,EH42 4YZ,£15–25k,705,Active,Spouse
CUST02265,38,Female,Leeds,M23 7YN,<£15k,670,Active,Spouse
CUST02266,46,Female,Manchester,SW79 5DB,£15–25k,682,Active,Spouse
CUST02267,47,Female,Manchester,EH98 6TU,£40–60k,640,Active,Spouse
CUST02268,22,Female,London,B42 2WO,<£15k,759,Active,Spouse
CUST02269,62,Female,Bristol,B82 9GG,£15–25k,755,Active,Spouse
CUST02270,45,Female,Glasgow,EH57 5HG,£40–60k,678,Active,Spouse
CUST02271,35,Female,Birmingham,BS68 4CS,£15–25k,652,Active,Spouse
CUST02272,43,Female,London,M27 1ZE,£25–40k,768,Active,Spouse
CUST02273,34,Female,London,L53 9CK,£15–25k,768,Active,Spouse
CUST02274,23,Male,Birmingham,CF64 4GS,£15–25k,714,Active,Spouse
CUST02275,51,Female,Edinburgh,CF46 6TR,<£15k,668,Active,Spouse
CUST02276,29,Male,Birmingham,M57 7UM,£25–40k,750,Active,Spouse
CUST02277,45,Female,Manchester,BT11 3ZQ,<£15k,850,Active,Spouse
CUST02278,62,Female,Glasgow,M16 8HB,>£60k,769,Active,Spouse
CUST02279,18,Male,Belfast,CF43 1HJ,£25–40k,659,Active,Spouse
CUST02280,27,Female,Glasgow,BS91 6CF,<£15k,581,Active,Spouse
CUST02281,44,Female,Glasgow,M69 4QT,£40–60k,749,Active,Spouse
CUST02282,30,Male,Cardiff,G52 1RW,£15–25k,584,Active,Spouse
CUST02283,31,Female,Manchester,BT61 5UA,<£15k,690,Active,Spouse
CUST02284,41,Male,London,L54 5GK,£40–60k,700,Active,Spouse
CUST02285,51,Female,London,B27 9XK,£15–25k,699,Active,Spouse
CUST02286,58,Female,London,LS64 2ZS,£15–25k,643,Active,Spouse
CUST02287,40,Female,Belfast,SW45 2NT,£15–25k,735,Active,Spouse
CUST02288,49,Male,Belfast,M71 8EI,£15–25k,809,Active,Spouse
CUST02289,31,Female,London,M5 8QH,£15–25k,736,Active,Spouse
CUST02290,35,Male,Liverpool,BS62 5ZH,£15–25k,655,Active,Spouse
CUST02291,61,Female,London,SW4 4RT,£25–40k,698,Active,Spouse
CUST02292,48,Male,Bristol,SW71 8BM,£40–60k,666,Active,Spouse
CUST02293,37,Male,Bristol,B56 7RE,>£60k,608,Active,Spouse
CUST02294,47,Male,Manchester,EH16 6LG,£40–60k,637,Active,Spouse
CUST02295,42,Male,Liverpool,BS8 4HC,>£60k,752,Active,Spouse
CUST02296,18,Female,Belfast,SW30 7XY,£40–60k,850,Active,Spouse
CUST02297,33,Female,Cardiff,BT6 1XH,£15–25k,693,Active,Spouse
CUST02298,48,Female,London,M8 3OF,>£60k,652,Active,Spouse
CUST02299,37,Female,Glasgow,SW41 6TU,£25–40k,767,Active,Spouse
CUST02300,56,Female,Leeds,G17 7PV,£25–40k,684,Active,Spouse
CUST02301,44,Male,Manchester,M10 5RG,£25–40k,708,Active,Spouse
CUST02302,53,Female,Edinburgh,L29 8WJ,£40–60k,737,Active,Spouse
CUST02303,54,Female,Liverpool,CF38 4QI,<£15k,675,Active,Spouse
CUST02304,46,Female,Liverpool,CF65 2BL,£25–40k,759,Active,Spouse
CUST02305,78,Female,Bristol,BT63 5CG,£25–40k,704,Active,Spouse
CUST02306,36,Male,Birmingham,CF30 5XR,<£15k,651,Active,Spouse
CUST02307,54,Female,Leeds,M48 3BH,<£15k,606,Active,Spouse
CUST02308,54,Male,Edinburgh,EH15 1PB,£15–25k,738,Active,Spouse
CUST02309,37,Male,Glasgow,G76 7JC,£25–40k,714,Active,Spouse
CUST02310,41,Female,London,G79 7PA,£15–25k,620,Active,Spouse
CUST02311,53,Male,Bristol,BS57 1HG,£40–60k,726,Active,Spouse
CUST02312,38,Female,Bristol,B85 7RB,£15–25k,831,Active,Spouse
CUST02313,45,Male,Glasgow,SW70 6AT,£15–25k,589,Active,Spouse
CUST02314,60,Female,Liverpool,G97 4YA,>£60k,747,Active,Spouse
CUST02315,58,Male,Liverpool,BT56 7ZX,£40–60k,640,Active,Spouse
CUST02316,48,Female,London,M71 7XV,>£60k,699,Active,Spouse
CUST02317,42,Male,Glasgow,CF60 7SX,£15–25k,780,Active,Spouse
CUST02318,45,Female,Belfast,CF34 3MO,£25–40k,676,Active,Spouse
CUST02319,38,Male,Leeds,B2 5ZV,£15–25k,636,Active,Spouse
CUST02320,46,Female,Glasgow,M32 9JK,>£60k,785,Active,Spouse
CUST02321,40,Female,Belfast,BS5 5LI,£25–40k,716,Active,Spouse
CUST02322,42,Male,Glasgow,BT2 2JS,£15–25k,694,Active,Spouse
CUST02323,57,Female,Liverpool,G23 8OA,£15–25k,635,Active,Spouse
CUST02324,22,Male,Edinburgh,SW60 1LP,<£15k,763,Active,Spouse
CUST02325,37,Female,Cardiff,LS53 1SC,<£15k,676,Active,Spouse
CUST02326,81,Male,Glasgow,BT71 6CO,<£15k,746,Active,Spouse
CUST02327,32,Female,Birmingham,G99 5IP,£25–40k,768,Active,Spouse
CUST02328,57,Female,Birmingham,LS81 3ET,£15–25k,523,Active,Spouse
CUST02329,47,Male,London,LS15 1FV,£25–40k,638,Active,Spouse
CUST02330,43,Female,Cardiff,EH75 6BR,£25–40k,832,Active,Spouse
CUST02331,58,Female,Leeds,SW92 5IA,£40–60k,761,Active,Spouse
CUST02332,42,Male,Liverpool,CF92 1TH,£40–60k,761,Active,Spouse
CUST02333,34,Female,Liverpool,M10 9OD,<£15k,708,Active,Spouse
CUST02334,57,Female,Cardiff,M31 4KS,<£15k,747,Active,Spouse
CUST02335,23,Male,Liverpool,BS10 7JE,<£15k,814,Active,Spouse
CUST02336,31,Male,London,L78 6KN,£25–40k,850,Active,Spouse
CUST02337,57,Female,Liverpool,EH38 1FL,£25–40k,746,Active,Spouse
CUST02338,32,Male,London,G20 1DT,£25–40k,670,Active,Spouse
CUST02339,72,Female,Leeds,L66 9ZS,£25–40k,798,Active,Spouse
CUST02340,42,Male,Liverpool,LS49 1VX,£40–60k,685,Active,Spouse
CUST02341,41,Female,Birmingham,BS98 2CH,£25–40k,768,Active,Spouse
CUST02342,60,Male,Belfast,CF74 9XN,£15–25k,723,Active,Spouse
CUST02343,47,Male,Cardiff,M68 1TP,>£60k,689,Active,Spouse
CUST02344,83,Female,Cardiff,CF57 6IG,£15–25k,620,Active,Spouse
CUST02345,39,Female,Belfast,G32 6HZ,£25–40k,718,Active,Spouse
CUST02346,22,Female,Liverpool,LS59 6XD,£40–60k,666,Active,Spouse
CUST02347,77,Male,Leeds,EH94 7LC,£25–40k,757,Active,Spouse
CUST02348,36,Female,Liverpool,CF65 2LU,>£60k,664,Active,Spouse
CUST02349,25,Female,Edinburgh,BT30 8ZN,>£60k,673,Active,Spouse
CUST02350,53,Female,Leeds,BT17 9HY,£40–60k,722,Active,Spouse
CUST02351,39,Male,Bristol,BT86 3TI,£25–40k,645,Active,Spouse
CUST02352,42,Male,Glasgow,L41 2CN,£15–25k,687,Active,Spouse
CUST02353,57,Female,Bristol,CF19 8UY,£40–60k,713,Active,Spouse
CUST02354,46,Male,Leeds,B59 1FD,£25–40k,774,Active,Spouse
CUST02355,69,Male,Bristol,G98 9WP,£15–25k,722,Active,Spouse
CUST02356,50,Male,Manchester,B5 7AW,£40–60k,692,Active,Spouse
CUST02357,32,Female,Birmingham,M17 9QM,>£60k,753,Active,Spouse
CUST02358,55,Male,Bristol,L17 7WR,<£15k,697,Active,Spouse
CUST02359,48,Male,Leeds,G16 6KS,>£60k,769,Active,Spouse
CUST02360,65,Male,Belfast,BT14 1CX,£25–40k,558,Active,Spouse
CUST02361,35,Female,Liverpool,EH53 8XN,£25–40k,697,Active,Spouse
CUST02362,29,Male,Glasgow,EH90 3XF,£15–25k,715,Active,Spouse
CUST02363,36,Female,Belfast,CF11 3AS,£15–25k,717,Active,Spouse
CUST02364,36,Male,Belfast,L87 8MK,£40–60k,669,Active,Spouse
CUST02365,49,Male,Edinburgh,B66 5YD,£15–25k,756,Active,Spouse
CUST02366,54,Male,Leeds,G64 6BS,£40–60k,698,Active,Spouse
CUST02367,18,Male,Cardiff,CF75 9NJ,<£15k,668,Active,Spouse
CUST02368,35,Female,Liverpool,BS41 3EB,<£15k,744,Active,Spouse
CUST02369,47,Female,Leeds,BS67 5ST,£25–40k,711,Active,Spouse
CUST02370,33,Male,Liverpool,M45 5FD,£25–40k,783,Active,Spouse
CUST02371,47,Female,Glasgow,G63 8HF,£25–40k,648,Active,Spouse
CUST02372,33,Female,Glasgow,G78 2HV,£15–25k,719,Active,Spouse
CUST02373,31,Male,Glasgow,B13 4RQ,£15–25k,662,Active,Spouse
CUST02374,28,Female,Birmingham,SW77 1RR,>£60k,743,Active,Spouse
CUST02375,32,Male,Leeds,SW63 1LG,£25–40k,795,Active,Spouse
CUST02376,51,Male,Glasgow,BT55 8QE,>£60k,633,Active,Spouse
CUST02377,54,Male,Edinburgh,G15 2ON,£15–25k,784,Active,Spouse
CUST02378,43,Male,Edinburgh,G12 3IX,<£15k,792,Active,Spouse
CUST02379,52,Male,Manchester,L11 4XC,£25–40k,665,Active,Spouse
CUST02380,78,Female,Liverpool,B65 6IO,>£60k,619,Active,Spouse
CUST02381,40,Male,Cardiff,M91 6BN,£25–40k,698,Active,Spouse
CUST02382,74,Male,Manchester,CF41 4RV,£25–40k,745,Active,Spouse
CUST02383,53,Male,London,SW32 3SM,£40–60k,656,Active,Spouse
CUST02384,43,Female,Leeds,LS34 8EP,£15–25k,666,Active,Spouse
CUST02385,53,Female,Birmingham,EH37 3GU,£15–25k,772,Active,Spouse
CUST02386,82,Male,Manchester,CF93 4AN,£40–60k,672,Active,Spouse
CUST02387,24,Male,Manchester,EH72 4WF,<£15k,681,Active,Spouse
CUST02388,60,Female,London,BS89 5TM,£15–25k,649,Active,Spouse
CUST02389,45,Female,Belfast,LS82 6PQ,£40–60k,735,Active,Spouse
CUST02390,38,Male,Birmingham,G30 5VP,<£15k,713,Active,Spouse
CUST02391,31,Female,Edinburgh,BS77 6RP,£15–25k,777,Active,Spouse
CUST02392,41,Male,Glasgow,M29 2YY,£15–25k,712,Active,Spouse
CUST02393,18,Female,Glasgow,BS58 6HV,<£15k,636,Active,Spouse
CUST02394,60,Male,Bristol,M23 8KV,>£60k,673,Active,Spouse
CUST02395,31,Female,Manchester,L90 7WE,£25–40k,613,Active,Spouse
CUST02396,63,Male,Edinburgh,EH77 7VH,£40–60k,742,Active,Spouse
CUST02397,54,Female,London,G35 9GZ,£40–60k,801,Active,Spouse
CUST02398,40,Female,Bristol,SW72 6IV,<£15k,618,Active,Spouse
CUST02399,45,Male,Liverpool,BS51 8NM,>£60k,815,Active,Spouse
CUST02400,46,Male,Glasgow,SW35 8XH,<£15k,770,Active,Spouse
CUST02401,25,Female,Liverpool,SW40 8NH,>£60k,655,Active,Spouse
CUST02402,59,Female,Belfast,B69 4YU,£25–40k,710,Active,Spouse
CUST02403,43,Female,Manchester,BT79 6ET,£15–25k,769,Active,Spouse
CUST02404,58,Female,Cardiff,SW93 1ZM,<£15k,712,Active,Spouse
CUST02405,18,Female,Manchester,L46 9CU,£40–60k,701,Active,Spouse
CUST02406,51,Female,London,CF27 6RG,<£15k,596,Active,Spouse
CUST02407,51,Female,Birmingham,CF51 4JZ,£15–25k,772,Active,Spouse
CUST02408,45,Male,Birmingham,L43 7GR,>£60k,640,Active,Spouse
CUST02409,18,Male,Leeds,SW5 1YQ,£25–40k,725,Active,Spouse
CUST02410,20,Female,Manchester,CF51 8BF,£15–25k,737,Active,Spouse
CUST02411,72,Male,Glasgow,G4 4UY,>£60k,571,Active,Spouse
CUST02412,34,Male,Leeds,SW35 2ZM,£25–40k,687,Active,Spouse
CUST02413,74,Male,Bristol,B95 5CC,£15–25k,708,Active,Spouse
CUST02414,38,Female,Manchester,CF93 7AA,<£15k,762,Active,Spouse
CUST02415,39,Female,Cardiff,BT20 2XS,£25–40k,654,Active,Spouse
CUST02416,54,Female,Bristol,LS78 5ZK,£25–40k,768,Active,Spouse
CUST02417,18,Female,Bristol,CF96 1JI,£15–25k,653,Active,Spouse
CUST02418,48,Female,Edinburgh,LS13 5US,<£15k,689,Active,Spouse
CUST02419,44,Female,Edinburgh,BS38 7CH,£15–25k,641,Active,Spouse
CUST02420,55,Male,Bristol,CF36 8JW,<£15k,795,Active,Spouse
CUST02421,33,Female,Cardiff,CF32 7AP,£25–40k,741,Active,Spouse
CUST02422,60,Female,Bristol,L98 9WD,£15–25k,712,Active,Spouse
CUST02423,54,Male,Edinburgh,LS74 1MY,<£15k,658,Active,Spouse
CUST02424,67,Male,Leeds,EH48 8SD,£15–25k,768,Active,Spouse
CUST02425,64,Male,Glasgow,L19 2DR,>£60k,631,Active,Spouse
CUST02426,52,Male,Birmingham,LS63 4CE,<£15k,663,Active,Spouse
CUST02427,69,Female,Bristol,BT61 9XS,>£60k,653,Active,Spouse
CUST02428,48,Male,Leeds,SW99 8IN,£15–25k,581,Active,Spouse
CUST02429,48,Female,Glasgow,L20 1KW,<£15k,632,Active,Spouse
CUST02430,53,Male,Belfast,BT53 1IW,£40–60k,691,Active,Spouse
CUST02431,39,Female,Leeds,CF63 9PK,£40–60k,798,Active,Spouse
CUST02432,79,Female,Leeds,L60 8QR,£25–40k,616,Active,Spouse
CUST02433,40,Male,Manchester,M55 2ME,£15–25k,751,Active,Spouse
CUST02434,50,Female,London,B67 2FG,£25–40k,747,Active,Spouse
CUST02435,43,Female,Edinburgh,M5 7PF,£15–25k,771,Active,Spouse
CUST02436,48,Male,Cardiff,EH18 9NM,£25–40k,726,Active,Spouse
CUST02437,28,Female,London,G16 7JX,£15–25k,706,Active,Spouse
CUST02438,58,Female,Glasgow,CF42 6SU,£15–25k,719,Active,Spouse
CUST02439,75,Female,Birmingham,B38 9VG,£15–25k,708,Active,Spouse
CUST02440,52,Male,Belfast,L67 5PO,>£60k,712,Active,Spouse
CUST02441,44,Male,Leeds,L96 3FQ,£25–40k,754,Active,Spouse
CUST02442,43,Female,Edinburgh,SW41 7FE,<£15k,629,Active,Spouse
CUST02443,68,Female,Edinburgh,M1 5WG,>£60k,664,Active,Spouse
CUST02444,23,Female,Leeds,M69 8KD,£40–60k,738,Active,Spouse
CUST02445,71,Female,London,BT60 3CL,£40–60k,739,Active,Spouse
CUST02446,66,Male,Cardiff,LS45 1GI,£15–25k,647,Active,Spouse
CUST02447,27,Male,Glasgow,BS75 5LT,<£15k,680,Active,Spouse
CUST02448,61,Female,Bristol,G72 9UV,£15–25k,733,Active,Spouse
CUST02449,54,Male,Leeds,M76 3DX,£40–60k,708,Active,Spouse
CUST02450,40,Female,Leeds,G23 5SD,£40–60k,711,Active,Spouse
CUST02451,42,Female,Birmingham,CF76 7KS,£25–40k,677,Active,Spouse
CUST02452,51,Male,Belfast,BT36 8GF,<£15k,686,Active,Spouse
CUST02453,49,Male,London,LS28 2ZT,£15–25k,587,Active,Spouse
CUST02454,48,Other,Birmingham,B22 8AK,£15–25k,685,Active,Spouse
CUST02455,67,Female,Manchester,SW18 9ZO,£15–25k,611,Active,Spouse
CUST02456,46,Male,Bristol,EH42 5QY,£25–40k,753,Active,Spouse
CUST02457,43,Male,Manchester,LS72 7MY,£15–25k,683,Active,Spouse
CUST02458,58,Female,Bristol,EH46 5QK,>£60k,732,Active,Spouse
CUST02459,54,Female,Cardiff,M78 4FU,£15–25k,677,Active,Spouse
CUST02460,37,Female,Glasgow,B56 9OP,£25–40k,717,Active,Spouse
CUST02461,59,Female,Glasgow,M72 7UL,£15–25k,622,Active,Spouse
CUST02462,44,Female,Birmingham,SW47 8YV,>£60k,672,Active,Spouse
CUST02463,45,Female,Liverpool,BS28 9GM,£25–40k,746,Active,Spouse
CUST02464,33,Male,Liverpool,B96 1GO,£25–40k,739,Active,Spouse
CUST02465,39,Male,Liverpool,CF25 1SJ,>£60k,768,Active,Spouse
CUST02466,33,Male,Liverpool,M48 5QA,£40–60k,757,Active,Spouse
CUST02467,26,Male,Belfast,G5 5UP,>£60k,713,Active,Spouse
CUST02468,55,Male,Bristol,SW90 5IU,£40–60k,657,Active,Spouse
CUST02469,18,Female,London,BT4 8TU,>£60k,674,Active,Spouse
CUST02470,45,Male,Edinburgh,EH23 8XU,£25–40k,683,Active,Spouse
CUST02471,37,Female,Cardiff,M5 6AT,<£15k,753,Active,Spouse
CUST02472,63,Male,Birmingham,B17 2ND,£15–25k,771,Active,Spouse
CUST02473,52,Male,London,EH82 1KD,£25–40k,738,Active,Spouse
CUST02474,31,Female,Cardiff,G25 1KV,£40–60k,698,Active,Spouse
CUST02475,47,Female,Liverpool,B76 6QA,£25–40k,719,Active,Spouse
CUST02476,49,Female,Bristol,BS86 1CG,<£15k,703,Active,Spouse
CUST02477,52,Female,Cardiff,B94 5CF,£25–40k,716,Active,Spouse
CUST02478,48,Male,Edinburgh,SW36 4WQ,£25–40k,661,Active,Spouse
CUST02479,28,Male,Bristol,B82 1JI,£25–40k,720,Active,Spouse
CUST02480,39,Female,Cardiff,L16 6OS,£15–25k,663,Active,Spouse
CUST02481,55,Male,Manchester,BT60 2DC,£15–25k,698,Active,Spouse
CUST02482,66,Female,Birmingham,M24 6SU,>£60k,735,Active,Spouse
CUST02483,34,Male,London,B2 4UL,£15–25k,743,Active,Spouse
CUST02484,51,Female,Edinburgh,M93 4JV,<£15k,655,Active,Spouse
CUST02485,37,Male,Leeds,B40 1MW,£40–60k,740,Active,Spouse
CUST02486,20,Male,Glasgow,B36 3SK,£25–40k,579,Active,Spouse
CUST02487,48,Male,Bristol,LS25 5GF,£25–40k,707,Active,Spouse
CUST02488,49,Male,Glasgow,G90 8IC,£25–40k,708,Active,Spouse
CUST02489,52,Male,Edinburgh,L75 6LY,£25–40k,776,Active,Spouse
CUST02490,45,Female,Cardiff,EH81 3BS,>£60k,618,Active,Spouse
CUST02491,18,Male,Bristol,B69 4WN,>£60k,681,Active,Spouse
CUST02492,40,Male,Liverpool,G27 6WQ,£40–60k,626,Active,Spouse
CUST02493,18,Male,Cardiff,G12 9YG,>£60k,677,Active,Spouse
CUST02494,71,Female,Glasgow,LS60 5BD,>£60k,725,Active,Spouse
CUST02495,50,Male,Cardiff,B61 3OS,£15–25k,692,Active,Spouse
CUST02496,40,Male,Liverpool,L73 7VS,£15–25k,731,Active,Spouse
CUST02497,28,Female,London,L90 2UL,>£60k,822,Active,Spouse
CUST02498,29,Female,London,B54 8KK,£15–25k,737,Active,Spouse
CUST02499,30,Male,Manchester,B46 5FO,£15–25k,709,Active,Spouse
CUST02500,56,Female,Cardiff,B97 1OZ,£40–60k,607,Active,Spouse
CUST02501,31,Female,Belfast,EH76 7XM,<£15k,650,Active,Spouse
CUST02502,41,Female,Edinburgh,LS33 6TK,£15–25k,716,Active,Spouse
CUST02503,71,Female,Edinburgh,BS39 1HY,£15–25k,669,Active,Spouse
CUST02504,70,Male,Cardiff,M54 7YI,<£15k,723,Active,Spouse
CUST02505,28,Female,Belfast,BS76 1FQ,£15–25k,692,Active,Spouse
CUST02506,24,Female,Birmingham,G77 9GS,<£15k,681,Active,Spouse
CUST02507,39,Male,Birmingham,B85 6ZB,£25–40k,710,Active,Spouse
CUST02508,54,Female,Manchester,G99 3ZL,£40–60k,697,Active,Spouse
CUST02509,30,Male,Edinburgh,BS22 8AV,>£60k,834,Active,Spouse
CUST02510,66,Male,Birmingham,LS23 5JC,<£15k,810,Active,Spouse
CUST02511,42,Male,Birmingham,LS27 7CX,<£15k,720,Active,Spouse
CUST02512,42,Female,Leeds,B88 9YL,£40–60k,711,Active,Spouse
CUST02513,48,Male,London,EH21 6DP,<£15k,627,Active,Spouse
CUST02514,40,Male,Cardiff,BS90 4PV,<£15k,763,Active,Spouse
CUST02515,59,Male,Bristol,EH91 4YD,>£60k,682,Active,Spouse
CUST02516,48,Male,Bristol,B41 3MY,<£15k,686,Active,Spouse
CUST02517,55,Female,Liverpool,G87 7TM,<£15k,607,Active,Spouse
CUST02518,53,Female,Cardiff,M45 8VX,£25–40k,789,Active,Spouse
CUST02519,35,Male,Belfast,SW29 3YH,£40–60k,779,Active,Spouse
CUST02520,49,Male,Liverpool,L44 9AT,>£60k,696,Active,Spouse
CUST02521,40,Female,Belfast,BS10 4EP,£25–40k,782,Active,Spouse
CUST02522,41,Male,Leeds,SW28 5NC,<£15k,799,Active,Spouse
CUST02523,67,Female,Liverpool,BS84 3NE,£40–60k,673,Active,Spouse
CUST02524,42,Male,Glasgow,G50 8BI,£40–60k,591,Active,Spouse
CUST02525,44,Male,Bristol,B21 7VQ,<£15k,706,Active,Spouse
CUST02526,62,Female,Manchester,EH11 6VX,£15–25k,795,Active,Spouse
CUST02527,56,Male,Manchester,BS2 3KE,£25–40k,764,Active,Spouse
CUST02528,42,Female,Belfast,CF50 8AP,£25–40k,630,Active,Spouse
CUST02529,49,Male,Bristol,BS99 1JN,£25–40k,768,Active,Spouse
CUST02530,18,Male,Glasgow,M78 8QL,£25–40k,708,Active,Spouse
CUST02531,19,Female,Edinburgh,L69 6DZ,£15–25k,655,Active,Spouse
CUST02532,47,Female,Birmingham,BS69 7VC,£15–25k,796,Active,Spouse
CUST02533,45,Female,Birmingham,SW44 5GQ,£15–25k,741,Active,Spouse
CUST02534,49,Male,Belfast,EH56 1OJ,£25–40k,659,Active,Spouse
CUST02535,52,Female,London,M63 8LB,£25–40k,629,Active,Spouse
CUST02536,45,Female,Belfast,L33 7KV,>£60k,780,Active,Spouse
CUST02537,48,Male,Glasgow,SW70 5FJ,£25–40k,717,Active,Spouse
CUST02538,40,Male,Liverpool,BS3 8KJ,£40–60k,610,Active,Spouse
CUST02539,42,Male,London,BT15 6XB,>£60k,753,Active,Spouse
CUST02540,51,Male,Cardiff,BS32 3CR,£15–25k,632,Active,Spouse
CUST02541,18,Female,Manchester,B94 3UP,>£60k,658,Active,Spouse
CUST02542,42,Female,Bristol,G45 8WT,£15–25k,693,Active,Spouse
CUST02543,43,Male,Leeds,CF73 8BC,£40–60k,702,Active,Spouse
CUST02544,51,Male,Liverpool,L5 3TX,£15–25k,677,Active,Spouse
CUST02545,31,Female,Manchester,BS66 2KU,£40–60k,734,Active,Spouse
CUST02546,58,Female,Glasgow,BS52 1FX,£15–25k,668,Active,Spouse
CUST02547,75,Male,Glasgow,M56 2ZG,£25–40k,792,Active,Spouse
CUST02548,29,Female,Belfast,G39 9RZ,£25–40k,598,Active,Spouse
CUST02549,42,Male,Leeds,SW48 8GY,£40–60k,718,Active,Spouse
CUST02550,75,Male,Bristol,G96 3IQ,£15–25k,819,Active,Spouse
CUST02551,55,Female,London,BT52 3VJ,£15–25k,679,Active,Spouse
CUST02552,63,Female,Glasgow,SW53 4AZ,<£15k,709,Active,Spouse
CUST02553,26,Male,Bristol,B36 5OT,£25–40k,626,Active,Spouse
CUST02554,39,Female,Liverpool,M29 4AW,£25–40k,761,Active,Spouse
CUST02555,30,Female,Liverpool,LS9 5XW,>£60k,679,Active,Spouse
CUST02556,67,Male,Belfast,EH76 7UT,£40–60k,725,Active,Spouse
CUST02557,72,Female,Liverpool,CF50 8RA,<£15k,732,Active,Spouse
CUST02558,60,Female,Liverpool,L41 6OE,£25–40k,680,Active,Spouse
CUST02559,69,Female,Edinburgh,EH27 9WF,<£15k,743,Active,Spouse
CUST02560,43,Male,Bristol,G52 1VS,£25–40k,782,Active,Spouse
CUST02561,55,Female,Manchester,EH72 6CG,>£60k,700,Active,Spouse
CUST02562,53,Female,Cardiff,L39 5YK,£40–60k,651,Active,Spouse
CUST02563,63,Female,Edinburgh,EH4 3TS,£40–60k,820,Active,Spouse
CUST02564,22,Female,Birmingham,BT46 7NY,£25–40k,668,Active,Spouse
CUST02565,35,Male,London,G72 8HM,£25–40k,747,Active,Spouse
CUST02566,48,Male,Cardiff,B49 2DM,£25–40k,676,Active,Spouse
CUST02567,41,Female,Leeds,LS15 5FF,<£15k,671,Active,Spouse
CUST02568,54,Female,Bristol,CF53 6YG,£40–60k,713,Active,Spouse
CUST02569,40,Female,Bristol,BT36 6YL,£40–60k,672,Active,Spouse
CUST02570,65,Male,Manchester,L65 9RM,<£15k,771,Active,Spouse
CUST02571,55,Male,Leeds,BS64 8JO,>£60k,764,Active,Spouse
CUST02572,26,Female,Birmingham,B52 5AR,£40–60k,640,Active,Spouse
CUST02573,28,Male,Liverpool,EH84 3VD,£40–60k,702,Active,Spouse
CUST02574,61,Female,Bristol,BT84 7NN,£40–60k,677,Active,Spouse
CUST02575,63,Male,Leeds,SW80 4ET,<£15k,667,Active,Spouse
CUST02576,43,Female,Belfast,CF11 7AK,£15–25k,676,Active,Spouse
CUST02577,42,Female,Belfast,LS22 8VC,<£15k,696,Active,Spouse
CUST02578,19,Male,Liverpool,SW96 7RQ,<£15k,723,Active,Spouse
CUST02579,43,Male,Leeds,B59 6XH,£25–40k,796,Active,Spouse
CUST02580,54,Male,Birmingham,EH92 4KE,£15–25k,720,Active,Spouse
CUST02581,68,Male,Glasgow,M4 4SO,£25–40k,784,Active,Spouse
CUST02582,69,Male,Edinburgh,LS88 8HZ,<£15k,671,Active,Spouse
CUST02583,28,Male,Birmingham,EH65 2ZT,£40–60k,597,Active,Spouse
CUST02584,60,Male,Liverpool,B32 8XC,<£15k,589,Active,Spouse
CUST02585,48,Female,London,SW88 7QP,>£60k,753,Active,Spouse
CUST02586,23,Female,Bristol,M54 5WR,>£60k,644,Active,Spouse
CUST02587,63,Female,Manchester,BT83 9WA,£15–25k,731,Active,Spouse
CUST02588,63,Female,Edinburgh,EH93 1JZ,<£15k,716,Active,Spouse
CUST02589,31,Male,Bristol,SW47 7WQ,>£60k,675,Active,Spouse
CUST02590,59,Female,Edinburgh,BS16 2EI,£15–25k,608,Active,Spouse
CUST02591,37,Female,Belfast,M93 3LN,£15–25k,662,Active,Spouse
CUST02592,44,Male,Liverpool,B32 8GI,£40–60k,739,Active,Spouse
CUST02593,62,Male,Manchester,L83 2OW,£25–40k,621,Active,Spouse
CUST02594,32,Male,Edinburgh,LS97 5KJ,>£60k,627,Active,Spouse
CUST02595,44,Male,Edinburgh,L58 5SI,£15–25k,633,Active,Spouse
CUST02596,50,Female,Belfast,SW98 3EQ,>£60k,640,Active,Spouse
CUST02597,64,Female,Glasgow,SW29 6SL,<£15k,599,Active,Spouse
CUST02598,32,Male,Glasgow,G92 3SU,£25–40k,800,Active,Spouse
CUST02599,48,Male,Glasgow,EH92 8VJ,£15–25k,671,Active,Spouse
CUST02600,86,Female,Birmingham,B19 5MI,£25–40k,684,Active,Spouse
CUST02601,54,Male,Leeds,SW28 5ES,<£15k,654,Active,Spouse
CUST02602,31,Male,London,G47 9XQ,£25–40k,740,Active,Spouse
CUST02603,71,Female,Bristol,EH80 3LU,£25–40k,673,Active,Spouse
CUST02604,29,Male,Birmingham,BT65 6QL,£25–40k,761,Active,Spouse
CUST02605,38,Male,Bristol,EH83 3QP,<£15k,723,Active,Spouse
CUST02606,38,Female,Birmingham,EH49 1VC,>£60k,681,Active,Spouse
CUST02607,32,Male,Liverpool,LS40 4HE,£25–40k,742,Active,Spouse
CUST02608,51,Female,Glasgow,BT94 2UG,£25–40k,723,Active,Spouse
CUST02609,34,Female,Liverpool,EH59 1XZ,£15–25k,720,Active,Spouse
CUST02610,74,Male,Cardiff,LS95 4LV,<£15k,640,Active,Spouse
CUST02611,33,Female,London,BS81 2KQ,£15–25k,657,Active,Spouse
CUST02612,46,Female,Manchester,G71 9XR,£40–60k,636,Active,Spouse
CUST02613,53,Female,Manchester,SW58 9HH,£40–60k,593,Active,Spouse
CUST02614,57,Female,Glasgow,B89 4HW,£25–40k,722,Active,Spouse
CUST02615,73,Female,Edinburgh,B6 5RI,<£15k,642,Active,Spouse
CUST02616,61,Male,Manchester,LS94 2EQ,£25–40k,694,Active,Spouse
CUST02617,40,Male,Glasgow,SW27 4HS,£15–25k,640,Active,Spouse
CUST02618,38,Male,Belfast,EH60 2RZ,£25–40k,675,Active,Spouse
CUST02619,23,Female,London,L82 2GP,£15–25k,721,Active,Spouse
CUST02620,48,Male,Manchester,EH11 8GD,£40–60k,736,Active,Spouse
CUST02621,36,Male,Cardiff,BT28 8JS,>£60k,752,Active,Spouse
CUST02622,65,Female,London,BT56 2XO,>£60k,687,Active,Spouse
CUST02623,30,Female,Leeds,BT82 8AI,£40–60k,704,Active,Spouse
CUST02624,45,Female,Bristol,BT35 8UF,£40–60k,690,Active,Spouse
CUST02625,54,Female,Liverpool,CF62 9JU,£40–60k,680,Active,Spouse
CUST02626,29,Female,Glasgow,G69 4KI,£15–25k,710,Active,Spouse
CUST02627,54,Female,Cardiff,CF40 8DY,<£15k,744,Active,Spouse
CUST02628,39,Male,Birmingham,EH1 6QP,<£15k,718,Active,Spouse
CUST02629,66,Female,Edinburgh,B23 2YN,£15–25k,784,Active,Spouse
CUST02630,61,Female,Glasgow,M57 6UV,>£60k,609,Active,Spouse
CUST02631,40,Female,Cardiff,B25 2YH,>£60k,780,Active,Spouse
CUST02632,22,Male,Leeds,G65 5KY,<£15k,697,Active,Spouse
CUST02633,36,Male,Cardiff,EH14 5TG,£15–25k,719,Active,Spouse
CUST02634,18,Female,Belfast,B42 3GY,<£15k,773,Active,Spouse
CUST02635,44,Male,Bristol,B21 3KQ,£15–25k,635,Active,Spouse
CUST02636,34,Male,Edinburgh,BT54 5HI,>£60k,721,Active,Spouse
CUST02637,33,Female,Edinburgh,G48 3JK,£40–60k,804,Active,Spouse
CUST02638,43,Male,Liverpool,L58 5NS,<£15k,790,Active,Spouse
CUST02639,47,Male,Bristol,BS1 7BN,>£60k,742,Active,Spouse
CUST02640,54,Female,Liverpool,B59 5AW,£15–25k,671,Active,Spouse
CUST02641,55,Male,Leeds,LS85 5JL,<£15k,676,Active,Spouse
CUST02642,21,Female,London,L55 7KR,£25–40k,687,Active,Spouse
CUST02643,27,Female,Cardiff,LS28 9OI,£25–40k,674,Active,Spouse
CUST02644,44,Male,Manchester,M32 3KX,<£15k,645,Active,Spouse
CUST02645,53,Female,Edinburgh,BT61 1YV,£40–60k,675,Active,Spouse
CUST02646,26,Female,Bristol,EH32 5TS,£40–60k,646,Active,Spouse
CUST02647,46,Female,Bristol,SW13 1UK,£40–60k,685,Active,Spouse
CUST02648,49,Female,Glasgow,CF48 8JD,>£60k,706,Active,Spouse
CUST02649,30,Female,Edinburgh,B96 2KY,£25–40k,663,Active,Spouse
CUST02650,57,Male,Bristol,B20 5SG,£15–25k,650,Active,Spouse
CUST02651,68,Male,Cardiff,M57 4KS,>£60k,614,Active,Spouse
CUST02652,57,Male,Cardiff,G72 9JW,£15–25k,693,Active,Spouse
CUST02653,30,Male,London,B99 2ZW,£25–40k,704,Active,Spouse
CUST02654,32,Female,Liverpool,L99 8XG,>£60k,666,Active,Spouse
CUST02655,39,Female,Birmingham,L60 4OL,£15–25k,744,Active,Spouse
CUST02656,35,Male,Liverpool,LS87 5IT,£40–60k,713,Active,Spouse
CUST02657,56,Male,London,B16 7NM,>£60k,703,Active,Spouse
CUST02658,50,Female,Edinburgh,SW68 1QL,£15–25k,697,Active,Spouse
CUST02659,53,Male,London,BT56 1QZ,£40–60k,625,Active,Spouse
CUST02660,66,Female,Liverpool,CF63 5SK,>£60k,588,Active,Spouse
CUST02661,34,Female,Manchester,M73 2RY,£25–40k,694,Active,Spouse
CUST02662,18,Female,Manchester,CF21 9CS,£15–25k,669,Active,Spouse
CUST02663,49,Female,Edinburgh,BT84 4YC,£25–40k,795,Active,Spouse
CUST02664,53,Female,Bristol,G60 8XE,£15–25k,673,Active,Spouse
CUST02665,22,Female,Liverpool,M24 6OQ,£25–40k,777,Active,Spouse
CUST02666,37,Male,Bristol,SW52 5AT,>£60k,716,Active,Spouse
CUST02667,38,Male,Bristol,SW2 4KN,£15–25k,723,Active,Spouse
CUST02668,63,Female,Birmingham,G29 6RO,£25–40k,743,Active,Spouse
CUST02669,40,Male,Leeds,BT46 3GY,£25–40k,779,Active,Spouse
CUST02670,72,Female,Birmingham,LS40 3DA,£25–40k,759,Active,Spouse
CUST02671,38,Male,Cardiff,BT6 3RL,£25–40k,749,Active,Spouse
CUST02672,59,Male,Manchester,L41 4VG,£25–40k,685,Active,Spouse
CUST02673,72,Male,Leeds,G21 7IH,£15–25k,771,Active,Spouse
CUST02674,41,Female,Leeds,L4 3OD,£25–40k,675,Active,Spouse
CUST02675,59,Male,Bristol,SW57 4MB,£15–25k,830,Active,Spouse
CUST02676,27,Male,Edinburgh,EH52 4GY,>£60k,726,Active,Spouse
CUST02677,57,Male,Bristol,BT16 2FQ,£15–25k,773,Active,Spouse
CUST02678,57,Female,Belfast,CF16 3YG,£15–25k,671,Active,Spouse
CUST02679,25,Male,Manchester,EH95 6XK,£40–60k,681,Active,Spouse
CUST02680,56,Other,Bristol,LS27 2ZQ,<£15k,665,Active,Spouse
CUST02681,66,Female,Liverpool,EH33 9DO,£40–60k,692,Active,Spouse
CUST02682,35,Female,London,SW49 7MD,>£60k,576,Active,Spouse
CUST02683,53,Male,Liverpool,L40 2NU,>£60k,686,Active,Spouse
CUST02684,38,Female,Glasgow,LS90 2UU,£15–25k,820,Active,Spouse
CUST02685,36,Male,Bristol,EH3 5XU,£15–25k,679,Active,Spouse
CUST02686,53,Male,Liverpool,SW19 4FS,>£60k,783,Active,Spouse
CUST02687,52,Female,London,B67 3EW,<£15k,706,Active,Spouse
CUST02688,77,Male,Edinburgh,SW8 4XV,<£15k,677,Active,Spouse
CUST02689,39,Male,Glasgow,L80 7FN,£25–40k,666,Active,Spouse
CUST02690,51,Female,Birmingham,B67 3XZ,£15–25k,649,Active,Spouse
CUST02691,28,Male,Birmingham,L15 3AP,£25–40k,679,Active,Spouse
CUST02692,22,Male,Leeds,G52 6IT,£25–40k,716,Active,Spouse
CUST02693,51,Female,Liverpool,SW4 6AP,£15–25k,734,Active,Spouse
CUST02694,58,Male,London,B53 1RM,>£60k,681,Active,Spouse
CUST02695,63,Male,Belfast,CF22 3DA,£25–40k,768,Active,Spouse
CUST02696,30,Male,Liverpool,LS12 7CD,>£60k,697,Active,Spouse
CUST02697,18,Male,Edinburgh,EH54 9OE,£40–60k,776,Active,Spouse
CUST02698,57,Female,Belfast,SW40 8PI,£25–40k,791,Active,Spouse
CUST02699,23,Female,Birmingham,L85 9LT,£25–40k,729,Active,Spouse
CUST02700,37,Female,Manchester,EH64 4EH,<£15k,587,Active,Spouse
CUST02701,60,Male,Cardiff,B19 4VC,£40–60k,629,Active,Spouse
CUST02702,50,Male,Manchester,BS37 2HH,<£15k,669,Active,Spouse
CUST02703,47,Male,Glasgow,B94 5KW,£15–25k,753,Active,Spouse
CUST02704,47,Other,Edinburgh,BT67 9SI,>£60k,844,Active,Spouse
CUST02705,32,Female,Birmingham,L55 6VE,£40–60k,822,Active,Spouse
CUST02706,40,Male,Belfast,SW96 7UB,<£15k,658,Active,Spouse
CUST02707,43,Female,Leeds,B2 3UB,£25–40k,615,Active,Spouse
CUST02708,35,Female,Leeds,B51 6AS,£15–25k,685,Active,Spouse
CUST02709,48,Male,Edinburgh,EH45 4US,£15–25k,703,Active,Spouse
CUST02710,52,Female,Bristol,EH28 8TI,>£60k,698,Active,Spouse
CUST02711,61,Female,Cardiff,EH16 5UY,£25–40k,740,Active,Spouse
CUST02712,51,Male,Cardiff,L44 3IK,£25–40k,778,Active,Spouse
CUST02713,64,Female,Edinburgh,CF59 2VK,£25–40k,708,Active,Spouse
CUST02714,39,Female,Cardiff,G9 6NU,£15–25k,713,Active,Spouse
CUST02715,43,Female,London,CF17 2HO,<£15k,677,Active,Spouse
CUST02716,47,Male,Manchester,M71 5EL,£15–25k,723,Active,Spouse
CUST02717,54,Female,Glasgow,EH56 9CQ,£15–25k,789,Active,Spouse
CUST02718,49,Male,Birmingham,BS66 4EV,£25–40k,699,Active,Spouse
CUST02719,59,Female,Leeds,SW26 6QT,£15–25k,653,Active,Spouse
CUST02720,18,Female,Birmingham,BT68 9BZ,£25–40k,608,Active,Spouse
CUST02721,52,Female,Cardiff,L70 4WQ,£25–40k,681,Active,Spouse
CUST02722,41,Female,Birmingham,L21 2VF,£25–40k,652,Active,Spouse
CUST02723,63,Female,Belfast,LS97 3RT,£15–25k,610,Active,Spouse
CUST02724,53,Male,Bristol,LS36 1MJ,£40–60k,700,Active,Spouse
CUST02725,68,Male,Bristol,CF54 8OK,£15–25k,759,Active,Spouse
CUST02726,29,Male,Birmingham,G1 2IW,<£15k,740,Active,Spouse
CUST02727,51,Male,Cardiff,G27 2BY,£25–40k,696,Active,Spouse
CUST02728,53,Female,Bristol,B19 8FY,<£15k,663,Active,Spouse
CUST02729,46,Female,Leeds,BS21 7MS,>£60k,701,Active,Spouse
CUST02730,33,Male,Leeds,LS45 2HI,£25–40k,682,Active,Spouse
CUST02731,38,Female,Birmingham,BS16 3GO,£15–25k,723,Active,Spouse
CUST02732,64,Male,Birmingham,G98 6AU,£40–60k,625,Active,Spouse
CUST02733,51,Male,Manchester,CF40 9DY,<£15k,670,Active,Spouse
CUST02734,58,Male,Belfast,EH30 8JD,£15–25k,724,Active,Spouse
CUST02735,23,Female,Cardiff,BT59 3CY,£40–60k,711,Active,Spouse
CUST02736,43,Female,Liverpool,G6 7ID,£15–25k,630,Active,Spouse
CUST02737,37,Female,Edinburgh,BS75 3WW,<£15k,708,Active,Spouse
CUST02738,38,Male,Edinburgh,G29 9DC,£40–60k,762,Active,Spouse
CUST02739,43,Male,Belfast,BT47 4VP,£15–25k,666,Active,Spouse
CUST02740,47,Male,Bristol,BS8 2YI,£40–60k,719,Active,Spouse
CUST02741,58,Male,Glasgow,G82 9KN,£25–40k,703,Active,Spouse
CUST02742,18,Male,Glasgow,L11 1DW,£15–25k,717,Active,Spouse
CUST02743,40,Female,Edinburgh,LS75 8HS,£15–25k,795,Active,Spouse
CUST02744,50,Female,Bristol,G14 8RT,>£60k,709,Active,Spouse
CUST02745,38,Female,Belfast,BS78 9VM,<£15k,764,Active,Spouse
CUST02746,21,Female,London,BT14 2SD,£25–40k,712,Active,Spouse
CUST02747,21,Other,Manchester,LS47 7MW,<£15k,663,Active,Spouse
CUST02748,57,Male,London,L83 8OS,>£60k,720,Active,Spouse
CUST02749,47,Female,Cardiff,SW52 7VA,£15–25k,642,Active,Spouse
CUST02750,44,Male,Leeds,BT24 1UK,£25–40k,722,Active,Spouse
CUST02751,59,Male,Manchester,G53 1XO,£25–40k,730,Active,Spouse
CUST02752,57,Female,Glasgow,L88 6LH,<£15k,621,Active,Spouse
CUST02753,47,Male,Glasgow,EH7 6OW,>£60k,758,Active,Spouse
CUST02754,18,Male,Glasgow,B27 9YR,£15–25k,687,Active,Spouse
CUST02755,50,Female,Liverpool,BS97 6YF,£15–25k,767,Active,Spouse
CUST02756,46,Female,Edinburgh,M43 6TR,£15–25k,700,Active,Spouse
CUST02757,49,Male,Leeds,L40 2XC,£40–60k,723,Active,Spouse
CUST02758,32,Male,Bristol,L80 8UF,£25–40k,672,Active,Spouse
CUST02759,19,Male,Bristol,LS34 8LK,£40–60k,663,Active,Spouse
CUST02760,29,Male,Edinburgh,L97 3FK,<£15k,651,Active,Spouse
CUST02761,77,Female,London,M25 5QW,£40–60k,763,Active,Spouse
CUST02762,30,Female,Cardiff,G97 9RF,£15–25k,626,Active,Spouse
CUST02763,36,Male,Bristol,BT90 2GC,<£15k,624,Active,Spouse
CUST02764,49,Male,Manchester,BT85 7IE,<£15k,715,Active,Spouse
CUST02765,32,Male,Liverpool,CF46 7EM,<£15k,741,Active,Spouse
CUST02766,55,Female,Manchester,G79 2KH,£15–25k,661,Active,Spouse
CUST02767,32,Male,Edinburgh,SW32 9EV,>£60k,676,Active,Spouse
CUST02768,53,Female,Glasgow,SW64 4WH,£40–60k,823,Active,Spouse
CUST02769,52,Male,Leeds,LS57 4EA,>£60k,635,Active,Spouse
CUST02770,49,Male,Glasgow,LS3 8ON,>£60k,706,Active,Spouse
CUST02771,45,Female,Cardiff,CF73 4NF,£25–40k,626,Active,Spouse
CUST02772,49,Male,Cardiff,BT52 7XI,£25–40k,698,Active,Spouse
CUST02773,28,Male,Liverpool,G56 6LH,£25–40k,802,Active,Spouse
CUST02774,27,Male,Liverpool,CF46 2WE,£40–60k,726,Active,Spouse
CUST02775,42,Male,Liverpool,LS69 3DZ,£25–40k,679,Active,Spouse
CUST02776,63,Male,Cardiff,EH69 6DZ,<£15k,754,Active,Spouse
CUST02777,42,Female,Belfast,LS93 6WW,£15–25k,653,Active,Spouse
CUST02778,38,Female,Cardiff,LS60 5SB,£40–60k,683,Active,Spouse
CUST02779,59,Male,Edinburgh,BT57 8SN,<£15k,722,Active,Spouse
CUST02780,59,Female,Manchester,B3 9OR,£25–40k,624,Active,Spouse
CUST02781,60,Female,London,L62 3CV,£25–40k,784,Active,Spouse
CUST02782,34,Female,Liverpool,M93 5SI,>£60k,747,Active,Spouse
CUST02783,64,Female,London,BT63 7WY,<£15k,667,Active,Spouse
CUST02784,29,Female,Birmingham,BS28 8JR,£40–60k,713,Active,Spouse
CUST02785,19,Male,Glasgow,L30 9NE,£25–40k,762,Active,Spouse
CUST02786,32,Female,Cardiff,BT41 1TB,>£60k,685,Active,Spouse
CUST02787,55,Male,Liverpool,BT16 2TC,£15–25k,732,Active,Spouse
CUST02788,54,Female,Cardiff,BS94 3XG,£40–60k,656,Active,Spouse
CUST02789,49,Male,Leeds,BT98 3FA,£25–40k,751,Active,Spouse
CUST02790,36,Female,Edinburgh,M43 2DM,£25–40k,808,Active,Spouse
CUST02791,42,Male,Belfast,BS53 7WP,£15–25k,593,Active,Spouse
CUST02792,42,Female,Birmingham,L24 2JL,>£60k,778,Active,Spouse
CUST02793,31,Female,Birmingham,BS33 8CF,£25–40k,642,Active,Spouse
CUST02794,50,Female,Glasgow,BS26 4LU,>£60k,637,Active,Spouse
CUST02795,28,Male,Manchester,L58 2QI,>£60k,652,Active,Spouse
CUST02796,68,Female,London,BT8 9BV,<£15k,730,Active,Spouse
CUST02797,45,Female,Liverpool,M22 1QA,£15–25k,656,Active,Spouse
CUST02798,57,Male,London,L50 5AZ,£40–60k,736,Active,Spouse
CUST02799,70,Female,Belfast,BT48 2FG,>£60k,645,Active,Spouse
CUST02800,29,Male,Belfast,EH24 9GL,£15–25k,594,Active,Spouse
CUST02801,52,Male,Manchester,B77 6SF,<£15k,714,Active,Spouse
CUST02802,39,Male,Edinburgh,B65 3OA,£15–25k,593,Active,Spouse
CUST02803,66,Male,Belfast,SW69 2ZJ,£25–40k,711,Active,Spouse
CUST02804,62,Male,Glasgow,M45 3SQ,£15–25k,778,Active,Spouse
CUST02805,52,Male,Birmingham,M64 4TE,<£15k,738,Active,Spouse
CUST02806,36,Male,Belfast,L59 9MZ,£40–60k,706,Active,Spouse
CUST02807,60,Female,Edinburgh,M86 9CK,£15–25k,653,Active,Spouse
CUST02808,58,Male,Leeds,L19 4PG,£15–25k,751,Active,Spouse
CUST02809,57,Female,Bristol,SW46 1PZ,<£15k,702,Active,Spouse
CUST02810,34,Female,Belfast,M67 2VU,£40–60k,807,Active,Spouse
CUST02811,65,Female,Liverpool,CF73 9QM,£25–40k,703,Active,Spouse
CUST02812,48,Female,Cardiff,LS37 6EO,<£15k,684,Active,Spouse
CUST02813,19,Female,Leeds,G81 7MN,£40–60k,695,Active,Spouse
CUST02814,52,Male,Bristol,M63 1PD,£15–25k,667,Active,Spouse
CUST02815,40,Female,Liverpool,CF62 7JP,£25–40k,681,Active,Spouse
CUST02816,46,Female,Glasgow,SW68 1GC,<£15k,686,Active,Spouse
CUST02817,32,Female,Glasgow,BT96 9FU,>£60k,707,Active,Spouse
CUST02818,51,Female,Liverpool,SW69 1BJ,£40–60k,712,Active,Spouse
CUST02819,18,Male,Bristol,LS46 9BV,£15–25k,738,Active,Spouse
CUST02820,28,Male,Bristol,CF68 3QL,£25–40k,726,Active,Spouse
CUST02821,52,Female,London,LS13 8FH,£40–60k,613,Active,Spouse
CUST02822,58,Male,Liverpool,M92 4PG,<£15k,806,Active,Spouse
CUST02823,40,Male,Belfast,BT2 1MG,£40–60k,726,Active,Spouse
CUST02824,38,Male,Manchester,G1 4VK,<£15k,633,Active,Spouse
CUST02825,59,Male,Birmingham,BS30 6MB,>£60k,727,Active,Spouse
CUST02826,35,Male,Birmingham,B77 4TV,£25–40k,635,Active,Spouse
CUST02827,72,Female,Glasgow,BS88 5GU,£25–40k,621,Active,Spouse
CUST02828,53,Male,Glasgow,BS89 1NN,£15–25k,710,Active,Spouse
CUST02829,56,Male,Bristol,G25 8IT,£15–25k,790,Active,Spouse
CUST02830,18,Male,London,BS6 8EV,>£60k,641,Active,Spouse
CUST02831,43,Female,Leeds,M82 2DF,>£60k,795,Active,Spouse
CUST02832,38,Female,Edinburgh,M24 9KF,£40–60k,665,Active,Spouse
CUST02833,18,Male,Glasgow,BS37 9JJ,<£15k,659,Active,Spouse
CUST02834,53,Female,Belfast,G14 2MG,£25–40k,693,Active,Spouse
CUST02835,34,Female,Manchester,CF64 4EQ,<£15k,811,Active,Spouse
CUST02836,40,Female,London,EH62 2DH,£40–60k,707,Active,Spouse
CUST02837,33,Male,London,BS24 2YW,£25–40k,632,Active,Spouse
CUST02838,55,Male,Manchester,LS56 6OX,<£15k,603,Active,Spouse
CUST02839,52,Male,Birmingham,EH77 1VQ,£25–40k,536,Active,Spouse
CUST02840,49,Female,Leeds,LS93 6BS,<£15k,637,Active,Spouse
CUST02841,32,Male,London,B44 5FL,<£15k,683,Active,Spouse
CUST02842,27,Male,Edinburgh,LS83 1MM,£40–60k,590,Active,Spouse
CUST02843,42,Male,Birmingham,G65 2HF,£15–25k,745,Active,Spouse
CUST02844,48,Male,Leeds,L85 8AO,<£15k,767,Active,Spouse
CUST02845,19,Female,Manchester,LS78 9JR,>£60k,676,Active,Spouse
CUST02846,45,Male,Birmingham,B71 6BD,£25–40k,648,Active,Spouse
CUST02847,46,Male,Manchester,BS67 9AT,£15–25k,763,Active,Spouse
CUST02848,52,Male,Birmingham,L48 1ED,£15–25k,772,Active,Spouse
CUST02849,49,Female,Leeds,SW49 1SB,£25–40k,693,Active,Spouse
CUST02850,67,Male,Bristol,BT16 4YU,<£15k,706,Active,Spouse
CUST02851,71,Female,London,BT70 2AU,>£60k,754,Active,Spouse
CUST02852,35,Female,Edinburgh,BT83 7JV,£25–40k,687,Active,Spouse
CUST02853,67,Female,Belfast,BS58 4VP,£15–25k,767,Active,Spouse
CUST02854,56,Female,Belfast,G45 8PE,£25–40k,737,Active,Spouse
CUST02855,25,Female,Edinburgh,CF47 4EJ,£40–60k,635,Active,Spouse
CUST02856,48,Male,Birmingham,BS33 3LX,>£60k,827,Active,Spouse
CUST02857,32,Female,London,BS39 3BO,>£60k,684,Active,Spouse
CUST02858,39,Male,Bristol,CF30 7EU,£40–60k,733,Active,Spouse
CUST02859,49,Female,Liverpool,LS52 7NO,£40–60k,761,Active,Spouse
CUST02860,49,Female,Edinburgh,EH50 8LK,>£60k,712,Active,Spouse
CUST02861,44,Male,Liverpool,BS18 9GH,£25–40k,771,Active,Spouse
CUST02862,45,Female,Leeds,LS73 4XV,£15–25k,658,Active,Spouse
CUST02863,55,Male,Belfast,L60 9YZ,£15–25k,693,Active,Spouse
CUST02864,58,Female,Bristol,L83 5GM,£40–60k,535,Active,Spouse
CUST02865,64,Female,Birmingham,EH14 9UO,£15–25k,688,Active,Spouse
CUST02866,64,Female,Glasgow,BT53 1GG,<£15k,755,Active,Spouse
CUST02867,37,Male,Liverpool,CF21 7QN,£40–60k,650,Active,Spouse
CUST02868,31,Female,Birmingham,EH4 4MS,£15–25k,633,Active,Spouse
CUST02869,62,Female,Birmingham,G96 3UM,£15–25k,688,Active,Spouse
CUST02870,70,Female,Belfast,LS20 7KO,>£60k,661,Active,Spouse
CUST02871,37,Male,Leeds,B98 8KT,£15–25k,730,Active,Spouse
CUST02872,69,Female,Belfast,CF95 1VD,£15–25k,668,Active,Spouse
CUST02873,56,Female,Manchester,M3 1BK,£15–25k,700,Active,Spouse
CUST02874,52,Male,Manchester,L46 4XE,£25–40k,653,Active,Spouse
CUST02875,55,Female,Leeds,G9 6TK,<£15k,684,Active,Spouse
CUST02876,38,Female,Belfast,EH61 6WF,£25–40k,698,Active,Spouse
CUST02877,53,Female,Glasgow,G13 9FE,>£60k,690,Active,Spouse
CUST02878,38,Female,Birmingham,BS16 9TN,<£15k,692,Active,Spouse
CUST02879,42,Male,Birmingham,CF71 8WI,£40–60k,730,Active,Spouse
CUST02880,39,Female,Leeds,M85 3OD,£25–40k,676,Active,Spouse
CUST02881,33,Female,London,B49 8MP,£25–40k,734,Active,Spouse
CUST02882,47,Male,Birmingham,SW76 6OS,>£60k,771,Active,Spouse
CUST02883,60,Female,Belfast,B58 1PV,£40–60k,713,Active,Spouse
CUST02884,43,Male,Belfast,L44 2LC,£15–25k,700,Active,Spouse
CUST02885,36,Male,Birmingham,B80 5VM,£15–25k,654,Active,Spouse
CUST02886,31,Male,Birmingham,M86 4UK,£40–60k,689,Active,Spouse
CUST02887,18,Female,Glasgow,M46 8AT,£40–60k,794,Active,Spouse
CUST02888,73,Female,Belfast,BS22 6IG,£40–60k,641,Active,Spouse
CUST02889,73,Male,Cardiff,G67 1PK,£25–40k,642,Active,Spouse
CUST02890,45,Female,Birmingham,SW84 4WJ,£25–40k,723,Active,Spouse
CUST02891,46,Male,Glasgow,EH56 6BI,<£15k,668,Active,Spouse
CUST02892,36,Female,Edinburgh,M43 9BE,£15–25k,748,Active,Spouse
CUST02893,63,Female,Belfast,SW95 1JM,£25–40k,599,Active,Spouse
CUST02894,48,Male,Leeds,EH49 7BW,>£60k,735,Active,Spouse
CUST02895,47,Female,Glasgow,BS43 6ZQ,£25–40k,621,Active,Spouse
CUST02896,52,Female,Bristol,BS91 6EL,>£60k,763,Active,Spouse
CUST02897,33,Male,Glasgow,CF25 8JI,£40–60k,668,Active,Spouse
CUST02898,48,Female,Manchester,EH86 2ZV,£25–40k,695,Active,Spouse
CUST02899,37,Male,Liverpool,CF15 1ZE,<£15k,632,Active,Spouse
CUST02900,38,Male,Manchester,LS10 3LC,£15–25k,579,Active,Spouse
CUST02901,54,Female,Birmingham,BT31 2CA,£25–40k,659,Active,Spouse
CUST02902,56,Female,London,L80 2ES,<£15k,687,Active,Spouse
CUST02903,47,Male,Edinburgh,L86 2TD,£25–40k,608,Active,Spouse
CUST02904,55,Male,London,B26 2FC,£25–40k,850,Active,Spouse
CUST02905,39,Male,Manchester,SW56 4GB,£25–40k,707,Active,Spouse
CUST02906,48,Female,Manchester,BS42 9GP,£15–25k,625,Active,Spouse
CUST02907,29,Female,Leeds,EH78 3PJ,£25–40k,732,Active,Spouse
CUST02908,33,Male,Belfast,SW57 3QA,£40–60k,686,Active,Spouse
CUST02909,47,Female,Manchester,B26 5ER,£40–60k,734,Active,Spouse
CUST02910,42,Female,Belfast,LS90 2WY,<£15k,691,Active,Spouse
CUST02911,80,Female,Manchester,LS24 6YH,<£15k,756,Active,Spouse
CUST02912,39,Male,Birmingham,BS82 5TN,<£15k,691,Active,Spouse
CUST02913,72,Female,Cardiff,G28 7IL,£25–40k,734,Active,Spouse
CUST02914,61,Male,Leeds,CF1 5JY,£40–60k,678,Active,Spouse
CUST02915,37,Male,Birmingham,M8 2PL,£25–40k,789,Active,Spouse
CUST02916,44,Female,London,BT97 7CV,£40–60k,695,Active,Spouse
CUST02917,38,Male,Edinburgh,SW96 2KS,£25–40k,762,Active,Spouse
CUST02918,62,Other,Liverpool,BT87 2SI,£25–40k,711,Active,Spouse
CUST02919,28,Male,Liverpool,EH46 8LP,£25–40k,668,Active,Spouse
CUST02920,64,Female,Glasgow,EH41 9XG,>£60k,713,Active,Spouse
CUST02921,60,Male,Leeds,BT22 1WL,>£60k,723,Active,Spouse
CUST02922,30,Male,Bristol,EH60 6ZM,>£60k,730,Active,Spouse
CUST02923,44,Male,Edinburgh,EH58 3EX,£40–60k,669,Active,Spouse
CUST02924,38,Male,Bristol,BS4 3ZK,>£60k,761,Active,Spouse
CUST02925,48,Male,Bristol,B52 6AN,£15–25k,710,Active,Spouse
CUST02926,69,Male,Birmingham,B76 3GD,£15–25k,660,Active,Spouse
CUST02927,43,Female,London,BS61 3IK,<£15k,665,Active,Spouse
CUST02928,52,Male,Leeds,SW64 7FJ,£40–60k,711,Active,Spouse
CUST02929,39,Male,Cardiff,G30 4PT,£40–60k,686,Active,Spouse
CUST02930,58,Male,Edinburgh,BS56 3PV,<£15k,771,Active,Spouse
CUST02931,37,Female,London,L14 2KW,£25–40k,850,Active,Spouse
CUST02932,26,Male,Edinburgh,BT38 3HQ,£15–25k,640,Active,Spouse
CUST02933,40,Male,Edinburgh,LS54 8AJ,<£15k,657,Active,Spouse
CUST02934,32,Female,Birmingham,L81 5VT,£40–60k,769,Active,Spouse
CUST02935,52,Male,Bristol,BT16 3QJ,£40–60k,705,Active,Spouse
CUST02936,37,Male,Liverpool,L89 3LS,£25–40k,642,Active,Spouse
CUST02937,30,Female,Edinburgh,M3 8LN,£40–60k,769,Active,Spouse
CUST02938,61,Female,Leeds,LS42 4KU,<£15k,685,Active,Spouse
CUST02939,24,Female,Edinburgh,G72 6SZ,>£60k,736,Active,Spouse
CUST02940,41,Male,Liverpool,LS17 6ZU,£15–25k,757,Active,Spouse
CUST02941,29,Female,Belfast,LS91 4HP,<£15k,705,Active,Spouse
CUST02942,28,Female,Belfast,EH3 6QD,£40–60k,658,Active,Spouse
CUST02943,34,Female,Bristol,B80 6CQ,£15–25k,684,Active,Spouse
CUST02944,63,Female,Edinburgh,EH78 5CO,£25–40k,708,Active,Spouse
CUST02945,56,Female,Bristol,LS99 5WE,£25–40k,704,Active,Spouse
CUST02946,39,Male,Liverpool,SW61 4HU,£25–40k,587,Active,Spouse
CUST02947,30,Male,London,L46 8RE,£25–40k,700,Active,Spouse
CUST02948,47,Female,Glasgow,L63 6TR,£15–25k,757,Active,Spouse
CUST02949,21,Female,Leeds,LS77 2JX,<£15k,827,Active,Spouse
CUST02950,18,Male,London,LS68 9JH,>£60k,696,Active,Spouse
CUST02951,36,Female,Bristol,BS90 1JI,>£60k,643,Active,Spouse
CUST02952,68,Female,Leeds,B38 1AU,£15–25k,668,Active,Spouse
CUST02953,20,Female,Bristol,M48 8YE,<£15k,627,Active,Spouse
CUST02954,61,Female,Edinburgh,BS72 3TO,£25–40k,629,Active,Spouse
CUST02955,24,Male,Liverpool,M36 8IG,£25–40k,711,Active,Spouse
CUST02956,40,Female,Belfast,EH37 3SE,£25–40k,726,Active,Spouse
CUST02957,39,Male,Liverpool,SW16 1KR,£15–25k,742,Active,Spouse
CUST02958,25,Male,Edinburgh,L19 6XM,£25–40k,612,Active,Spouse
CUST02959,49,Female,Cardiff,SW81 7UK,£25–40k,684,Active,Spouse
CUST02960,38,Male,Bristol,B42 1UJ,£25–40k,736,Active,Spouse
CUST02961,79,Female,Liverpool,BT97 1QB,>£60k,613,Active,Spouse
CUST02962,64,Male,Birmingham,EH9 2EE,<£15k,739,Active,Spouse
CUST02963,37,Male,Manchester,CF21 4CY,£15–25k,797,Active,Spouse
CUST02964,26,Female,Liverpool,L44 2NK,<£15k,724,Active,Spouse
CUST02965,42,Male,Manchester,EH52 9BQ,>£60k,671,Active,Spouse
CUST02966,28,Male,Bristol,BS89 3RC,<£15k,850,Active,Spouse
CUST02967,37,Male,Leeds,EH21 2YI,£15–25k,566,Active,Spouse
CUST02968,57,Male,Leeds,LS8 9AB,£40–60k,719,Active,Spouse
CUST02969,40,Male,Leeds,EH6 1HY,<£15k,677,Active,Spouse
CUST02970,43,Male,Leeds,B18 9KK,>£60k,750,Active,Spouse
CUST02971,50,Female,Bristol,BS3 9YJ,£15–25k,730,Active,Spouse
CUST02972,52,Female,Edinburgh,SW86 7RC,£40–60k,753,Active,Spouse
CUST02973,62,Male,London,LS76 1GH,£15–25k,660,Active,Spouse
CUST02974,47,Male,Belfast,EH1 6WC,>£60k,588,Active,Spouse
CUST02975,62,Female,Belfast,L66 3MG,£25–40k,659,Active,Spouse
CUST02976,65,Female,Birmingham,CF1 5IR,£40–60k,659,Active,Spouse
CUST02977,50,Male,Liverpool,CF50 3GY,£25–40k,684,Active,Spouse
CUST02978,38,Female,Belfast,G43 4KI,£25–40k,726,Active,Spouse
CUST02979,62,Male,Bristol,M84 5OA,<£15k,682,Active,Spouse
CUST02980,64,Female,Edinburgh,BT84 9YM,£25–40k,657,Active,Spouse
CUST02981,63,Male,Leeds,B15 1MZ,£25–40k,706,Active,Spouse
CUST02982,49,Male,Manchester,LS26 5WV,£15–25k,633,Active,Spouse
CUST02983,38,Male,Leeds,BT39 6OB,£40–60k,698,Active,Spouse
CUST02984,61,Female,Leeds,BT33 4QA,<£15k,687,Active,Spouse
CUST02985,33,Female,Glasgow,SW28 3KG,>£60k,713,Active,Spouse
CUST02986,74,Male,Edinburgh,BS93 6OM,£25–40k,720,Active,Spouse
CUST02987,41,Male,Belfast,B63 8RT,£25–40k,714,Active,Spouse
CUST02988,32,Female,Glasgow,LS10 2AA,<£15k,787,Active,Spouse
CUST02989,66,Male,Belfast,SW2 5AJ,£40–60k,646,Active,Spouse
CUST02990,66,Male,Edinburgh,BS94 3DB,£25–40k,714,Active,Spouse
CUST02991,55,Female,Liverpool,LS83 4NX,£40–60k,699,Active,Spouse
CUST02992,45,Male,Liverpool,M36 7UA,>£60k,663,Active,Spouse
CUST02993,31,Male,Glasgow,SW16 5EI,£15–25k,644,Active,Spouse
CUST02994,61,Female,Edinburgh,LS16 1PF,£15–25k,710,Active,Spouse
CUST02995,32,Female,London,M12 4OS,£25–40k,705,Active,Spouse
CUST02996,21,Male,Cardiff,G35 1WS,£15–25k,648,Active,Spouse
CUST02997,63,Female,Edinburgh,M94 3GC,£15–25k,669,Active,Spouse
CUST02998,61,Male,Bristol,BS4 1PN,>£60k,694,Active,Spouse
CUST02999,55,Female,Edinburgh,BS23 1SB,£25–40k,635,Active,Spouse
CUST03000,52,Female,Manchester,G91 5XP,£15–25k,574,Active,Spouse
CUST03001,38,Male,Leeds,G4 5GH,£40–60k,776,Active,Spouse
CUST03002,45,Male,Edinburgh,SW84 1SN,£15–25k,646,Active,Spouse
CUST03003,62,Male,Cardiff,EH30 1JL,£25–40k,826,Active,Spouse
CUST03004,41,Female,Manchester,BT48 8PR,>£60k,608,Active,Spouse
CUST03005,45,Female,Birmingham,L85 6XR,£40–60k,744,Active,Spouse
CUST03006,42,Female,Cardiff,B42 6NF,£40–60k,581,Active,Spouse
CUST03007,54,Male,Belfast,BS48 8LY,<£15k,657,Active,Spouse
CUST03008,38,Female,Glasgow,B87 8VR,>£60k,611,Active,Spouse
CUST03009,18,Female,Bristol,L56 2TI,£15–25k,633,Active,Spouse
CUST03010,37,Male,Birmingham,L46 8OY,£25–40k,667,Active,Spouse
CUST03011,67,Male,Cardiff,B6 6QU,£25–40k,639,Active,Spouse
CUST03012,59,Male,Birmingham,BT44 9UX,<£15k,708,Active,Spouse
CUST03013,70,Male,Birmingham,BT18 4WM,£25–40k,695,Active,Spouse
CUST03014,18,Female,Manchester,BS15 9RB,£25–40k,690,Active,Spouse
CUST03015,18,Female,Cardiff,M74 1IR,<£15k,632,Active,Spouse
CUST03016,42,Male,Birmingham,LS88 6PD,£40–60k,692,Active,Spouse
CUST03017,59,Female,Liverpool,L71 7QV,£25–40k,726,Active,Spouse
CUST03018,68,Female,Bristol,LS74 6XN,£25–40k,755,Active,Spouse
CUST03019,56,Female,Manchester,LS82 8EW,£25–40k,820,Active,Spouse
CUST03020,58,Female,Leeds,SW65 2PE,£40–60k,780,Active,Spouse
CUST03021,21,Male,Manchester,G31 7JG,£25–40k,681,Active,Spouse
CUST03022,50,Male,Cardiff,M25 1AA,£15–25k,704,Active,Spouse
CUST03023,33,Female,Glasgow,M27 3YV,£40–60k,748,Active,Spouse
CUST03024,60,Male,Manchester,M33 8DN,£15–25k,695,Active,Spouse
CUST03025,41,Female,Liverpool,BS2 5KM,£25–40k,670,Active,Spouse
CUST03026,57,Male,Liverpool,LS39 7TS,£15–25k,683,Active,Spouse
CUST03027,45,Female,Edinburgh,BT76 1VP,<£15k,773,Active,Spouse
CUST03028,49,Male,London,EH41 6AI,£40–60k,702,Active,Spouse
CUST03029,36,Female,Edinburgh,BS97 9YD,<£15k,699,Active,Spouse
CUST03030,34,Female,Bristol,BT80 6VP,£15–25k,713,Active,Spouse
CUST03031,38,Female,London,BS5 8YC,£40–60k,679,Active,Spouse
CUST03032,44,Male,Edinburgh,G70 2CH,<£15k,802,Active,Spouse
CUST03033,21,Female,Manchester,EH49 6HT,£40–60k,722,Active,Spouse
CUST03034,28,Female,Edinburgh,SW42 5RY,<£15k,683,Active,Spouse
CUST03035,36,Female,Edinburgh,LS79 7DA,£40–60k,664,Active,Spouse
CUST03036,36,Male,Birmingham,BT87 1QO,£40–60k,684,Active,Spouse
CUST03037,34,Female,Manchester,CF24 8IW,>£60k,658,Active,Spouse
CUST03038,36,Male,Belfast,BS69 1IS,£15–25k,664,Active,Spouse
CUST03039,32,Female,Manchester,CF63 3OJ,£40–60k,735,Active,Spouse
CUST03040,39,Female,Birmingham,SW38 6ND,£40–60k,687,Active,Spouse
CUST03041,40,Other,Birmingham,M26 8PH,£40–60k,662,Active,Spouse
CUST03042,32,Male,London,BS96 3YM,£15–25k,741,Active,Spouse
CUST03043,32,Male,London,G24 4KV,£25–40k,653,Active,Spouse
CUST03044,59,Male,Belfast,EH30 8ZW,£25–40k,667,Active,Spouse
CUST03045,44,Male,Manchester,M22 3EX,>£60k,680,Active,Spouse
CUST03046,44,Male,Belfast,BT4 8PL,£25–40k,788,Active,Spouse
CUST03047,34,Female,Bristol,SW91 9WL,£40–60k,735,Active,Spouse
CUST03048,55,Female,Cardiff,M54 8BI,>£60k,736,Active,Spouse
CUST03049,66,Female,Bristol,CF90 7CC,£40–60k,583,Active,Spouse
CUST03050,24,Male,Manchester,G86 6PM,£15–25k,646,Active,Spouse
CUST03051,37,Female,Cardiff,LS18 2AF,£40–60k,714,Active,Spouse
CUST03052,32,Female,Manchester,BT24 4OV,£40–60k,649,Active,Spouse
CUST03053,46,Female,Cardiff,L72 5PC,£40–60k,728,Active,Spouse
CUST03054,44,Female,Birmingham,BT53 2RB,<£15k,731,Active,Spouse
CUST03055,22,Male,Leeds,LS19 5EX,<£15k,658,Active,Spouse
CUST03056,31,Female,Bristol,SW48 1QZ,£15–25k,667,Active,Spouse
CUST03057,43,Female,London,M68 5SQ,<£15k,597,Active,Spouse
CUST03058,36,Female,London,G18 6HP,£15–25k,658,Active,Spouse
CUST03059,23,Female,Leeds,LS85 8PP,<£15k,733,Active,Spouse
CUST03060,44,Male,Leeds,M23 7RU,<£15k,668,Active,Spouse
CUST03061,69,Female,Cardiff,M19 3QE,£40–60k,618,Active,Spouse
CUST03062,70,Male,Manchester,EH66 2SF,£25–40k,684,Active,Spouse
CUST03063,33,Male,Leeds,BS81 6HI,<£15k,669,Active,Spouse
CUST03064,38,Female,Bristol,SW97 7BK,<£15k,811,Active,Spouse
CUST03065,48,Female,Bristol,SW25 6MO,<£15k,635,Active,Spouse
CUST03066,55,Male,Belfast,LS96 3PT,>£60k,676,Active,Spouse
CUST03067,18,Male,Cardiff,BS83 3HT,£15–25k,739,Active,Spouse
CUST03068,55,Female,Cardiff,G64 2NT,£40–60k,679,Active,Spouse
CUST03069,35,Female,London,BS9 9CW,£25–40k,747,Active,Spouse
CUST03070,34,Female,Birmingham,SW48 5MI,>£60k,761,Active,Spouse
CUST03071,34,Female,Edinburgh,L39 9TK,£15–25k,690,Active,Spouse
CUST03072,50,Male,Glasgow,EH66 8MY,£25–40k,708,Active,Spouse
CUST03073,33,Male,Belfast,CF88 3PK,>£60k,717,Active,Spouse
CUST03074,54,Female,Manchester,EH44 9QT,£40–60k,638,Active,Spouse
CUST03075,50,Female,Manchester,G81 5IJ,£40–60k,689,Active,Spouse
CUST03076,30,Female,Belfast,CF30 6KH,<£15k,714,Active,Spouse
CUST03077,56,Female,Belfast,LS45 5GK,£40–60k,664,Active,Spouse
CUST03078,18,Female,Cardiff,BS36 5TN,<£15k,717,Active,Spouse
CUST03079,38,Female,Leeds,BT18 5GV,<£15k,732,Active,Spouse
CUST03080,59,Male,Liverpool,CF71 6GZ,£40–60k,711,Active,Spouse
CUST03081,54,Female,Edinburgh,BT67 3DX,£25–40k,748,Active,Spouse
CUST03082,36,Female,Glasgow,LS27 6FU,<£15k,674,Active,Spouse
CUST03083,49,Male,Edinburgh,L32 7PW,>£60k,770,Active,Spouse
CUST03084,27,Female,Glasgow,BT59 9KE,£40–60k,725,Active,Spouse
CUST03085,61,Male,Glasgow,BT10 5DM,£15–25k,687,Active,Spouse
CUST03086,44,Male,Cardiff,BS1 2GZ,>£60k,695,Active,Spouse
CUST03087,42,Female,Glasgow,EH59 9SI,>£60k,653,Active,Spouse
CUST03088,42,Female,Cardiff,BT54 4IB,£15–25k,655,Active,Spouse
CUST03089,53,Female,Bristol,EH77 2PN,<£15k,602,Active,Spouse
CUST03090,56,Female,Bristol,L16 3FD,>£60k,755,Active,Spouse
CUST03091,46,Male,Liverpool,SW6 2ID,£25–40k,795,Active,Spouse
CUST03092,50,Female,Cardiff,CF35 3ZD,<£15k,714,Active,Spouse
CUST03093,19,Male,Bristol,LS6 1AD,£15–25k,759,Active,Spouse
CUST03094,31,Female,Liverpool,BT93 5JN,£15–25k,640,Active,Spouse
CUST03095,47,Male,Leeds,LS29 5RL,£15–25k,655,Active,Spouse
CUST03096,41,Female,Leeds,B3 9SK,£25–40k,764,Active,Spouse
CUST03097,66,Male,Leeds,B50 4RT,<£15k,664,Active,Spouse
CUST03098,42,Female,London,B12 5ZP,>£60k,830,Active,Spouse
CUST03099,66,Female,Manchester,M32 7HH,>£60k,599,Active,Spouse
CUST03100,57,Male,Edinburgh,BT22 3HI,£15–25k,655,Active,Spouse
CUST03101,36,Male,Manchester,SW31 5NS,£15–25k,748,Active,Spouse
CUST03102,18,Female,Belfast,BS58 4HD,<£15k,760,Active,Spouse
CUST03103,64,Female,Manchester,BS92 8OE,£15–25k,680,Active,Spouse
CUST03104,67,Male,Bristol,BT97 7AR,£25–40k,724,Active,Spouse
CUST03105,28,Male,Glasgow,LS87 8NZ,<£15k,704,Active,Spouse
CUST03106,35,Male,Cardiff,L42 1PQ,£15–25k,711,Active,Spouse
CUST03107,27,Female,Belfast,BS57 4LE,£25–40k,793,Active,Spouse
CUST03108,53,Female,Manchester,BT90 7FZ,£40–60k,674,Active,Spouse
CUST03109,48,Female,Bristol,LS28 6LM,>£60k,697,Active,Spouse
CUST03110,18,Female,Glasgow,LS92 5HM,>£60k,796,Active,Spouse
CUST03111,44,Female,Belfast,EH4 4UW,£15–25k,709,Active,Spouse
CUST03112,25,Male,Manchester,EH92 1MS,>£60k,711,Active,Spouse
CUST03113,50,Female,Liverpool,L49 1PN,<£15k,640,Active,Spouse
CUST03114,55,Male,Edinburgh,BS12 7IL,£40–60k,587,Active,Spouse
CUST03115,42,Female,Leeds,G47 5PF,£15–25k,619,Active,Spouse
CUST03116,45,Female,Birmingham,LS75 9TQ,£15–25k,677,Active,Spouse
CUST03117,51,Female,Leeds,SW49 6BY,£40–60k,695,Active,Spouse
CUST03118,51,Female,Leeds,M91 3CT,>£60k,703,Active,Spouse
CUST03119,60,Male,Cardiff,SW33 2QI,£15–25k,753,Active,Spouse
CUST03120,34,Female,Edinburgh,B38 3NI,£15–25k,758,Active,Spouse
CUST03121,50,Male,Birmingham,LS53 5FQ,£25–40k,769,Active,Spouse
CUST03122,30,Male,Manchester,LS12 1SU,<£15k,629,Active,Spouse
CUST03123,27,Female,Birmingham,G71 8NF,£15–25k,788,Active,Spouse
CUST03124,62,Female,Leeds,SW26 2CY,<£15k,753,Active,Spouse
CUST03125,25,Male,Manchester,G23 9DY,£25–40k,754,Active,Spouse
CUST03126,26,Female,Edinburgh,CF98 6XF,£15–25k,551,Active,Spouse
CUST03127,38,Female,Birmingham,CF24 4ZA,£25–40k,689,Active,Spouse
CUST03128,64,Female,Liverpool,B99 5QA,£25–40k,641,Active,Spouse
CUST03129,79,Female,Cardiff,CF8 7EF,£15–25k,711,Active,Spouse
CUST03130,43,Female,London,EH20 3HT,>£60k,693,Active,Spouse
CUST03131,27,Female,Liverpool,BT36 8HO,£40–60k,680,Active,Spouse
CUST03132,48,Female,Birmingham,M92 4FU,<£15k,756,Active,Spouse
CUST03133,39,Female,Belfast,SW9 7EA,£25–40k,710,Active,Spouse
CUST03134,56,Male,Glasgow,EH68 8VY,£15–25k,676,Active,Spouse
CUST03135,60,Female,Bristol,CF70 7QO,>£60k,732,Active,Spouse
CUST03136,57,Male,Cardiff,L78 7YI,£15–25k,596,Active,Spouse
CUST03137,40,Female,Cardiff,BS22 9PE,£15–25k,663,Active,Spouse
CUST03138,18,Male,London,LS10 6JD,>£60k,806,Active,Spouse
CUST03139,58,Male,Belfast,BS49 7JL,<£15k,612,Active,Spouse
CUST03140,65,Male,London,L63 4YA,<£15k,697,Active,Spouse
CUST03141,51,Female,Leeds,BS82 3OS,£25–40k,664,Active,Spouse
CUST03142,59,Female,Birmingham,G51 4EA,£40–60k,695,Active,Spouse
CUST03143,52,Male,Leeds,EH33 8MO,>£60k,766,Active,Spouse
CUST03144,54,Male,Edinburgh,L27 8EN,<£15k,677,Active,Spouse
CUST03145,43,Female,London,LS19 2JL,>£60k,600,Active,Spouse
CUST03146,57,Female,London,L60 7UN,£25–40k,533,Active,Spouse
CUST03147,41,Male,Manchester,BT38 6QR,<£15k,700,Active,Spouse
CUST03148,49,Male,Edinburgh,SW62 2LK,>£60k,664,Active,Spouse
CUST03149,43,Female,Leeds,G65 3AD,<£15k,710,Active,Spouse
CUST03150,47,Female,Birmingham,CF35 1AQ,£25–40k,707,Active,Spouse
CUST03151,39,Male,Leeds,CF48 1OM,£40–60k,713,Active,Spouse
CUST03152,64,Female,Liverpool,BT59 6TK,>£60k,695,Active,Spouse
CUST03153,48,Male,Glasgow,L7 9SD,<£15k,694,Active,Spouse
CUST03154,63,Male,Edinburgh,EH56 9BV,£40–60k,684,Active,Spouse
CUST03155,32,Female,Cardiff,BT65 2EM,<£15k,740,Active,Spouse
CUST03156,40,Female,Liverpool,EH94 5EE,£25–40k,737,Active,Spouse
CUST03157,38,Male,Leeds,M79 7IM,£15–25k,636,Active,Spouse
CUST03158,44,Female,Leeds,SW6 5AE,£25–40k,617,Active,Spouse
CUST03159,49,Female,Leeds,BS73 4NZ,£40–60k,748,Active,Spouse
CUST03160,73,Male,Birmingham,BS71 5GA,>£60k,670,Active,Spouse
CUST03161,34,Female,Manchester,B5 5XP,<£15k,747,Active,Spouse
CUST03162,55,Female,Manchester,LS60 3VP,<£15k,746,Active,Spouse
CUST03163,73,Male,Manchester,M86 8ZK,£25–40k,700,Active,Spouse
CUST03164,77,Male,Belfast,L61 5SR,<£15k,679,Active,Spouse
CUST03165,35,Male,Cardiff,L81 6QE,£15–25k,656,Active,Spouse
CUST03166,33,Female,Belfast,CF88 5ZT,£40–60k,816,Active,Spouse
CUST03167,62,Female,Leeds,LS3 7PI,>£60k,810,Active,Spouse
CUST03168,18,Male,Liverpool,CF39 8XM,<£15k,626,Active,Spouse
CUST03169,40,Male,London,BT39 5DE,>£60k,673,Active,Spouse
CUST03170,48,Male,Cardiff,LS29 4OE,£25–40k,702,Active,Spouse
CUST03171,30,Male,Manchester,CF65 6NX,>£60k,667,Active,Spouse
CUST03172,41,Male,Bristol,BS73 6JC,£15–25k,632,Active,Spouse
CUST03173,43,Male,Leeds,B80 8VC,£15–25k,635,Active,Spouse
CUST03174,42,Female,Liverpool,SW56 7NE,£15–25k,648,Active,Spouse
CUST03175,58,Male,Bristol,EH4 6LD,£25–40k,724,Active,Spouse
CUST03176,50,Female,Glasgow,LS63 8MS,£25–40k,741,Active,Spouse
CUST03177,51,Male,Leeds,BS56 4JH,<£15k,754,Active,Spouse
CUST03178,47,Male,Belfast,B44 3TK,<£15k,740,Active,Spouse
CUST03179,50,Female,Belfast,BS11 2CC,£25–40k,720,Active,Spouse
CUST03180,23,Male,London,B70 7PC,£40–60k,641,Active,Spouse
CUST03181,48,Female,Birmingham,SW1 8FB,£25–40k,656,Active,Spouse
CUST03182,43,Male,Birmingham,G47 6VS,£40–60k,669,Active,Spouse
CUST03183,37,Male,Manchester,SW22 5KD,£25–40k,701,Active,Spouse
CUST03184,40,Female,London,BT11 1TA,£40–60k,780,Active,Spouse
CUST03185,24,Female,Leeds,B51 8DI,£25–40k,732,Active,Spouse
CUST03186,56,Female,Belfast,G79 9CT,<£15k,785,Active,Spouse
CUST03187,45,Female,Glasgow,B9 8TI,<£15k,737,Active,Spouse
CUST03188,64,Female,Birmingham,CF13 8TH,<£15k,664,Active,Spouse
CUST03189,32,Other,Glasgow,SW51 6VF,>£60k,705,Active,Spouse
CUST03190,41,Female,Edinburgh,EH46 9JJ,£25–40k,738,Active,Spouse
CUST03191,25,Male,Bristol,BS31 5VK,£25–40k,775,Active,Spouse
CUST03192,48,Male,Leeds,LS60 3WE,£25–40k,684,Active,Spouse
CUST03193,44,Female,London,M8 2ED,>£60k,758,Active,Spouse
CUST03194,52,Male,Edinburgh,B20 2JY,£15–25k,698,Active,Spouse
CUST03195,41,Female,Liverpool,L75 4WP,£40–60k,690,Active,Spouse
CUST03196,54,Female,Bristol,BS16 9XS,£15–25k,683,Active,Spouse
CUST03197,52,Female,Glasgow,LS61 1LF,>£60k,556,Active,Spouse
CUST03198,32,Male,Bristol,LS45 2BB,£25–40k,658,Active,Spouse
CUST03199,44,Male,Glasgow,BS24 8OV,£25–40k,687,Active,Spouse
CUST03200,35,Female,Bristol,L58 3KX,£40–60k,635,Active,Spouse
CUST03201,33,Female,Bristol,L97 3AZ,£25–40k,791,Active,Spouse
CUST03202,35,Female,Birmingham,G54 2PK,>£60k,578,Active,Spouse
CUST03203,45,Male,Birmingham,SW18 4QT,£25–40k,661,Active,Spouse
CUST03204,40,Female,Edinburgh,G26 3NB,£25–40k,750,Active,Spouse
CUST03205,41,Male,London,L92 6ZT,<£15k,679,Active,Spouse
CUST03206,18,Female,Liverpool,L1 2PY,£25–40k,664,Active,Spouse
CUST03207,40,Female,Cardiff,LS28 3KV,£15–25k,720,Active,Spouse
CUST03208,19,Female,Cardiff,G68 7QS,£25–40k,627,Active,Spouse
CUST03209,50,Male,Belfast,BT26 7YX,£25–40k,701,Active,Spouse
CUST03210,36,Female,London,EH93 9JR,£15–25k,725,Active,Spouse
CUST03211,39,Male,Edinburgh,SW37 6AN,£25–40k,749,Active,Spouse
CUST03212,36,Male,Belfast,M61 7OT,£15–25k,648,Active,Spouse
CUST03213,81,Female,Belfast,LS41 4OI,£40–60k,736,Active,Spouse
CUST03214,33,Female,Glasgow,SW30 5MI,>£60k,677,Active,Spouse
CUST03215,36,Female,London,CF30 1HO,£25–40k,609,Active,Spouse
CUST03216,40,Female,Leeds,BS1 7BC,<£15k,706,Active,Spouse
CUST03217,64,Male,Glasgow,CF70 7AQ,<£15k,692,Active,Spouse
CUST03218,38,Male,Glasgow,BT85 1PS,>£60k,785,Active,Spouse
CUST03219,62,Male,Leeds,CF85 9JY,£15–25k,706,Active,Spouse
CUST03220,45,Male,Manchester,LS50 9XK,£15–25k,720,Active,Spouse
CUST03221,36,Male,Birmingham,CF84 4AV,£25–40k,698,Active,Spouse
CUST03222,35,Female,Bristol,M43 4PA,<£15k,772,Active,Spouse
CUST03223,32,Female,Manchester,B96 5FV,>£60k,710,Active,Spouse
CUST03224,48,Male,Glasgow,G54 3NG,£40–60k,777,Active,Spouse
CUST03225,37,Male,Birmingham,L13 5JR,£15–25k,660,Active,Spouse
CUST03226,53,Female,Cardiff,M10 3DA,£25–40k,725,Active,Spouse
CUST03227,72,Male,Leeds,M99 5FD,£40–60k,707,Active,Spouse
CUST03228,62,Female,Edinburgh,L16 9YY,>£60k,763,Active,Spouse
CUST03229,34,Female,Cardiff,EH66 2PV,£25–40k,616,Active,Spouse
CUST03230,40,Male,Belfast,G11 6ZC,>£60k,747,Active,Spouse
CUST03231,64,Male,Liverpool,B50 4RI,£15–25k,525,Active,Spouse
CUST03232,32,Female,London,BT99 2CF,£40–60k,720,Active,Spouse
CUST03233,53,Female,Birmingham,L21 9WR,<£15k,642,Active,Spouse
CUST03234,35,Female,Leeds,EH97 6AK,£25–40k,605,Active,Spouse
CUST03235,68,Female,Bristol,BS14 9YZ,£25–40k,711,Active,Spouse
CUST03236,35,Female,Bristol,LS22 4TU,£25–40k,766,Active,Spouse
CUST03237,47,Male,Edinburgh,BT96 2XH,£25–40k,777,Active,Spouse
CUST03238,66,Male,Edinburgh,CF99 8MK,£40–60k,643,Active,Spouse
CUST03239,62,Male,Liverpool,LS6 1OG,>£60k,768,Active,Spouse
CUST03240,51,Male,London,BT46 1VL,£25–40k,730,Active,Spouse
CUST03241,46,Male,Liverpool,BS96 1KO,£25–40k,633,Active,Spouse
CUST03242,27,Female,Manchester,B13 9RY,>£60k,796,Active,Spouse
CUST03243,47,Male,Manchester,BT18 8PR,<£15k,685,Active,Spouse
CUST03244,53,Male,Cardiff,L16 1ZU,>£60k,659,Active,Spouse
CUST03245,38,Female,Liverpool,LS40 9NJ,<£15k,701,Active,Spouse
CUST03246,36,Male,London,M8 5VE,£40–60k,728,Active,Spouse
CUST03247,43,Female,Glasgow,BS20 5KN,<£15k,727,Active,Spouse
CUST03248,53,Male,Manchester,CF47 2PJ,£15–25k,764,Active,Spouse
CUST03249,40,Male,Glasgow,BS3 1JK,£25–40k,641,Active,Spouse
CUST03250,79,Female,Birmingham,M18 9TT,£25–40k,777,Active,Spouse
CUST03251,20,Male,Manchester,L15 2IY,<£15k,850,Active,Spouse
CUST03252,36,Female,Liverpool,L16 3SG,£15–25k,692,Active,Spouse
CUST03253,28,Female,Belfast,M30 1IJ,>£60k,706,Active,Spouse
CUST03254,36,Female,Cardiff,CF11 9SW,<£15k,635,Active,Spouse
CUST03255,25,Female,Cardiff,G71 5DM,>£60k,655,Active,Spouse
CUST03256,54,Female,London,G54 2VK,>£60k,850,Active,Spouse
CUST03257,52,Female,Glasgow,SW18 2DS,<£15k,644,Active,Spouse
CUST03258,39,Female,London,M62 1PZ,£25–40k,754,Active,Spouse
CUST03259,40,Male,Liverpool,BS70 2IF,£25–40k,779,Active,Spouse
CUST03260,77,Male,Belfast,CF32 2KF,>£60k,590,Active,Spouse
CUST03261,33,Female,Birmingham,BT90 2UZ,£25–40k,662,Active,Spouse
CUST03262,67,Female,London,EH28 3FX,£25–40k,680,Active,Spouse
CUST03263,59,Male,Cardiff,LS53 1VQ,£25–40k,710,Active,Spouse
CUST03264,41,Male,Glasgow,BT94 4PR,>£60k,736,Active,Spouse
CUST03265,67,Female,Leeds,SW56 4TV,£40–60k,521,Active,Spouse
CUST03266,62,Female,Bristol,LS68 5LE,>£60k,696,Active,Spouse
CUST03267,48,Male,Bristol,BT53 5IH,£40–60k,759,Active,Spouse
CUST03268,49,Male,Belfast,M91 7IU,>£60k,800,Active,Spouse
CUST03269,18,Female,Belfast,EH1 2MS,£40–60k,658,Active,Spouse
CUST03270,52,Male,Leeds,G89 3SF,<£15k,673,Active,Spouse
CUST03271,68,Female,Belfast,M86 4EW,£40–60k,662,Active,Spouse
CUST03272,46,Male,London,LS32 1XC,£40–60k,654,Active,Spouse
CUST03273,43,Female,Bristol,B28 5DS,£15–25k,598,Active,Spouse
CUST03274,25,Male,London,LS92 2WA,£15–25k,826,Active,Spouse
CUST03275,45,Male,Bristol,M44 4OE,<£15k,678,Active,Spouse
CUST03276,28,Male,Birmingham,M48 6NM,<£15k,642,Active,Spouse
CUST03277,74,Female,Cardiff,G57 4UE,£40–60k,704,Active,Spouse
CUST03278,61,Female,Leeds,BS46 4VV,£25–40k,532,Active,Spouse
CUST03279,36,Male,Leeds,EH63 5NB,£40–60k,805,Active,Spouse
CUST03280,37,Male,Glasgow,SW56 8FB,£15–25k,639,Active,Spouse
CUST03281,51,Female,London,EH68 5GN,£40–60k,612,Active,Spouse
CUST03282,20,Female,Manchester,G19 5IF,£40–60k,792,Active,Spouse
CUST03283,33,Male,Bristol,SW61 9CS,>£60k,737,Active,Spouse
CUST03284,75,Female,Edinburgh,L39 4OG,£40–60k,702,Active,Spouse
CUST03285,53,Male,Glasgow,EH50 5FP,£40–60k,599,Active,Spouse
CUST03286,32,Male,Leeds,EH18 1YH,£25–40k,804,Active,Spouse
CUST03287,39,Male,Edinburgh,BS29 9QU,£40–60k,621,Active,Spouse
CUST03288,52,Male,Birmingham,M35 6QI,>£60k,781,Active,Spouse
CUST03289,37,Female,Manchester,G85 9ZJ,£25–40k,731,Active,Spouse
CUST03290,59,Male,Bristol,SW9 2HJ,<£15k,688,Active,Spouse
CUST03291,39,Male,Glasgow,LS97 9TS,£40–60k,817,Active,Spouse
CUST03292,26,Male,Cardiff,B81 8QA,£25–40k,708,Active,Spouse
CUST03293,43,Male,Birmingham,SW42 9NS,£15–25k,693,Active,Spouse
CUST03294,58,Male,Liverpool,SW62 4FD,£25–40k,736,Active,Spouse
CUST03295,49,Female,Glasgow,BS33 5SG,£25–40k,600,Active,Spouse
CUST03296,31,Female,Bristol,BT73 6DM,£15–25k,684,Active,Spouse
CUST03297,46,Female,Edinburgh,BT26 4KB,>£60k,803,Active,Spouse
CUST03298,46,Female,Liverpool,L61 4RK,£15–25k,749,Active,Spouse
CUST03299,43,Male,Edinburgh,LS56 9AW,£25–40k,743,Active,Spouse
CUST03300,45,Female,Manchester,M73 3HN,£15–25k,635,Active,Spouse
CUST03301,53,Male,London,LS60 7RX,£40–60k,728,Active,Spouse
CUST03302,23,Male,Manchester,M88 9OW,£15–25k,695,Active,Spouse
CUST03303,43,Male,Birmingham,LS95 4GL,£15–25k,663,Active,Spouse
CUST03304,27,Female,Manchester,SW33 1SN,£15–25k,713,Active,Spouse
CUST03305,69,Female,Manchester,G83 8GC,£40–60k,740,Active,Spouse
CUST03306,21,Female,Liverpool,LS79 2CZ,£40–60k,790,Active,Spouse
CUST03307,64,Male,Glasgow,BT69 4BP,£15–25k,666,Active,Spouse
CUST03308,70,Other,Glasgow,CF22 1PG,£25–40k,610,Active,Spouse
CUST03309,37,Male,Bristol,L13 2QS,£25–40k,673,Active,Spouse
CUST03310,23,Female,Leeds,BT36 1NW,£40–60k,712,Active,Spouse
CUST03311,32,Other,Liverpool,L97 8RW,£15–25k,624,Active,Spouse
CUST03312,40,Female,Birmingham,SW95 2US,£40–60k,794,Active,Spouse
CUST03313,58,Female,London,G25 3FH,£25–40k,725,Active,Spouse
CUST03314,36,Female,London,B26 4GE,£40–60k,615,Active,Spouse
CUST03315,28,Female,Glasgow,EH8 8HT,£40–60k,749,Active,Spouse
CUST03316,32,Male,Birmingham,SW16 4LU,£15–25k,707,Active,Spouse
CUST03317,51,Female,Glasgow,BS20 2FP,£15–25k,603,Active,Spouse
CUST03318,44,Female,Bristol,SW22 6BR,£40–60k,720,Active,Spouse
CUST03319,73,Male,Birmingham,BS14 2YF,£40–60k,706,Active,Spouse
CUST03320,56,Male,Leeds,M20 7DN,£40–60k,668,Active,Spouse
CUST03321,60,Male,Leeds,B35 9WR,£15–25k,621,Active,Spouse
CUST03322,52,Male,Cardiff,BT75 6OF,>£60k,709,Active,Spouse
CUST03323,63,Male,Belfast,CF85 4ON,£25–40k,726,Active,Spouse
CUST03324,41,Female,Birmingham,BT57 5KI,<£15k,761,Active,Spouse
CUST03325,51,Female,Belfast,LS94 1GM,£25–40k,639,Active,Spouse
CUST03326,42,Male,Glasgow,BS99 9OC,£25–40k,632,Active,Spouse
CUST03327,50,Male,Belfast,M89 3BH,>£60k,727,Active,Spouse
CUST03328,70,Male,Cardiff,M72 8MU,£40–60k,688,Active,Spouse
CUST03329,39,Male,Belfast,B7 9FR,<£15k,608,Active,Spouse
CUST03330,42,Male,Leeds,B31 1QT,£40–60k,681,Active,Spouse
CUST03331,46,Male,Cardiff,M31 9RC,>£60k,679,Active,Spouse
CUST03332,40,Female,Liverpool,CF69 2II,£25–40k,704,Active,Spouse
CUST03333,43,Male,Liverpool,CF18 3BN,£15–25k,679,Active,Spouse
CUST03334,39,Male,Edinburgh,LS18 4WU,<£15k,821,Active,Spouse
CUST03335,39,Female,Manchester,CF19 8CN,<£15k,685,Active,Spouse
CUST03336,19,Male,Cardiff,M95 6OF,£25–40k,762,Active,Spouse
CUST03337,18,Female,Glasgow,L4 1YA,£25–40k,641,Active,Spouse
CUST03338,53,Female,London,SW93 1CK,<£15k,591,Active,Spouse
CUST03339,34,Male,Birmingham,BT11 2WG,£25–40k,696,Active,Spouse
CUST03340,42,Female,Edinburgh,M57 9UL,<£15k,656,Active,Spouse
CUST03341,56,Female,London,BT4 3LK,<£15k,750,Active,Spouse
CUST03342,53,Female,Bristol,M65 5YJ,>£60k,670,Active,Spouse
CUST03343,47,Female,Glasgow,B11 9ET,<£15k,663,Active,Spouse
CUST03344,81,Male,Belfast,CF62 5PQ,£15–25k,718,Active,Spouse
CUST03345,37,Female,Manchester,B23 5QT,£15–25k,830,Active,Spouse
CUST03346,39,Male,London,L49 8BQ,£15–25k,715,Active,Spouse
CUST03347,56,Female,Bristol,EH4 1TB,>£60k,665,Active,Spouse
CUST03348,35,Female,London,G32 7LU,>£60k,799,Active,Spouse
CUST03349,59,Female,Liverpool,M47 9IQ,<£15k,747,Active,Spouse
CUST03350,56,Female,Birmingham,BS49 2HN,£15–25k,727,Active,Spouse
CUST03351,75,Male,Birmingham,G66 4KL,£25–40k,702,Active,Spouse
CUST03352,32,Male,London,L40 3ZS,£25–40k,627,Active,Spouse
CUST03353,38,Male,Bristol,SW71 1UP,<£15k,520,Active,Spouse
CUST03354,65,Male,London,BS27 4NT,<£15k,723,Active,Spouse
CUST03355,32,Female,Belfast,CF59 6ZA,£40–60k,763,Active,Spouse
CUST03356,26,Female,Belfast,CF24 3CB,<£15k,640,Active,Spouse
CUST03357,46,Male,Glasgow,SW16 7IQ,£40–60k,792,Active,Spouse
CUST03358,50,Male,Manchester,CF68 1IU,£25–40k,537,Active,Spouse
CUST03359,30,Male,Glasgow,B71 8PH,£15–25k,651,Active,Spouse
CUST03360,48,Female,Cardiff,LS49 4QU,£25–40k,615,Active,Spouse
CUST03361,25,Male,Manchester,BS35 4EV,£25–40k,682,Active,Spouse
CUST03362,54,Male,Manchester,B90 7TV,<£15k,743,Active,Spouse
CUST03363,46,Female,Glasgow,B67 5NJ,<£15k,753,Active,Spouse
CUST03364,83,Female,Birmingham,SW32 7YW,<£15k,802,Active,Spouse
CUST03365,37,Female,Birmingham,L93 9NG,>£60k,612,Active,Spouse
CUST03366,38,Female,Manchester,G33 2OB,>£60k,643,Active,Spouse
CUST03367,51,Female,Bristol,G81 7FL,£25–40k,629,Active,Spouse
CUST03368,43,Male,Liverpool,G6 3MZ,£25–40k,643,Active,Spouse
CUST03369,40,Other,Leeds,L44 9VF,£25–40k,697,Active,Spouse
CUST03370,54,Male,Glasgow,LS94 1VC,<£15k,697,Active,Spouse
CUST03371,35,Female,Edinburgh,BS40 7ZI,£15–25k,747,Active,Spouse
CUST03372,45,Male,Glasgow,CF74 9QA,£40–60k,668,Active,Spouse
CUST03373,54,Female,Leeds,M48 4RW,<£15k,712,Active,Spouse
CUST03374,53,Female,Cardiff,CF23 5KX,£40–60k,769,Active,Spouse
CUST03375,28,Female,Birmingham,EH79 1VW,£15–25k,846,Active,Spouse
CUST03376,51,Male,Liverpool,SW38 1JH,<£15k,629,Active,Spouse
CUST03377,64,Male,Leeds,LS27 6GQ,£25–40k,657,Active,Spouse
CUST03378,71,Male,Glasgow,BT41 2MX,>£60k,635,Active,Spouse
CUST03379,43,Female,Leeds,B14 2DW,£40–60k,748,Active,Spouse
CUST03380,54,Female,Belfast,EH68 8XZ,>£60k,719,Active,Spouse
CUST03381,60,Female,Manchester,CF7 4HS,£40–60k,672,Active,Spouse
CUST03382,61,Female,Manchester,LS64 4EM,£15–25k,660,Active,Spouse
CUST03383,24,Female,Liverpool,LS6 7BX,£25–40k,795,Active,Spouse
CUST03384,36,Female,Manchester,M97 9PY,<£15k,620,Active,Spouse
CUST03385,55,Female,Liverpool,BS13 8QN,<£15k,709,Active,Spouse
CUST03386,50,Male,Cardiff,CF2 1FG,£15–25k,679,Active,Spouse
CUST03387,52,Female,London,SW76 2KY,£40–60k,788,Active,Spouse
CUST03388,49,Female,Bristol,M71 3TQ,<£15k,609,Active,Spouse
CUST03389,44,Male,London,LS89 7KP,>£60k,726,Active,Spouse
CUST03390,70,Female,Edinburgh,G94 5TD,£40–60k,743,Active,Spouse
CUST03391,32,Female,Bristol,SW80 4ML,£15–25k,696,Active,Spouse
CUST03392,56,Male,Belfast,L18 1CJ,£25–40k,731,Active,Spouse
CUST03393,53,Male,Belfast,M16 9UY,£25–40k,621,Active,Spouse
CUST03394,54,Male,Belfast,G14 9JH,£40–60k,713,Active,Spouse
CUST03395,55,Male,Leeds,BS68 8KA,£15–25k,709,Active,Spouse
CUST03396,42,Male,Belfast,B97 7GF,£25–40k,766,Active,Spouse
CUST03397,51,Female,Birmingham,LS78 9EC,£25–40k,629,Active,Spouse
CUST03398,46,Female,Leeds,EH36 6KN,£40–60k,680,Active,Spouse
CUST03399,38,Female,Manchester,M33 1WX,£15–25k,730,Active,Spouse
CUST03400,47,Male,Glasgow,B67 9NX,£15–25k,728,Active,Spouse
CUST03401,59,Male,London,L81 1YZ,£40–60k,695,Active,Spouse
CUST03402,58,Female,Liverpool,LS64 7NN,£25–40k,663,Active,Spouse
CUST03403,62,Female,London,CF89 2DX,£40–60k,668,Active,Spouse
CUST03404,29,Female,Birmingham,BS3 1GB,<£15k,722,Active,Spouse
CUST03405,44,Female,Cardiff,LS47 7MT,£15–25k,704,Active,Spouse
CUST03406,27,Female,Manchester,SW50 3VO,£25–40k,633,Active,Spouse
CUST03407,39,Female,Manchester,L96 4DF,£40–60k,742,Active,Spouse
CUST03408,40,Male,Leeds,G44 6BN,£15–25k,634,Active,Spouse
CUST03409,62,Male,Cardiff,CF24 7SD,£40–60k,632,Active,Spouse
CUST03410,46,Female,Edinburgh,EH55 9UE,<£15k,742,Active,Spouse
CUST03411,38,Female,Belfast,LS68 5JX,>£60k,742,Active,Spouse
CUST03412,68,Male,London,M31 5RA,<£15k,739,Active,Spouse
CUST03413,43,Female,Cardiff,EH25 6JH,£25–40k,704,Active,Spouse
CUST03414,18,Male,Edinburgh,CF95 9EN,£15–25k,667,Active,Spouse
CUST03415,18,Female,London,LS30 6TX,£15–25k,647,Active,Spouse
CUST03416,45,Male,Manchester,SW14 6OW,£25–40k,718,Active,Spouse
CUST03417,52,Male,London,BT7 9LS,£40–60k,815,Active,Spouse
CUST03418,23,Female,Belfast,M38 5SF,£25–40k,645,Active,Spouse
CUST03419,48,Female,London,EH33 3MY,£40–60k,747,Active,Spouse
CUST03420,35,Female,Belfast,BT80 7YT,<£15k,710,Active,Spouse
CUST03421,49,Female,Belfast,BS85 5RU,<£15k,800,Active,Spouse
CUST03422,25,Female,Belfast,BT96 8CQ,£40–60k,728,Active,Spouse
CUST03423,57,Female,Glasgow,B69 6SM,<£15k,735,Active,Spouse
CUST03424,64,Female,Belfast,LS19 6SD,<£15k,634,Active,Spouse
CUST03425,18,Male,Glasgow,SW99 9JS,£40–60k,773,Active,Spouse
CUST03426,39,Male,Belfast,LS23 4DF,>£60k,695,Active,Spouse
CUST03427,45,Male,Leeds,G19 7MS,>£60k,707,Active,Spouse
CUST03428,59,Female,Cardiff,SW53 1RP,£15–25k,726,Active,Spouse
CUST03429,24,Male,Birmingham,BS82 2OY,£40–60k,694,Active,Spouse
CUST03430,49,Male,Bristol,SW83 8FX,<£15k,732,Active,Spouse
CUST03431,42,Male,Leeds,G72 4QT,£25–40k,666,Active,Spouse
CUST03432,60,Female,Leeds,L86 6UH,<£15k,676,Active,Spouse
CUST03433,54,Female,Cardiff,B85 9YA,£25–40k,755,Active,Spouse
CUST03434,48,Female,Glasgow,SW45 7VD,<£15k,660,Active,Spouse
CUST03435,51,Male,Birmingham,BT79 7KA,£40–60k,684,Active,Spouse
CUST03436,80,Male,Cardiff,B52 6RV,£15–25k,751,Active,Spouse
CUST03437,57,Female,Birmingham,BS85 5CZ,£15–25k,770,Active,Spouse
CUST03438,18,Male,Cardiff,BS74 7LN,<£15k,694,Active,Spouse
CUST03439,61,Female,Manchester,LS2 9PZ,>£60k,666,Active,Spouse
CUST03440,22,Female,Bristol,M87 3YG,£15–25k,708,Active,Spouse
CUST03441,31,Female,Cardiff,L74 6YD,£15–25k,653,Active,Spouse
CUST03442,42,Female,Glasgow,LS35 7RE,£25–40k,628,Active,Spouse
CUST03443,41,Male,Leeds,BT99 5QI,£25–40k,716,Active,Spouse
CUST03444,75,Female,London,SW22 8YH,£40–60k,671,Active,Spouse
CUST03445,42,Male,London,SW86 9NT,£25–40k,736,Active,Spouse
CUST03446,40,Male,Bristol,BS9 1DY,£15–25k,663,Active,Spouse
CUST03447,61,Female,Bristol,CF26 2CV,£40–60k,796,Active,Spouse
CUST03448,39,Male,Leeds,BT43 1BC,£40–60k,661,Active,Spouse
CUST03449,33,Male,Bristol,CF8 5CJ,>£60k,738,Active,Spouse
CUST03450,64,Male,Belfast,M95 6BO,£15–25k,724,Active,Spouse
CUST03451,55,Female,Bristol,B81 9GS,£25–40k,762,Active,Spouse
CUST03452,69,Male,Edinburgh,BS81 3BX,£15–25k,726,Active,Spouse
CUST03453,39,Female,Liverpool,LS82 5IA,£40–60k,745,Active,Spouse
CUST03454,62,Female,Edinburgh,EH57 5MF,£40–60k,685,Active,Spouse
CUST03455,18,Female,London,EH18 7YN,>£60k,675,Active,Spouse
CUST03456,27,Female,Birmingham,BT18 6AR,£40–60k,554,Active,Spouse
CUST03457,39,Female,Manchester,EH93 8MB,<£15k,695,Active,Spouse
CUST03458,52,Male,Birmingham,BT90 2YY,£25–40k,740,Active,Spouse
CUST03459,40,Male,Glasgow,SW51 9VR,>£60k,734,Active,Spouse
CUST03460,52,Male,Glasgow,M25 4GO,<£15k,728,Active,Spouse
CUST03461,34,Female,Leeds,M17 6LW,£15–25k,746,Active,Spouse
CUST03462,48,Male,Birmingham,LS45 7DO,£15–25k,697,Active,Spouse
CUST03463,35,Male,Cardiff,M60 1GF,£15–25k,680,Active,Spouse
CUST03464,58,Female,Manchester,M78 3AM,<£15k,734,Active,Spouse
CUST03465,36,Female,Manchester,LS97 7HQ,£40–60k,708,Active,Spouse
CUST03466,52,Female,Liverpool,B60 8RS,£40–60k,670,Active,Spouse
CUST03467,56,Female,Liverpool,BS16 4GO,£15–25k,598,Active,Spouse
CUST03468,56,Female,Manchester,CF38 5IS,<£15k,740,Active,Spouse
CUST03469,49,Male,London,B75 6BE,£40–60k,688,Active,Spouse
CUST03470,32,Male,Bristol,G66 1DN,£25–40k,703,Active,Spouse
CUST03471,51,Female,Glasgow,G7 4OG,£25–40k,746,Active,Spouse
CUST03472,34,Male,Glasgow,M51 8RD,<£15k,678,Active,Spouse
CUST03473,40,Male,Birmingham,EH95 8VQ,<£15k,615,Active,Spouse
CUST03474,63,Male,Birmingham,B10 1FU,>£60k,832,Active,Spouse
CUST03475,65,Male,Manchester,EH76 9FD,<£15k,653,Active,Spouse
CUST03476,71,Male,Leeds,G67 7FS,£15–25k,690,Active,Spouse
CUST03477,56,Female,Cardiff,L95 8ZX,£15–25k,741,Active,Spouse
CUST03478,18,Male,Belfast,EH30 7HR,£40–60k,706,Active,Spouse
CUST03479,32,Male,Leeds,M66 3RV,£40–60k,588,Active,Spouse
CUST03480,48,Male,Liverpool,BS4 6HS,£40–60k,736,Active,Spouse
CUST03481,36,Male,Edinburgh,SW64 9XU,<£15k,710,Active,Spouse
CUST03482,64,Male,Bristol,BS88 2OP,£15–25k,689,Active,Spouse
CUST03483,26,Male,London,BS64 4MQ,<£15k,751,Active,Spouse
CUST03484,40,Female,Birmingham,SW47 1MR,<£15k,663,Active,Spouse
CUST03485,41,Female,Birmingham,M85 3FH,£25–40k,683,Active,Spouse
CUST03486,20,Male,Liverpool,L87 3CM,<£15k,719,Active,Spouse
CUST03487,49,Female,Liverpool,SW43 9OD,£25–40k,687,Active,Spouse
CUST03488,48,Male,Glasgow,BS73 3XC,>£60k,740,Active,Spouse
CUST03489,49,Male,Cardiff,B10 3KS,£15–25k,661,Active,Spouse
CUST03490,32,Male,Bristol,EH97 1RS,£15–25k,817,Active,Spouse
CUST03491,49,Female,Cardiff,G31 7TT,£25–40k,693,Active,Spouse
CUST03492,53,Male,Cardiff,G70 1FE,£15–25k,668,Active,Spouse
CUST03493,58,Male,London,L5 4VR,<£15k,681,Active,Spouse
CUST03494,18,Female,Bristol,BT92 5QJ,£25–40k,697,Active,Spouse
CUST03495,30,Male,Birmingham,G78 6XT,£40–60k,690,Active,Spouse
CUST03496,40,Male,Cardiff,CF81 2UC,<£15k,725,Active,Spouse
CUST03497,67,Male,Glasgow,L58 9QO,£40–60k,746,Active,Spouse
CUST03498,49,Male,London,EH12 6FH,<£15k,709,Active,Spouse
CUST03499,50,Male,Cardiff,BS58 7PG,£15–25k,782,Active,Spouse
CUST03500,53,Male,Cardiff,B4 8IM,<£15k,593,Active,Spouse
CUST03501,31,Male,Manchester,BT9 8PT,<£15k,763,Active,Spouse
CUST03502,49,Female,Cardiff,EH50 9ET,£25–40k,781,Active,Spouse
CUST03503,55,Male,Belfast,BS65 8WE,£15–25k,707,Active,Spouse
CUST03504,46,Female,Birmingham,L67 4PX,£40–60k,667,Active,Spouse
CUST03505,42,Male,London,CF41 9AM,£40–60k,630,Active,Spouse
CUST03506,33,Female,Birmingham,LS48 1WI,£25–40k,641,Active,Spouse
CUST03507,44,Male,London,L97 7MX,>£60k,673,Active,Spouse
CUST03508,22,Female,Belfast,L88 8SB,<£15k,733,Active,Spouse
CUST03509,39,Male,London,M22 5RF,<£15k,750,Active,Spouse
CUST03510,52,Male,Liverpool,L35 5FQ,>£60k,826,Active,Spouse
CUST03511,45,Male,Bristol,EH76 7GE,<£15k,668,Active,Spouse
CUST03512,33,Female,Liverpool,BT38 3UH,£15–25k,739,Active,Spouse
CUST03513,56,Male,Birmingham,CF95 5ZM,£25–40k,701,Active,Spouse
CUST03514,49,Male,Leeds,LS70 2KM,£15–25k,765,Active,Spouse
CUST03515,55,Male,Birmingham,G11 6FR,<£15k,719,Active,Spouse
CUST03516,28,Male,Liverpool,EH23 6MF,£15–25k,655,Active,Spouse
CUST03517,40,Female,Belfast,B52 4WH,<£15k,684,Active,Spouse
CUST03518,35,Female,Liverpool,CF78 6DH,£40–60k,654,Active,Spouse
CUST03519,41,Female,Cardiff,M72 7LL,£25–40k,710,Active,Spouse
CUST03520,52,Female,London,EH67 5MR,£40–60k,604,Active,Spouse
CUST03521,38,Male,Liverpool,SW79 6YP,>£60k,610,Active,Spouse
CUST03522,45,Male,Glasgow,G29 1GJ,£15–25k,699,Active,Spouse
CUST03523,43,Female,Belfast,M87 9SC,<£15k,686,Active,Spouse
CUST03524,38,Male,Manchester,EH77 8FB,<£15k,694,Active,Spouse
CUST03525,52,Male,Leeds,CF91 6SH,£15–25k,679,Active,Spouse
CUST03526,28,Male,Glasgow,SW12 6GM,£25–40k,716,Active,Spouse
CUST03527,56,Female,Glasgow,M42 5OD,£40–60k,633,Active,Spouse
CUST03528,26,Male,Liverpool,L26 2GX,£40–60k,631,Active,Spouse
CUST03529,43,Female,Birmingham,L80 4NP,<£15k,796,Active,Spouse
CUST03530,66,Female,Cardiff,M31 7OK,£15–25k,716,Active,Spouse
CUST03531,27,Female,London,SW80 5EW,£25–40k,784,Active,Spouse
CUST03532,67,Female,Manchester,G99 2BY,<£15k,652,Active,Spouse
CUST03533,45,Female,Liverpool,B59 7TQ,>£60k,745,Active,Spouse
CUST03534,63,Male,Manchester,BT68 8RB,<£15k,692,Active,Spouse
CUST03535,57,Female,Belfast,B97 8AI,£25–40k,721,Active,Spouse
CUST03536,18,Female,Liverpool,B31 9QR,£15–25k,718,Active,Spouse
CUST03537,48,Female,Liverpool,BS21 3KR,£15–25k,800,Active,Spouse
CUST03538,46,Female,Bristol,BS8 6YS,<£15k,729,Active,Spouse
CUST03539,70,Female,Cardiff,BS97 8RO,>£60k,733,Active,Spouse
CUST03540,37,Female,Glasgow,G22 3PW,£15–25k,698,Active,Spouse
CUST03541,34,Female,Liverpool,CF44 5RU,£15–25k,697,Active,Spouse
CUST03542,43,Male,Liverpool,BT55 6ZK,>£60k,679,Active,Spouse
CUST03543,48,Female,Belfast,G23 9EJ,£40–60k,613,Active,Spouse
CUST03544,73,Male,Belfast,M11 7KA,£25–40k,693,Active,Spouse
CUST03545,45,Female,Birmingham,SW6 1EZ,£40–60k,783,Active,Spouse
CUST03546,53,Male,Glasgow,L82 4SU,£15–25k,678,Active,Spouse
CUST03547,41,Female,Leeds,M31 3UD,£25–40k,762,Active,Spouse
CUST03548,62,Female,Liverpool,L9 4AK,£15–25k,672,Active,Spouse
CUST03549,65,Female,Liverpool,EH5 9GU,<£15k,618,Active,Spouse
CUST03550,67,Female,Bristol,CF95 3VD,£25–40k,722,Active,Spouse
CUST03551,65,Female,Glasgow,G37 9QT,£40–60k,739,Active,Spouse
CUST03552,38,Male,Bristol,BS76 8EP,<£15k,696,Active,Spouse
CUST03553,39,Male,Leeds,BS58 8XJ,£40–60k,661,Active,Spouse
CUST03554,52,Female,Bristol,B96 1EL,>£60k,602,Active,Spouse
CUST03555,43,Male,Cardiff,B48 5GC,<£15k,707,Active,Spouse
CUST03556,21,Male,Cardiff,LS23 9ZD,>£60k,721,Active,Spouse
CUST03557,54,Female,Birmingham,LS9 3GT,>£60k,729,Active,Spouse
CUST03558,52,Male,Birmingham,SW81 5TC,£25–40k,709,Active,Spouse
CUST03559,31,Female,London,BS95 1CQ,>£60k,795,Active,Spouse
CUST03560,18,Male,Leeds,BS34 8FG,>£60k,691,Active,Spouse
CUST03561,38,Female,Cardiff,EH45 1RF,<£15k,707,Active,Spouse
CUST03562,34,Male,Edinburgh,BS67 2VO,£40–60k,766,Active,Spouse
CUST03563,24,Male,Birmingham,B45 8OK,>£60k,668,Active,Spouse
CUST03564,42,Male,Glasgow,L72 5PE,£15–25k,730,Active,Spouse
CUST03565,52,Male,Bristol,B74 1KE,£15–25k,756,Active,Spouse
CUST03566,90,Female,Belfast,M66 8MV,£15–25k,746,Active,Spouse
CUST03567,43,Female,Cardiff,LS94 2MB,>£60k,752,Active,Spouse
CUST03568,43,Male,Cardiff,B92 8DU,£25–40k,613,Active,Spouse
CUST03569,24,Female,Edinburgh,B9 8VG,>£60k,687,Active,Spouse
CUST03570,30,Female,Leeds,EH92 4SU,£40–60k,696,Active,Spouse
CUST03571,57,Female,Belfast,B4 6FF,£25–40k,681,Active,Spouse
CUST03572,18,Female,Birmingham,BT73 4XN,£25–40k,734,Active,Spouse
CUST03573,38,Male,Birmingham,M94 7ZK,<£15k,688,Active,Spouse
CUST03574,79,Female,Belfast,M82 5HR,£15–25k,756,Active,Spouse
CUST03575,62,Male,Cardiff,B31 3KU,>£60k,683,Active,Spouse
CUST03576,74,Male,Liverpool,LS74 9GK,£40–60k,652,Active,Spouse
CUST03577,23,Female,Cardiff,G35 7DP,<£15k,831,Active,Spouse
CUST03578,18,Male,Edinburgh,EH29 3ZM,£40–60k,676,Active,Spouse
CUST03579,53,Female,Glasgow,LS3 6II,£25–40k,683,Active,Spouse
CUST03580,36,Female,Belfast,EH79 2FO,£25–40k,704,Active,Spouse
CUST03581,45,Female,Belfast,BT57 1FS,<£15k,711,Active,Spouse
CUST03582,64,Female,Birmingham,EH9 3BK,£40–60k,738,Active,Spouse
CUST03583,42,Female,Leeds,BT60 9PX,£15–25k,719,Active,Spouse
CUST03584,18,Male,Manchester,LS63 6ES,£25–40k,694,Active,Spouse
CUST03585,50,Female,Cardiff,CF32 3EA,£40–60k,659,Active,Spouse
CUST03586,39,Male,Manchester,B47 7XZ,£25–40k,756,Active,Spouse
CUST03587,30,Female,London,CF25 3BB,£25–40k,758,Active,Spouse
CUST03588,70,Female,Glasgow,CF63 8QQ,£25–40k,679,Active,Spouse
CUST03589,30,Female,Cardiff,BT57 6VG,£25–40k,661,Active,Spouse
CUST03590,68,Female,Liverpool,CF46 3HU,<£15k,639,Active,Spouse
CUST03591,30,Male,Cardiff,BS8 1GA,£15–25k,594,Active,Spouse
CUST03592,39,Male,Glasgow,G31 7UC,£40–60k,713,Active,Spouse
CUST03593,66,Female,Belfast,BT42 2OC,£25–40k,681,Active,Spouse
CUST03594,53,Female,Liverpool,B27 2AY,£25–40k,663,Active,Spouse
CUST03595,28,Male,Birmingham,BT22 6VA,£40–60k,775,Active,Spouse
CUST03596,47,Female,Manchester,G26 8IU,<£15k,738,Active,Spouse
CUST03597,47,Male,Cardiff,LS8 4AS,£25–40k,611,Active,Spouse
CUST03598,59,Female,Bristol,EH11 4VS,£25–40k,659,Active,Spouse
CUST03599,52,Other,Edinburgh,M78 2EM,£25–40k,635,Active,Spouse
CUST03600,29,Female,London,B94 3DG,£40–60k,664,Active,Spouse
CUST03601,32,Male,Birmingham,M88 8NO,>£60k,629,Active,Spouse
CUST03602,77,Male,Birmingham,SW15 2DD,£25–40k,702,Active,Spouse
CUST03603,21,Female,Bristol,BS14 3FB,£25–40k,632,Active,Spouse
CUST03604,33,Male,Manchester,BT93 1OE,£25–40k,672,Active,Spouse
CUST03605,55,Male,Liverpool,CF98 8HG,£15–25k,713,Active,Spouse
CUST03606,45,Male,Belfast,LS5 5SG,£40–60k,615,Active,Spouse
CUST03607,53,Female,Bristol,BS44 4RA,>£60k,612,Active,Spouse
CUST03608,42,Male,Birmingham,EH84 5YQ,<£15k,717,Active,Spouse
CUST03609,49,Male,Manchester,B98 5FD,£25–40k,709,Active,Spouse
CUST03610,47,Female,Manchester,G3 9VM,>£60k,706,Active,Spouse
CUST03611,25,Female,Cardiff,B44 1SV,£15–25k,620,Active,Spouse
CUST03612,57,Male,Liverpool,B20 5ME,£25–40k,750,Active,Spouse
CUST03613,29,Male,London,BT25 6LX,£40–60k,710,Active,Spouse
CUST03614,50,Male,Bristol,M95 1ZG,£25–40k,700,Active,Spouse
CUST03615,59,Male,Belfast,BT45 3YW,£15–25k,674,Active,Spouse
CUST03616,39,Male,Belfast,EH3 2HO,£15–25k,759,Active,Spouse
CUST03617,26,Male,Manchester,B36 4NL,<£15k,747,Active,Spouse
CUST03618,67,Male,Cardiff,L70 6MJ,£25–40k,730,Active,Spouse
CUST03619,44,Female,Birmingham,LS4 5CX,>£60k,627,Active,Spouse
CUST03620,47,Female,Birmingham,SW19 8BN,£25–40k,657,Active,Spouse
CUST03621,40,Male,Manchester,L79 3PH,£40–60k,721,Active,Spouse
CUST03622,32,Female,Cardiff,EH36 1FT,<£15k,634,Active,Spouse
CUST03623,37,Male,Belfast,SW57 2NN,>£60k,545,Active,Spouse
CUST03624,65,Male,Belfast,SW53 4EE,£25–40k,722,Active,Spouse
CUST03625,34,Female,Glasgow,CF84 2KK,>£60k,662,Active,Spouse
CUST03626,62,Female,Glasgow,B88 1HW,£40–60k,620,Active,Spouse
CUST03627,18,Female,Glasgow,SW32 1DA,£25–40k,779,Active,Spouse
CUST03628,32,Female,Belfast,L52 8SY,£15–25k,776,Active,Spouse
CUST03629,57,Female,Edinburgh,L55 5TC,£40–60k,641,Active,Spouse
CUST03630,54,Male,Liverpool,EH76 6LJ,£25–40k,608,Active,Spouse
CUST03631,60,Female,Bristol,B32 5PD,£15–25k,640,Active,Spouse
CUST03632,60,Female,Birmingham,G60 7AD,£40–60k,623,Active,Spouse
CUST03633,30,Male,London,CF8 2ZZ,£15–25k,795,Active,Spouse
CUST03634,52,Male,Cardiff,M5 4AZ,>£60k,648,Active,Spouse
CUST03635,48,Female,Bristol,CF30 2OM,£25–40k,714,Active,Spouse
CUST03636,41,Male,Glasgow,M63 3NQ,£40–60k,713,Active,Spouse
CUST03637,62,Male,London,CF2 9DZ,£40–60k,747,Active,Spouse
CUST03638,52,Male,Liverpool,EH14 3SA,<£15k,647,Active,Spouse
CUST03639,25,Female,Manchester,L91 1OC,£15–25k,695,Active,Spouse
CUST03640,57,Male,Leeds,CF6 7OD,£15–25k,585,Active,Spouse
CUST03641,38,Male,Leeds,SW60 4KC,£15–25k,727,Active,Spouse
CUST03642,64,Male,London,G47 9IP,£40–60k,561,Active,Spouse
CUST03643,43,Male,Glasgow,LS52 3DW,£25–40k,668,Active,Spouse
CUST03644,45,Female,Leeds,SW3 7FL,£15–25k,731,Active,Spouse
CUST03645,20,Male,Cardiff,CF87 6ON,£25–40k,644,Active,Spouse
CUST03646,32,Male,Bristol,BT33 8AG,>£60k,679,Active,Spouse
CUST03647,61,Female,Manchester,CF1 6GV,£25–40k,640,Active,Spouse
CUST03648,35,Female,Leeds,BT52 3ZO,£15–25k,621,Active,Spouse
CUST03649,39,Female,Glasgow,BS51 7EC,£25–40k,684,Active,Spouse
CUST03650,42,Female,Liverpool,BT9 9HE,£25–40k,840,Active,Spouse
CUST03651,57,Female,Edinburgh,SW5 1IM,<£15k,697,Active,Spouse
CUST03652,52,Female,Bristol,BS13 5KU,£25–40k,665,Active,Spouse
CUST03653,76,Male,Belfast,SW97 2ZD,£40–60k,751,Active,Spouse
CUST03654,55,Male,London,EH76 8VO,<£15k,780,Active,Spouse
CUST03655,71,Female,Manchester,G5 1XU,£15–25k,641,Active,Spouse
CUST03656,62,Male,Glasgow,BT31 9YR,£25–40k,725,Active,Spouse
CUST03657,49,Female,Manchester,BT97 5SA,£25–40k,794,Active,Spouse
CUST03658,31,Male,Liverpool,LS86 2KZ,£15–25k,698,Active,Spouse
CUST03659,42,Female,Birmingham,SW33 9BZ,£25–40k,725,Active,Spouse
CUST03660,51,Male,Belfast,G83 8MZ,£40–60k,769,Active,Spouse
CUST03661,45,Female,Belfast,CF64 4UC,>£60k,800,Active,Spouse
CUST03662,80,Other,Leeds,EH76 8VD,£15–25k,731,Active,Spouse
CUST03663,30,Female,Bristol,BS78 9XJ,£40–60k,667,Active,Spouse
CUST03664,55,Male,Manchester,BS49 2EG,£25–40k,727,Active,Spouse
CUST03665,51,Female,Edinburgh,G7 8PS,£40–60k,811,Active,Spouse
CUST03666,60,Male,Glasgow,LS30 3YK,£15–25k,677,Active,Spouse
CUST03667,43,Male,Bristol,B27 9VS,£40–60k,674,Active,Spouse
CUST03668,32,Female,Belfast,G75 2TO,<£15k,816,Active,Spouse
CUST03669,51,Female,London,M92 5FN,£40–60k,631,Active,Spouse
CUST03670,68,Female,Birmingham,SW28 8BQ,>£60k,659,Active,Spouse
CUST03671,48,Female,Edinburgh,CF22 2CN,>£60k,612,Active,Spouse
CUST03672,46,Male,London,B85 1UZ,£25–40k,614,Active,Spouse
CUST03673,18,Male,Glasgow,M70 2HL,£15–25k,749,Active,Spouse
CUST03674,64,Male,Belfast,BT66 9YS,>£60k,719,Active,Spouse
CUST03675,85,Female,Edinburgh,B15 2OA,£40–60k,663,Active,Spouse
CUST03676,20,Male,Cardiff,CF81 5VQ,£25–40k,728,Active,Spouse
CUST03677,31,Male,London,M70 7IJ,£25–40k,698,Active,Spouse
CUST03678,60,Female,Cardiff,B21 2OL,£15–25k,670,Active,Spouse
CUST03679,44,Female,Cardiff,CF95 4SO,>£60k,772,Active,Spouse
CUST03680,42,Male,Cardiff,L57 1RF,£15–25k,728,Active,Spouse
CUST03681,54,Female,London,SW34 9BN,£25–40k,691,Active,Spouse
CUST03682,43,Male,Edinburgh,L61 2FG,<£15k,700,Active,Spouse
CUST03683,36,Female,Bristol,BT11 5TM,£25–40k,725,Active,Spouse
CUST03684,36,Female,Manchester,M21 9PV,>£60k,672,Active,Spouse
CUST03685,31,Female,Belfast,G22 7RQ,£15–25k,778,Active,Spouse
CUST03686,26,Female,Birmingham,EH93 7SV,£15–25k,813,Active,Spouse
CUST03687,43,Female,Edinburgh,SW35 1SL,£25–40k,678,Active,Spouse
CUST03688,31,Male,Leeds,M34 2ZS,£25–40k,651,Active,Spouse
CUST03689,36,Female,Bristol,M46 7BP,£15–25k,850,Active,Spouse
CUST03690,36,Female,Cardiff,LS23 8JV,£40–60k,730,Active,Spouse
CUST03691,41,Female,Cardiff,CF29 6XM,<£15k,819,Active,Spouse
CUST03692,48,Female,Liverpool,M59 7FJ,<£15k,632,Active,Spouse
CUST03693,38,Female,London,BT54 5TM,£15–25k,846,Active,Spouse
CUST03694,57,Female,Bristol,CF32 5TN,>£60k,699,Active,Spouse
CUST03695,32,Male,London,G58 9JE,£25–40k,653,Active,Spouse
CUST03696,29,Female,Manchester,EH2 3RK,£40–60k,611,Active,Spouse
CUST03697,56,Male,Manchester,BS19 3LS,<£15k,735,Active,Spouse
CUST03698,47,Female,Leeds,BS36 9RE,<£15k,787,Active,Spouse
CUST03699,56,Female,London,CF74 4IR,>£60k,620,Active,Spouse
CUST03700,90,Female,Bristol,CF90 9HT,£25–40k,701,Active,Spouse
CUST03701,58,Female,London,BS18 5MP,>£60k,702,Active,Spouse
CUST03702,46,Female,Birmingham,CF57 2NA,<£15k,609,Active,Spouse
CUST03703,36,Female,Belfast,M12 5CG,£25–40k,731,Active,Spouse
CUST03704,43,Female,Manchester,BT97 4LV,£25–40k,616,Active,Spouse
CUST03705,58,Female,Belfast,B27 7DH,£25–40k,690,Active,Spouse
CUST03706,46,Female,Leeds,EH93 7AK,£15–25k,621,Active,Spouse
CUST03707,20,Female,Birmingham,LS6 5KR,£25–40k,710,Active,Spouse
CUST03708,64,Female,Cardiff,M52 6YW,£15–25k,751,Active,Spouse
CUST03709,55,Male,London,B47 5YJ,£15–25k,715,Active,Spouse
CUST03710,27,Male,Edinburgh,B34 2TD,£25–40k,579,Active,Spouse
CUST03711,84,Male,Bristol,L84 1GW,£25–40k,689,Active,Spouse
CUST03712,37,Female,Glasgow,G4 7MC,£40–60k,705,Active,Spouse
CUST03713,31,Male,Edinburgh,EH96 2YQ,<£15k,674,Active,Spouse
CUST03714,72,Female,Birmingham,G77 9SY,£40–60k,722,Active,Spouse
CUST03715,54,Female,Cardiff,SW70 9XA,<£15k,695,Active,Spouse
CUST03716,62,Female,Bristol,EH71 3DI,£15–25k,767,Active,Spouse
CUST03717,42,Male,Manchester,EH35 7QD,<£15k,702,Active,Spouse
CUST03718,65,Male,Leeds,L80 3MU,£25–40k,705,Active,Spouse
CUST03719,40,Female,Bristol,G70 7TV,<£15k,685,Active,Spouse
CUST03720,38,Male,Cardiff,BT32 7WT,£25–40k,704,Active,Spouse
CUST03721,39,Female,Cardiff,EH40 9MS,£40–60k,704,Active,Spouse
CUST03722,35,Female,Glasgow,M42 6SI,£40–60k,723,Active,Spouse
CUST03723,53,Female,Liverpool,SW15 2TE,£40–60k,743,Active,Spouse
CUST03724,53,Male,Belfast,B8 8LH,£15–25k,764,Active,Spouse
CUST03725,47,Female,Bristol,SW45 2CP,>£60k,704,Active,Spouse
CUST03726,36,Male,Manchester,BS88 1HT,£15–25k,749,Active,Spouse
CUST03727,37,Male,Cardiff,CF51 4NK,£25–40k,601,Active,Spouse
CUST03728,36,Male,Leeds,BS91 3DQ,£40–60k,754,Active,Spouse
CUST03729,55,Male,Belfast,G42 6TB,>£60k,717,Active,Spouse
CUST03730,79,Male,Bristol,EH1 1AT,£25–40k,724,Active,Spouse
CUST03731,33,Female,Belfast,G18 5QS,£40–60k,650,Active,Spouse
CUST03732,53,Female,Glasgow,B7 5MM,£25–40k,790,Active,Spouse
CUST03733,45,Male,Glasgow,CF79 7NP,£15–25k,726,Active,Spouse
CUST03734,52,Male,Bristol,SW42 7IF,£40–60k,843,Active,Spouse
CUST03735,60,Male,London,G41 7LP,£15–25k,775,Active,Spouse
CUST03736,33,Male,Edinburgh,L69 1SO,£15–25k,670,Active,Spouse
CUST03737,36,Female,Glasgow,L29 4ZQ,<£15k,689,Active,Spouse
CUST03738,46,Female,Belfast,SW55 3HZ,<£15k,721,Active,Spouse
CUST03739,44,Male,Liverpool,G52 7ZE,£15–25k,665,Active,Spouse
CUST03740,30,Female,Birmingham,BS44 5BD,£40–60k,727,Active,Spouse
CUST03741,56,Male,Bristol,L78 6HB,£15–25k,691,Active,Spouse
CUST03742,22,Male,London,BS21 3DF,<£15k,759,Active,Spouse
CUST03743,42,Male,Birmingham,G24 8NP,£15–25k,625,Active,Spouse
CUST03744,45,Female,Edinburgh,G52 3YK,<£15k,764,Active,Spouse
CUST03745,39,Male,Belfast,M50 1DC,<£15k,564,Active,Spouse
CUST03746,41,Female,Birmingham,G91 2CL,<£15k,662,Active,Spouse
CUST03747,48,Female,Cardiff,G69 9UM,£25–40k,703,Active,Spouse
CUST03748,38,Female,London,SW98 9AD,>£60k,670,Active,Spouse
CUST03749,65,Female,Edinburgh,BT67 7PW,£40–60k,733,Active,Spouse
CUST03750,52,Female,Edinburgh,CF17 4CF,£15–25k,755,Active,Spouse
CUST03751,42,Male,Belfast,BT46 8ZA,£40–60k,800,Active,Spouse
CUST03752,50,Male,Glasgow,EH18 7ZI,£25–40k,710,Active,Spouse
CUST03753,50,Male,Birmingham,BS10 3XD,£40–60k,686,Active,Spouse
CUST03754,36,Female,Birmingham,SW27 9IH,>£60k,770,Active,Spouse
CUST03755,29,Female,Edinburgh,L30 7LW,>£60k,641,Active,Spouse
CUST03756,44,Female,Belfast,BS97 9BO,<£15k,653,Active,Spouse
CUST03757,22,Female,Cardiff,L82 3LI,£40–60k,639,Active,Spouse
CUST03758,33,Female,Cardiff,B40 3DV,£40–60k,725,Active,Spouse
CUST03759,43,Female,Cardiff,LS65 6IL,>£60k,758,Active,Spouse
CUST03760,18,Female,Glasgow,SW5 7IJ,£40–60k,636,Active,Spouse
CUST03761,31,Male,Liverpool,G84 8KX,>£60k,715,Active,Spouse
CUST03762,35,Female,Birmingham,LS10 2EG,£40–60k,683,Active,Spouse
CUST03763,30,Male,Birmingham,EH37 9TY,<£15k,636,Active,Spouse
CUST03764,35,Female,Edinburgh,BT94 2OO,£40–60k,762,Active,Spouse
CUST03765,26,Female,Bristol,LS32 5UU,£25–40k,770,Active,Spouse
CUST03766,59,Male,Birmingham,EH22 1GR,£40–60k,674,Active,Spouse
CUST03767,45,Female,Cardiff,BS88 3CP,£25–40k,720,Active,Spouse
CUST03768,55,Male,Liverpool,SW84 9BZ,£25–40k,645,Active,Spouse
CUST03769,57,Female,Manchester,BT50 4BI,<£15k,708,Active,Spouse
CUST03770,32,Male,Liverpool,LS5 7TZ,<£15k,709,Active,Spouse
CUST03771,32,Male,Leeds,L93 9QE,>£60k,701,Active,Spouse
CUST03772,39,Male,Glasgow,BT30 6HJ,£40–60k,712,Active,Spouse
CUST03773,48,Female,London,SW90 2QC,>£60k,779,Active,Spouse
CUST03774,54,Male,Bristol,EH61 9JQ,£25–40k,727,Active,Spouse
CUST03775,21,Female,Manchester,BS45 3II,£15–25k,760,Active,Spouse
CUST03776,39,Female,Glasgow,L34 5NB,>£60k,640,Active,Spouse
CUST03777,76,Male,Cardiff,LS69 6WC,>£60k,662,Active,Spouse
CUST03778,66,Female,Edinburgh,BT80 4OW,£15–25k,721,Active,Spouse
CUST03779,53,Male,Cardiff,M2 6HU,£40–60k,702,Active,Spouse
CUST03780,32,Male,Belfast,M19 9OQ,<£15k,745,Active,Spouse
CUST03781,49,Female,Cardiff,G69 7ZT,£15–25k,715,Active,Spouse
CUST03782,46,Female,Belfast,BT55 9QY,>£60k,687,Active,Spouse
CUST03783,56,Female,Birmingham,BT8 5KP,£25–40k,732,Active,Spouse
CUST03784,58,Female,Belfast,B62 2IO,£15–25k,690,Active,Spouse
CUST03785,41,Female,Birmingham,G49 4BZ,£15–25k,671,Active,Spouse
CUST03786,47,Male,Manchester,BT70 7WI,£40–60k,609,Active,Spouse
CUST03787,85,Male,Birmingham,G17 4RU,£15–25k,665,Active,Spouse
CUST03788,64,Female,Leeds,BT58 3QH,£15–25k,677,Active,Spouse
CUST03789,24,Female,Leeds,BT14 3DU,>£60k,737,Active,Spouse
CUST03790,71,Female,Cardiff,EH4 7FS,£40–60k,733,Active,Spouse
CUST03791,70,Female,Leeds,B67 9BW,£40–60k,772,Active,Spouse
CUST03792,31,Male,Belfast,CF28 3ED,<£15k,746,Active,Spouse
CUST03793,18,Other,London,M2 3HF,£25–40k,724,Active,Spouse
CUST03794,35,Female,London,SW9 9MO,£25–40k,766,Active,Spouse
CUST03795,28,Female,Bristol,BS15 1AQ,£25–40k,762,Active,Spouse
CUST03796,56,Female,Belfast,CF87 8WM,>£60k,710,Active,Spouse
CUST03797,37,Male,Manchester,SW71 2JG,£15–25k,745,Active,Spouse
CUST03798,18,Female,Liverpool,BS12 5BX,£40–60k,657,Active,Spouse
CUST03799,45,Male,Leeds,CF38 6UH,£15–25k,710,Active,Spouse
CUST03800,34,Male,Manchester,BT66 1ZP,>£60k,660,Active,Spouse
CUST03801,53,Male,Glasgow,BS97 9UE,£25–40k,648,Active,Spouse
CUST03802,40,Male,Leeds,L40 7SK,£25–40k,634,Active,Spouse
CUST03803,46,Female,Manchester,SW1 4XY,£40–60k,691,Active,Spouse
CUST03804,18,Male,London,EH97 7FA,£25–40k,624,Active,Spouse
CUST03805,18,Female,Liverpool,G43 7OC,£40–60k,780,Active,Spouse
CUST03806,35,Female,Liverpool,SW89 1NN,<£15k,725,Active,Spouse
CUST03807,31,Male,Bristol,BS35 2CA,>£60k,790,Active,Spouse
CUST03808,21,Male,Bristol,L39 2WC,£25–40k,773,Active,Spouse
CUST03809,47,Female,Leeds,G1 8RK,<£15k,744,Active,Spouse
CUST03810,65,Female,Manchester,BS79 5YT,<£15k,718,Active,Spouse
CUST03811,72,Female,Edinburgh,SW67 1LY,£40–60k,780,Active,Spouse
CUST03812,55,Male,Cardiff,LS56 7RG,£25–40k,769,Active,Spouse
CUST03813,46,Male,Glasgow,CF19 7RX,£15–25k,650,Active,Spouse
CUST03814,82,Male,Belfast,BT80 7FM,£40–60k,708,Active,Spouse
CUST03815,50,Male,Belfast,EH2 9HR,£15–25k,626,Active,Spouse
CUST03816,66,Male,Bristol,CF72 9US,>£60k,720,Active,Spouse
CUST03817,53,Female,Manchester,EH68 8ZT,£15–25k,744,Active,Spouse
CUST03818,35,Female,Manchester,L4 6ZS,<£15k,784,Active,Spouse
CUST03819,51,Male,Bristol,B47 8CS,£25–40k,592,Active,Spouse
CUST03820,62,Female,Edinburgh,BS3 4EA,£15–25k,698,Active,Spouse
CUST03821,36,Female,Manchester,B56 6OU,£40–60k,610,Active,Spouse
CUST03822,40,Male,Cardiff,BT72 3MA,£15–25k,676,Active,Spouse
CUST03823,64,Male,Glasgow,M71 1YS,£25–40k,671,Active,Spouse
CUST03824,25,Female,Liverpool,B10 8LK,£25–40k,736,Active,Spouse
CUST03825,65,Male,Cardiff,L16 8PO,>£60k,686,Active,Spouse
CUST03826,75,Female,Glasgow,M86 3PJ,£40–60k,768,Active,Spouse
CUST03827,66,Male,Bristol,BT24 2DR,£25–40k,734,Active,Spouse
CUST03828,51,Male,Cardiff,B36 2TW,£15–25k,669,Active,Spouse
CUST03829,71,Female,Belfast,BS18 7IF,£25–40k,792,Active,Spouse
CUST03830,71,Female,Birmingham,B78 8KQ,£25–40k,704,Active,Spouse
CUST03831,41,Male,Belfast,M58 1ZW,<£15k,751,Active,Spouse
CUST03832,39,Female,Glasgow,L35 3DR,£40–60k,705,Active,Spouse
CUST03833,19,Female,Liverpool,G48 8BK,£15–25k,722,Active,Spouse
CUST03834,55,Male,Bristol,CF17 1SE,>£60k,788,Active,Spouse
CUST03835,58,Female,Birmingham,L64 1WS,£15–25k,765,Active,Spouse
CUST03836,74,Male,London,SW9 7HW,£40–60k,658,Active,Spouse
CUST03837,32,Female,Liverpool,BS36 1OF,£40–60k,717,Active,Spouse
CUST03838,30,Male,Leeds,B36 8FQ,£15–25k,726,Active,Spouse
CUST03839,31,Female,Birmingham,CF79 6XZ,£25–40k,654,Active,Spouse
CUST03840,22,Female,Glasgow,SW8 2PQ,<£15k,721,Active,Spouse
CUST03841,27,Male,Cardiff,B21 5WO,£15–25k,737,Active,Spouse
CUST03842,56,Male,Leeds,M18 7CM,£25–40k,664,Active,Spouse
CUST03843,59,Male,Cardiff,L1 8CB,£25–40k,749,Active,Spouse
CUST03844,63,Female,Liverpool,CF83 1CD,£25–40k,660,Active,Spouse
CUST03845,34,Female,Belfast,L1 3OZ,>£60k,744,Active,Spouse
CUST03846,49,Male,Manchester,M41 3NC,>£60k,722,Active,Spouse
CUST03847,67,Male,London,L30 8BS,>£60k,621,Active,Spouse
CUST03848,60,Male,Birmingham,LS6 1OC,£40–60k,749,Active,Spouse
CUST03849,55,Male,Bristol,BT41 1AP,£25–40k,767,Active,Spouse
CUST03850,43,Male,Glasgow,M65 5RW,£15–25k,640,Active,Spouse
CUST03851,37,Male,Liverpool,G30 3ZS,>£60k,664,Active,Spouse
CUST03852,18,Female,Cardiff,EH53 9SG,£25–40k,742,Active,Spouse
CUST03853,41,Male,Bristol,L17 5IP,<£15k,696,Active,Spouse
CUST03854,38,Male,Manchester,BS94 2TZ,£25–40k,705,Active,Spouse
CUST03855,70,Male,Cardiff,B61 4ZJ,>£60k,610,Active,Spouse
CUST03856,73,Female,Cardiff,M28 2BI,<£15k,720,Active,Spouse
CUST03857,39,Male,Liverpool,SW20 6YR,£25–40k,685,Active,Spouse
CUST03858,33,Female,Belfast,BS29 3CO,<£15k,592,Active,Spouse
CUST03859,31,Male,Glasgow,LS94 6OI,£25–40k,705,Active,Spouse
CUST03860,42,Male,Cardiff,LS44 3NQ,£15–25k,733,Active,Spouse
CUST03861,38,Female,London,BS35 9NB,<£15k,667,Active,Spouse
CUST03862,79,Male,Bristol,EH25 9HW,<£15k,655,Active,Spouse
CUST03863,34,Male,Glasgow,G70 9GR,£15–25k,765,Active,Spouse
CUST03864,57,Female,Glasgow,B41 4MZ,<£15k,682,Active,Spouse
CUST03865,58,Female,Glasgow,BS18 9BK,<£15k,712,Active,Spouse
CUST03866,38,Male,Liverpool,SW58 8IW,£25–40k,744,Active,Spouse
CUST03867,46,Male,London,BS47 8TK,£25–40k,595,Active,Spouse
CUST03868,56,Male,Liverpool,M47 7FG,£15–25k,697,Active,Spouse
CUST03869,68,Female,Belfast,B94 1TB,£40–60k,757,Active,Spouse
CUST03870,49,Male,Cardiff,L99 6DB,£25–40k,683,Active,Spouse
CUST03871,46,Female,Edinburgh,G94 1VT,>£60k,652,Active,Spouse
CUST03872,49,Female,Manchester,LS13 2DO,£25–40k,800,Active,Spouse
CUST03873,75,Male,Cardiff,BS13 1EK,£40–60k,778,Active,Spouse
CUST03874,48,Female,Glasgow,EH88 7BV,>£60k,620,Active,Spouse
CUST03875,45,Female,Birmingham,B82 1MW,£15–25k,761,Active,Spouse
CUST03876,58,Female,Belfast,L30 6IW,>£60k,695,Active,Spouse
CUST03877,42,Female,Manchester,B1 2VE,£40–60k,728,Active,Spouse
CUST03878,47,Male,Birmingham,EH41 6BA,£40–60k,701,Active,Spouse
CUST03879,44,Female,Birmingham,BS98 1CK,£25–40k,787,Active,Spouse
CUST03880,31,Male,Manchester,L28 3LZ,£40–60k,687,Active,Spouse
CUST03881,42,Male,Belfast,G57 6BO,<£15k,715,Active,Spouse
CUST03882,46,Female,Glasgow,SW64 2YO,£25–40k,702,Active,Spouse
CUST03883,32,Female,Leeds,B60 9BL,£25–40k,706,Active,Spouse
CUST03884,55,Female,Belfast,L83 1HV,£40–60k,717,Active,Spouse
CUST03885,31,Male,Manchester,SW2 7JV,£40–60k,711,Active,Spouse
CUST03886,46,Female,Belfast,LS39 1GW,£15–25k,685,Active,Spouse
CUST03887,49,Male,Belfast,M1 5LE,£15–25k,669,Active,Spouse
CUST03888,56,Male,London,LS55 1QT,£25–40k,818,Active,Spouse
CUST03889,57,Male,Glasgow,M10 9JU,<£15k,660,Active,Spouse
CUST03890,55,Male,Belfast,M29 6TT,<£15k,757,Active,Spouse
CUST03891,51,Male,Birmingham,CF46 6YY,£40–60k,734,Active,Spouse
CUST03892,45,Male,Leeds,L88 6EB,£15–25k,635,Active,Spouse
CUST03893,44,Male,Liverpool,BS10 1BN,£25–40k,652,Active,Spouse
CUST03894,43,Female,Edinburgh,BT74 1UA,£15–25k,674,Active,Spouse
CUST03895,32,Male,Bristol,BT55 9BC,£25–40k,785,Active,Spouse
CUST03896,46,Female,Cardiff,BS92 8PI,>£60k,676,Active,Spouse
CUST03897,18,Female,London,LS62 9IW,£25–40k,613,Active,Spouse
CUST03898,58,Female,Birmingham,LS85 4SJ,£25–40k,719,Active,Spouse
CUST03899,77,Male,Glasgow,BT90 6HA,£25–40k,664,Active,Spouse
CUST03900,64,Male,London,BS63 8MY,£25–40k,697,Active,Spouse
CUST03901,33,Female,Birmingham,L42 1GF,>£60k,682,Active,Spouse
CUST03902,48,Male,Liverpool,SW10 8GM,>£60k,676,Active,Spouse
CUST03903,29,Female,Liverpool,G17 7FJ,£40–60k,652,Active,Spouse
CUST03904,54,Male,Manchester,EH69 5FS,>£60k,646,Active,Spouse
CUST03905,18,Female,London,B85 3HZ,>£60k,668,Active,Spouse
CUST03906,32,Female,Leeds,G43 2CA,£25–40k,720,Active,Spouse
CUST03907,86,Male,London,BT6 7VB,£40–60k,734,Active,Spouse
CUST03908,35,Female,Liverpool,LS1 9RN,£25–40k,720,Active,Spouse
CUST03909,36,Female,Cardiff,G32 1ED,£15–25k,715,Active,Spouse
CUST03910,68,Female,Manchester,BS51 8HZ,<£15k,702,Active,Spouse
CUST03911,51,Male,Birmingham,BT1 5VK,>£60k,704,Active,Spouse
CUST03912,59,Male,Edinburgh,L97 9ZR,£15–25k,744,Active,Spouse
CUST03913,41,Male,Edinburgh,L73 3CF,£25–40k,744,Active,Spouse
CUST03914,48,Female,Belfast,BT99 7JF,>£60k,680,Active,Spouse
CUST03915,40,Male,Bristol,SW30 4NV,£40–60k,713,Active,Spouse
CUST03916,51,Female,Birmingham,SW89 3OL,<£15k,695,Active,Spouse
CUST03917,51,Female,Liverpool,CF24 2IO,£25–40k,660,Active,Spouse
CUST03918,30,Male,Edinburgh,SW89 3AO,£15–25k,620,Active,Spouse
CUST03919,53,Female,Manchester,M45 3HW,£15–25k,615,Active,Spouse
CUST03920,51,Female,Cardiff,SW24 4NW,>£60k,676,Active,Spouse
CUST03921,41,Female,Birmingham,M83 3CL,£25–40k,687,Active,Spouse
CUST03922,82,Male,Cardiff,M67 8XA,£25–40k,670,Active,Spouse
CUST03923,32,Female,Liverpool,BT13 7DY,£25–40k,814,Active,Spouse
CUST03924,26,Male,Manchester,CF56 4RL,<£15k,636,Active,Spouse
CUST03925,58,Male,Liverpool,CF71 2XS,<£15k,727,Active,Spouse
CUST03926,40,Female,Liverpool,BT96 8WP,£15–25k,645,Active,Spouse
CUST03927,18,Male,Birmingham,M49 9QB,£15–25k,797,Active,Spouse
CUST03928,56,Male,London,L31 8RY,<£15k,789,Active,Spouse
CUST03929,61,Male,Belfast,LS9 9MT,£25–40k,730,Active,Spouse
CUST03930,37,Male,Birmingham,CF75 8FZ,£40–60k,645,Active,Spouse
CUST03931,63,Female,Cardiff,G43 5BV,£40–60k,676,Active,Spouse
CUST03932,32,Female,Manchester,CF18 3XY,£40–60k,664,Active,Spouse
CUST03933,64,Male,Edinburgh,B1 1FR,£25–40k,653,Active,Spouse
CUST03934,40,Male,Leeds,BT38 9EU,£15–25k,697,Active,Spouse
CUST03935,49,Male,Leeds,B85 3BI,£15–25k,649,Active,Spouse
CUST03936,43,Male,Manchester,G36 8IU,£40–60k,756,Active,Spouse
CUST03937,77,Male,Leeds,B96 9XD,£40–60k,639,Active,Spouse
CUST03938,31,Female,Manchester,BS47 4WA,£25–40k,655,Active,Spouse
CUST03939,55,Male,Birmingham,SW17 1UG,£15–25k,643,Active,Spouse
CUST03940,43,Female,London,G92 3HE,<£15k,687,Active,Spouse
CUST03941,78,Female,Birmingham,EH64 6EW,£15–25k,669,Active,Spouse
CUST03942,36,Female,Manchester,LS48 4BY,£25–40k,740,Active,Spouse
CUST03943,50,Male,Birmingham,CF12 7KB,<£15k,662,Active,Spouse
CUST03944,65,Male,Bristol,G51 4AV,<£15k,623,Active,Spouse
CUST03945,44,Male,London,L92 4OO,£15–25k,683,Active,Spouse
CUST03946,43,Female,Edinburgh,L51 2TR,£40–60k,662,Active,Spouse
CUST03947,43,Other,Leeds,B99 2VA,£15–25k,713,Active,Spouse
CUST03948,18,Male,Birmingham,BT12 7VV,£40–60k,674,Active,Spouse
CUST03949,33,Male,Manchester,EH39 7TB,>£60k,836,Active,Spouse
CUST03950,72,Male,Birmingham,BT96 9GD,£25–40k,728,Active,Spouse
CUST03951,33,Female,London,G32 9IC,<£15k,671,Active,Spouse
CUST03952,41,Female,Belfast,BS51 3ES,£25–40k,670,Active,Spouse
CUST03953,53,Male,Manchester,LS16 7PA,£15–25k,796,Active,Spouse
CUST03954,18,Male,Cardiff,SW47 7RL,£40–60k,682,Active,Spouse
CUST03955,77,Male,Bristol,BS59 1MH,£25–40k,684,Active,Spouse
CUST03956,49,Female,Bristol,B11 9ZM,£40–60k,581,Active,Spouse
CUST03957,65,Female,Liverpool,L8 5SJ,£25–40k,638,Active,Spouse
CUST03958,51,Male,Glasgow,G84 1ON,>£60k,648,Active,Spouse
CUST03959,18,Male,Bristol,LS88 5TY,£15–25k,720,Active,Spouse
CUST03960,56,Male,Leeds,LS73 7LA,£25–40k,697,Active,Spouse
CUST03961,28,Male,Glasgow,BT49 3OG,<£15k,843,Active,Spouse
CUST03962,55,Male,Birmingham,B50 3ND,£15–25k,711,Active,Spouse
CUST03963,62,Male,Manchester,G19 5GZ,>£60k,670,Active,Spouse
CUST03964,74,Male,Bristol,B95 6UR,£40–60k,744,Active,Spouse
CUST03965,60,Female,Liverpool,G87 3DV,£25–40k,681,Active,Spouse
CUST03966,29,Female,Cardiff,CF82 1RX,£40–60k,712,Active,Spouse
CUST03967,38,Female,Edinburgh,BT88 2XT,>£60k,825,Active,Spouse
CUST03968,25,Female,Bristol,B82 4XJ,£25–40k,787,Active,Spouse
CUST03969,21,Male,Manchester,BT74 7IH,£25–40k,647,Active,Spouse
CUST03970,20,Female,Leeds,CF44 4EX,£25–40k,670,Active,Spouse
CUST03971,42,Female,Glasgow,EH24 6VB,£40–60k,663,Active,Spouse
CUST03972,51,Male,Liverpool,CF31 4HI,>£60k,689,Active,Spouse
CUST03973,18,Female,Leeds,SW89 4CC,£40–60k,644,Active,Spouse
CUST03974,40,Male,Liverpool,CF64 7AL,<£15k,767,Active,Spouse
CUST03975,47,Male,Glasgow,L60 7WS,£40–60k,673,Active,Spouse
CUST03976,24,Female,Glasgow,EH43 8MS,<£15k,710,Active,Spouse
CUST03977,65,Male,Glasgow,L26 6HN,<£15k,683,Active,Spouse
CUST03978,32,Female,Liverpool,BT61 5MM,£25–40k,735,Active,Spouse
CUST03979,62,Female,Belfast,CF49 2NG,<£15k,690,Active,Spouse
CUST03980,55,Male,Glasgow,B11 3KJ,£25–40k,676,Active,Spouse
CUST03981,56,Female,Liverpool,SW69 1SK,£40–60k,785,Active,Spouse
CUST03982,58,Female,Belfast,G66 2KF,£25–40k,733,Active,Spouse
CUST03983,72,Female,Bristol,BT19 6ZL,£15–25k,685,Active,Spouse
CUST03984,53,Female,Belfast,BS51 5OF,<£15k,687,Active,Spouse
CUST03985,53,Male,Manchester,LS2 8IE,>£60k,743,Active,Spouse
CUST03986,59,Male,Leeds,L92 2IF,<£15k,703,Active,Spouse
CUST03987,18,Female,Bristol,M37 1VI,>£60k,689,Active,Spouse
CUST03988,55,Male,Cardiff,BT26 4ZF,£40–60k,720,Active,Spouse
CUST03989,52,Female,Bristol,M39 6JG,£25–40k,747,Active,Spouse
CUST03990,29,Female,London,EH73 7HV,>£60k,750,Active,Spouse
CUST03991,72,Female,Edinburgh,LS14 1AR,£40–60k,680,Active,Spouse
CUST03992,60,Male,Manchester,EH68 6FE,<£15k,707,Active,Spouse
CUST03993,51,Female,Manchester,M48 9OC,<£15k,754,Active,Spouse
CUST03994,50,Female,Cardiff,G41 3GL,£40–60k,677,Active,Spouse
CUST03995,50,Female,Glasgow,B56 9ZO,£25–40k,649,Active,Spouse
CUST03996,24,Male,Glasgow,G88 8BD,>£60k,574,Active,Spouse
CUST03997,67,Male,Edinburgh,LS83 3UV,£40–60k,730,Active,Spouse
CUST03998,56,Female,London,CF53 6XE,>£60k,716,Active,Spouse
CUST03999,21,Male,Leeds,EH60 8ES,£40–60k,785,Active,Spouse
CUST04000,39,Female,Bristol,BS88 6NG,>£60k,579,Active,Spouse
CUST04001,42,Male,Leeds,EH1 2IB,£15–25k,776,Active,Spouse
CUST04002,32,Female,London,L20 8RC,£25–40k,683,Active,Spouse
CUST04003,39,Female,London,L42 9VB,£25–40k,647,Active,Spouse
CUST04004,47,Male,London,SW20 8VF,<£15k,654,Active,Spouse
CUST04005,67,Male,Birmingham,M40 3KO,£15–25k,613,Active,Spouse
CUST04006,27,Female,Leeds,M55 1TJ,<£15k,683,Active,Spouse
CUST04007,45,Male,Leeds,BT89 2YG,<£15k,662,Active,Spouse
CUST04008,57,Female,Bristol,CF81 2PF,£40–60k,691,Active,Spouse
CUST04009,53,Male,London,LS16 4MT,<£15k,783,Active,Spouse
CUST04010,71,Female,Liverpool,L91 3QY,£25–40k,684,Active,Spouse
CUST04011,47,Male,Bristol,B93 1TU,£40–60k,542,Active,Spouse
CUST04012,49,Male,Birmingham,BT93 8ZH,£15–25k,686,Active,Spouse
CUST04013,30,Male,Liverpool,B93 6TL,£15–25k,765,Active,Spouse
CUST04014,30,Female,Leeds,LS19 3EU,£40–60k,771,Active,Spouse
CUST04015,52,Male,Edinburgh,LS90 4QT,<£15k,717,Active,Spouse
CUST04016,34,Female,Belfast,B1 5LP,<£15k,590,Active,Spouse
CUST04017,60,Female,Leeds,L29 3HN,£40–60k,658,Active,Spouse
CUST04018,53,Female,Bristol,M65 6BP,£25–40k,736,Active,Spouse
CUST04019,45,Male,Bristol,M7 9OB,£15–25k,718,Active,Spouse
CUST04020,52,Male,Cardiff,B50 8ZD,<£15k,713,Active,Spouse
CUST04021,33,Female,Cardiff,B26 7BD,£15–25k,613,Active,Spouse
CUST04022,35,Male,London,EH16 3MD,£40–60k,679,Active,Spouse
CUST04023,66,Male,Liverpool,CF29 9VR,£15–25k,632,Active,Spouse
CUST04024,69,Female,Birmingham,M64 7WY,£40–60k,819,Active,Spouse
CUST04025,36,Female,Glasgow,CF34 7PG,£25–40k,816,Active,Spouse
CUST04026,43,Female,Liverpool,EH97 5EE,£40–60k,683,Active,Spouse
CUST04027,66,Male,Leeds,LS89 3EF,<£15k,715,Active,Spouse
CUST04028,46,Female,Cardiff,SW82 2YT,£15–25k,662,Active,Spouse
CUST04029,36,Male,Glasgow,G20 6RV,£40–60k,708,Active,Spouse
CUST04030,66,Female,Belfast,B92 3FX,>£60k,632,Active,Spouse
CUST04031,44,Female,Liverpool,BS8 7FT,£40–60k,622,Active,Spouse
CUST04032,34,Male,Liverpool,LS48 1MH,£25–40k,742,Active,Spouse
CUST04033,32,Male,Edinburgh,LS9 2RB,£40–60k,768,Active,Spouse
CUST04034,32,Male,Glasgow,BS88 8ID,£15–25k,669,Active,Spouse
CUST04035,18,Male,Leeds,SW63 6HR,<£15k,768,Active,Spouse
CUST04036,59,Male,Glasgow,M84 9KE,£25–40k,623,Active,Spouse
CUST04037,41,Male,London,M29 7FM,<£15k,679,Active,Spouse
CUST04038,38,Female,London,CF37 7HS,<£15k,820,Active,Spouse
CUST04039,38,Female,Edinburgh,L50 2KX,£15–25k,651,Active,Spouse
CUST04040,20,Male,Glasgow,EH6 6KI,>£60k,654,Active,Spouse
CUST04041,66,Female,Belfast,M23 2LC,£25–40k,714,Active,Spouse
CUST04042,48,Male,Bristol,G10 2SY,£25–40k,657,Active,Spouse
CUST04043,63,Female,Liverpool,L55 5AS,£40–60k,734,Active,Spouse
CUST04044,38,Male,Manchester,BT93 7SG,£40–60k,643,Active,Spouse
CUST04045,44,Female,Belfast,L58 9PL,£25–40k,647,Active,Spouse
CUST04046,42,Female,Birmingham,SW62 1ZE,£25–40k,708,Active,Spouse
CUST04047,34,Female,London,G22 7FV,£40–60k,568,Active,Spouse
CUST04048,51,Female,London,M80 8DE,<£15k,661,Active,Spouse
CUST04049,47,Male,Manchester,B40 2GS,£40–60k,692,Active,Spouse
CUST04050,71,Male,Leeds,BS80 7OR,£15–25k,701,Active,Spouse
CUST04051,59,Male,Belfast,EH52 1SQ,£15–25k,678,Active,Spouse
CUST04052,32,Male,Edinburgh,LS10 3NP,£40–60k,729,Active,Spouse
CUST04053,34,Male,Edinburgh,LS11 3EO,£15–25k,745,Active,Spouse
CUST04054,27,Male,Bristol,SW59 6WS,£40–60k,721,Active,Spouse
CUST04055,45,Male,Cardiff,CF80 8UR,£25–40k,791,Active,Spouse
CUST04056,51,Female,Bristol,L31 4UV,£15–25k,693,Active,Spouse
CUST04057,57,Female,Belfast,G26 2TC,£25–40k,567,Active,Spouse
CUST04058,53,Female,Bristol,L40 4AQ,>£60k,740,Active,Spouse
CUST04059,56,Female,Belfast,L24 4DE,£15–25k,743,Active,Spouse
CUST04060,53,Female,London,B16 2LA,>£60k,680,Active,Spouse
CUST04061,47,Male,Liverpool,EH49 5JS,£25–40k,664,Active,Spouse
CUST04062,33,Male,Edinburgh,G62 1WB,<£15k,683,Active,Spouse
CUST04063,42,Male,London,B54 9OM,£40–60k,724,Active,Spouse
CUST04064,65,Female,Glasgow,G70 7PM,>£60k,756,Active,Spouse
CUST04065,49,Female,Glasgow,BT58 8JC,£25–40k,771,Active,Spouse
CUST04066,45,Male,Bristol,LS50 6NW,£40–60k,733,Active,Spouse
CUST04067,40,Female,London,G43 1AN,£40–60k,700,Active,Spouse
CUST04068,41,Male,Leeds,L41 4PG,£25–40k,609,Active,Spouse
CUST04069,22,Female,London,BT95 7IS,<£15k,624,Active,Spouse
CUST04070,49,Female,Bristol,BT24 8OC,£25–40k,781,Active,Spouse
CUST04071,62,Male,Manchester,BT84 6ES,>£60k,607,Active,Spouse
CUST04072,53,Female,Bristol,LS42 4BW,>£60k,670,Active,Spouse
CUST04073,32,Female,Liverpool,BT60 1FL,£40–60k,708,Active,Spouse
CUST04074,37,Female,Liverpool,M21 9FO,£15–25k,619,Active,Spouse
CUST04075,30,Female,Bristol,LS55 5HC,£40–60k,680,Active,Spouse
CUST04076,64,Male,Liverpool,BT38 9TR,£40–60k,603,Active,Spouse
CUST04077,27,Female,Belfast,L79 7LJ,£15–25k,685,Active,Spouse
CUST04078,34,Male,Bristol,BS32 5KY,£25–40k,726,Active,Spouse
CUST04079,41,Male,Glasgow,G96 4JW,£25–40k,618,Active,Spouse
CUST04080,37,Female,Glasgow,M40 2MS,<£15k,710,Active,Spouse
CUST04081,55,Male,Belfast,BT32 4WI,£25–40k,630,Active,Spouse
CUST04082,48,Female,Glasgow,BT58 5HS,<£15k,681,Active,Spouse
CUST04083,62,Female,Glasgow,BS34 1QY,<£15k,671,Active,Spouse
CUST04084,24,Female,Cardiff,B19 4BS,£40–60k,660,Active,Spouse
CUST04085,18,Female,Liverpool,CF54 3TX,£25–40k,592,Active,Spouse
CUST04086,20,Female,Edinburgh,LS74 9UY,£25–40k,726,Active,Spouse
CUST04087,49,Female,Cardiff,BT35 2HF,£25–40k,730,Active,Spouse
CUST04088,36,Female,Manchester,SW98 8EB,£25–40k,643,Active,Spouse
CUST04089,78,Female,Birmingham,M62 1PK,>£60k,707,Active,Spouse
CUST04090,29,Female,Glasgow,CF45 4JU,£25–40k,788,Active,Spouse
CUST04091,64,Female,Bristol,L44 8ZS,£25–40k,736,Active,Spouse
CUST04092,42,Female,Birmingham,B5 4AB,£25–40k,651,Active,Spouse
CUST04093,38,Female,Glasgow,G73 7JM,£15–25k,768,Active,Spouse
CUST04094,34,Male,Manchester,B93 4SB,£15–25k,628,Active,Spouse
CUST04095,53,Male,London,B95 6DE,>£60k,696,Active,Spouse
CUST04096,35,Female,Manchester,LS94 8KM,£40–60k,664,Active,Spouse
CUST04097,18,Female,Liverpool,CF91 7GK,£25–40k,668,Active,Spouse
CUST04098,60,Female,Belfast,L81 8AR,>£60k,644,Active,Spouse
CUST04099,81,Male,Bristol,M74 4CI,£40–60k,698,Active,Spouse
CUST04100,18,Female,Liverpool,CF39 4IW,<£15k,615,Active,Spouse
CUST04101,18,Male,Liverpool,BS50 4CC,>£60k,826,Active,Spouse
CUST04102,48,Female,Leeds,CF71 6BG,>£60k,644,Active,Spouse
CUST04103,54,Male,Glasgow,B25 7FV,£15–25k,772,Active,Spouse
CUST04104,57,Female,Birmingham,SW32 4JO,£25–40k,748,Active,Spouse
CUST04105,38,Male,Glasgow,B34 7GU,£40–60k,646,Active,Spouse
CUST04106,52,Female,Manchester,SW39 4VO,£25–40k,650,Active,Spouse
CUST04107,38,Male,Belfast,BS65 7ZR,£40–60k,652,Active,Spouse
CUST04108,34,Female,London,SW71 6WW,£40–60k,734,Active,Spouse
CUST04109,33,Male,Birmingham,BT36 7YS,£15–25k,735,Active,Spouse
CUST04110,63,Female,London,B84 2UV,>£60k,667,Active,Spouse
CUST04111,28,Male,Edinburgh,EH37 2OI,£25–40k,757,Active,Spouse
CUST04112,49,Male,Leeds,SW39 4KB,£25–40k,653,Active,Spouse
CUST04113,39,Female,Birmingham,LS69 6BF,£25–40k,721,Active,Spouse
CUST04114,22,Female,Birmingham,CF79 5NM,£25–40k,799,Active,Spouse
CUST04115,58,Male,Liverpool,B58 6XY,£15–25k,699,Active,Spouse
CUST04116,68,Male,Birmingham,LS26 3QE,£25–40k,783,Active,Spouse
CUST04117,41,Female,Belfast,LS2 3AE,£40–60k,682,Active,Spouse
CUST04118,41,Female,Liverpool,BS74 2GG,£40–60k,731,Active,Spouse
CUST04119,51,Female,London,LS3 4GI,£25–40k,591,Active,Spouse
CUST04120,50,Female,Bristol,EH57 2XW,£40–60k,722,Active,Spouse
CUST04121,18,Female,Manchester,BS59 6AO,£25–40k,685,Active,Spouse
CUST04122,45,Male,Bristol,B62 6YK,£40–60k,601,Active,Spouse
CUST04123,26,Female,Leeds,SW23 5UL,£40–60k,649,Active,Spouse
CUST04124,53,Female,Leeds,SW11 3HX,£40–60k,775,Active,Spouse
CUST04125,52,Male,Belfast,CF99 5PF,>£60k,706,Active,Spouse
CUST04126,55,Male,Leeds,SW28 5WZ,£25–40k,554,Active,Spouse
CUST04127,62,Male,Birmingham,SW17 9JO,£25–40k,691,Active,Spouse
CUST04128,60,Male,Manchester,BT95 1CO,£40–60k,737,Active,Spouse
CUST04129,33,Male,Birmingham,B85 3JB,<£15k,713,Active,Spouse
CUST04130,34,Male,Liverpool,SW57 7IV,£15–25k,726,Active,Spouse
CUST04131,71,Female,Cardiff,EH94 2PU,£25–40k,726,Active,Spouse
CUST04132,18,Female,Edinburgh,L34 7DT,£15–25k,651,Active,Spouse
CUST04133,58,Male,Belfast,B34 1ML,£40–60k,648,Active,Spouse
CUST04134,63,Male,Cardiff,LS69 8EZ,£15–25k,638,Active,Spouse
CUST04135,60,Female,Edinburgh,B44 9CF,£25–40k,668,Active,Spouse
CUST04136,53,Female,Birmingham,L77 1ZS,£40–60k,753,Active,Spouse
CUST04137,48,Female,Liverpool,BS51 9JW,<£15k,674,Active,Spouse
CUST04138,48,Female,Glasgow,CF93 3HP,£40–60k,691,Active,Spouse
CUST04139,45,Female,Leeds,LS58 2ZF,>£60k,608,Active,Spouse
CUST04140,55,Female,Manchester,B11 2BD,>£60k,710,Active,Spouse
CUST04141,18,Female,Cardiff,EH66 1HW,£15–25k,678,Active,Spouse
CUST04142,18,Female,Liverpool,CF54 1VC,>£60k,702,Active,Spouse
CUST04143,52,Male,Edinburgh,SW63 5WB,£25–40k,660,Active,Spouse
CUST04144,34,Female,Leeds,BT20 6DS,£15–25k,675,Active,Spouse
CUST04145,33,Female,Belfast,BT33 6FT,£40–60k,645,Active,Spouse
CUST04146,18,Female,Liverpool,M64 2FF,£40–60k,654,Active,Spouse
CUST04147,22,Female,Birmingham,EH50 5HH,£40–60k,769,Active,Spouse
CUST04148,65,Female,Cardiff,EH24 3AL,£25–40k,727,Active,Spouse
CUST04149,61,Male,Glasgow,B19 2MF,£40–60k,649,Active,Spouse
CUST04150,52,Male,Bristol,L88 5SU,<£15k,728,Active,Spouse
CUST04151,48,Female,Bristol,LS25 1WR,£40–60k,673,Active,Spouse
CUST04152,44,Female,Leeds,LS38 5JO,£40–60k,713,Active,Spouse
CUST04153,48,Female,London,G65 9PQ,>£60k,642,Active,Spouse
CUST04154,64,Male,Belfast,BT43 1IO,£25–40k,702,Active,Spouse
CUST04155,56,Female,London,B2 6TV,£15–25k,665,Active,Spouse
CUST04156,51,Male,Bristol,CF88 6CT,<£15k,706,Active,Spouse
CUST04157,32,Male,Liverpool,LS88 8PI,<£15k,699,Active,Spouse
CUST04158,40,Female,Belfast,B51 7UV,£15–25k,686,Active,Spouse
CUST04159,58,Female,Leeds,B77 6NH,£25–40k,692,Active,Spouse
CUST04160,57,Female,Glasgow,B58 8PK,£25–40k,732,Active,Spouse
CUST04161,46,Male,Birmingham,B46 3AN,>£60k,759,Active,Spouse
CUST04162,58,Male,Manchester,BS45 9CE,£15–25k,705,Active,Spouse
CUST04163,47,Female,Belfast,B4 6SX,>£60k,759,Active,Spouse
CUST04164,53,Female,Birmingham,B76 5DC,£40–60k,776,Active,Spouse
CUST04165,42,Male,Liverpool,BS28 1ES,£40–60k,633,Active,Spouse
CUST04166,34,Male,Liverpool,L97 7HN,£25–40k,592,Active,Spouse
CUST04167,33,Male,Leeds,EH86 3UN,£40–60k,735,Active,Spouse
CUST04168,42,Male,Birmingham,BT93 5VY,£15–25k,647,Active,Spouse
CUST04169,36,Female,Birmingham,SW56 7CK,>£60k,715,Active,Spouse
CUST04170,37,Male,Glasgow,BT66 1UV,£25–40k,685,Active,Spouse
CUST04171,23,Female,Cardiff,L13 4GX,£40–60k,767,Active,Spouse
CUST04172,64,Female,Manchester,LS84 9YB,<£15k,650,Active,Spouse
CUST04173,39,Female,London,G74 9HW,£25–40k,586,Active,Spouse
CUST04174,60,Female,Birmingham,M83 2FE,£25–40k,625,Active,Spouse
CUST04175,44,Male,Manchester,B10 6XJ,£25–40k,639,Active,Spouse
CUST04176,44,Male,Cardiff,M92 6RE,£25–40k,749,Active,Spouse
CUST04177,52,Female,Bristol,CF54 9PM,£15–25k,736,Active,Spouse
CUST04178,81,Other,Glasgow,SW14 2QK,£25–40k,619,Active,Spouse
CUST04179,43,Male,Glasgow,CF69 1MJ,£40–60k,816,Active,Spouse
CUST04180,48,Male,Glasgow,B87 1BZ,<£15k,699,Active,Spouse
CUST04181,40,Male,Bristol,B73 9PO,£15–25k,706,Active,Spouse
CUST04182,44,Male,Cardiff,EH32 6QK,£25–40k,802,Active,Spouse
CUST04183,56,Female,Bristol,BS37 7XJ,£40–60k,690,Active,Spouse
CUST04184,55,Female,Manchester,BT56 3GJ,>£60k,654,Active,Spouse
CUST04185,44,Female,Birmingham,M79 3WN,<£15k,669,Active,Spouse
CUST04186,54,Male,Birmingham,B10 4FA,>£60k,692,Active,Spouse
CUST04187,46,Female,Glasgow,M6 5FT,£25–40k,687,Active,Spouse
CUST04188,49,Male,Glasgow,CF28 2JX,>£60k,738,Active,Spouse
CUST04189,64,Male,Edinburgh,CF73 2CP,>£60k,682,Active,Spouse
CUST04190,30,Female,Belfast,EH20 7ST,<£15k,721,Active,Spouse
CUST04191,27,Male,Belfast,BT36 9DU,£15–25k,680,Active,Spouse
CUST04192,23,Female,Birmingham,CF90 4DX,£15–25k,850,Active,Spouse
CUST04193,62,Male,Cardiff,SW8 4NN,>£60k,762,Active,Spouse
CUST04194,65,Male,Bristol,SW95 3WA,<£15k,754,Active,Spouse
CUST04195,48,Male,London,SW45 4XF,£15–25k,714,Active,Spouse
CUST04196,63,Female,Cardiff,L25 9MG,<£15k,778,Active,Spouse
CUST04197,31,Male,Manchester,SW42 1KZ,<£15k,690,Active,Spouse
CUST04198,45,Female,Birmingham,G32 9HR,<£15k,756,Active,Spouse
CUST04199,33,Male,London,L71 3NZ,£40–60k,649,Active,Spouse
CUST04200,26,Male,Belfast,B85 1BO,<£15k,670,Active,Spouse
CUST04201,40,Female,Bristol,CF90 7FO,£40–60k,793,Active,Spouse
CUST04202,57,Male,Bristol,LS30 3RG,<£15k,756,Active,Spouse
CUST04203,30,Male,Cardiff,BT50 4GP,>£60k,687,Active,Spouse
CUST04204,55,Male,Bristol,M65 6UD,£40–60k,708,Active,Spouse
CUST04205,52,Male,Cardiff,BS23 7OD,<£15k,625,Active,Spouse
CUST04206,46,Female,Leeds,BS71 5YD,£15–25k,744,Active,Spouse
CUST04207,30,Female,London,M25 3VQ,£25–40k,600,Active,Spouse
CUST04208,30,Male,Birmingham,LS29 3DV,£25–40k,773,Active,Spouse
CUST04209,28,Male,Cardiff,CF94 4LF,£25–40k,700,Active,Spouse
CUST04210,19,Male,Edinburgh,BT94 2QP,<£15k,649,Active,Spouse
CUST04211,47,Female,Liverpool,SW52 8PM,<£15k,699,Active,Spouse
CUST04212,60,Female,Manchester,SW55 6SF,£25–40k,723,Active,Spouse
CUST04213,30,Male,London,CF67 2UI,£25–40k,686,Active,Spouse
CUST04214,38,Male,Leeds,M80 3OT,£25–40k,575,Active,Spouse
CUST04215,68,Male,Edinburgh,BS15 8QW,£40–60k,702,Active,Spouse
CUST04216,48,Male,Manchester,L76 7SR,>£60k,739,Active,Spouse
CUST04217,54,Male,Leeds,CF89 5LV,£40–60k,746,Active,Spouse
CUST04218,39,Female,Edinburgh,B95 1WX,£15–25k,671,Active,Spouse
CUST04219,61,Male,Birmingham,BS49 6WM,£40–60k,796,Active,Spouse
CUST04220,19,Male,Cardiff,BS98 3TL,£15–25k,762,Active,Spouse
CUST04221,41,Female,Belfast,M18 6OG,£25–40k,695,Active,Spouse
CUST04222,18,Female,Glasgow,BT65 3KK,£15–25k,700,Active,Spouse
CUST04223,36,Male,Leeds,BT35 7UU,<£15k,570,Active,Spouse
CUST04224,62,Male,London,EH95 5ES,<£15k,711,Active,Spouse
CUST04225,50,Female,Belfast,SW57 5UP,£25–40k,770,Active,Spouse
CUST04226,55,Male,Birmingham,BT53 7SJ,£25–40k,622,Active,Spouse
CUST04227,58,Male,Manchester,EH74 7PA,<£15k,608,Active,Spouse
CUST04228,54,Male,Cardiff,SW71 8JV,<£15k,811,Active,Spouse
CUST04229,54,Male,Edinburgh,G72 6VT,>£60k,680,Active,Spouse
CUST04230,72,Male,Belfast,G52 5CQ,£15–25k,711,Active,Spouse
CUST04231,31,Male,Leeds,BT65 5DN,£15–25k,662,Active,Spouse
CUST04232,35,Female,Edinburgh,LS37 8QU,<£15k,825,Active,Spouse
CUST04233,53,Male,Liverpool,LS52 9ZR,£15–25k,737,Active,Spouse
CUST04234,51,Male,Manchester,BS38 9AI,£25–40k,715,Active,Spouse
CUST04235,37,Female,Glasgow,L2 3VU,<£15k,631,Active,Spouse
CUST04236,50,Female,Cardiff,BS2 6FD,£15–25k,806,Active,Spouse
CUST04237,49,Male,London,B52 3OB,£40–60k,777,Active,Spouse
CUST04238,19,Female,Bristol,BS38 9TB,>£60k,718,Active,Spouse
CUST04239,37,Female,London,CF23 5RI,<£15k,641,Active,Spouse
CUST04240,67,Female,Liverpool,CF14 4AR,>£60k,675,Active,Spouse
CUST04241,53,Male,Cardiff,BT72 4VZ,£40–60k,693,Active,Spouse
CUST04242,25,Female,London,L62 5VR,<£15k,744,Active,Spouse
CUST04243,39,Female,Cardiff,LS80 8IX,<£15k,753,Active,Spouse
CUST04244,32,Female,Manchester,CF45 7HA,£25–40k,669,Active,Spouse
CUST04245,53,Male,Birmingham,EH48 1BA,<£15k,653,Active,Spouse
CUST04246,55,Female,Leeds,SW87 6XM,£25–40k,586,Active,Spouse
CUST04247,27,Female,Bristol,M76 6UG,>£60k,704,Active,Spouse
CUST04248,78,Other,London,L50 5DR,>£60k,737,Active,Spouse
CUST04249,46,Female,Glasgow,BT25 8RV,£25–40k,730,Active,Spouse
CUST04250,39,Male,Glasgow,BS58 1QY,£15–25k,582,Active,Spouse
CUST04251,40,Female,Edinburgh,SW84 2QP,>£60k,684,Active,Spouse
CUST04252,62,Female,Birmingham,BS83 1AD,>£60k,741,Active,Spouse
CUST04253,29,Female,Leeds,BS48 2BH,£25–40k,569,Active,Spouse
CUST04254,43,Male,Glasgow,G39 5ET,>£60k,667,Active,Spouse
CUST04255,70,Female,Belfast,SW51 8IV,£40–60k,773,Active,Spouse
CUST04256,25,Female,Liverpool,BS72 7LF,£40–60k,739,Active,Spouse
CUST04257,52,Female,Glasgow,SW49 3ZY,<£15k,727,Active,Spouse
CUST04258,85,Male,Birmingham,M42 6TT,£40–60k,695,Active,Spouse
CUST04259,56,Other,Bristol,EH18 6NY,£15–25k,756,Active,Spouse
CUST04260,50,Male,Birmingham,B24 2TA,<£15k,800,Active,Spouse
CUST04261,48,Female,Liverpool,LS28 5OZ,£25–40k,752,Active,Spouse
CUST04262,35,Male,London,G64 5PM,>£60k,631,Active,Spouse
CUST04263,53,Male,Glasgow,CF37 6LT,<£15k,698,Active,Spouse
CUST04264,45,Male,Leeds,BT56 6FD,£15–25k,681,Active,Spouse
CUST04265,57,Female,Leeds,CF29 6AP,>£60k,711,Active,Spouse
CUST04266,78,Female,Manchester,B37 6XL,£25–40k,709,Active,Spouse
CUST04267,51,Female,Leeds,M22 1AX,£40–60k,759,Active,Spouse
CUST04268,53,Male,Leeds,BS17 3CC,£25–40k,633,Active,Spouse
CUST04269,42,Female,Edinburgh,LS82 3UO,£40–60k,656,Active,Spouse
CUST04270,52,Male,Edinburgh,B55 5RU,<£15k,717,Active,Spouse
CUST04271,58,Male,Cardiff,LS80 6RK,£15–25k,764,Active,Spouse
CUST04272,34,Male,Liverpool,CF42 3FS,£40–60k,762,Active,Spouse
CUST04273,63,Female,Glasgow,B88 6EW,£25–40k,644,Active,Spouse
CUST04274,51,Male,Liverpool,M52 2QK,£40–60k,785,Active,Spouse
CUST04275,42,Female,Edinburgh,L79 2OC,£25–40k,702,Active,Spouse
CUST04276,51,Male,London,L7 9UB,£25–40k,523,Active,Spouse
CUST04277,47,Male,Liverpool,G77 2IO,£25–40k,714,Active,Spouse
CUST04278,55,Male,Edinburgh,G35 8HY,£15–25k,742,Active,Spouse
CUST04279,44,Female,Liverpool,LS46 3JO,£40–60k,807,Active,Spouse
CUST04280,34,Male,Cardiff,G15 8DL,£15–25k,753,Active,Spouse
CUST04281,18,Female,Belfast,G90 8GI,<£15k,706,Active,Spouse
CUST04282,18,Female,Glasgow,BT27 1KH,£25–40k,710,Active,Spouse
CUST04283,52,Male,Edinburgh,CF69 1HG,£40–60k,683,Active,Spouse
CUST04284,46,Female,Manchester,CF28 7CZ,<£15k,747,Active,Spouse
CUST04285,18,Male,Manchester,LS31 9TF,£25–40k,673,Active,Spouse
CUST04286,66,Female,Bristol,SW66 8QR,<£15k,632,Active,Spouse
CUST04287,35,Male,Birmingham,CF9 6ZF,£40–60k,585,Active,Spouse
CUST04288,38,Female,Edinburgh,CF61 4AJ,>£60k,696,Active,Spouse
CUST04289,84,Male,Cardiff,BS24 6VC,£15–25k,727,Active,Spouse
CUST04290,39,Female,Liverpool,B16 8WJ,£25–40k,609,Active,Spouse
CUST04291,35,Male,Bristol,L85 4KX,£25–40k,651,Active,Spouse
CUST04292,18,Female,Leeds,EH66 1DQ,£15–25k,630,Active,Spouse
CUST04293,39,Male,Belfast,M46 7VP,£40–60k,686,Active,Spouse
CUST04294,56,Female,Leeds,G36 7PC,£15–25k,790,Active,Spouse
CUST04295,41,Male,Edinburgh,EH96 7FS,£25–40k,755,Active,Spouse
CUST04296,39,Male,Bristol,BT9 5HG,<£15k,646,Active,Spouse
CUST04297,55,Male,Bristol,B76 5MU,<£15k,675,Active,Spouse
CUST04298,33,Female,Bristol,G44 1TS,<£15k,643,Active,Spouse
CUST04299,20,Female,Belfast,BT4 1DB,>£60k,704,Active,Spouse
CUST04300,36,Male,Cardiff,BT71 6PH,£15–25k,757,Active,Spouse
CUST04301,72,Male,Belfast,SW69 4VW,£25–40k,643,Active,Spouse
CUST04302,24,Male,Liverpool,B13 2RT,<£15k,792,Active,Spouse
CUST04303,47,Female,Bristol,CF38 5FU,£40–60k,708,Active,Spouse
CUST04304,19,Other,Glasgow,BS36 9YQ,£25–40k,721,Active,Spouse
CUST04305,62,Female,Glasgow,BT97 8SL,<£15k,768,Active,Spouse
CUST04306,55,Female,Edinburgh,B72 6YP,£40–60k,632,Active,Spouse
CUST04307,18,Female,Liverpool,BT45 9EQ,£40–60k,632,Active,Spouse
CUST04308,21,Female,Manchester,BT7 3EC,£25–40k,747,Active,Spouse
CUST04309,35,Male,Edinburgh,BT60 9TV,>£60k,738,Active,Spouse
CUST04310,45,Male,Manchester,B39 9RG,£40–60k,661,Active,Spouse
CUST04311,31,Female,Belfast,EH11 8AK,£25–40k,657,Active,Spouse
CUST04312,24,Female,Belfast,CF39 5KZ,£40–60k,810,Active,Spouse
CUST04313,43,Female,Manchester,G27 7PY,£25–40k,701,Active,Spouse
CUST04314,44,Female,Birmingham,CF51 9DC,<£15k,746,Active,Spouse
CUST04315,32,Male,Birmingham,LS82 1GQ,<£15k,772,Active,Spouse
CUST04316,40,Male,Cardiff,L97 7RD,>£60k,678,Active,Spouse
CUST04317,65,Male,Manchester,BT32 8RC,£25–40k,650,Active,Spouse
CUST04318,51,Female,Glasgow,L74 1AX,£25–40k,699,Active,Spouse
CUST04319,35,Female,Belfast,BT81 3DO,<£15k,735,Active,Spouse
CUST04320,27,Female,Edinburgh,BT7 6KE,£25–40k,660,Active,Spouse
CUST04321,46,Male,Cardiff,BS55 4HZ,£40–60k,799,Active,Spouse
CUST04322,68,Female,Liverpool,M81 6XQ,<£15k,726,Active,Spouse
CUST04323,40,Other,Cardiff,SW97 8XA,£25–40k,580,Active,Spouse
CUST04324,59,Male,Liverpool,LS17 7AX,<£15k,765,Active,Spouse
CUST04325,72,Other,Manchester,M74 4ZS,£15–25k,725,Active,Spouse
CUST04326,41,Female,Manchester,SW32 9ES,£25–40k,750,Active,Spouse
CUST04327,44,Female,Edinburgh,G18 6LD,<£15k,690,Active,Spouse
CUST04328,21,Female,Leeds,BS6 1WQ,£40–60k,746,Active,Spouse
CUST04329,47,Male,Liverpool,CF13 9WD,£40–60k,791,Active,Spouse
CUST04330,36,Male,London,G42 1EJ,£40–60k,647,Active,Spouse
CUST04331,61,Male,Leeds,EH27 7CK,<£15k,779,Active,Spouse
CUST04332,45,Male,Cardiff,EH27 7YM,£25–40k,753,Active,Spouse
CUST04333,40,Male,Birmingham,EH11 4WL,£15–25k,684,Active,Spouse
CUST04334,51,Female,Cardiff,BT52 4GL,£25–40k,683,Active,Spouse
CUST04335,48,Male,Leeds,BT8 1UK,£40–60k,706,Active,Spouse
CUST04336,28,Male,Cardiff,L97 7CL,£25–40k,715,Active,Spouse
CUST04337,28,Female,Glasgow,EH86 4CU,£40–60k,747,Active,Spouse
CUST04338,61,Female,Liverpool,BS49 4SP,£25–40k,690,Active,Spouse
CUST04339,69,Male,Belfast,B46 6ZD,<£15k,778,Active,Spouse
CUST04340,49,Female,Manchester,BS38 4MV,£40–60k,684,Active,Spouse
CUST04341,60,Male,Belfast,SW85 3QH,£25–40k,801,Active,Spouse
CUST04342,50,Male,Edinburgh,EH24 8AF,>£60k,813,Active,Spouse
CUST04343,37,Female,Cardiff,BT54 7NA,>£60k,741,Active,Spouse
CUST04344,45,Male,Liverpool,LS38 3QC,£25–40k,644,Active,Spouse
CUST04345,39,Male,Bristol,G33 2WV,<£15k,765,Active,Spouse
CUST04346,43,Female,Bristol,M5 2TW,£15–25k,668,Active,Spouse
CUST04347,65,Male,Edinburgh,L82 4KR,£25–40k,763,Active,Spouse
CUST04348,39,Male,Glasgow,BS34 1LD,£25–40k,816,Active,Spouse
CUST04349,44,Male,London,LS86 9RA,£25–40k,721,Active,Spouse
CUST04350,46,Male,Birmingham,EH28 1IE,<£15k,652,Active,Spouse
CUST04351,42,Male,Edinburgh,BS27 7EQ,<£15k,699,Active,Spouse
CUST04352,18,Female,Manchester,G82 5VI,£25–40k,718,Active,Spouse
CUST04353,58,Male,Edinburgh,M68 4SK,<£15k,636,Active,Spouse
CUST04354,55,Female,Leeds,SW74 7SZ,£25–40k,769,Active,Spouse
CUST04355,18,Male,London,BS64 7IW,£25–40k,692,Active,Spouse
CUST04356,73,Female,Belfast,SW73 3FQ,£15–25k,717,Active,Spouse
CUST04357,18,Female,Cardiff,G79 9OY,£25–40k,626,Active,Spouse
CUST04358,49,Female,Glasgow,L97 6DW,£40–60k,739,Active,Spouse
CUST04359,46,Female,Leeds,L69 8EP,<£15k,716,Active,Spouse
CUST04360,46,Female,Manchester,EH35 4AU,£25–40k,663,Active,Spouse
CUST04361,46,Female,Bristol,CF72 2ZD,£15–25k,611,Active,Spouse
CUST04362,40,Male,Bristol,G93 1GJ,£15–25k,735,Active,Spouse
CUST04363,32,Female,Leeds,BT65 9CQ,£15–25k,686,Active,Spouse
CUST04364,47,Male,Edinburgh,LS71 8OU,£25–40k,810,Active,Spouse
CUST04365,60,Male,Liverpool,CF29 4GM,£25–40k,609,Active,Spouse
CUST04366,77,Male,Glasgow,EH58 1ID,<£15k,786,Active,Spouse
CUST04367,48,Male,Leeds,SW78 1TD,£25–40k,751,Active,Spouse
CUST04368,34,Female,Liverpool,LS66 7AF,£40–60k,699,Active,Spouse
CUST04369,33,Female,Cardiff,B51 3LI,£15–25k,738,Active,Spouse
CUST04370,82,Male,Birmingham,SW34 2UF,£40–60k,678,Active,Spouse
CUST04371,43,Female,Leeds,M79 1XU,£25–40k,701,Active,Spouse
CUST04372,40,Female,Liverpool,EH60 3AI,£15–25k,735,Active,Spouse
CUST04373,62,Female,Glasgow,M3 1WW,£15–25k,668,Active,Spouse
CUST04374,45,Male,Edinburgh,BT91 5DS,£40–60k,743,Active,Spouse
CUST04375,32,Female,Leeds,B35 6YH,£40–60k,629,Active,Spouse
CUST04376,36,Female,Cardiff,M8 8WT,>£60k,746,Active,Spouse
CUST04377,31,Female,Glasgow,M82 3EY,£15–25k,671,Active,Spouse
CUST04378,45,Female,Glasgow,CF60 1SX,>£60k,711,Active,Spouse
CUST04379,43,Male,Cardiff,EH20 7IS,<£15k,702,Active,Spouse
CUST04380,23,Male,Bristol,LS24 3LC,£25–40k,664,Active,Spouse
CUST04381,57,Male,Edinburgh,G19 3JA,£40–60k,660,Active,Spouse
CUST04382,48,Male,Glasgow,LS23 7DD,>£60k,706,Active,Spouse
CUST04383,56,Male,Cardiff,BT7 1GJ,£25–40k,754,Active,Spouse
CUST04384,62,Female,Bristol,CF56 2WM,<£15k,791,Active,Spouse
CUST04385,31,Male,Leeds,SW61 1ER,<£15k,583,Active,Spouse
CUST04386,39,Female,Bristol,EH89 3BE,<£15k,642,Active,Spouse
CUST04387,33,Female,London,SW77 6YZ,£25–40k,732,Active,Spouse
CUST04388,61,Male,Leeds,BS54 3CS,<£15k,714,Active,Spouse
CUST04389,35,Male,Liverpool,LS53 9SA,£40–60k,717,Active,Spouse
CUST04390,56,Female,London,L60 8TK,£15–25k,616,Active,Spouse
CUST04391,40,Male,London,SW13 8HE,<£15k,687,Active,Spouse
CUST04392,42,Male,Liverpool,BT2 1ZO,£40–60k,649,Active,Spouse
CUST04393,49,Female,Leeds,BT60 2GY,<£15k,724,Active,Spouse
CUST04394,31,Male,London,EH22 3CD,£40–60k,783,Active,Spouse
CUST04395,27,Female,Leeds,CF49 1XQ,>£60k,660,Active,Spouse
CUST04396,26,Female,Edinburgh,M84 7PE,£40–60k,618,Active,Spouse
CUST04397,47,Female,Birmingham,M4 5KW,£15–25k,660,Active,Spouse
CUST04398,58,Male,Glasgow,BS15 8DS,£40–60k,650,Active,Spouse
CUST04399,35,Female,Birmingham,CF9 8AO,£40–60k,745,Active,Spouse
CUST04400,29,Male,Glasgow,G32 7BE,£25–40k,673,Active,Spouse
CUST04401,65,Male,Leeds,G38 3FL,<£15k,555,Active,Spouse
CUST04402,18,Female,Birmingham,M83 7AE,>£60k,616,Active,Spouse
CUST04403,68,Male,Liverpool,B28 5YC,>£60k,792,Active,Spouse
CUST04404,51,Male,Birmingham,SW75 5JX,£25–40k,718,Active,Spouse
CUST04405,24,Female,Edinburgh,EH24 7TA,>£60k,706,Active,Spouse
CUST04406,31,Female,Leeds,B54 6KD,£40–60k,756,Active,Spouse
CUST04407,59,Female,Leeds,B61 7CU,>£60k,666,Active,Spouse
CUST04408,52,Male,Edinburgh,BT39 9AV,£15–25k,721,Active,Spouse
CUST04409,43,Female,Birmingham,G45 6SR,£25–40k,648,Active,Spouse
CUST04410,38,Male,Liverpool,M49 1ED,>£60k,753,Active,Spouse
CUST04411,65,Male,Manchester,BT86 2KR,>£60k,678,Active,Spouse
CUST04412,67,Male,Belfast,M22 7RM,£25–40k,726,Active,Spouse
CUST04413,43,Male,Glasgow,BT69 7IP,<£15k,687,Active,Spouse
CUST04414,32,Male,Cardiff,BS66 7EG,£40–60k,735,Active,Spouse
CUST04415,70,Female,Edinburgh,BS8 1QQ,<£15k,692,Active,Spouse
CUST04416,30,Male,Glasgow,G59 5AQ,<£15k,745,Active,Spouse
CUST04417,38,Male,Leeds,EH85 9CS,>£60k,650,Active,Spouse
CUST04418,23,Male,Manchester,BT5 8JT,£15–25k,733,Active,Spouse
CUST04419,62,Female,Belfast,B11 7JB,£15–25k,628,Active,Spouse
CUST04420,40,Female,London,BS74 9YG,<£15k,686,Active,Spouse
CUST04421,33,Male,Bristol,BT94 3GZ,£40–60k,788,Active,Spouse
CUST04422,22,Female,Liverpool,LS36 9IQ,<£15k,726,Active,Spouse
CUST04423,54,Female,Bristol,G58 1QF,£15–25k,654,Active,Spouse
CUST04424,30,Female,Manchester,LS74 9NK,>£60k,663,Active,Spouse
CUST04425,18,Female,Glasgow,BS24 3WA,>£60k,804,Active,Spouse
CUST04426,37,Female,Birmingham,M22 4XX,£40–60k,675,Active,Spouse
CUST04427,74,Female,Edinburgh,B2 6KA,£40–60k,600,Active,Spouse
CUST04428,42,Male,Leeds,LS1 1AA,£25–40k,747,Active,Spouse
CUST04429,71,Male,Cardiff,CF49 4ZJ,<£15k,606,Active,Spouse
CUST04430,73,Female,Bristol,EH31 2TA,£25–40k,681,Active,Spouse
CUST04431,40,Female,London,CF67 2DI,£25–40k,629,Active,Spouse
CUST04432,46,Male,Manchester,BS1 1SC,£40–60k,815,Active,Spouse
CUST04433,45,Male,Bristol,BT97 3HE,<£15k,648,Active,Spouse
CUST04434,34,Female,Edinburgh,LS59 9YS,£40–60k,850,Active,Spouse
CUST04435,35,Female,Edinburgh,BT6 7AR,£25–40k,794,Active,Spouse
CUST04436,72,Female,Liverpool,G70 2RN,<£15k,611,Active,Spouse
CUST04437,28,Female,Edinburgh,G50 4BB,<£15k,639,Active,Spouse
CUST04438,36,Female,London,BT76 9IV,£40–60k,824,Active,Spouse
CUST04439,73,Female,Leeds,LS56 2DX,£25–40k,699,Active,Spouse
CUST04440,38,Male,Leeds,EH11 2QC,£15–25k,579,Active,Spouse
CUST04441,48,Female,Liverpool,M85 9UL,£25–40k,705,Active,Spouse
CUST04442,26,Female,Glasgow,L65 3YS,<£15k,724,Active,Spouse
CUST04443,59,Male,Glasgow,B3 4UI,<£15k,626,Active,Spouse
CUST04444,37,Male,London,M47 4KY,<£15k,753,Active,Spouse
CUST04445,34,Female,Leeds,G53 7AO,£15–25k,666,Active,Spouse
CUST04446,37,Female,Liverpool,BS74 5JS,£40–60k,727,Active,Spouse
CUST04447,61,Female,Glasgow,BS56 8EW,£15–25k,800,Active,Spouse
CUST04448,60,Male,London,M8 9EI,<£15k,698,Active,Spouse
CUST04449,54,Male,London,B91 9CW,<£15k,622,Active,Spouse
CUST04450,78,Male,Cardiff,B18 4QO,£15–25k,651,Active,Spouse
CUST04451,53,Female,Belfast,G1 3ME,£40–60k,708,Active,Spouse
CUST04452,24,Male,London,CF45 9CP,£40–60k,651,Active,Spouse
CUST04453,62,Female,Glasgow,L18 8HZ,<£15k,691,Active,Spouse
CUST04454,30,Female,Liverpool,LS53 5FH,<£15k,681,Active,Spouse
CUST04455,30,Female,Liverpool,EH3 1JC,£40–60k,666,Active,Spouse
CUST04456,21,Male,Birmingham,BT13 9ER,£15–25k,698,Active,Spouse
CUST04457,46,Female,Liverpool,M71 2VN,£40–60k,666,Active,Spouse
CUST04458,62,Female,Manchester,B81 6LS,<£15k,670,Active,Spouse
CUST04459,42,Male,London,G86 7DB,<£15k,663,Active,Spouse
CUST04460,38,Female,London,EH78 3HB,£40–60k,741,Active,Spouse
CUST04461,26,Male,Glasgow,BS53 1BC,<£15k,724,Active,Spouse
CUST04462,34,Female,Birmingham,CF32 9EO,£15–25k,626,Active,Spouse
CUST04463,39,Female,Manchester,SW12 3GE,>£60k,793,Active,Spouse
CUST04464,53,Female,Belfast,BS9 6CE,£40–60k,676,Active,Spouse
CUST04465,31,Male,London,G69 6AP,<£15k,811,Active,Spouse
CUST04466,48,Female,Bristol,BS97 6HY,£15–25k,701,Active,Spouse
CUST04467,52,Male,Glasgow,G49 1JU,<£15k,737,Active,Spouse
CUST04468,37,Male,Birmingham,B57 7HU,£40–60k,750,Active,Spouse
CUST04469,23,Female,Glasgow,BS4 2TC,£15–25k,734,Active,Spouse
CUST04470,38,Female,Liverpool,LS1 6PX,£15–25k,773,Active,Spouse
CUST04471,37,Male,Leeds,G63 3IH,£25–40k,759,Active,Spouse
CUST04472,49,Female,Liverpool,CF54 2PN,>£60k,850,Active,Spouse
CUST04473,56,Male,Cardiff,B21 6YD,<£15k,702,Active,Spouse
CUST04474,19,Male,Birmingham,EH86 3MO,£15–25k,767,Active,Spouse
CUST04475,63,Female,London,CF51 7WZ,>£60k,678,Active,Spouse
CUST04476,34,Male,Bristol,L90 7EE,£15–25k,752,Active,Spouse
CUST04477,49,Female,Glasgow,M80 8NR,£15–25k,689,Active,Spouse
CUST04478,51,Female,Edinburgh,CF35 5PO,£15–25k,678,Active,Spouse
CUST04479,62,Female,Manchester,B75 1UG,£40–60k,683,Active,Spouse
CUST04480,58,Male,Liverpool,SW5 7DZ,<£15k,702,Active,Spouse
CUST04481,50,Female,Cardiff,G65 8JE,<£15k,809,Active,Spouse
CUST04482,37,Female,Birmingham,LS41 5ZG,<£15k,748,Active,Spouse
CUST04483,67,Male,Glasgow,SW40 7XY,£15–25k,745,Active,Spouse
CUST04484,63,Male,Bristol,CF20 2EC,£15–25k,708,Active,Spouse
CUST04485,55,Male,Liverpool,BS33 6FL,>£60k,759,Active,Spouse
CUST04486,45,Male,Glasgow,BT23 1MV,>£60k,848,Active,Spouse
CUST04487,32,Male,Glasgow,G83 2YD,£40–60k,641,Active,Spouse
CUST04488,70,Male,Manchester,BT64 4RR,£40–60k,787,Active,Spouse
CUST04489,34,Female,Manchester,CF19 8HA,£15–25k,775,Active,Spouse
CUST04490,52,Female,Bristol,LS40 4KV,£15–25k,703,Active,Spouse
CUST04491,34,Female,Belfast,G65 9ZF,£25–40k,694,Active,Spouse
CUST04492,31,Female,Manchester,CF67 5SZ,£25–40k,684,Active,Spouse
CUST04493,31,Male,Bristol,CF3 7MI,£25–40k,621,Active,Spouse
CUST04494,64,Male,London,L13 2BF,£15–25k,690,Active,Spouse
CUST04495,50,Female,Manchester,B48 5GV,£25–40k,668,Active,Spouse
CUST04496,41,Female,Glasgow,M93 3HA,£25–40k,643,Active,Spouse
CUST04497,70,Female,Manchester,BS7 5TX,>£60k,578,Active,Spouse
CUST04498,58,Female,Cardiff,BS1 4PE,£15–25k,666,Active,Spouse
CUST04499,30,Female,Manchester,CF50 1BG,£15–25k,616,Active,Spouse
CUST04500,47,Female,Birmingham,SW90 4DT,<£15k,746,Active,Spouse
CUST04501,55,Male,Edinburgh,CF76 1CC,£25–40k,674,Active,Spouse
CUST04502,41,Female,Glasgow,SW2 4JP,£25–40k,641,Active,Spouse
CUST04503,32,Female,Manchester,LS14 8XD,£40–60k,776,Active,Spouse
CUST04504,19,Female,Belfast,EH98 9NB,£25–40k,591,Active,Spouse
CUST04505,34,Male,Manchester,BS20 6VW,£40–60k,800,Active,Spouse
CUST04506,45,Female,Belfast,SW93 9ID,£15–25k,848,Active,Spouse
CUST04507,40,Male,Belfast,G82 8QK,£40–60k,742,Active,Spouse
CUST04508,61,Female,Liverpool,SW81 2CG,£25–40k,833,Active,Spouse
CUST04509,36,Male,Edinburgh,L29 6QF,<£15k,701,Active,Spouse
CUST04510,42,Male,Manchester,SW61 3RQ,£40–60k,747,Active,Spouse
CUST04511,68,Male,Edinburgh,CF96 1PE,£40–60k,791,Active,Spouse
CUST04512,35,Male,Edinburgh,BT98 1WH,£40–60k,651,Active,Spouse
CUST04513,55,Male,Edinburgh,M54 2NA,<£15k,635,Active,Spouse
CUST04514,57,Female,Cardiff,CF15 8EE,>£60k,701,Active,Spouse
CUST04515,65,Female,Leeds,BT98 7IP,£25–40k,768,Active,Spouse
CUST04516,47,Male,Edinburgh,M69 4PK,£25–40k,630,Active,Spouse
CUST04517,28,Male,Leeds,SW58 7RD,<£15k,704,Active,Spouse
CUST04518,52,Male,London,B37 9AV,<£15k,681,Active,Spouse
CUST04519,31,Male,Cardiff,L46 8QB,<£15k,683,Active,Spouse
CUST04520,65,Female,London,B84 5VJ,£25–40k,683,Active,Spouse
CUST04521,36,Female,Leeds,B28 7FF,<£15k,633,Active,Spouse
CUST04522,44,Female,Manchester,BS75 1ZM,£15–25k,769,Active,Spouse
CUST04523,63,Female,Belfast,BS71 6OI,£15–25k,653,Active,Spouse
CUST04524,47,Female,Bristol,EH3 7ZO,>£60k,658,Active,Spouse
CUST04525,39,Female,Liverpool,M56 2HS,£15–25k,695,Active,Spouse
CUST04526,37,Male,Liverpool,B12 6BX,£25–40k,532,Active,Spouse
CUST04527,70,Female,Manchester,BS39 3MC,<£15k,664,Active,Spouse
CUST04528,35,Male,London,EH2 4GL,£40–60k,653,Active,Spouse
CUST04529,23,Male,London,CF99 5ZF,>£60k,803,Active,Spouse
CUST04530,44,Male,Glasgow,LS90 2TR,£40–60k,730,Active,Spouse
CUST04531,50,Female,Leeds,BT18 5RJ,<£15k,669,Active,Spouse
CUST04532,44,Male,Cardiff,M29 1AJ,£25–40k,744,Active,Spouse
CUST04533,24,Male,Manchester,BS77 2AK,£40–60k,677,Active,Spouse
CUST04534,41,Male,Leeds,SW19 2LC,£40–60k,667,Active,Spouse
CUST04535,36,Female,Bristol,EH93 6YZ,<£15k,710,Active,Spouse
CUST04536,66,Female,Cardiff,BS90 5MW,<£15k,727,Active,Spouse
CUST04537,32,Male,Leeds,LS86 6HJ,£25–40k,850,Active,Spouse
CUST04538,66,Male,Cardiff,M12 1KA,£40–60k,671,Active,Spouse
CUST04539,66,Female,Manchester,G64 7IY,£25–40k,712,Active,Spouse
CUST04540,28,Male,Birmingham,EH65 7DK,£15–25k,776,Active,Spouse
CUST04541,32,Male,Edinburgh,LS71 6KX,£25–40k,730,Active,Spouse
CUST04542,47,Female,Manchester,B70 2OP,£40–60k,735,Active,Spouse
CUST04543,72,Female,Liverpool,M18 4SL,£15–25k,698,Active,Spouse
CUST04544,27,Male,Belfast,EH65 2KL,>£60k,659,Active,Spouse
CUST04545,26,Female,Glasgow,B49 1YV,£25–40k,610,Active,Spouse
CUST04546,61,Female,Belfast,EH21 4XM,£40–60k,706,Active,Spouse
CUST04547,42,Female,London,B38 5NY,>£60k,545,Active,Spouse
CUST04548,38,Female,Liverpool,G55 8OE,£40–60k,751,Active,Spouse
CUST04549,68,Male,London,L9 8DA,<£15k,650,Active,Spouse
CUST04550,51,Male,Edinburgh,LS8 9OD,£25–40k,762,Active,Spouse
CUST04551,48,Male,Liverpool,BS34 8RU,<£15k,745,Active,Spouse
CUST04552,27,Female,Leeds,EH86 1GD,>£60k,545,Active,Spouse
CUST04553,68,Male,Edinburgh,L40 4QA,<£15k,751,Active,Spouse
CUST04554,53,Female,Birmingham,EH38 2JQ,£25–40k,758,Active,Spouse
CUST04555,40,Female,Liverpool,EH86 3MB,£15–25k,640,Active,Spouse
CUST04556,26,Male,Birmingham,BT23 6IY,<£15k,619,Active,Spouse
CUST04557,51,Male,Bristol,CF52 3OF,£15–25k,675,Active,Spouse
CUST04558,67,Male,Cardiff,CF39 1ON,£15–25k,775,Active,Spouse
CUST04559,57,Male,Bristol,G18 1OU,£25–40k,736,Active,Spouse
CUST04560,34,Female,Bristol,LS19 8CW,£25–40k,668,Active,Spouse
CUST04561,34,Female,Leeds,L27 9MP,£40–60k,638,Active,Spouse
CUST04562,43,Female,Bristol,B46 3GQ,£15–25k,761,Active,Spouse
CUST04563,42,Female,Bristol,CF61 1NV,£15–25k,655,Active,Spouse
CUST04564,42,Male,London,G67 9MS,<£15k,710,Active,Spouse
CUST04565,37,Male,Leeds,B8 6YL,£25–40k,693,Active,Spouse
CUST04566,85,Male,Leeds,G1 6ZA,£25–40k,618,Active,Spouse
CUST04567,18,Female,Cardiff,BT99 3PG,£25–40k,705,Active,Spouse
CUST04568,50,Female,Belfast,BS96 2KT,>£60k,691,Active,Spouse
CUST04569,30,Male,Edinburgh,BS33 1KG,£40–60k,789,Active,Spouse
CUST04570,45,Female,Liverpool,BS58 1XP,£15–25k,708,Active,Spouse
CUST04571,57,Female,Cardiff,BT60 8WK,>£60k,688,Active,Spouse
CUST04572,40,Female,Liverpool,G21 7CS,>£60k,789,Active,Spouse
CUST04573,20,Male,London,LS68 5EF,£25–40k,720,Active,Spouse
CUST04574,48,Male,Edinburgh,LS52 3OX,£25–40k,674,Active,Spouse
CUST04575,42,Female,Leeds,B8 3FU,£15–25k,783,Active,Spouse
CUST04576,32,Female,Birmingham,EH14 2YC,£25–40k,745,Active,Spouse
CUST04577,45,Male,Edinburgh,L84 8NT,£25–40k,738,Active,Spouse
CUST04578,51,Male,Manchester,EH14 7FB,<£15k,577,Active,Spouse
CUST04579,32,Female,Glasgow,B79 9LD,£25–40k,658,Active,Spouse
CUST04580,30,Male,Glasgow,G71 7SR,£25–40k,665,Active,Spouse
CUST04581,47,Male,Leeds,SW48 3DN,£40–60k,756,Active,Spouse
CUST04582,26,Female,Belfast,SW27 3FA,>£60k,701,Active,Spouse
CUST04583,49,Male,Birmingham,BS73 9AD,<£15k,768,Active,Spouse
CUST04584,69,Male,Glasgow,B87 7IP,£15–25k,688,Active,Spouse
CUST04585,30,Male,Manchester,SW55 9AC,<£15k,721,Active,Spouse
CUST04586,31,Female,Edinburgh,EH98 1GZ,>£60k,716,Active,Spouse
CUST04587,33,Female,Manchester,BS25 8YB,>£60k,572,Active,Spouse
CUST04588,52,Female,Liverpool,SW5 5SG,<£15k,659,Active,Spouse
CUST04589,67,Male,Leeds,B53 8FI,>£60k,700,Active,Spouse
CUST04590,21,Female,Glasgow,BS74 4DZ,£40–60k,758,Active,Spouse
CUST04591,42,Female,Edinburgh,B73 5ZO,£25–40k,735,Active,Spouse
CUST04592,59,Male,Bristol,LS72 1RH,£15–25k,703,Active,Spouse
CUST04593,25,Female,Belfast,SW95 7YK,£25–40k,709,Active,Spouse
CUST04594,65,Male,Glasgow,SW21 6TX,£25–40k,694,Active,Spouse
CUST04595,51,Male,Belfast,CF42 2WT,£15–25k,652,Active,Spouse
CUST04596,23,Female,Leeds,BT29 3OW,<£15k,690,Active,Spouse
CUST04597,45,Female,Birmingham,EH24 9CF,£15–25k,767,Active,Spouse
CUST04598,46,Other,Belfast,M50 4LU,£40–60k,761,Active,Spouse
CUST04599,38,Male,London,G99 7BE,£15–25k,620,Active,Spouse
CUST04600,52,Male,Bristol,BS58 7UK,>£60k,788,Active,Spouse
CUST04601,36,Female,Birmingham,EH22 9UJ,£15–25k,737,Active,Spouse
CUST04602,55,Male,Liverpool,LS76 8IT,>£60k,613,Active,Spouse
CUST04603,41,Female,Belfast,L3 8XA,£25–40k,742,Active,Spouse
CUST04604,50,Male,Cardiff,CF56 5AN,£25–40k,743,Active,Spouse
CUST04605,53,Male,Edinburgh,L97 7AF,<£15k,695,Active,Spouse
CUST04606,45,Female,London,CF2 2SF,£25–40k,765,Active,Spouse
CUST04607,47,Male,Belfast,SW22 3YC,£15–25k,658,Active,Spouse
CUST04608,42,Female,Liverpool,G31 1II,£15–25k,724,Active,Spouse
CUST04609,60,Female,Cardiff,BT5 4FF,£25–40k,611,Active,Spouse
CUST04610,41,Female,Liverpool,LS32 4FA,£40–60k,755,Active,Spouse
CUST04611,32,Female,Birmingham,LS46 2BE,<£15k,651,Active,Spouse
CUST04612,45,Female,Liverpool,L45 1DT,<£15k,608,Active,Spouse
CUST04613,71,Female,Leeds,L37 6ZW,>£60k,724,Active,Spouse
CUST04614,54,Male,London,LS52 9RZ,<£15k,769,Active,Spouse
CUST04615,81,Female,Cardiff,G89 4TG,£40–60k,695,Active,Spouse
CUST04616,22,Female,Leeds,LS21 5HM,£40–60k,718,Active,Spouse
CUST04617,33,Female,Birmingham,BT55 3AZ,>£60k,632,Active,Spouse
CUST04618,37,Male,Cardiff,SW45 9UH,£15–25k,694,Active,Spouse
CUST04619,62,Female,Manchester,B35 5CF,£40–60k,809,Active,Spouse
CUST04620,29,Male,Belfast,SW57 6YT,£25–40k,675,Active,Spouse
CUST04621,53,Female,Bristol,L79 3BD,£40–60k,743,Active,Spouse
CUST04622,31,Other,Birmingham,LS64 7GC,<£15k,755,Active,Spouse
CUST04623,34,Female,Edinburgh,EH40 6IF,>£60k,643,Active,Spouse
CUST04624,52,Female,Manchester,SW50 3TY,>£60k,772,Active,Spouse
CUST04625,49,Male,Glasgow,M73 4OK,£15–25k,708,Active,Spouse
CUST04626,43,Female,Belfast,M76 3FM,£25–40k,704,Active,Spouse
CUST04627,41,Female,Edinburgh,M90 4DP,£25–40k,733,Active,Spouse
CUST04628,46,Female,Liverpool,LS93 7EN,£40–60k,840,Active,Spouse
CUST04629,50,Male,Glasgow,EH41 3VQ,£15–25k,687,Active,Spouse
CUST04630,30,Female,Bristol,G50 2EW,£40–60k,647,Active,Spouse
CUST04631,50,Female,London,BT55 2OZ,<£15k,668,Active,Spouse
CUST04632,47,Female,Leeds,SW1 3VX,£25–40k,776,Active,Spouse
CUST04633,27,Female,Cardiff,G41 3IB,£15–25k,690,Active,Spouse
CUST04634,18,Female,Leeds,B91 2CL,£25–40k,613,Active,Spouse
CUST04635,48,Female,Leeds,L46 1KD,<£15k,618,Active,Spouse
CUST04636,27,Female,Glasgow,LS93 3DS,<£15k,800,Active,Spouse
CUST04637,35,Female,Manchester,G31 1QO,£40–60k,643,Active,Spouse
CUST04638,64,Female,Edinburgh,BT60 3IO,£15–25k,642,Active,Spouse
CUST04639,50,Male,Belfast,B48 5EE,£25–40k,721,Active,Spouse
CUST04640,57,Male,Manchester,CF70 4WI,£40–60k,634,Active,Spouse
CUST04641,32,Female,Liverpool,CF15 3XA,£15–25k,663,Active,Spouse
CUST04642,33,Female,Glasgow,CF62 8BN,£25–40k,747,Active,Spouse
CUST04643,50,Male,Edinburgh,BS74 4GH,£40–60k,731,Active,Spouse
CUST04644,22,Female,Birmingham,BT76 9NL,£25–40k,712,Active,Spouse
CUST04645,66,Female,Manchester,L80 1FK,£25–40k,829,Active,Spouse
CUST04646,38,Male,Edinburgh,CF86 5NI,£25–40k,752,Active,Spouse
CUST04647,33,Female,London,CF43 9ZZ,£25–40k,612,Active,Spouse
CUST04648,23,Male,Liverpool,CF68 4XR,£25–40k,777,Active,Spouse
CUST04649,39,Male,Birmingham,L90 7WZ,<£15k,665,Active,Spouse
CUST04650,56,Male,Edinburgh,B52 3AX,£25–40k,626,Active,Spouse
CUST04651,52,Male,Cardiff,G51 8EV,<£15k,686,Active,Spouse
CUST04652,75,Female,Belfast,B47 5GY,<£15k,674,Active,Spouse
CUST04653,42,Female,Liverpool,L11 7FR,<£15k,615,Active,Spouse
CUST04654,78,Female,Birmingham,B24 6AY,<£15k,678,Active,Spouse
CUST04655,70,Male,Manchester,CF24 6XZ,<£15k,599,Active,Spouse
CUST04656,49,Male,Bristol,B97 5OF,£25–40k,825,Active,Spouse
CUST04657,35,Male,Cardiff,BS25 5FU,<£15k,712,Active,Spouse
CUST04658,64,Male,London,M22 3HI,£25–40k,679,Active,Spouse
CUST04659,23,Female,Manchester,G73 3TA,£40–60k,671,Active,Spouse
CUST04660,49,Male,London,BT90 7MF,£40–60k,716,Active,Spouse
CUST04661,55,Female,Edinburgh,SW18 7MA,<£15k,650,Active,Spouse
CUST04662,74,Female,Glasgow,L7 6NG,<£15k,651,Active,Spouse
CUST04663,46,Male,Birmingham,M62 5UB,<£15k,719,Active,Spouse
CUST04664,48,Female,London,LS79 2BX,£40–60k,634,Active,Spouse
CUST04665,65,Female,Manchester,BT29 4LY,£15–25k,668,Active,Spouse
CUST04666,51,Female,Leeds,CF80 3EF,£40–60k,711,Active,Spouse
CUST04667,47,Female,Glasgow,EH12 2SH,£40–60k,608,Active,Spouse
CUST04668,35,Female,Bristol,SW89 1NA,£15–25k,724,Active,Spouse
CUST04669,22,Female,Cardiff,B60 8VB,£25–40k,686,Active,Spouse
CUST04670,46,Male,Liverpool,BS36 7DV,<£15k,738,Active,Spouse
CUST04671,46,Male,Bristol,SW61 7EM,£15–25k,688,Active,Spouse
CUST04672,48,Male,Glasgow,LS91 9WL,£15–25k,685,Active,Spouse
CUST04673,32,Female,London,SW74 6HO,<£15k,670,Active,Spouse
CUST04674,50,Male,Birmingham,LS35 7CO,£15–25k,689,Active,Spouse
CUST04675,83,Female,Bristol,B29 2GG,<£15k,632,Active,Spouse
CUST04676,50,Female,Bristol,M2 5JW,<£15k,731,Active,Spouse
CUST04677,45,Female,Manchester,BS39 3GW,£25–40k,681,Active,Spouse
CUST04678,44,Female,Manchester,BS45 5JD,£40–60k,699,Active,Spouse
CUST04679,68,Female,Leeds,EH23 8PV,£40–60k,594,Active,Spouse
CUST04680,31,Female,Bristol,CF47 8NY,>£60k,715,Active,Spouse
CUST04681,60,Female,London,BS89 4ZI,£40–60k,650,Active,Spouse
CUST04682,28,Male,Belfast,G24 1IN,£25–40k,691,Active,Spouse
CUST04683,31,Female,Manchester,EH42 6DQ,£40–60k,691,Active,Spouse
CUST04684,32,Female,Cardiff,EH3 2PT,<£15k,739,Active,Spouse
CUST04685,32,Female,Belfast,BT25 3JW,£15–25k,603,Active,Spouse
CUST04686,54,Female,Birmingham,SW22 5RH,<£15k,699,Active,Spouse
CUST04687,38,Female,Edinburgh,G35 5CY,<£15k,676,Active,Spouse
CUST04688,46,Male,Edinburgh,B29 5LN,<£15k,635,Active,Spouse
CUST04689,24,Female,Liverpool,LS65 7SI,>£60k,649,Active,Spouse
CUST04690,40,Female,Edinburgh,BT98 1FL,>£60k,645,Active,Spouse
CUST04691,68,Male,Glasgow,CF48 4MY,£40–60k,649,Active,Spouse
CUST04692,45,Female,Birmingham,BS72 1IW,<£15k,727,Active,Spouse
CUST04693,62,Female,Edinburgh,B26 9NX,<£15k,805,Active,Spouse
CUST04694,78,Male,Glasgow,M84 1AT,£15–25k,768,Active,Spouse
CUST04695,59,Female,Liverpool,LS65 6UK,£40–60k,639,Active,Spouse
CUST04696,52,Female,Edinburgh,G23 2MX,£15–25k,684,Active,Spouse
CUST04697,41,Female,Glasgow,LS42 1ZB,£15–25k,675,Active,Spouse
CUST04698,29,Female,Belfast,LS62 9CI,£15–25k,666,Active,Spouse
CUST04699,31,Male,Bristol,SW40 8UU,£25–40k,594,Active,Spouse
CUST04700,65,Female,Bristol,M38 4OQ,£40–60k,700,Active,Spouse
CUST04701,45,Male,Cardiff,G36 4OB,<£15k,695,Active,Spouse
CUST04702,60,Female,Bristol,BS11 9YO,£25–40k,708,Active,Spouse
CUST04703,65,Male,Liverpool,BS33 7OE,<£15k,737,Active,Spouse
CUST04704,34,Male,Bristol,LS52 9ZZ,£15–25k,773,Active,Spouse
CUST04705,49,Female,Manchester,L85 5WC,£25–40k,694,Active,Spouse
CUST04706,58,Male,Cardiff,L67 1BE,£15–25k,701,Active,Spouse
CUST04707,55,Female,Edinburgh,EH90 3SD,£40–60k,629,Active,Spouse
CUST04708,45,Male,London,CF40 6BW,£25–40k,660,Active,Spouse
CUST04709,77,Male,Edinburgh,CF50 1JH,£25–40k,779,Active,Spouse
CUST04710,48,Male,Liverpool,BS97 7BK,£40–60k,772,Active,Spouse
CUST04711,35,Female,London,LS91 4OI,£25–40k,672,Active,Spouse
CUST04712,18,Male,Bristol,BT66 4GA,£15–25k,739,Active,Spouse
CUST04713,18,Female,Bristol,EH83 8VG,£40–60k,667,Active,Spouse
CUST04714,27,Female,London,BS61 2RE,£40–60k,761,Active,Spouse
CUST04715,75,Male,Birmingham,B54 7PS,£40–60k,749,Active,Spouse
CUST04716,54,Male,Glasgow,M79 1YQ,£40–60k,713,Active,Spouse
CUST04717,46,Female,Edinburgh,CF83 9NK,£15–25k,650,Active,Spouse
CUST04718,22,Female,Leeds,CF98 6VT,<£15k,706,Active,Spouse
CUST04719,49,Female,London,BS61 4SN,<£15k,719,Active,Spouse
CUST04720,52,Female,Leeds,G88 3WQ,£40–60k,744,Active,Spouse
CUST04721,45,Male,Belfast,CF97 8MA,>£60k,645,Active,Spouse
CUST04722,51,Female,Liverpool,L3 5SE,£15–25k,740,Active,Spouse
CUST04723,40,Female,Birmingham,M89 8BI,£40–60k,740,Active,Spouse
CUST04724,46,Female,Cardiff,BS98 2RM,£15–25k,637,Active,Spouse
CUST04725,81,Male,Edinburgh,SW53 7GF,£40–60k,679,Active,Spouse
CUST04726,30,Female,London,M52 3SV,£25–40k,659,Active,Spouse
CUST04727,18,Male,London,EH25 3YQ,£15–25k,684,Active,Spouse
CUST04728,65,Male,Belfast,M87 9FP,<£15k,712,Active,Spouse
CUST04729,33,Female,Manchester,CF20 7WK,£25–40k,697,Active,Spouse
CUST04730,18,Female,Leeds,LS60 2OX,<£15k,697,Active,Spouse
CUST04731,40,Female,London,CF55 5TI,£40–60k,756,Active,Spouse
CUST04732,50,Female,Birmingham,BS76 5FA,£40–60k,644,Active,Spouse
CUST04733,58,Female,Leeds,BT69 4CV,£25–40k,775,Active,Spouse
CUST04734,50,Male,Leeds,L39 1DJ,£15–25k,686,Active,Spouse
CUST04735,37,Male,Liverpool,BT79 7OA,<£15k,797,Active,Spouse
CUST04736,49,Female,Bristol,BT23 2TK,£25–40k,705,Active,Spouse
CUST04737,28,Male,Cardiff,EH25 1LI,£15–25k,649,Active,Spouse
CUST04738,24,Male,Belfast,CF21 5HR,£40–60k,686,Active,Spouse
CUST04739,36,Female,Cardiff,G85 4ZB,<£15k,708,Active,Spouse
CUST04740,61,Female,Birmingham,M60 9DN,>£60k,740,Active,Spouse
CUST04741,58,Male,Edinburgh,CF1 7UM,>£60k,765,Active,Spouse
CUST04742,33,Female,Glasgow,LS87 2KU,<£15k,676,Active,Spouse
CUST04743,37,Female,Cardiff,BT97 1DM,£40–60k,743,Active,Spouse
CUST04744,27,Male,Glasgow,BT93 3UQ,£40–60k,785,Active,Spouse
CUST04745,38,Female,Manchester,L1 4OY,£25–40k,633,Active,Spouse
CUST04746,39,Male,London,M61 1TE,>£60k,680,Active,Spouse
CUST04747,42,Female,Bristol,G6 8BG,<£15k,691,Active,Spouse
CUST04748,61,Male,London,CF81 9BQ,£40–60k,718,Active,Spouse
CUST04749,28,Male,Manchester,EH21 7EQ,>£60k,679,Active,Spouse
CUST04750,36,Male,Birmingham,BT54 9FU,£40–60k,703,Active,Spouse
CUST04751,43,Female,Glasgow,G68 6YA,<£15k,806,Active,Spouse
CUST04752,58,Female,London,EH19 9QV,£40–60k,734,Active,Spouse
CUST04753,18,Female,Belfast,L73 3UU,£15–25k,749,Active,Spouse
CUST04754,19,Male,Edinburgh,G12 2NR,£15–25k,671,Active,Spouse
CUST04755,39,Female,London,BS76 2XT,<£15k,761,Active,Spouse
CUST04756,30,Male,Bristol,M22 8MM,£25–40k,688,Active,Spouse
CUST04757,25,Male,Birmingham,SW72 1QE,>£60k,729,Active,Spouse
CUST04758,38,Female,London,LS80 2OB,£25–40k,709,Active,Spouse
CUST04759,18,Female,Birmingham,BS25 5II,<£15k,635,Active,Spouse
CUST04760,47,Male,Leeds,L77 7UU,£25–40k,738,Active,Spouse
CUST04761,66,Female,Birmingham,G43 9VP,<£15k,776,Active,Spouse
CUST04762,36,Female,London,M23 1XX,£25–40k,708,Active,Spouse
CUST04763,56,Female,Glasgow,B39 3VL,>£60k,717,Active,Spouse
CUST04764,39,Male,Leeds,BS77 1SC,£40–60k,710,Active,Spouse
CUST04765,65,Male,Birmingham,LS59 6HA,£15–25k,697,Active,Spouse
CUST04766,52,Male,Birmingham,CF35 8MW,>£60k,714,Active,Spouse
CUST04767,35,Male,London,LS79 7UY,<£15k,761,Active,Spouse
CUST04768,44,Male,Edinburgh,SW17 5HM,<£15k,678,Active,Spouse
CUST04769,48,Female,Liverpool,B98 5BL,<£15k,769,Active,Spouse
CUST04770,47,Female,Liverpool,LS90 7IQ,>£60k,709,Active,Spouse
CUST04771,52,Female,Manchester,CF57 6YI,<£15k,742,Active,Spouse
CUST04772,41,Male,London,LS52 5QR,<£15k,692,Active,Spouse
CUST04773,40,Female,Birmingham,M46 8PH,£25–40k,728,Active,Spouse
CUST04774,44,Male,Cardiff,L36 7NE,>£60k,603,Active,Spouse
CUST04775,45,Male,Leeds,B30 7BM,£40–60k,703,Active,Spouse
CUST04776,27,Female,Bristol,EH78 9NJ,<£15k,737,Active,Spouse
CUST04777,40,Female,Belfast,M17 6SJ,£40–60k,699,Active,Spouse
CUST04778,38,Male,Belfast,EH86 3EX,£40–60k,641,Active,Spouse
CUST04779,47,Male,London,G24 9MF,£15–25k,724,Active,Spouse
CUST04780,81,Female,Birmingham,BS73 3AM,£25–40k,668,Active,Spouse
CUST04781,56,Male,Bristol,BS10 8SS,£25–40k,681,Active,Spouse
CUST04782,58,Female,Bristol,B25 6MT,<£15k,733,Active,Spouse
CUST04783,37,Male,Belfast,BT85 3SX,>£60k,637,Active,Spouse
CUST04784,25,Female,Belfast,CF32 4KY,£40–60k,759,Active,Spouse
CUST04785,32,Male,Cardiff,EH52 9QO,>£60k,612,Active,Spouse
CUST04786,59,Male,Edinburgh,EH79 3LY,>£60k,702,Active,Spouse
CUST04787,41,Female,Bristol,SW39 2HI,£40–60k,742,Active,Spouse
CUST04788,40,Male,Cardiff,B7 9ZI,>£60k,736,Active,Spouse
CUST04789,37,Female,Belfast,LS13 6GT,<£15k,780,Active,Spouse
CUST04790,35,Male,Cardiff,LS98 2EE,£25–40k,737,Active,Spouse
CUST04791,61,Female,Bristol,SW4 1CJ,£15–25k,534,Active,Spouse
CUST04792,52,Male,Glasgow,SW84 8ME,£25–40k,661,Active,Spouse
CUST04793,55,Female,Belfast,M40 4BJ,<£15k,714,Active,Spouse
CUST04794,52,Female,Belfast,M28 5DA,£25–40k,698,Active,Spouse
CUST04795,63,Male,Leeds,CF74 8KE,<£15k,622,Active,Spouse
CUST04796,61,Male,Cardiff,EH17 1ST,>£60k,570,Active,Spouse
CUST04797,37,Male,Cardiff,BS83 6VM,£15–25k,594,Active,Spouse
CUST04798,46,Female,Glasgow,B96 3JA,<£15k,663,Active,Spouse
CUST04799,51,Male,Liverpool,BT91 3BQ,£15–25k,733,Active,Spouse
CUST04800,43,Female,Birmingham,LS44 4AS,£15–25k,730,Active,Spouse
CUST04801,49,Other,Edinburgh,BS55 2TI,£40–60k,703,Active,Spouse
CUST04802,42,Male,Cardiff,BT52 3SY,>£60k,546,Active,Spouse
CUST04803,38,Male,Cardiff,SW84 6MR,£25–40k,807,Active,Spouse
CUST04804,45,Male,Birmingham,SW11 8VL,<£15k,721,Active,Spouse
CUST04805,54,Other,Leeds,SW58 7ND,>£60k,686,Active,Spouse
CUST04806,51,Female,Cardiff,BS74 6PE,£25–40k,800,Active,Spouse
CUST04807,35,Female,Glasgow,SW40 4ZJ,<£15k,800,Active,Spouse
CUST04808,55,Female,Edinburgh,G16 3KH,£25–40k,669,Active,Spouse
CUST04809,34,Female,Manchester,LS62 6MD,£25–40k,800,Active,Spouse
CUST04810,60,Male,London,SW64 8PG,<£15k,694,Active,Spouse
CUST04811,38,Male,Birmingham,M64 6BH,£15–25k,669,Active,Spouse
CUST04812,42,Female,Bristol,M97 3BE,£25–40k,697,Active,Spouse
CUST04813,47,Other,Liverpool,BT96 2SG,>£60k,649,Active,Spouse
CUST04814,36,Male,Cardiff,EH25 4OB,£15–25k,689,Active,Spouse
CUST04815,76,Female,Leeds,G94 3ZJ,£15–25k,718,Active,Spouse
CUST04816,27,Male,Glasgow,G58 5RT,>£60k,634,Active,Spouse
CUST04817,32,Male,London,G64 7AO,£25–40k,799,Active,Spouse
CUST04818,63,Male,Cardiff,BS17 4KC,£15–25k,681,Active,Spouse
CUST04819,52,Male,London,EH53 6CY,£40–60k,724,Active,Spouse
CUST04820,45,Male,Belfast,M61 1WR,<£15k,658,Active,Spouse
CUST04821,21,Female,Liverpool,M62 4VF,>£60k,753,Active,Spouse
CUST04822,51,Female,Cardiff,BT45 2IL,<£15k,658,Active,Spouse
CUST04823,62,Female,Bristol,LS33 1TC,>£60k,796,Active,Spouse
CUST04824,49,Female,Cardiff,L66 1LL,<£15k,700,Active,Spouse
CUST04825,24,Female,Cardiff,M94 2KO,£40–60k,692,Active,Spouse
CUST04826,31,Male,Glasgow,G92 7VL,<£15k,695,Active,Spouse
CUST04827,60,Female,Leeds,BT86 2MB,<£15k,739,Active,Spouse
CUST04828,82,Female,Edinburgh,EH1 1JA,£25–40k,771,Active,Spouse
CUST04829,41,Female,Belfast,LS2 5KJ,£40–60k,632,Active,Spouse
CUST04830,41,Female,Manchester,CF36 1YH,<£15k,716,Active,Spouse
CUST04831,63,Male,Belfast,CF20 3CZ,<£15k,750,Active,Spouse
CUST04832,23,Female,Cardiff,SW88 4SM,£25–40k,714,Active,Spouse
CUST04833,60,Male,Bristol,B99 1HQ,£15–25k,779,Active,Spouse
CUST04834,61,Female,Liverpool,CF71 7VI,£15–25k,664,Active,Spouse
CUST04835,36,Female,London,EH69 9AE,>£60k,807,Active,Spouse
CUST04836,39,Male,Bristol,L21 6CM,£40–60k,795,Active,Spouse
CUST04837,33,Female,Glasgow,BS91 4GX,£15–25k,695,Active,Spouse
CUST04838,18,Female,Leeds,L93 7EG,>£60k,691,Active,Spouse
CUST04839,34,Male,London,LS78 8JI,<£15k,739,Active,Spouse
CUST04840,54,Male,London,CF65 1YY,£40–60k,727,Active,Spouse
CUST04841,34,Female,Bristol,EH6 9XT,<£15k,771,Active,Spouse
CUST04842,46,Female,Cardiff,EH6 3BV,£40–60k,744,Active,Spouse
CUST04843,61,Female,Manchester,BT90 2RX,>£60k,711,Active,Spouse
CUST04844,26,Female,Glasgow,LS11 2GV,£40–60k,718,Active,Spouse
CUST04845,43,Male,Birmingham,BS49 2DK,£25–40k,654,Active,Spouse
CUST04846,66,Female,Cardiff,G71 6RB,£40–60k,686,Active,Spouse
CUST04847,53,Female,Liverpool,B52 4FV,>£60k,615,Active,Spouse
CUST04848,57,Male,Manchester,M77 7BJ,£15–25k,718,Active,Spouse
CUST04849,39,Female,Edinburgh,B19 1KH,£25–40k,622,Active,Spouse
CUST04850,51,Female,Belfast,EH87 1PP,£15–25k,686,Active,Spouse
CUST04851,71,Female,Glasgow,L92 5JP,£15–25k,665,Active,Spouse
CUST04852,18,Male,London,CF87 3UG,£25–40k,639,Active,Spouse
CUST04853,61,Female,Manchester,EH97 2JM,£15–25k,751,Active,Spouse
CUST04854,66,Female,Manchester,BT74 6XH,£25–40k,693,Active,Spouse
CUST04855,55,Female,Belfast,G54 8ZM,£40–60k,715,Active,Spouse
CUST04856,37,Male,Bristol,B53 3HK,£25–40k,704,Active,Spouse
CUST04857,40,Female,Belfast,BS1 6HA,£15–25k,782,Active,Spouse
CUST04858,37,Male,Birmingham,BS10 9JA,£40–60k,792,Active,Spouse
CUST04859,36,Female,Birmingham,L63 9OA,£25–40k,682,Active,Spouse
CUST04860,46,Female,Leeds,BS67 7BK,>£60k,663,Active,Spouse
CUST04861,46,Female,London,BS31 1MM,<£15k,714,Active,Spouse
CUST04862,64,Female,Leeds,BS2 6BE,£25–40k,592,Active,Spouse
CUST04863,36,Female,Cardiff,M83 7IA,<£15k,801,Active,Spouse
CUST04864,40,Female,Belfast,CF76 2AG,<£15k,681,Active,Spouse
CUST04865,35,Male,Belfast,SW76 2FB,>£60k,741,Active,Spouse
CUST04866,24,Male,Leeds,SW19 6EA,>£60k,724,Active,Spouse
CUST04867,73,Male,Belfast,G44 3WG,£15–25k,606,Active,Spouse
CUST04868,55,Female,Edinburgh,L73 8WT,£15–25k,636,Active,Spouse
CUST04869,51,Female,Liverpool,LS15 3MB,<£15k,722,Active,Spouse
CUST04870,56,Male,London,BT92 9NB,<£15k,674,Active,Spouse
CUST04871,39,Male,Birmingham,EH45 8JV,£25–40k,748,Active,Spouse
CUST04872,38,Female,Liverpool,G35 3BK,£25–40k,755,Active,Spouse
CUST04873,18,Male,Glasgow,CF78 5WJ,£25–40k,718,Active,Spouse
CUST04874,57,Female,Liverpool,LS66 2DR,£25–40k,693,Active,Spouse
CUST04875,65,Male,London,CF16 9TM,£15–25k,676,Active,Spouse
CUST04876,49,Female,Liverpool,L68 4JJ,£25–40k,762,Active,Spouse
CUST04877,30,Male,Liverpool,BS52 3FT,£40–60k,767,Active,Spouse
CUST04878,50,Male,Liverpool,B16 8TP,£15–25k,660,Active,Spouse
CUST04879,45,Female,London,L90 7MA,<£15k,656,Active,Spouse
CUST04880,54,Male,Leeds,BS14 7EJ,£40–60k,688,Active,Spouse
CUST04881,40,Female,Cardiff,BS4 8AJ,£40–60k,739,Active,Spouse
CUST04882,43,Male,Edinburgh,B97 7MA,>£60k,705,Active,Spouse
CUST04883,18,Female,Birmingham,LS46 2LQ,<£15k,701,Active,Spouse
CUST04884,18,Male,Liverpool,SW10 6GV,£15–25k,626,Active,Spouse
CUST04885,36,Female,London,M57 4VX,>£60k,670,Active,Spouse
CUST04886,18,Male,Manchester,BS64 2KN,£40–60k,704,Active,Spouse
CUST04887,44,Male,London,L68 8SB,£25–40k,711,Active,Spouse
CUST04888,41,Female,Liverpool,B23 5JC,£40–60k,790,Active,Spouse
CUST04889,53,Male,Leeds,LS76 6JO,£40–60k,799,Active,Spouse
CUST04890,30,Male,Belfast,G8 7IX,£25–40k,683,Active,Spouse
CUST04891,37,Male,Liverpool,LS13 6WO,£25–40k,615,Active,Spouse
CUST04892,43,Male,Belfast,SW41 8DS,<£15k,582,Active,Spouse
CUST04893,54,Male,Manchester,CF82 9MN,<£15k,773,Active,Spouse
CUST04894,42,Female,Glasgow,BS75 4NK,£25–40k,710,Active,Spouse
CUST04895,63,Female,Bristol,M71 4GK,£15–25k,651,Active,Spouse
CUST04896,23,Female,Belfast,EH34 9OM,£40–60k,581,Active,Spouse
CUST04897,34,Male,Cardiff,SW48 8BY,£15–25k,665,Active,Spouse
CUST04898,55,Male,Birmingham,LS96 8PZ,£15–25k,629,Active,Spouse
CUST04899,23,Male,Manchester,CF34 4AZ,<£15k,752,Active,Spouse
CUST04900,37,Male,Manchester,BT24 3AT,£15–25k,711,Active,Spouse
CUST04901,56,Male,Liverpool,BS63 4GG,£15–25k,850,Active,Spouse
CUST04902,51,Female,Birmingham,BT90 8GZ,>£60k,663,Active,Spouse
CUST04903,57,Male,Birmingham,LS73 7JI,£25–40k,647,Active,Spouse
CUST04904,63,Female,London,B72 3KH,£15–25k,659,Active,Spouse
CUST04905,29,Male,Birmingham,BS59 7TS,£15–25k,704,Active,Spouse
CUST04906,50,Female,Birmingham,G22 8PH,>£60k,640,Active,Spouse
CUST04907,36,Female,Belfast,B29 9KU,£15–25k,729,Active,Spouse
CUST04908,48,Female,Birmingham,SW18 4VF,<£15k,726,Active,Spouse
CUST04909,63,Female,London,BT13 5WA,<£15k,719,Active,Spouse
CUST04910,68,Male,Manchester,BS79 4HY,<£15k,754,Active,Spouse
CUST04911,37,Male,Birmingham,CF36 5EG,£40–60k,777,Active,Spouse
CUST04912,49,Male,Glasgow,EH85 2TS,<£15k,766,Active,Spouse
CUST04913,51,Female,Cardiff,B78 1ZV,£40–60k,809,Active,Spouse
CUST04914,29,Female,Edinburgh,L42 2KI,£25–40k,689,Active,Spouse
CUST04915,54,Female,Liverpool,B50 1OK,£25–40k,710,Active,Spouse
CUST04916,32,Female,Bristol,BT89 2GR,£25–40k,801,Active,Spouse
CUST04917,44,Female,Leeds,M4 1WM,£40–60k,760,Active,Spouse
CUST04918,53,Female,Glasgow,LS28 3FY,£15–25k,748,Active,Spouse
CUST04919,28,Male,Bristol,B17 8OO,<£15k,699,Active,Spouse
CUST04920,57,Male,Edinburgh,LS27 2NX,£40–60k,759,Active,Spouse
CUST04921,58,Male,Cardiff,SW51 7JX,£40–60k,659,Active,Spouse
CUST04922,21,Female,Edinburgh,SW57 1GR,<£15k,628,Active,Spouse
CUST04923,45,Male,Liverpool,SW31 7ZB,£25–40k,708,Active,Spouse
CUST04924,45,Female,Liverpool,BT41 3TQ,£15–25k,636,Active,Spouse
CUST04925,37,Female,Glasgow,B81 5CX,£15–25k,801,Active,Spouse
CUST04926,50,Male,London,EH91 5XB,£25–40k,698,Active,Spouse
CUST04927,69,Female,Birmingham,EH35 1VU,£25–40k,815,Active,Spouse
CUST04928,39,Male,Bristol,EH98 6QF,£40–60k,724,Active,Spouse
CUST04929,24,Male,Bristol,EH54 3LS,£40–60k,603,Active,Spouse
CUST04930,42,Male,London,BS21 1BH,£40–60k,633,Active,Spouse
CUST04931,37,Male,Bristol,LS66 6UZ,<£15k,717,Active,Spouse
CUST04932,66,Female,Bristol,G53 2JS,£40–60k,725,Active,Spouse
CUST04933,39,Female,Edinburgh,G41 8US,<£15k,819,Active,Spouse
CUST04934,46,Male,Leeds,M67 4SW,>£60k,760,Active,Spouse
CUST04935,61,Female,Belfast,EH96 9WI,£40–60k,698,Active,Spouse
CUST04936,18,Male,Belfast,M33 9NB,>£60k,604,Active,Spouse
CUST04937,35,Female,Belfast,BT41 6AJ,£15–25k,666,Active,Spouse
CUST04938,45,Male,Belfast,LS19 7YN,<£15k,687,Active,Spouse
CUST04939,18,Female,Glasgow,LS17 3XH,<£15k,690,Active,Spouse
CUST04940,45,Male,Belfast,G49 2ED,<£15k,714,Active,Spouse
CUST04941,21,Male,Birmingham,CF75 9ZU,£15–25k,713,Active,Spouse
CUST04942,55,Male,Manchester,M43 5RK,£25–40k,820,Active,Spouse
CUST04943,47,Female,Leeds,G3 1WC,<£15k,756,Active,Spouse
CUST04944,54,Male,Birmingham,EH56 3EG,>£60k,850,Active,Spouse
CUST04945,34,Male,Belfast,CF91 5PJ,<£15k,715,Active,Spouse
CUST04946,68,Female,Birmingham,B44 7WO,£15–25k,789,Active,Spouse
CUST04947,67,Male,Cardiff,EH9 9YQ,£15–25k,850,Active,Spouse
CUST04948,55,Female,Cardiff,B17 4OQ,£25–40k,677,Active,Spouse
CUST04949,55,Female,Cardiff,EH8 6VR,£15–25k,649,Active,Spouse
CUST04950,53,Female,Glasgow,M50 9BM,£40–60k,646,Active,Spouse
CUST04951,35,Male,Manchester,LS90 5SU,>£60k,600,Active,Spouse
CUST04952,51,Male,Liverpool,BS40 8XS,>£60k,785,Active,Spouse
CUST04953,47,Female,Belfast,CF35 7AY,£40–60k,703,Active,Spouse
CUST04954,36,Female,Liverpool,CF55 8TI,<£15k,762,Active,Spouse
CUST04955,63,Female,Belfast,BS25 9HA,£40–60k,619,Active,Spouse
CUST04956,49,Female,Belfast,EH20 4MZ,£15–25k,760,Active,Spouse
CUST04957,39,Female,Manchester,SW70 1SE,<£15k,611,Active,Spouse
CUST04958,30,Female,Bristol,M50 7EA,<£15k,796,Active,Spouse
CUST04959,62,Female,Manchester,BS42 6KX,£40–60k,780,Active,Spouse
CUST04960,27,Female,Edinburgh,CF53 5KP,£40–60k,759,Active,Spouse
CUST04961,70,Female,Cardiff,BS42 6YY,>£60k,663,Active,Spouse
CUST04962,43,Male,Liverpool,EH46 2FI,<£15k,719,Active,Spouse
CUST04963,52,Male,Edinburgh,BS36 1AB,£25–40k,680,Active,Spouse
CUST04964,61,Male,Bristol,CF58 6QZ,£15–25k,739,Active,Spouse
CUST04965,18,Female,Bristol,CF17 5VB,£40–60k,652,Active,Spouse
CUST04966,60,Male,Liverpool,M54 7LI,£40–60k,696,Active,Spouse
CUST04967,55,Male,Liverpool,M20 3IJ,<£15k,656,Active,Spouse
CUST04968,35,Female,Glasgow,M99 9ST,<£15k,607,Active,Spouse
CUST04969,64,Female,Edinburgh,G1 3ZG,£40–60k,756,Active,Spouse
CUST04970,49,Female,Leeds,CF53 9NA,£25–40k,626,Active,Spouse
CUST04971,66,Male,Cardiff,LS41 8BX,£40–60k,741,Active,Spouse
CUST04972,40,Male,Manchester,EH3 4NG,>£60k,725,Active,Spouse
CUST04973,43,Female,London,BT39 5EG,£15–25k,741,Active,Spouse
CUST04974,31,Female,Cardiff,BS8 3BZ,£25–40k,584,Active,Spouse
CUST04975,53,Male,Liverpool,SW70 9HA,£25–40k,745,Active,Spouse
CUST04976,21,Female,Belfast,G96 2GI,£25–40k,564,Active,Spouse
CUST04977,50,Female,Belfast,SW75 7UC,£40–60k,737,Active,Spouse
CUST04978,43,Male,Belfast,EH77 8SP,>£60k,650,Active,Spouse
CUST04979,75,Male,Birmingham,G44 3RI,£15–25k,731,Active,Spouse
CUST04980,63,Male,Manchester,LS47 7TI,£25–40k,637,Active,Spouse
CUST04981,66,Male,Cardiff,SW39 6BO,£40–60k,729,Active,Spouse
CUST04982,73,Male,Leeds,L97 7YW,£25–40k,742,Active,Spouse
CUST04983,47,Male,Edinburgh,G66 1SK,£15–25k,699,Active,Spouse
CUST04984,36,Female,Edinburgh,LS74 5VA,£40–60k,700,Active,Spouse
CUST04985,55,Female,Liverpool,BT81 9BE,>£60k,789,Active,Spouse
CUST04986,58,Female,Bristol,SW22 5IE,>£60k,656,Active,Spouse
CUST04987,25,Female,London,LS12 6QT,£40–60k,723,Active,Spouse
CUST04988,21,Female,Birmingham,L67 5TA,<£15k,701,Active,Spouse
CUST04989,26,Male,Edinburgh,LS40 3BH,>£60k,751,Active,Spouse
CUST04990,40,Male,Manchester,BT96 8VO,£25–40k,687,Active,Spouse
CUST04991,24,Female,Edinburgh,G69 7OL,<£15k,768,Active,Spouse
CUST04992,49,Female,Belfast,L15 5CQ,>£60k,719,Active,Spouse
CUST04993,27,Female,Bristol,G88 9XF,<£15k,599,Active,Spouse
CUST04994,34,Male,Leeds,SW65 9YX,£25–40k,678,Active,Spouse
CUST04995,33,Male,Birmingham,BT41 9MW,£25–40k,813,Active,Spouse
CUST04996,62,Female,Cardiff,G14 7FH,<£15k,703,Active,Spouse
CUST04997,35,Male,Leeds,B55 1XU,£25–40k,638,Active,Spouse
CUST04998,45,Female,Liverpool,CF49 5FO,£40–60k,721,Active,Spouse
CUST04999,38,Female,Bristol,EH38 9GD,>£60k,729,Active,Spouse
