PolicyID,CustomerID,Product,CoverageAmount,PremiumAmount,PolicyTermYears,Status,PolicyStartDate,PolicyLapseDate,BeneficiaryRelation
POL00000,CUST03632,Term Life,150348.83,31.63,25,Active,2022-01-13,,Spouse
POL00001,CUST01750,Whole Life,113470.29,20.0,20,Active,2022-11-12,,Spouse
POL00002,CUST04338,Whole Life,171827.06,41.3,10,Active,2025-02-18,,Parent
POL00003,CUST01201,Term Life,226970.15,29.59,20,Active,2024-06-19,,Spouse
POL00004,CUST04495,Term Life,345862.63,29.53,30,Active,2025-01-05,,Parent
POL00005,CUST03769,Unit-linked,174037.42,40.26,5,Active,2025-04-04,,Other
POL00006,CUST04117,Term Life,241262.45,62.33,30,Active,2023-01-06,,Parent
POL00007,CUST04695,Term Life,39094.57,61.17,10,Active,2025-01-11,,Spouse
POL00008,CUST04441,Term Life,227234.59,35.69,30,Active,2022-08-22,,Spouse
POL00009,CUST02298,Term Life,81665.44,20.0,5,Active,2024-08-23,,Spouse
POL00010,CUST03646,Whole Life,286263.74,164.94,10,Active,2024-06-07,,Child
POL00011,CUST00634,Unit-linked,89781.29,27.91,10,Active,2022-09-27,,Spouse
POL00012,CUST01721,Term Life,123234.6,20.0,10,Lapsed,2024-02-19,2025-08-02,Child
POL00013,CUST04569,Term Life,62997.54,38.27,5,Active,2025-06-06,,Other
POL00014,CUST04505,Whole Life,158244.91,20.28,20,Active,2024-01-18,,Child
POL00015,CUST03367,Term Life,111095.82,45.71,20,Active,2022-01-28,,Spouse
POL00016,CUST00138,Endowment,250757.39,59.1,30,Active,2022-07-05,,Spouse
POL00017,CUST03269,Whole Life,163269.36,37.92,30,Active,2022-03-21,,Parent
POL00018,CUST04936,Critical Illness,117488.38,33.49,5,Active,2024-01-24,,Child
POL00019,CUST04479,Term Life,35500.81,20.0,23,Active,2025-01-28,,Spouse
POL00020,CUST04184,Unit-linked,133160.48,63.48,20,Active,2025-01-01,,Parent
POL00021,CUST03178,Whole Life,87693.43,26.83,10,Active,2022-10-28,,Spouse
POL00022,CUST03724,Term Life,211980.01,20.0,30,Active,2025-04-25,,Child
POL00023,CUST04545,Critical Illness,203333.58,61.24,20,Active,2023-01-08,,Spouse
POL00024,CUST04189,Unit-linked,125030.4,61.93,5,Active,2024-07-20,,Parent
POL00025,CUST01987,Term Life,400000.0,37.72,30,Active,2025-01-16,,Child
POL00026,CUST04186,Term Life,72324.79,20.0,30,Active,2023-09-07,,Spouse
POL00027,CUST03654,Term Life,128487.74,20.0,20,Active,2025-01-15,,Child
POL00028,CUST00831,Term Life,135301.97,20.0,30,Active,2023-11-04,,Spouse
POL00029,CUST02787,Whole Life,325335.77,49.07,10,Active,2024-11-15,,Other
POL00030,CUST00268,Whole Life,101176.88,41.67,20,Active,2022-11-17,,Parent
POL00031,CUST04943,Term Life,200000.0,20.0,5,Active,2023-12-17,,Child
POL00032,CUST02295,Term Life,186375.69,20.0,5,Active,2024-05-17,,Trust/Charity
POL00033,CUST00857,Unit-linked,200000.0,41.67,30,Active,2022-05-10,,Spouse
POL00034,CUST00421,Unit-linked,106825.03,20.0,15,Active,2022-12-25,,Child
POL00035,CUST02643,Term Life,214990.99,20.0,20,Active,2025-04-18,,Parent
POL00036,CUST00932,Whole Life,95304.92,24.7,14,Lapsed,2022-07-24,2025-07-20,Child
POL00037,CUST00437,Term Life,64702.03,20.0,10,Active,2023-03-21,,Child
POL00038,CUST02187,Endowment,279324.77,40.44,10,Active,2024-09-09,,Spouse
POL00039,CUST03875,Whole Life,272322.18,70.08,20,Active,2022-05-25,,Child
POL00040,CUST03467,Term Life,255791.49,64.14,29,Lapsed,2024-07-27,2025-06-05,Child
POL00041,CUST02615,Whole Life,200000.0,34.16,12,Active,2023-08-28,,Parent
POL00042,CUST04081,Whole Life,150254.68,25.53,20,Active,2023-12-20,,Parent
POL00043,CUST01206,Term Life,60762.8,41.67,23,Active,2022-04-17,,Spouse
POL00044,CUST01707,Whole Life,80159.36,40.63,1,Active,2022-03-11,,Other
POL00045,CUST02492,Annuity,201755.9,21.91,20,Active,2023-04-06,,Other
POL00046,CUST03079,Endowment,121235.67,20.0,10,Active,2024-12-03,,Parent
POL00047,CUST02083,Term Life,228818.91,103.2,30,Active,2025-10-26,,Other
POL00048,CUST03822,Term Life,214029.99,48.19,30,Active,2024-05-26,,Spouse
POL00049,CUST03857,Term Life,89062.5,20.0,10,Active,2023-07-24,,Child
POL00050,CUST04688,Whole Life,200000.0,32.35,5,Active,2022-05-21,,Other
POL00051,CUST04995,Critical Illness,229575.91,40.29,10,Lapsed,2022-01-15,2022-06-06,Parent
POL00052,CUST00630,Term Life,47968.01,20.0,20,Active,2025-02-19,,Spouse
POL00053,CUST02348,Whole Life,237414.86,25.85,20,Active,2023-02-26,,Spouse
POL00054,CUST02240,Term Life,108159.89,69.75,20,Active,2022-07-23,,Child
POL00055,CUST01666,Term Life,116517.7,20.0,10,Active,2024-08-01,,Spouse
POL00056,CUST01052,Term Life,69978.79,20.0,30,Active,2023-12-18,,Child
POL00057,CUST01977,Endowment,175361.17,74.86,10,Active,2023-01-14,,Spouse
POL00058,CUST02849,Term Life,342973.73,54.14,30,Active,2022-12-19,,Parent
POL00059,CUST04793,Term Life,200000.0,41.67,20,Active,2022-03-18,,Parent
POL00060,CUST03404,Critical Illness,90135.74,41.67,5,Active,2022-08-20,,Spouse
POL00061,CUST03403,Unit-linked,166373.0,20.0,5,Active,2022-02-05,,Spouse
POL00062,CUST01970,Term Life,168682.32,49.0,10,Active,2023-01-26,,Child
POL00063,CUST01048,Term Life,144279.09,20.0,20,Active,2023-01-09,,Spouse
POL00064,CUST04458,Term Life,123634.69,41.67,23,Active,2023-01-24,,Trust/Charity
POL00065,CUST01808,Term Life,232396.39,20.64,10,Active,2024-08-20,,Spouse
POL00066,CUST00768,Endowment,58599.35,26.76,20,Active,2022-08-11,,Child
POL00067,CUST02493,Term Life,77349.96,20.0,20,Active,2022-07-09,,Parent
POL00068,CUST01345,Whole Life,105632.09,23.32,10,Active,2024-01-03,,Spouse
POL00069,CUST03239,Term Life,143289.21,28.68,23,Active,2024-07-05,,Child
POL00070,CUST00430,Annuity,196357.19,20.0,25,Active,2025-01-08,,Child
POL00071,CUST01787,Term Life,374585.96,20.0,20,Active,2024-01-24,,Other
POL00072,CUST03124,Annuity,178719.44,20.0,20,Active,2024-11-12,,Spouse
POL00073,CUST01496,Term Life,145332.08,61.02,10,Active,2025-08-28,,Spouse
POL00074,CUST00759,Term Life,40530.88,49.4,20,Active,2022-01-07,,Spouse
POL00075,CUST04485,Term Life,87176.21,34.89,30,Lapsed,2024-03-11,2023-07-25,Spouse
POL00076,CUST02363,Whole Life,54326.68,20.0,30,Active,2025-05-16,,Child
POL00077,CUST04369,Whole Life,400000.0,36.65,30,Active,2022-04-10,,Child
POL00078,CUST01975,Whole Life,270281.04,20.0,5,Active,2024-02-12,,Spouse
POL00079,CUST00685,Term Life,137345.66,80.13,20,Active,2024-08-19,,Spouse
POL00080,CUST01219,Term Life,119280.26,39.97,5,Active,2024-02-23,,Spouse
POL00081,CUST03751,Whole Life,42163.09,20.0,20,Lapsed,2024-08-07,2022-07-01,Spouse
POL00082,CUST04777,Endowment,109524.37,20.0,20,Active,2025-04-16,,Parent
POL00083,CUST03480,Endowment,79503.57,85.45,10,Active,2023-01-02,,Spouse
POL00084,CUST03063,Unit-linked,138920.22,20.0,20,Active,2022-01-24,,Child
POL00085,CUST03935,Whole Life,90193.77,79.43,10,Active,2024-02-07,,Spouse
POL00086,CUST02658,Term Life,87462.07,27.66,10,Active,2022-01-09,,Child
POL00087,CUST03943,Unit-linked,99236.92,41.67,10,Lapsed,2022-03-26,2022-08-15,Spouse
POL00088,CUST00797,Annuity,60572.12,38.22,30,Active,2025-01-21,,Spouse
POL00089,CUST03467,Unit-linked,89950.01,20.0,20,Lapsed,2025-06-27,2022-06-28,Other
POL00090,CUST03504,Unit-linked,56326.06,43.31,20,Active,2023-11-08,,Trust/Charity
POL00091,CUST00590,Whole Life,113810.56,92.91,20,Active,2023-05-23,,Spouse
POL00092,CUST00100,Whole Life,135255.14,76.0,20,Lapsed,2023-01-07,2025-07-21,Spouse
POL00093,CUST02745,Term Life,120288.03,41.67,30,Active,2024-01-27,,Child
POL00094,CUST02361,Endowment,147487.71,50.36,30,Active,2024-02-26,,Spouse
POL00095,CUST03307,Whole Life,84913.12,61.98,20,Lapsed,2022-01-11,2024-08-19,Parent
POL00096,CUST00156,Unit-linked,261538.29,20.0,10,Active,2025-01-14,,Child
POL00097,CUST01685,Annuity,53483.84,113.79,10,Active,2023-09-05,,Spouse
POL00098,CUST00306,Term Life,249950.69,42.46,5,Active,2024-01-08,,Spouse
POL00099,CUST04809,Term Life,87497.18,46.56,10,Active,2023-01-02,,Spouse
POL00100,CUST01145,Term Life,90283.25,20.0,20,Lapsed,2022-02-28,2023-07-18,Child
POL00101,CUST02512,Term Life,106672.87,157.54,30,Active,2022-01-07,,Spouse
POL00102,CUST01427,Whole Life,78778.73,55.05,30,Active,2025-09-04,,Child
POL00103,CUST01296,Whole Life,102230.56,21.07,20,Active,2024-01-11,,Spouse
POL00104,CUST03372,Term Life,321872.9,20.0,20,Active,2023-06-07,,Spouse
POL00105,CUST04100,Whole Life,44400.64,20.0,5,Active,2025-05-14,,Spouse
POL00106,CUST01419,Annuity,124817.91,54.17,5,Active,2025-09-14,,Spouse
POL00107,CUST00446,Term Life,62583.84,42.52,18,Active,2024-10-08,,Spouse
POL00108,CUST03879,Unit-linked,101571.97,20.0,20,Active,2024-04-22,,Spouse
POL00109,CUST02953,Endowment,74631.96,41.67,20,Active,2025-01-27,,Trust/Charity
POL00110,CUST03315,Whole Life,228064.44,32.27,10,Active,2024-02-23,,Trust/Charity
POL00111,CUST03142,Term Life,123789.42,62.28,5,Active,2024-07-27,,Other
POL00112,CUST00543,Term Life,125720.65,20.0,10,Active,2023-07-12,,Child
POL00113,CUST04185,Term Life,86605.4,21.53,20,Active,2025-01-14,,Other
POL00114,CUST02183,Term Life,141133.69,20.76,18,Active,2023-06-08,,Spouse
POL00115,CUST03038,Term Life,190188.41,20.0,20,Active,2025-01-25,,Child
POL00116,CUST02218,Term Life,148930.58,31.6,10,Active,2025-07-24,,Other
POL00117,CUST01911,Whole Life,126142.34,20.0,30,Active,2025-09-05,,Spouse
POL00118,CUST04723,Unit-linked,175665.96,20.0,30,Active,2023-06-05,,Other
POL00119,CUST03180,Term Life,79725.08,20.0,5,Active,2023-10-10,,Spouse
POL00120,CUST03889,Term Life,136574.65,35.87,20,Active,2025-01-28,,Trust/Charity
POL00121,CUST03427,Term Life,490507.54,25.85,5,Active,2023-12-11,,Child
POL00122,CUST02347,Annuity,122869.03,29.96,8,Active,2025-06-08,,Child
POL00123,CUST00829,Whole Life,45873.45,46.21,20,Active,2023-09-10,,Spouse
POL00124,CUST04835,Term Life,84309.5,43.53,10,Active,2022-10-14,,Parent
POL00125,CUST01839,Whole Life,66908.12,119.96,20,Active,2022-09-04,,Child
POL00126,CUST04221,Whole Life,180158.28,33.37,30,Lapsed,2025-12-03,2022-07-26,Spouse
POL00127,CUST01705,Unit-linked,217206.52,83.33,5,Active,2022-07-16,,Child
POL00128,CUST00033,Critical Illness,199565.06,41.67,10,Active,2025-05-27,,Spouse
POL00129,CUST04537,Term Life,210017.65,20.0,20,Active,2023-01-13,,Child
POL00130,CUST04700,Term Life,97083.59,27.25,20,Active,2023-01-04,,Spouse
POL00131,CUST01609,Term Life,158279.59,83.74,10,Active,2025-05-13,,Spouse
POL00132,CUST02277,Term Life,113944.26,34.56,30,Active,2023-12-13,,Spouse
POL00133,CUST02429,Whole Life,144878.26,20.0,5,Active,2023-07-27,,Parent
POL00134,CUST00891,Whole Life,200000.0,35.27,30,Active,2024-12-01,,Other
POL00135,CUST04691,Term Life,50849.21,31.4,17,Active,2022-11-22,,Spouse
POL00136,CUST03139,Whole Life,175218.29,41.67,10,Active,2025-10-03,,Spouse
POL00137,CUST03698,Term Life,61974.44,32.35,20,Active,2025-01-22,,Child
POL00138,CUST01836,Term Life,139151.66,84.16,10,Active,2023-01-20,,Child
POL00139,CUST00859,Endowment,257672.28,20.0,10,Active,2023-02-12,,Spouse
POL00140,CUST04679,Critical Illness,146005.26,59.28,17,Active,2025-01-25,,Other
POL00141,CUST02229,Annuity,650000.0,23.87,20,Active,2022-01-07,,Spouse
POL00142,CUST02229,Term Life,190933.09,49.4,30,Active,2025-04-22,,Spouse
POL00143,CUST03948,Term Life,122715.67,29.19,30,Active,2024-04-18,,Child
POL00144,CUST02305,Endowment,123260.73,20.57,7,Active,2024-01-03,,Spouse
POL00145,CUST03556,Term Life,149083.36,22.72,30,Active,2022-04-03,,Parent
POL00146,CUST04459,Annuity,144491.6,36.3,20,Active,2025-01-01,,Child
POL00147,CUST04737,Term Life,101102.26,45.71,5,Lapsed,2022-10-25,2024-08-06,Other
POL00148,CUST00316,Annuity,200000.0,20.0,25,Active,2025-01-28,,Spouse
POL00149,CUST04458,Endowment,91878.81,41.67,5,Active,2022-12-20,,Spouse
POL00150,CUST01182,Term Life,144161.7,27.75,20,Active,2023-01-09,,Other
POL00151,CUST02696,Term Life,469559.22,20.2,30,Active,2023-05-02,,Child
POL00152,CUST01617,Term Life,104746.02,41.67,5,Active,2022-01-23,,Spouse
POL00153,CUST00787,Endowment,139646.49,24.56,20,Active,2022-10-07,,Other
POL00154,CUST03130,Term Life,101160.57,20.0,20,Active,2024-01-26,,Child
POL00155,CUST00707,Whole Life,201055.25,48.83,29,Active,2023-02-05,,Spouse
POL00156,CUST00800,Annuity,200000.0,20.0,17,Active,2022-05-05,,Parent
POL00157,CUST00035,Term Life,225137.92,55.41,5,Active,2022-01-10,,Spouse
POL00158,CUST01085,Annuity,188264.29,83.33,20,Active,2024-08-11,,Spouse
POL00159,CUST03969,Term Life,54734.65,32.99,10,Active,2023-02-14,,Child
POL00160,CUST04178,Whole Life,179169.83,20.0,4,Active,2024-07-28,,Child
POL00161,CUST01956,Unit-linked,128976.98,20.0,20,Active,2022-02-21,,Spouse
POL00162,CUST00910,Term Life,83885.19,20.0,30,Active,2022-07-26,,Spouse
POL00163,CUST02345,Whole Life,167503.83,58.72,20,Active,2023-01-04,,Trust/Charity
POL00164,CUST00392,Unit-linked,414911.98,20.0,30,Active,2023-01-03,,Trust/Charity
POL00165,CUST01784,Term Life,100608.38,58.86,20,Active,2025-07-22,,Spouse
POL00166,CUST00544,Term Life,145582.2,83.33,10,Active,2024-05-11,,Spouse
POL00167,CUST02647,Term Life,209809.76,28.69,10,Active,2025-01-24,,Child
POL00168,CUST00614,Annuity,200000.0,20.0,10,Active,2024-01-10,,Spouse
POL00169,CUST00532,Whole Life,130268.75,41.67,30,Active,2024-08-17,,Other
POL00170,CUST02940,Term Life,368750.27,20.0,20,Active,2024-10-17,,Spouse
POL00171,CUST04897,Annuity,105641.81,83.33,20,Active,2022-01-01,,Spouse
POL00172,CUST04840,Term Life,169211.94,20.0,20,Active,2024-12-14,,Spouse
POL00173,CUST03292,Term Life,604299.12,36.4,5,Active,2024-01-25,,Spouse
POL00174,CUST01193,Term Life,186555.65,20.0,10,Active,2025-03-21,,Spouse
POL00175,CUST03732,Unit-linked,132060.81,20.0,30,Active,2025-01-05,,Child
POL00176,CUST02962,Whole Life,108277.99,31.99,20,Active,2024-01-13,,Child
POL00177,CUST00350,Term Life,200000.0,31.37,10,Active,2024-01-04,,Child
POL00178,CUST00041,Term Life,176884.02,45.44,30,Active,2025-07-28,,Spouse
POL00179,CUST00331,Term Life,296763.09,20.0,20,Active,2025-09-25,,Trust/Charity
POL00180,CUST00042,Term Life,196070.24,135.42,10,Active,2025-01-14,,Child
POL00181,CUST00483,Term Life,122441.74,46.22,27,Active,2025-02-05,,Child
POL00182,CUST00063,Term Life,107420.5,26.67,20,Active,2023-03-17,,Spouse
POL00183,CUST00997,Term Life,100506.02,41.44,20,Active,2023-11-05,,Spouse
POL00184,CUST01482,Unit-linked,120277.03,20.0,20,Lapsed,2023-01-10,2024-07-11,Child
POL00185,CUST01274,Unit-linked,92802.17,20.0,30,Lapsed,2024-06-02,2022-06-24,Child
POL00186,CUST04540,Term Life,139746.72,41.18,30,Active,2022-10-08,,Child
POL00187,CUST00833,Term Life,330162.73,32.27,20,Lapsed,2024-04-22,2024-06-11,Trust/Charity
POL00188,CUST03629,Term Life,48349.87,22.11,20,Lapsed,2023-03-27,2025-07-04,Other
POL00189,CUST02944,Term Life,48653.31,65.53,10,Active,2022-09-20,,Spouse
POL00190,CUST00239,Term Life,87959.39,32.23,20,Lapsed,2022-01-28,2024-06-20,Spouse
POL00191,CUST02356,Term Life,173798.52,34.1,20,Active,2024-12-08,,Child
POL00192,CUST02727,Endowment,180519.82,41.05,10,Active,2022-03-21,,Other
POL00193,CUST03846,Term Life,124711.71,38.69,30,Active,2024-08-24,,Trust/Charity
POL00194,CUST01055,Term Life,111968.74,20.0,30,Active,2022-03-21,,Child
POL00195,CUST04550,Whole Life,88838.29,53.83,10,Active,2022-04-13,,Spouse
POL00196,CUST02820,Whole Life,94742.12,20.0,30,Active,2022-09-22,,Spouse
POL00197,CUST03806,Whole Life,87193.75,29.4,20,Active,2023-02-04,,Spouse
POL00198,CUST03642,Unit-linked,71103.11,20.0,21,Active,2025-04-20,,Parent
POL00199,CUST02719,Endowment,276831.67,25.92,20,Active,2025-06-26,,Spouse
POL00200,CUST04687,Term Life,97910.63,25.04,10,Active,2024-01-06,,Spouse
POL00201,CUST00005,Unit-linked,145064.76,54.17,30,Active,2025-10-19,,Spouse
POL00202,CUST02441,Critical Illness,84495.57,33.38,10,Active,2025-03-01,,Spouse
POL00203,CUST00397,Term Life,106442.45,29.56,10,Active,2025-07-08,,Spouse
POL00204,CUST03041,Annuity,84169.91,20.0,20,Active,2022-01-13,,Other
POL00205,CUST03638,Term Life,107837.37,41.67,10,Active,2025-04-22,,Spouse
POL00206,CUST02448,Whole Life,317053.73,20.0,10,Active,2022-09-05,,Child
POL00207,CUST04194,Term Life,200000.0,20.0,20,Active,2025-08-20,,Spouse
POL00208,CUST03258,Unit-linked,76232.82,57.03,30,Active,2025-05-25,,Child
POL00209,CUST01477,Term Life,143032.86,20.0,10,Active,2024-01-22,,Spouse
POL00210,CUST01153,Term Life,79547.4,41.67,30,Active,2023-03-10,,Spouse
POL00211,CUST00261,Term Life,190785.45,82.22,10,Active,2023-08-10,,Spouse
POL00212,CUST02711,Term Life,48019.45,64.99,20,Active,2022-07-11,,Child
POL00213,CUST02308,Term Life,71475.96,20.19,20,Active,2022-10-13,,Child
POL00214,CUST04087,Term Life,86311.05,50.14,30,Active,2022-07-06,,Spouse
POL00215,CUST03022,Term Life,241587.7,50.44,20,Active,2023-04-08,,Child
POL00216,CUST02768,Unit-linked,180920.01,50.68,20,Active,2024-05-06,,Parent
POL00217,CUST00676,Annuity,86650.81,30.57,20,Active,2023-09-17,,Spouse
POL00218,CUST00377,Term Life,48105.16,41.67,20,Active,2025-03-13,,Parent
POL00219,CUST04915,Term Life,162235.75,42.0,10,Active,2023-01-04,,Spouse
POL00220,CUST01285,Term Life,174361.02,41.67,10,Active,2022-03-10,,Child
POL00221,CUST03801,Term Life,136727.39,33.05,10,Active,2022-03-12,,Other
POL00222,CUST04836,Unit-linked,222609.97,84.24,10,Active,2025-01-13,,Parent
POL00223,CUST03889,Term Life,116455.79,20.0,5,Active,2025-01-08,,Spouse
POL00224,CUST02907,Term Life,167441.26,45.63,20,Active,2022-04-27,,Child
POL00225,CUST01285,Whole Life,200000.0,20.0,20,Active,2024-05-01,,Child
POL00226,CUST00369,Whole Life,74156.58,97.87,30,Active,2022-11-04,,Spouse
POL00227,CUST01994,Unit-linked,80625.54,25.88,20,Active,2023-01-16,,Spouse
POL00228,CUST00694,Unit-linked,406469.7,20.0,10,Lapsed,2022-01-21,2024-07-04,Spouse
POL00229,CUST03086,Term Life,353723.51,71.89,20,Active,2024-01-13,,Trust/Charity
POL00230,CUST02300,Whole Life,120375.46,25.15,10,Active,2024-02-12,,Child
POL00231,CUST02532,Term Life,340306.21,46.28,30,Active,2025-01-19,,Other
POL00232,CUST01168,Term Life,64067.37,20.0,10,Active,2024-01-26,,Child
POL00233,CUST01779,Whole Life,208515.16,20.0,20,Active,2023-01-03,,Spouse
POL00234,CUST03839,Term Life,137448.16,66.32,10,Active,2022-09-10,,Spouse
POL00235,CUST02372,Term Life,114663.29,23.36,5,Lapsed,2023-05-15,2022-08-10,Parent
POL00236,CUST02889,Term Life,199668.71,20.0,12,Active,2022-01-03,,Spouse
POL00237,CUST03505,Term Life,109411.15,30.7,5,Lapsed,2025-12-11,2023-08-16,Parent
POL00238,CUST03424,Whole Life,200000.0,41.67,21,Active,2022-01-26,,Other
POL00239,CUST02630,Endowment,41787.79,27.8,20,Lapsed,2025-01-22,2022-06-05,Child
POL00240,CUST00932,Whole Life,183113.87,20.0,14,Active,2025-11-01,,Child
POL00241,CUST03502,Term Life,57278.08,26.5,30,Active,2023-01-05,,Child
POL00242,CUST03983,Term Life,141051.02,27.85,10,Active,2024-01-19,,Trust/Charity
POL00243,CUST03101,Term Life,236806.74,20.0,10,Active,2024-09-21,,Parent
POL00244,CUST03392,Term Life,134383.07,34.67,29,Active,2025-01-03,,Spouse
POL00245,CUST01247,Term Life,218376.74,80.05,10,Lapsed,2022-04-02,2023-07-27,Spouse
POL00246,CUST02757,Term Life,51663.3,74.16,10,Active,2023-04-28,,Spouse
POL00247,CUST00599,Term Life,41635.98,20.0,10,Active,2024-01-14,,Child
POL00248,CUST04114,Whole Life,88726.76,31.99,30,Active,2023-07-05,,Trust/Charity
POL00249,CUST04385,Term Life,75536.86,41.67,10,Active,2025-02-22,,Spouse
POL00250,CUST04070,Term Life,239461.03,38.38,10,Active,2022-10-11,,Spouse
POL00251,CUST04290,Endowment,84149.62,21.62,20,Active,2022-01-04,,Spouse
POL00252,CUST00248,Unit-linked,58927.32,109.83,20,Active,2023-06-23,,Trust/Charity
POL00253,CUST02398,Term Life,115031.46,20.0,5,Active,2025-01-28,,Child
POL00254,CUST01804,Term Life,131388.49,20.28,30,Active,2022-06-26,,Spouse
POL00255,CUST01499,Term Life,133715.68,35.27,20,Active,2024-06-08,,Spouse
POL00256,CUST02039,Term Life,25000.0,49.2,10,Active,2025-06-11,,Spouse
POL00257,CUST03161,Term Life,87356.95,33.44,10,Active,2024-07-17,,Other
POL00258,CUST02404,Term Life,147933.9,25.14,5,Active,2023-03-09,,Child
POL00259,CUST04732,Whole Life,288637.33,59.54,5,Active,2022-06-01,,Child
POL00260,CUST01131,Term Life,175619.43,29.47,20,Active,2023-07-19,,Trust/Charity
POL00261,CUST03138,Term Life,86215.0,32.26,20,Active,2022-06-05,,Spouse
POL00262,CUST00444,Term Life,224539.98,20.0,10,Active,2025-03-14,,Parent
POL00263,CUST01469,Term Life,125737.33,24.54,30,Lapsed,2024-04-23,2025-08-25,Spouse
POL00264,CUST01765,Term Life,81568.52,71.21,20,Active,2023-05-03,,Spouse
POL00265,CUST00903,Term Life,108215.01,20.0,27,Active,2024-11-01,,Parent
POL00266,CUST01604,Term Life,122309.03,39.7,10,Active,2025-08-18,,Child
POL00267,CUST00051,Whole Life,143420.06,23.08,20,Active,2025-06-24,,Child
POL00268,CUST01121,Unit-linked,294194.93,54.94,10,Active,2024-09-23,,Child
POL00269,CUST01667,Annuity,73419.13,20.0,10,Active,2023-01-03,,Child
POL00270,CUST04550,Critical Illness,52089.37,60.68,20,Active,2023-03-07,,Child
POL00271,CUST01278,Whole Life,170431.88,20.0,20,Lapsed,2024-10-11,2025-07-13,Spouse
POL00272,CUST03647,Term Life,95556.31,41.84,10,Active,2023-01-14,,Child
POL00273,CUST04261,Whole Life,185939.48,83.74,20,Active,2022-01-03,,Other
POL00274,CUST01241,Term Life,94327.68,23.87,20,Active,2022-01-24,,Child
POL00275,CUST02393,Term Life,54628.04,41.67,10,Active,2023-05-13,,Child
POL00276,CUST04449,Endowment,200000.0,20.0,5,Active,2023-01-14,,Other
POL00277,CUST04720,Term Life,79724.75,35.27,30,Active,2023-09-23,,Parent
POL00278,CUST03321,Annuity,179045.25,83.33,20,Active,2022-12-23,,Spouse
POL00279,CUST02748,Term Life,190478.99,37.73,20,Active,2024-05-14,,Other
POL00280,CUST04910,Unit-linked,36551.06,39.9,17,Active,2024-01-14,,Spouse
POL00281,CUST00425,Term Life,141359.64,28.27,15,Active,2023-01-05,,Child
POL00282,CUST00766,Whole Life,93795.82,110.31,5,Active,2024-04-02,,Trust/Charity
POL00283,CUST00007,Term Life,168198.62,41.67,5,Active,2024-01-10,,Trust/Charity
POL00284,CUST03892,Endowment,118207.12,83.33,20,Active,2022-09-18,,Spouse
POL00285,CUST01775,Whole Life,139979.62,20.0,20,Active,2022-12-10,,Other
POL00286,CUST00558,Whole Life,176821.16,26.77,20,Active,2022-01-09,,Child
POL00287,CUST02855,Term Life,211928.67,24.62,20,Active,2024-09-03,,Spouse
POL00288,CUST02704,Whole Life,66972.07,66.26,5,Active,2022-01-09,,Spouse
POL00289,CUST01779,Term Life,102877.29,23.86,20,Active,2024-08-12,,Trust/Charity
POL00290,CUST01614,Endowment,160512.14,30.37,20,Active,2022-01-04,,Child
POL00291,CUST04229,Term Life,56245.01,23.66,20,Active,2024-07-15,,Child
POL00292,CUST03692,Term Life,88373.22,41.67,20,Lapsed,2022-01-20,2025-08-04,Child
POL00293,CUST03316,Annuity,217643.09,28.12,30,Active,2023-09-16,,Child
POL00294,CUST03571,Whole Life,145944.38,20.0,10,Active,2024-01-17,,Spouse
POL00295,CUST03475,Whole Life,126142.97,41.67,20,Active,2025-09-04,,Child
POL00296,CUST03157,Term Life,191597.22,20.0,5,Active,2023-10-22,,Child
POL00297,CUST03390,Annuity,341505.94,24.7,15,Active,2022-01-24,,Spouse
POL00298,CUST04393,Term Life,91961.89,28.99,20,Active,2023-01-09,,Child
POL00299,CUST04416,Term Life,53108.66,20.0,10,Active,2024-01-14,,Child
POL00300,CUST01228,Term Life,200000.0,25.47,10,Active,2024-04-08,,Child
POL00301,CUST04739,Term Life,200000.0,20.0,20,Active,2023-09-10,,Child
POL00302,CUST03278,Whole Life,230330.12,41.29,5,Active,2025-02-25,,Child
POL00303,CUST00354,Term Life,139070.86,20.0,20,Active,2024-01-18,,Spouse
POL00304,CUST03484,Whole Life,25000.0,23.95,10,Active,2023-08-01,,Spouse
POL00305,CUST01658,Term Life,81070.67,41.29,5,Active,2024-01-07,,Child
POL00306,CUST03784,Term Life,66839.62,28.17,20,Active,2025-01-14,,Parent
POL00307,CUST01818,Unit-linked,109797.62,36.74,20,Active,2024-02-26,,Spouse
POL00308,CUST00501,Term Life,190595.43,20.89,20,Active,2023-01-28,,Child
POL00309,CUST02456,Whole Life,109705.71,20.0,20,Active,2022-04-26,,Child
POL00310,CUST01560,Endowment,237112.66,20.0,20,Active,2025-01-05,,Child
POL00311,CUST00065,Term Life,213559.83,83.33,10,Active,2023-04-16,,Spouse
POL00312,CUST03843,Endowment,106899.93,25.01,26,Active,2022-12-04,,Child
POL00313,CUST04106,Term Life,228530.49,135.42,30,Active,2023-06-23,,Child
POL00314,CUST04128,Annuity,188999.3,20.0,5,Active,2022-04-25,,Spouse
POL00315,CUST00679,Whole Life,138381.14,25.46,30,Active,2022-01-27,,Spouse
POL00316,CUST02282,Term Life,165591.91,37.57,20,Active,2024-01-22,,Child
POL00317,CUST01774,Term Life,183185.41,25.06,20,Active,2024-01-24,,Child
POL00318,CUST03662,Endowment,193393.95,77.58,5,Active,2025-02-04,,Trust/Charity
POL00319,CUST03889,Critical Illness,185425.34,41.67,20,Active,2024-01-23,,Spouse
POL00320,CUST02866,Term Life,67392.93,28.88,21,Active,2025-07-14,,Parent
POL00321,CUST03093,Term Life,204905.05,22.31,30,Active,2023-04-10,,Other
POL00322,CUST00131,Annuity,128122.62,42.21,10,Active,2024-01-05,,Parent
POL00323,CUST02306,Term Life,146080.9,41.67,30,Active,2025-11-22,,Spouse
POL00324,CUST01607,Term Life,197744.98,35.39,10,Active,2023-10-23,,Other
POL00325,CUST00722,Unit-linked,200000.0,41.67,12,Active,2023-05-20,,Spouse
POL00326,CUST02964,Term Life,170079.66,41.67,10,Lapsed,2023-08-14,2022-07-16,Child
POL00327,CUST04806,Term Life,142700.23,20.0,10,Active,2024-01-02,,Spouse
POL00328,CUST00787,Term Life,95698.17,35.76,20,Active,2025-01-23,,Spouse
POL00329,CUST01240,Term Life,179791.85,22.98,20,Active,2022-01-05,,Spouse
POL00330,CUST04591,Term Life,235421.45,21.11,20,Active,2024-04-28,,Spouse
POL00331,CUST02754,Term Life,100985.32,34.4,20,Active,2023-09-08,,Spouse
POL00332,CUST04158,Term Life,273490.29,65.81,20,Active,2024-04-16,,Spouse
POL00333,CUST04916,Term Life,334770.41,20.0,20,Active,2024-01-19,,Spouse
POL00334,CUST04670,Whole Life,72764.4,41.67,30,Active,2024-01-13,,Parent
POL00335,CUST04139,Term Life,123248.45,61.71,20,Active,2025-11-28,,Parent
POL00336,CUST01966,Term Life,211385.98,29.06,10,Active,2023-01-03,,Spouse
POL00337,CUST01136,Term Life,175937.32,25.81,10,Active,2025-07-12,,Trust/Charity
POL00338,CUST04247,Whole Life,109708.26,25.64,30,Active,2025-01-18,,Spouse
POL00339,CUST04851,Annuity,311622.06,66.74,10,Active,2025-12-22,,Other
POL00340,CUST00281,Whole Life,163911.77,40.46,20,Active,2023-12-01,,Spouse
POL00341,CUST00406,Whole Life,70952.76,20.0,20,Lapsed,2025-01-26,2022-08-01,Spouse
POL00342,CUST04583,Term Life,200000.0,23.08,30,Active,2023-05-27,,Other
POL00343,CUST00938,Whole Life,266343.17,30.38,17,Lapsed,2023-11-24,2023-06-11,Child
POL00344,CUST01778,Term Life,104724.89,20.0,20,Lapsed,2023-12-26,2022-06-24,Spouse
POL00345,CUST00308,Endowment,260860.14,23.69,5,Active,2023-09-03,,Child
POL00346,CUST04268,Term Life,102761.95,82.7,20,Active,2022-01-26,,Other
POL00347,CUST04355,Term Life,59434.09,64.46,20,Active,2023-03-11,,Spouse
POL00348,CUST02282,Term Life,273765.54,27.39,20,Active,2023-01-20,,Child
POL00349,CUST01885,Unit-linked,200000.0,20.0,30,Active,2024-01-23,,Spouse
POL00350,CUST03633,Term Life,88765.09,20.0,20,Active,2023-02-25,,Child
POL00351,CUST01395,Unit-linked,228936.29,24.38,5,Active,2022-11-17,,Spouse
POL00352,CUST00674,Term Life,121886.59,21.63,24,Active,2023-01-22,,Spouse
POL00353,CUST02857,Whole Life,120949.9,31.53,20,Active,2024-10-25,,Parent
POL00354,CUST02100,Term Life,217737.45,39.17,30,Active,2024-01-23,,Spouse
POL00355,CUST00723,Whole Life,366102.2,33.42,20,Active,2024-01-22,,Spouse
POL00356,CUST01737,Whole Life,400000.0,20.0,30,Active,2023-12-01,,Other
POL00357,CUST03544,Term Life,242635.91,20.0,12,Active,2025-04-20,,Trust/Charity
POL00358,CUST00775,Whole Life,154902.77,20.0,20,Active,2024-02-05,,Child
POL00359,CUST04967,Whole Life,80970.71,20.0,5,Active,2025-01-24,,Parent
POL00360,CUST00235,Term Life,131060.62,20.39,10,Active,2025-02-26,,Other
POL00361,CUST03923,Term Life,206184.86,29.84,20,Active,2025-02-16,,Spouse
POL00362,CUST01026,Term Life,58919.69,32.92,20,Active,2023-09-14,,Parent
POL00363,CUST03542,Unit-linked,197879.9,20.0,20,Active,2024-11-01,,Parent
POL00364,CUST03248,Whole Life,154916.53,20.0,10,Active,2023-11-15,,Spouse
POL00365,CUST01408,Term Life,169942.0,20.0,20,Active,2025-03-14,,Spouse
POL00366,CUST04216,Annuity,78955.17,29.42,10,Active,2022-09-19,,Child
POL00367,CUST01595,Annuity,191924.16,35.45,19,Active,2022-07-13,,Spouse
POL00368,CUST01534,Term Life,74884.18,41.67,30,Active,2022-11-15,,Spouse
POL00369,CUST04781,Term Life,585110.73,39.54,10,Active,2024-01-19,,Spouse
POL00370,CUST01110,Term Life,251609.7,54.97,20,Active,2025-10-16,,Spouse
POL00371,CUST03553,Annuity,100942.03,53.02,10,Active,2025-10-13,,Spouse
POL00372,CUST04497,Term Life,170693.47,47.66,15,Active,2024-09-24,,Spouse
POL00373,CUST00593,Whole Life,93791.14,26.39,20,Active,2022-05-25,,Spouse
POL00374,CUST03174,Whole Life,258607.45,47.89,10,Lapsed,2023-09-19,2023-08-28,Parent
POL00375,CUST02887,Annuity,174100.17,51.16,20,Active,2022-06-18,,Spouse
POL00376,CUST00657,Whole Life,217754.21,87.95,30,Lapsed,2025-05-02,2024-06-01,Spouse
POL00377,CUST04943,Term Life,49482.18,41.67,20,Active,2024-01-20,,Spouse
POL00378,CUST01482,Term Life,149198.69,85.9,5,Active,2025-08-12,,Child
POL00379,CUST00407,Annuity,29987.11,21.98,18,Active,2022-11-25,,Spouse
POL00380,CUST01011,Annuity,143836.29,20.0,5,Active,2023-01-11,,Child
POL00381,CUST04154,Term Life,650000.0,120.55,21,Active,2022-11-16,,Child
POL00382,CUST00188,Term Life,97869.99,25.76,30,Active,2024-11-05,,Child
POL00383,CUST01327,Whole Life,162685.22,35.56,20,Active,2023-01-14,,Spouse
POL00384,CUST00975,Term Life,185895.27,20.0,20,Active,2025-01-06,,Spouse
POL00385,CUST00111,Term Life,87588.82,20.0,8,Active,2023-08-01,,Spouse
POL00386,CUST01415,Whole Life,117950.99,39.1,20,Active,2025-11-05,,Spouse
POL00387,CUST04703,Annuity,65053.0,34.38,5,Active,2025-04-26,,Child
POL00388,CUST00203,Whole Life,433737.39,24.39,20,Active,2025-06-26,,Child
POL00389,CUST02269,Whole Life,69935.06,50.16,10,Active,2024-11-14,,Spouse
POL00390,CUST02094,Term Life,92285.34,80.39,10,Active,2025-01-18,,Spouse
POL00391,CUST01706,Term Life,116662.21,111.23,20,Active,2024-05-12,,Spouse
POL00392,CUST02705,Unit-linked,135231.89,72.89,30,Active,2025-05-21,,Parent
POL00393,CUST04497,Annuity,288263.44,49.25,15,Active,2025-11-12,,Spouse
POL00394,CUST02192,Term Life,46648.88,79.72,20,Active,2023-05-22,,Other
POL00395,CUST02893,Unit-linked,52984.74,52.9,20,Active,2023-07-28,,Spouse
POL00396,CUST03556,Term Life,141679.49,20.0,10,Active,2024-05-08,,Child
POL00397,CUST03774,Term Life,91760.81,30.97,30,Active,2025-09-01,,Child
POL00398,CUST04988,Term Life,200000.0,36.02,30,Active,2025-03-25,,Child
POL00399,CUST04594,Term Life,272401.45,54.28,20,Active,2024-01-10,,Other
POL00400,CUST03527,Term Life,183010.77,25.58,20,Active,2024-12-28,,Spouse
POL00401,CUST02916,Term Life,708954.87,65.84,10,Active,2024-01-11,,Spouse
POL00402,CUST02958,Unit-linked,130768.89,20.0,20,Active,2023-01-18,,Spouse
POL00403,CUST03796,Term Life,340803.74,47.0,10,Active,2022-01-02,,Spouse
POL00404,CUST02296,Whole Life,110246.21,29.97,20,Lapsed,2023-01-19,2025-07-08,Trust/Charity
POL00405,CUST04014,Term Life,123239.23,33.5,20,Active,2024-10-09,,Spouse
POL00406,CUST02829,Term Life,267260.02,20.32,10,Active,2022-11-08,,Spouse
POL00407,CUST00234,Term Life,140059.54,44.5,19,Active,2023-01-11,,Child
POL00408,CUST02902,Term Life,72622.31,39.74,20,Active,2023-01-23,,Child
POL00409,CUST00039,Whole Life,196847.92,41.67,5,Active,2022-06-22,,Spouse
POL00410,CUST04606,Unit-linked,126753.7,20.0,10,Active,2023-01-11,,Child
POL00411,CUST00530,Term Life,128570.68,129.38,20,Active,2025-01-20,,Other
POL00412,CUST01904,Whole Life,163174.09,32.5,20,Lapsed,2024-08-07,2022-06-05,Spouse
POL00413,CUST01957,Annuity,136673.45,24.96,10,Active,2022-10-09,,Child
POL00414,CUST01366,Whole Life,163358.89,20.0,30,Active,2025-03-27,,Spouse
POL00415,CUST04516,Term Life,213355.77,22.26,20,Active,2025-11-06,,Other
POL00416,CUST02817,Term Life,143232.13,20.0,30,Active,2022-01-17,,Spouse
POL00417,CUST01830,Annuity,91018.32,20.0,20,Active,2024-09-12,,Spouse
POL00418,CUST00657,Whole Life,139145.71,41.48,20,Active,2022-07-26,,Spouse
POL00419,CUST00662,Whole Life,242414.3,30.46,20,Active,2022-06-03,,Child
POL00420,CUST02493,Term Life,86653.8,20.0,10,Active,2024-06-25,,Spouse
POL00421,CUST03717,Term Life,141765.53,20.11,20,Active,2023-07-16,,Child
POL00422,CUST00881,Whole Life,236961.21,20.0,20,Active,2023-04-15,,Spouse
POL00423,CUST00782,Unit-linked,87444.7,94.81,30,Active,2022-03-22,,Other
POL00424,CUST03896,Term Life,272687.32,20.0,30,Active,2023-07-25,,Child
POL00425,CUST00831,Annuity,171203.61,35.35,20,Active,2025-01-01,,Spouse
POL00426,CUST04306,Term Life,84424.16,20.0,5,Active,2025-01-13,,Other
POL00427,CUST04826,Term Life,98806.78,38.01,5,Active,2025-01-19,,Child
POL00428,CUST04943,Unit-linked,200000.0,35.0,30,Active,2022-04-26,,Spouse
POL00429,CUST04896,Term Life,87273.57,131.39,10,Active,2025-02-24,,Spouse
POL00430,CUST00485,Term Life,159699.41,20.0,20,Active,2024-01-24,,Child
POL00431,CUST04834,Critical Illness,156690.81,83.33,10,Active,2025-03-15,,Child
POL00432,CUST01419,Whole Life,192241.54,83.33,5,Active,2024-04-26,,Spouse
POL00433,CUST04555,Term Life,123128.01,21.89,10,Active,2024-01-17,,Child
POL00434,CUST00740,Term Life,86965.77,41.67,10,Active,2023-11-02,,Trust/Charity
POL00435,CUST04979,Term Life,120435.84,43.57,10,Lapsed,2024-07-12,2023-08-06,Spouse
POL00436,CUST01945,Term Life,346032.84,23.94,10,Active,2024-01-05,,Child
POL00437,CUST03039,Term Life,215024.27,28.42,30,Active,2023-08-20,,Child
POL00438,CUST00902,Term Life,187225.02,22.58,20,Active,2022-05-24,,Trust/Charity
POL00439,CUST02119,Term Life,289345.35,20.0,30,Active,2022-01-17,,Trust/Charity
POL00440,CUST01663,Whole Life,168189.2,41.67,30,Active,2025-04-20,,Other
POL00441,CUST00692,Term Life,202671.61,159.4,20,Active,2023-11-22,,Other
POL00442,CUST03963,Annuity,117111.23,20.0,10,Lapsed,2022-11-11,2023-08-19,Child
POL00443,CUST03831,Critical Illness,200000.0,41.67,10,Lapsed,2024-07-26,2025-06-28,Other
POL00444,CUST01324,Whole Life,140601.55,26.57,26,Active,2023-07-22,,Spouse
POL00445,CUST00438,Whole Life,102766.45,160.92,10,Active,2023-08-27,,Child
POL00446,CUST01283,Term Life,136488.33,20.0,20,Active,2023-01-13,,Spouse
POL00447,CUST00618,Unit-linked,200000.0,34.53,30,Active,2023-08-22,,Spouse
POL00448,CUST03965,Term Life,129432.59,20.0,25,Active,2022-01-12,,Child
POL00449,CUST03696,Whole Life,194325.19,31.99,20,Active,2024-08-12,,Other
POL00450,CUST00663,Term Life,311217.03,104.69,30,Active,2022-04-09,,Spouse
POL00451,CUST00418,Term Life,437795.79,176.73,29,Active,2023-01-01,,Other
POL00452,CUST03090,Term Life,146664.32,41.0,10,Active,2023-09-18,,Other
POL00453,CUST00280,Whole Life,376198.58,20.0,20,Active,2024-12-21,,Spouse
POL00454,CUST00452,Whole Life,185890.78,57.41,10,Active,2024-01-17,,Trust/Charity
POL00455,CUST03248,Term Life,64813.7,20.0,5,Lapsed,2022-01-09,2023-07-14,Spouse
POL00456,CUST03762,Whole Life,122516.15,86.84,20,Active,2022-05-18,,Parent
POL00457,CUST01197,Term Life,126177.83,94.24,20,Active,2025-01-18,,Child
POL00458,CUST00365,Annuity,80381.69,84.26,20,Active,2023-01-27,,Other
POL00459,CUST01413,Annuity,89518.99,21.93,20,Active,2024-01-04,,Spouse
POL00460,CUST02300,Term Life,257687.63,22.55,29,Active,2024-02-06,,Child
POL00461,CUST00807,Term Life,57086.72,43.83,20,Active,2023-01-12,,Spouse
POL00462,CUST01423,Term Life,282270.12,20.0,20,Active,2023-01-22,,Spouse
POL00463,CUST03168,Term Life,200000.0,20.0,5,Active,2025-12-08,,Spouse
POL00464,CUST00074,Whole Life,83137.36,72.88,20,Active,2022-01-21,,Other
POL00465,CUST03923,Critical Illness,236134.53,21.88,20,Lapsed,2025-12-20,2024-08-16,Trust/Charity
POL00466,CUST03509,Term Life,200000.0,41.67,20,Active,2022-01-01,,Parent
POL00467,CUST00661,Term Life,118282.44,20.0,30,Lapsed,2022-12-25,2025-06-15,Child
POL00468,CUST00935,Whole Life,75133.97,41.51,20,Active,2024-05-28,,Child
POL00469,CUST04367,Annuity,110057.33,20.0,5,Active,2022-06-06,,Spouse
POL00470,CUST00052,Term Life,52865.57,38.97,10,Active,2022-02-25,,Parent
POL00471,CUST00659,Annuity,271651.79,20.0,10,Active,2024-11-12,,Other
POL00472,CUST02976,Whole Life,200382.08,180.92,10,Active,2023-08-20,,Spouse
POL00473,CUST00941,Whole Life,63562.79,39.51,10,Lapsed,2025-08-16,2025-07-24,Child
POL00474,CUST00952,Term Life,39879.02,20.0,8,Active,2025-11-25,,Child
POL00475,CUST04789,Annuity,200000.0,20.0,10,Active,2023-02-24,,Child
POL00476,CUST03126,Whole Life,108955.77,20.0,10,Active,2023-08-01,,Spouse
POL00477,CUST04050,Term Life,244452.74,55.85,10,Active,2022-01-07,,Spouse
POL00478,CUST03914,Term Life,208954.5,20.2,20,Active,2023-01-24,,Spouse
POL00479,CUST02364,Term Life,97251.81,49.41,10,Active,2024-02-10,,Child
POL00480,CUST03123,Whole Life,233031.07,31.07,10,Active,2025-01-07,,Child
POL00481,CUST00006,Term Life,237052.41,40.85,19,Active,2022-11-03,,Child
POL00482,CUST00792,Unit-linked,171059.39,20.0,30,Active,2022-03-12,,Child
POL00483,CUST04189,Term Life,106456.94,22.05,10,Active,2025-01-18,,Child
POL00484,CUST03405,Term Life,109955.89,20.0,20,Active,2024-01-13,,Child
POL00485,CUST04412,Whole Life,124236.41,20.76,5,Active,2025-07-01,,Child
POL00486,CUST01895,Term Life,131486.16,54.76,19,Active,2024-01-18,,Parent
POL00487,CUST01866,Whole Life,195903.05,37.0,20,Active,2022-04-25,,Parent
POL00488,CUST01483,Term Life,98727.72,54.17,10,Active,2022-03-22,,Child
POL00489,CUST03953,Term Life,85336.08,20.0,20,Active,2024-07-20,,Other
POL00490,CUST00527,Whole Life,147507.37,80.83,5,Active,2024-01-02,,Spouse
POL00491,CUST01189,Annuity,68680.8,20.56,13,Active,2025-02-06,,Child
POL00492,CUST03930,Term Life,194722.9,58.05,20,Active,2023-01-01,,Trust/Charity
POL00493,CUST00935,Term Life,235992.26,43.44,20,Lapsed,2025-10-21,2025-07-22,Parent
POL00494,CUST03671,Term Life,92266.47,36.14,30,Active,2024-12-27,,Parent
POL00495,CUST02333,Unit-linked,75969.57,41.67,5,Active,2022-08-11,,Other
POL00496,CUST01104,Term Life,172268.35,20.0,20,Active,2022-01-04,,Child
POL00497,CUST03352,Term Life,215727.21,45.32,10,Active,2024-07-17,,Spouse
POL00498,CUST04529,Term Life,124793.39,43.06,20,Active,2022-11-01,,Child
POL00499,CUST04034,Term Life,400000.0,38.23,5,Active,2024-01-14,,Child
POL00500,CUST00775,Whole Life,64076.24,21.56,30,Active,2022-04-06,,Spouse
POL00501,CUST03002,Whole Life,126791.21,24.17,30,Active,2023-08-24,,Spouse
POL00502,CUST03394,Whole Life,105276.88,20.0,30,Active,2024-01-20,,Child
POL00503,CUST03997,Critical Illness,276586.24,20.0,18,Active,2022-09-03,,Spouse
POL00504,CUST04305,Term Life,200000.0,25.88,10,Active,2022-12-13,,Spouse
POL00505,CUST00387,Term Life,200000.0,20.0,20,Active,2023-01-21,,Spouse
POL00506,CUST04092,Term Life,157442.83,31.4,10,Active,2025-01-12,,Parent
POL00507,CUST01406,Whole Life,213911.69,71.96,20,Active,2023-01-26,,Child
POL00508,CUST01593,Term Life,201628.42,58.86,10,Active,2023-02-03,,Spouse
POL00509,CUST04316,Term Life,194880.85,46.59,5,Active,2022-10-25,,Child
POL00510,CUST02543,Endowment,99672.55,43.62,20,Active,2023-01-16,,Other
POL00511,CUST04926,Term Life,295467.68,26.35,5,Active,2024-05-17,,Other
POL00512,CUST04124,Term Life,72678.41,53.35,30,Active,2025-01-27,,Child
POL00513,CUST04896,Term Life,391137.08,21.57,20,Active,2022-09-05,,Spouse
POL00514,CUST02281,Unit-linked,84748.14,30.3,20,Active,2023-04-05,,Child
POL00515,CUST02801,Term Life,190938.52,41.67,20,Active,2024-01-03,,Spouse
POL00516,CUST01509,Annuity,186401.15,20.0,10,Active,2024-02-27,,Child
POL00517,CUST03448,Term Life,42372.31,20.0,20,Active,2023-02-23,,Child
POL00518,CUST00305,Term Life,46927.33,41.67,18,Active,2025-01-08,,Child
POL00519,CUST02115,Term Life,101269.6,20.0,26,Active,2023-01-24,,Spouse
POL00520,CUST02061,Term Life,63287.75,41.67,20,Active,2024-02-13,,Spouse
POL00521,CUST00431,Term Life,378924.04,57.36,20,Active,2025-01-20,,Child
POL00522,CUST02766,Term Life,400000.0,41.53,20,Active,2022-10-21,,Child
POL00523,CUST02505,Whole Life,103612.39,23.36,10,Active,2025-10-05,,Other
POL00524,CUST00263,Endowment,50655.05,41.67,10,Active,2023-12-23,,Other
POL00525,CUST03960,Unit-linked,147943.63,28.22,20,Active,2024-04-21,,Spouse
POL00526,CUST00761,Whole Life,292914.79,48.19,5,Active,2022-09-03,,Spouse
POL00527,CUST01767,Term Life,135691.65,20.0,10,Active,2023-08-14,,Spouse
POL00528,CUST03917,Term Life,197621.67,94.19,20,Active,2025-02-22,,Spouse
POL00529,CUST02406,Term Life,118642.8,30.78,20,Active,2023-12-10,,Trust/Charity
POL00530,CUST01406,Term Life,126689.54,34.8,20,Active,2024-12-04,,Child
POL00531,CUST04302,Critical Illness,108636.52,20.12,5,Active,2023-12-26,,Spouse
POL00532,CUST03373,Critical Illness,200000.0,41.67,20,Active,2023-04-24,,Other
POL00533,CUST02561,Term Life,152932.58,28.03,10,Active,2022-01-18,,Spouse
POL00534,CUST02539,Term Life,332795.1,98.25,10,Active,2024-03-25,,Child
POL00535,CUST02217,Endowment,146236.9,56.66,30,Active,2022-01-06,,Parent
POL00536,CUST02004,Term Life,116701.05,20.0,5,Active,2022-06-23,,Spouse
POL00537,CUST03598,Term Life,374375.87,27.33,26,Active,2022-12-04,,Child
POL00538,CUST04216,Term Life,64295.65,24.04,10,Active,2024-02-14,,Parent
POL00539,CUST00066,Term Life,199600.93,41.67,10,Active,2024-10-04,,Child
POL00540,CUST02879,Term Life,288934.39,20.0,30,Active,2022-01-07,,Parent
POL00541,CUST02620,Critical Illness,117465.72,25.58,20,Active,2023-11-10,,Child
POL00542,CUST00764,Term Life,152903.73,28.42,20,Active,2022-10-17,,Child
POL00543,CUST01467,Endowment,215242.73,42.72,30,Active,2022-02-01,,Child
POL00544,CUST02607,Term Life,98934.72,20.0,10,Active,2024-10-06,,Parent
POL00545,CUST04863,Term Life,125854.19,20.0,20,Active,2023-01-08,,Child
POL00546,CUST03126,Term Life,321681.95,31.65,30,Active,2025-11-20,,Spouse
POL00547,CUST01375,Term Life,49713.84,25.66,-5,Active,2023-04-18,,Spouse
POL00548,CUST00760,Term Life,400000.0,20.0,10,Active,2023-11-20,,Spouse
POL00549,CUST01888,Term Life,132820.41,74.98,30,Active,2023-05-09,,Child
POL00550,CUST01218,Term Life,191651.71,20.0,20,Active,2025-07-22,,Child
POL00551,CUST01538,Endowment,145926.78,88.3,20,Active,2023-04-26,,Child
POL00552,CUST04238,Whole Life,113814.22,20.0,10,Active,2023-04-09,,Spouse
POL00553,CUST03038,Term Life,112144.32,27.05,20,Active,2025-01-14,,Other
POL00554,CUST02084,Term Life,47481.45,20.0,30,Active,2025-09-25,,Spouse
POL00555,CUST02359,Term Life,69409.69,38.44,10,Active,2023-01-24,,Spouse
POL00556,CUST03143,Term Life,131614.42,90.89,20,Lapsed,2024-03-11,2024-06-11,Spouse
POL00557,CUST00177,Whole Life,79507.81,20.0,20,Active,2023-06-25,,Spouse
POL00558,CUST04284,Whole Life,200000.0,20.0,20,Active,2024-06-16,,Spouse
POL00559,CUST00067,Endowment,144499.8,63.92,6,Active,2025-01-26,,Spouse
POL00560,CUST03456,Endowment,69240.14,92.32,10,Active,2024-04-20,,Parent
POL00561,CUST03852,Whole Life,81562.06,20.0,30,Active,2024-01-15,,Spouse
POL00562,CUST04501,Term Life,117421.76,56.75,10,Active,2022-01-25,,Spouse
POL00563,CUST04822,Unit-linked,190361.45,20.0,30,Active,2025-03-07,,Spouse
POL00564,CUST02333,Unit-linked,200000.0,20.0,20,Active,2025-10-22,,Child
POL00565,CUST03552,Term Life,106534.58,20.0,30,Lapsed,2024-10-15,2022-07-23,Spouse
POL00566,CUST00182,Unit-linked,33612.76,32.24,20,Active,2022-07-03,,Spouse
POL00567,CUST03607,Term Life,77690.04,71.73,10,Active,2022-02-25,,Parent
POL00568,CUST04289,Unit-linked,400000.0,26.68,1,Active,2025-12-04,,Child
POL00569,CUST02936,Term Life,233479.34,38.75,20,Active,2024-12-01,,Other
POL00570,CUST00627,Term Life,203571.8,24.02,20,Active,2025-09-01,,Child
POL00571,CUST03148,Term Life,159885.87,100.52,10,Active,2024-05-19,,Child
POL00572,CUST01480,Whole Life,54390.51,38.68,26,Active,2023-01-12,,Spouse
POL00573,CUST03563,Term Life,443293.4,26.33,30,Active,2022-06-09,,Spouse
POL00574,CUST00136,Term Life,389836.4,24.14,10,Active,2025-07-28,,Parent
POL00575,CUST01878,Term Life,344404.26,35.14,20,Active,2022-05-05,,Spouse
POL00576,CUST02165,Annuity,71637.39,20.0,20,Active,2025-09-03,,Child
POL00577,CUST04399,Endowment,66312.95,20.0,20,Active,2025-06-04,,Spouse
POL00578,CUST00272,Critical Illness,121830.63,41.67,5,Active,2022-06-28,,Other
POL00579,CUST01971,Term Life,91914.44,24.08,10,Active,2025-12-14,,Parent
POL00580,CUST03083,Whole Life,172220.53,32.82,30,Active,2022-05-21,,Child
POL00581,CUST02042,Term Life,88502.57,77.0,20,Active,2023-05-25,,Child
POL00582,CUST04581,Whole Life,227212.42,79.21,5,Active,2025-11-07,,Child
POL00583,CUST02873,Whole Life,71425.03,20.0,10,Active,2022-01-01,,Spouse
POL00584,CUST01157,Annuity,156195.49,20.0,20,Active,2025-10-20,,Spouse
POL00585,CUST01707,Critical Illness,238717.42,26.87,1,Active,2024-01-21,,Spouse
POL00586,CUST01207,Term Life,236304.59,24.61,5,Active,2025-12-15,,Child
POL00587,CUST03080,Term Life,182030.54,50.51,20,Active,2023-01-13,,Spouse
POL00588,CUST01201,Whole Life,106590.61,24.81,20,Active,2023-01-24,,Trust/Charity
POL00589,CUST02078,Unit-linked,238188.53,83.33,30,Active,2023-05-21,,Child
POL00590,CUST03301,Term Life,120484.91,39.69,5,Active,2025-10-24,,Child
POL00591,CUST02003,Term Life,67300.47,20.0,20,Active,2022-01-22,,Trust/Charity
POL00592,CUST01607,Term Life,75207.48,26.43,20,Active,2025-01-22,,Child
POL00593,CUST03905,Term Life,196951.71,20.0,20,Active,2022-12-15,,Spouse
POL00594,CUST01016,Term Life,161687.54,32.13,30,Active,2024-05-28,,Child
POL00595,CUST03781,Unit-linked,174618.52,39.81,5,Active,2025-03-05,,Child
POL00596,CUST03214,Whole Life,63917.05,41.26,10,Active,2022-06-17,,Spouse
POL00597,CUST04540,Term Life,150476.04,20.0,30,Active,2025-10-27,,Child
POL00598,CUST04061,Unit-linked,117480.74,64.87,10,Active,2024-06-22,,Spouse
POL00599,CUST01961,Critical Illness,139777.7,29.95,0,Active,2024-09-05,,Other
POL00600,CUST03654,Term Life,94006.86,41.67,10,Active,2022-05-25,,Child
POL00601,CUST03901,Annuity,207167.12,33.81,30,Lapsed,2025-07-10,2023-06-28,Parent
POL00602,CUST03932,Term Life,64193.15,24.2,30,Active,2022-06-10,,Trust/Charity
POL00603,CUST02873,Whole Life,72231.03,20.0,29,Active,2022-01-03,,Spouse
POL00604,CUST03859,Unit-linked,71885.63,20.0,30,Active,2023-11-02,,Spouse
POL00605,CUST00476,Term Life,140577.28,38.16,21,Active,2022-11-19,,Parent
POL00606,CUST03350,Term Life,129898.69,20.0,20,Active,2023-06-08,,Spouse
POL00607,CUST02157,Endowment,263957.95,26.72,10,Active,2024-09-21,,Child
POL00608,CUST02993,Whole Life,139079.68,20.0,30,Active,2023-01-07,,Child
POL00609,CUST01066,Term Life,283322.46,112.17,5,Active,2022-07-21,,Spouse
POL00610,CUST00110,Term Life,104311.02,21.5,8,Lapsed,2024-01-15,2022-06-02,Spouse
POL00611,CUST02520,Unit-linked,234643.91,40.32,20,Active,2024-11-27,,Spouse
POL00612,CUST00644,Term Life,100267.25,46.96,5,Active,2025-10-27,,Spouse
POL00613,CUST00658,Term Life,83842.99,24.85,10,Active,2022-01-22,,Child
POL00614,CUST04115,Term Life,191040.47,83.33,20,Active,2025-01-26,,Spouse
POL00615,CUST03291,Term Life,128893.99,25.26,20,Active,2024-05-16,,Spouse
POL00616,CUST00761,Term Life,94653.07,20.0,20,Active,2025-11-17,,Child
POL00617,CUST00000,Critical Illness,164661.99,44.72,30,Active,2025-08-13,,Spouse
POL00618,CUST03140,Annuity,157406.17,41.67,20,Active,2022-03-24,,Spouse
POL00619,CUST03310,Term Life,128473.63,39.21,20,Active,2024-10-01,,Spouse
POL00620,CUST00555,Whole Life,120415.16,51.31,5,Active,2023-03-23,,Spouse
POL00621,CUST01478,Unit-linked,95588.91,41.23,5,Active,2025-03-14,,Parent
POL00622,CUST00142,Unit-linked,107056.17,20.32,30,Active,2023-08-20,,Child
POL00623,CUST01431,Annuity,448075.11,28.46,20,Active,2024-02-02,,Other
POL00624,CUST01771,Term Life,86566.36,20.0,27,Lapsed,2025-09-13,2025-07-15,Child
POL00625,CUST01995,Term Life,69189.07,36.32,5,Active,2022-01-09,,Spouse
POL00626,CUST04098,Whole Life,220575.5,48.48,25,Active,2025-05-10,,Spouse
POL00627,CUST00021,Whole Life,122283.84,20.0,10,Active,2024-01-10,,Spouse
POL00628,CUST01363,Whole Life,200000.0,20.0,20,Active,2025-04-21,,Spouse
POL00629,CUST02927,Term Life,200000.0,41.67,10,Active,2025-09-14,,Spouse
POL00630,CUST04070,Unit-linked,105190.95,27.09,20,Active,2023-02-03,,Child
POL00631,CUST03002,Whole Life,116313.05,35.75,20,Active,2023-01-01,,Spouse
POL00632,CUST04211,Endowment,105671.68,41.67,5,Active,2025-05-25,,Spouse
POL00633,CUST00643,Term Life,171775.02,20.0,30,Active,2024-10-21,,Spouse
POL00634,CUST00974,Term Life,106913.48,25.49,10,Active,2024-10-11,,Parent
POL00635,CUST00474,Term Life,133723.6,36.25,20,Active,2024-09-23,,Spouse
POL00636,CUST00622,Whole Life,39405.24,26.12,10,Active,2025-09-11,,Other
POL00637,CUST04250,Term Life,41338.09,20.0,5,Active,2025-02-15,,Spouse
POL00638,CUST01456,Term Life,82539.12,105.47,30,Active,2023-01-28,,Child
POL00639,CUST01805,Term Life,200000.0,41.67,20,Active,2022-10-18,,Child
POL00640,CUST00336,Whole Life,133331.34,33.07,10,Active,2022-04-27,,Child
POL00641,CUST03155,Term Life,127670.66,41.67,20,Active,2023-01-23,,Parent
POL00642,CUST01417,Unit-linked,87967.04,45.61,30,Active,2022-03-23,,Child
POL00643,CUST03030,Whole Life,122394.47,39.11,10,Active,2023-12-25,,Child
POL00644,CUST04813,Endowment,463209.87,20.0,20,Active,2023-02-03,,Child
POL00645,CUST01267,Unit-linked,186559.59,20.0,30,Active,2024-04-03,,Spouse
POL00646,CUST02422,Term Life,67015.96,20.0,10,Active,2023-02-08,,Child
POL00647,CUST02919,Whole Life,96461.58,85.96,20,Active,2022-01-11,,Child
POL00648,CUST01554,Term Life,262151.03,85.12,5,Lapsed,2024-01-10,2025-08-03,Parent
POL00649,CUST00817,Whole Life,200000.0,20.0,5,Active,2025-10-12,,Parent
POL00650,CUST02482,Term Life,280755.68,25.93,19,Active,2024-06-15,,Spouse
POL00651,CUST03540,Term Life,141624.38,27.45,30,Active,2024-01-11,,Child
POL00652,CUST02486,Term Life,142901.57,32.31,10,Active,2023-01-20,,Child
POL00653,CUST01158,Term Life,179480.12,41.67,10,Active,2024-10-11,,Child
POL00654,CUST00672,Term Life,74674.66,20.0,20,Active,2022-12-01,,Spouse
POL00655,CUST00857,Unit-linked,82104.42,26.22,20,Active,2025-12-21,,Spouse
POL00656,CUST00764,Whole Life,94590.58,20.0,20,Active,2023-01-06,,Spouse
POL00657,CUST01097,Unit-linked,221300.4,20.0,10,Active,2025-02-18,,Parent
POL00658,CUST01031,Endowment,248052.54,20.0,20,Active,2022-01-21,,Child
POL00659,CUST03294,Whole Life,82680.42,36.57,20,Active,2025-01-27,,Child
POL00660,CUST03124,Term Life,97222.69,26.01,5,Active,2023-01-21,,Spouse
POL00661,CUST00707,Annuity,225651.24,20.0,10,Active,2024-01-19,,Child
POL00662,CUST02881,Annuity,213453.9,23.84,30,Active,2025-03-02,,Child
POL00663,CUST01293,Term Life,229843.67,45.61,10,Active,2022-01-21,,Child
POL00664,CUST02189,Term Life,204239.62,24.55,20,Active,2025-10-24,,Spouse
POL00665,CUST01567,Whole Life,87909.22,20.0,20,Active,2023-02-20,,Spouse
POL00666,CUST02418,Term Life,135777.78,20.69,30,Active,2022-12-11,,Other
POL00667,CUST04192,Term Life,251531.4,40.75,20,Active,2022-11-23,,Other
POL00668,CUST04227,Critical Illness,89043.59,20.0,10,Active,2022-07-10,,Spouse
POL00669,CUST01421,Critical Illness,304591.8,83.33,20,Active,2024-03-01,,Child
POL00670,CUST02937,Critical Illness,125931.89,26.42,10,Active,2024-08-15,,Spouse
POL00671,CUST03269,Term Life,93593.77,88.67,10,Active,2024-10-02,,Parent
POL00672,CUST00190,Unit-linked,85092.63,20.0,30,Active,2024-02-14,,Spouse
POL00673,CUST02126,Term Life,59945.45,28.39,10,Active,2022-01-13,,Spouse
POL00674,CUST02903,Endowment,155081.95,101.37,10,Active,2023-03-17,,Spouse
POL00675,CUST04348,Term Life,62678.15,27.31,30,Active,2025-09-24,,Spouse
POL00676,CUST02847,Annuity,113902.78,74.77,20,Active,2023-10-03,,Child
POL00677,CUST00429,Term Life,147810.65,20.0,17,Active,2023-03-27,,Child
POL00678,CUST00800,Term Life,126249.08,20.0,17,Active,2025-04-01,,Child
POL00679,CUST04826,Unit-linked,200000.0,41.67,20,Active,2022-08-25,,Child
POL00680,CUST00126,Whole Life,126021.48,24.79,10,Active,2022-01-07,,Spouse
POL00681,CUST02100,Endowment,298150.04,26.28,10,Active,2024-09-24,,Spouse
POL00682,CUST01380,Term Life,271188.86,44.96,20,Lapsed,2024-10-10,2022-07-15,Spouse
POL00683,CUST04615,Annuity,130411.98,20.0,4,Active,2023-06-10,,Spouse
POL00684,CUST04821,Term Life,274826.58,44.22,20,Active,2025-02-16,,Child
POL00685,CUST00461,Whole Life,277892.28,20.0,30,Active,2023-06-05,,Trust/Charity
POL00686,CUST03226,Whole Life,115729.39,29.01,30,Active,2024-09-28,,Spouse
POL00687,CUST04235,Term Life,200000.0,41.67,5,Active,2025-11-27,,Spouse
POL00688,CUST03112,Term Life,96876.54,180.95,5,Active,2023-03-12,,Trust/Charity
POL00689,CUST04381,Term Life,80764.36,20.0,10,Active,2023-03-23,,Trust/Charity
POL00690,CUST00013,Term Life,242773.79,27.71,20,Active,2023-02-05,,Spouse
POL00691,CUST01717,Unit-linked,81911.68,55.76,20,Active,2024-01-14,,Other
POL00692,CUST02441,Term Life,90747.68,41.04,10,Active,2025-07-14,,Child
POL00693,CUST04115,Term Life,125080.0,47.32,20,Active,2025-01-09,,Child
POL00694,CUST04519,Term Life,87964.64,28.94,20,Active,2024-01-24,,Other
POL00695,CUST02666,Whole Life,75511.03,26.82,30,Lapsed,2024-08-05,2024-08-07,Other
POL00696,CUST00664,Term Life,92223.3,99.5,20,Active,2024-06-22,,Parent
POL00697,CUST02701,Term Life,54769.72,36.98,10,Active,2025-03-09,,Child
POL00698,CUST02264,Term Life,51326.03,53.64,20,Active,2022-01-23,,Spouse
POL00699,CUST04313,Whole Life,152332.79,34.75,30,Active,2025-03-15,,Spouse
POL00700,CUST00985,Term Life,257360.23,83.33,5,Active,2022-11-26,,Spouse
POL00701,CUST04038,Whole Life,108046.53,20.0,5,Active,2023-06-09,,Child
POL00702,CUST02913,Endowment,132841.67,93.07,5,Active,2024-02-25,,Spouse
POL00703,CUST00914,Critical Illness,86083.19,20.0,20,Active,2025-08-08,,Child
POL00704,CUST00065,Critical Illness,161045.75,20.0,20,Active,2023-01-12,,Other
POL00705,CUST01504,Endowment,121277.08,36.57,30,Active,2022-01-13,,Spouse
POL00706,CUST00308,Term Life,147691.94,24.61,20,Active,2024-01-19,,Other
POL00707,CUST01271,Whole Life,109368.4,20.0,20,Active,2024-01-05,,Other
POL00708,CUST02300,Term Life,187569.18,51.16,20,Active,2023-12-10,,Child
POL00709,CUST04916,Whole Life,84824.99,58.4,30,Active,2025-01-14,,Spouse
POL00710,CUST04650,Critical Illness,261843.84,20.0,20,Active,2025-05-21,,Child
POL00711,CUST00678,Term Life,99387.22,27.19,30,Lapsed,2022-09-09,2023-06-10,Spouse
POL00712,CUST04534,Whole Life,194688.45,20.0,20,Active,2024-01-28,,Spouse
POL00713,CUST01982,Term Life,26524.78,27.37,30,Active,2025-09-13,,Spouse
POL00714,CUST03981,Critical Illness,182891.57,32.06,20,Active,2024-01-11,,Parent
POL00715,CUST03414,Term Life,69759.13,39.73,10,Active,2023-06-19,,Child
POL00716,CUST03219,Whole Life,136304.82,22.34,20,Active,2025-01-16,,Spouse
POL00717,CUST03300,Term Life,119964.23,35.12,30,Lapsed,2025-03-05,2024-08-07,Child
POL00718,CUST03236,Unit-linked,186753.44,23.73,5,Active,2022-05-04,,Spouse
POL00719,CUST01254,Term Life,167046.94,53.73,5,Active,2025-06-15,,Spouse
POL00720,CUST01257,Term Life,165368.46,20.0,20,Active,2022-06-06,,Other
POL00721,CUST02927,Annuity,151005.92,20.0,20,Active,2023-12-18,,Child
POL00722,CUST00160,Annuity,207977.36,22.99,30,Active,2024-08-28,,Spouse
POL00723,CUST01136,Whole Life,110470.42,135.42,10,Active,2023-01-13,,Other
POL00724,CUST02128,Whole Life,182763.78,20.0,20,Active,2024-01-13,,Other
POL00725,CUST04194,Term Life,200000.0,41.67,20,Active,2025-12-01,,Child
POL00726,CUST00183,Unit-linked,129633.58,83.33,10,Active,2022-06-22,,Spouse
POL00727,CUST04608,Term Life,113752.53,35.62,30,Active,2022-02-15,,Spouse
POL00728,CUST03033,Term Life,48547.3,47.68,20,Active,2024-01-10,,Child
POL00729,CUST02513,Whole Life,200000.0,29.64,20,Active,2024-03-07,,Spouse
POL00730,CUST03518,Unit-linked,50894.83,25.49,10,Active,2023-10-17,,Child
POL00731,CUST02003,Term Life,129136.04,26.69,10,Active,2024-11-22,,Spouse
POL00732,CUST02229,Term Life,253451.15,98.27,30,Active,2024-07-13,,Child
POL00733,CUST04770,Term Life,200877.47,20.0,10,Active,2022-08-12,,Child
POL00734,CUST02157,Term Life,194277.04,39.12,30,Active,2023-12-21,,Spouse
POL00735,CUST01823,Term Life,139836.29,41.67,20,Active,2025-07-22,,Child
POL00736,CUST02754,Whole Life,139323.5,44.32,20,Active,2023-10-05,,Child
POL00737,CUST04769,Unit-linked,200000.0,41.67,30,Active,2022-10-16,,Child
POL00738,CUST01974,Term Life,253055.5,81.27,5,Active,2024-02-07,,Child
POL00739,CUST03799,Whole Life,332636.65,32.99,20,Active,2022-01-04,,Trust/Charity
POL00740,CUST02728,Term Life,121995.72,20.0,20,Active,2025-08-28,,Spouse
POL00741,CUST02357,Term Life,69772.35,95.3,20,Lapsed,2023-05-22,2024-08-18,Parent
POL00742,CUST03962,Endowment,253697.75,20.0,20,Active,2024-01-12,,Other
POL00743,CUST04099,Unit-linked,88364.19,27.57,4,Active,2022-05-08,,Spouse
POL00744,CUST03996,Whole Life,61459.11,76.67,20,Active,2024-07-21,,Other
POL00745,CUST01753,Whole Life,156757.28,20.0,20,Active,2023-06-08,,Other
POL00746,CUST04394,Term Life,405521.41,20.0,20,Lapsed,2024-06-18,2024-07-24,Child
POL00747,CUST04897,Term Life,72464.16,37.31,10,Active,2024-08-17,,Child
POL00748,CUST03348,Term Life,259785.73,20.0,20,Active,2024-03-21,,Spouse
POL00749,CUST01584,Whole Life,102163.06,21.3,20,Active,2023-04-24,,Spouse
POL00750,CUST02473,Annuity,176836.04,22.36,30,Active,2022-05-15,,Trust/Charity
POL00751,CUST03280,Term Life,126889.2,20.0,5,Active,2022-08-09,,Child
POL00752,CUST04036,Whole Life,190202.14,21.93,5,Active,2023-08-10,,Parent
POL00753,CUST02861,Term Life,92315.01,38.84,10,Active,2024-10-02,,Child
POL00754,CUST01775,Term Life,223343.87,33.66,5,Active,2024-05-23,,Parent
POL00755,CUST00303,Term Life,334208.34,20.0,24,Active,2022-01-07,,Spouse
POL00756,CUST00158,Term Life,323910.48,25.73,25,Active,2024-01-20,,Spouse
POL00757,CUST00322,Term Life,102616.56,28.65,20,Active,2022-08-13,,Spouse
POL00758,CUST02209,Term Life,68657.83,51.41,20,Active,2025-08-23,,Parent
POL00759,CUST04333,Whole Life,270544.18,20.0,30,Active,2022-11-13,,Child
POL00760,CUST01278,Term Life,185525.44,62.2,5,Active,2024-01-19,,Child
POL00761,CUST01936,Unit-linked,63009.14,24.07,20,Active,2025-10-15,,Parent
POL00762,CUST01621,Term Life,370971.46,74.36,20,Active,2023-08-12,,Child
POL00763,CUST02916,Whole Life,107449.5,23.33,20,Active,2025-10-02,,Spouse
POL00764,CUST03722,Whole Life,65944.46,55.72,20,Active,2023-01-09,,Child
POL00765,CUST01750,Term Life,225970.09,31.32,20,Active,2024-01-27,,Child
POL00766,CUST01588,Term Life,90648.2,76.34,10,Lapsed,2024-02-07,2025-07-06,Child
POL00767,CUST02537,Term Life,103463.37,20.0,10,Active,2025-04-13,,Child
POL00768,CUST01843,Term Life,244684.54,26.87,30,Active,2025-12-15,,Parent
POL00769,CUST00512,Unit-linked,400000.0,62.78,20,Active,2022-05-07,,Parent
POL00770,CUST00090,Whole Life,141078.53,30.46,30,Active,2023-08-26,,Parent
POL00771,CUST03579,Term Life,76128.9,20.0,20,Active,2023-09-13,,Spouse
POL00772,CUST04207,Term Life,94295.83,20.0,20,Active,2024-01-06,,Other
POL00773,CUST03400,Term Life,98460.7,34.82,5,Active,2025-01-26,,Child
POL00774,CUST02166,Whole Life,124656.25,85.48,30,Active,2023-02-17,,Spouse
POL00775,CUST04285,Term Life,160206.12,25.43,10,Active,2022-10-03,,Spouse
POL00776,CUST01052,Whole Life,187188.13,41.67,10,Active,2022-03-09,,Spouse
POL00777,CUST01363,Unit-linked,200000.0,33.53,20,Active,2025-03-03,,Spouse
POL00778,CUST04797,Annuity,70669.18,37.77,20,Active,2023-11-27,,Spouse
POL00779,CUST02507,Term Life,95352.4,20.0,30,Active,2025-06-09,,Spouse
POL00780,CUST02235,Whole Life,244241.34,82.87,20,Active,2023-06-06,,Child
POL00781,CUST02597,Annuity,200000.0,26.14,5,Active,2022-02-17,,Spouse
POL00782,CUST04360,Term Life,85289.12,40.33,30,Active,2024-12-03,,Child
POL00783,CUST03687,Term Life,204462.46,44.54,20,Active,2022-01-22,,Spouse
POL00784,CUST00474,Unit-linked,85257.82,83.33,10,Active,2022-01-23,,Child
POL00785,CUST03641,Unit-linked,103316.67,27.54,30,Active,2025-12-17,,Spouse
POL00786,CUST00816,Critical Illness,139989.49,20.0,10,Active,2025-05-03,,Other
POL00787,CUST01102,Whole Life,152316.88,47.52,10,Active,2022-01-09,,Spouse
POL00788,CUST01997,Term Life,202206.57,37.43,20,Active,2024-01-09,,Child
POL00789,CUST00798,Annuity,347199.07,22.62,10,Active,2025-01-06,,Spouse
POL00790,CUST03188,Term Life,200000.0,41.25,5,Active,2022-01-17,,Spouse
POL00791,CUST02384,Whole Life,131067.33,20.0,20,Active,2022-08-24,,Spouse
POL00792,CUST03455,Term Life,148959.01,20.0,20,Active,2025-08-04,,Child
POL00793,CUST01943,Endowment,125427.53,24.34,30,Active,2023-07-24,,Other
POL00794,CUST00021,Whole Life,123194.09,22.27,5,Active,2025-11-23,,Child
POL00795,CUST03408,Term Life,108970.22,20.0,20,Active,2022-01-16,,Spouse
POL00796,CUST02309,Term Life,79063.5,89.42,20,Lapsed,2025-09-18,2024-06-17,Spouse
POL00797,CUST03194,Term Life,118021.25,83.33,20,Active,2022-04-08,,Child
POL00798,CUST01325,Unit-linked,101073.99,20.0,20,Active,2024-05-26,,Spouse
POL00799,CUST03517,Term Life,110698.31,35.07,20,Lapsed,2022-02-13,2023-08-22,Child
POL00800,CUST00167,Annuity,106616.31,51.8,20,Active,2022-05-19,,Spouse
POL00801,CUST03985,Term Life,103150.29,41.18,10,Active,2024-04-05,,Other
POL00802,CUST00937,Unit-linked,174783.2,42.3,20,Lapsed,2025-10-22,2022-08-28,Spouse
POL00803,CUST03061,Annuity,43870.87,22.59,16,Active,2023-02-13,,Child
POL00804,CUST03205,Term Life,77184.73,20.0,30,Active,2025-01-09,,Child
POL00805,CUST02720,Whole Life,496069.5,35.44,30,Active,2023-02-21,,Child
POL00806,CUST01134,Annuity,180374.78,38.03,17,Active,2023-06-13,,Other
POL00807,CUST00926,Critical Illness,67433.95,26.64,10,Active,2022-12-18,,Parent
POL00808,CUST03731,Term Life,662073.28,20.0,20,Active,2022-05-05,,Other
POL00809,CUST04943,Whole Life,168980.54,41.67,30,Active,2024-01-18,,Spouse
POL00810,CUST04124,Term Life,151325.49,45.92,20,Active,2022-04-01,,Child
POL00811,CUST03675,Term Life,72294.09,36.77,0,Active,2024-01-28,,Child
POL00812,CUST02078,Term Life,171312.58,36.1,20,Lapsed,2024-04-04,2023-08-03,Other
POL00813,CUST02492,Whole Life,91174.77,37.74,10,Active,2022-01-05,,Child
POL00814,CUST02003,Term Life,150526.13,83.33,30,Active,2024-01-12,,Trust/Charity
POL00815,CUST04775,Term Life,355098.64,20.0,10,Active,2022-10-08,,Spouse
POL00816,CUST04938,Unit-linked,26847.82,41.67,20,Active,2025-08-03,,Child
POL00817,CUST00219,Term Life,214704.74,72.44,30,Active,2024-01-14,,Spouse
POL00818,CUST00466,Term Life,90121.03,35.91,30,Active,2022-05-05,,Spouse
POL00819,CUST03129,Term Life,172650.31,28.16,6,Active,2022-01-13,,Other
POL00820,CUST04548,Term Life,185575.14,30.04,10,Active,2023-04-15,,Child
POL00821,CUST02120,Term Life,101247.81,41.67,20,Active,2025-01-25,,Child
POL00822,CUST03747,Term Life,144745.76,26.9,20,Lapsed,2025-11-28,2025-07-08,Spouse
POL00823,CUST02540,Whole Life,340950.42,51.14,5,Active,2025-11-22,,Spouse
POL00824,CUST01910,Term Life,98272.28,41.67,16,Active,2025-11-25,,Child
POL00825,CUST01450,Term Life,183325.63,33.54,10,Active,2025-07-11,,Child
POL00826,CUST04094,Whole Life,104191.56,31.79,10,Active,2024-05-04,,Spouse
POL00827,CUST02475,Term Life,122038.16,51.06,20,Active,2022-09-19,,Spouse
POL00828,CUST03594,Term Life,116320.79,20.0,30,Active,2022-04-18,,Spouse
POL00829,CUST02821,Whole Life,125397.53,29.58,10,Active,2024-06-06,,Other
POL00830,CUST03727,Term Life,141201.94,23.23,10,Active,2024-10-27,,Spouse
POL00831,CUST02448,Term Life,190726.66,83.33,20,Active,2022-07-04,,Spouse
POL00832,CUST04719,Whole Life,87309.83,41.67,5,Active,2025-05-12,,Spouse
POL00833,CUST02876,Whole Life,106135.76,29.44,10,Active,2023-08-17,,Spouse
POL00834,CUST03734,Critical Illness,278675.19,24.81,20,Active,2025-01-22,,Spouse
POL00835,CUST02425,Annuity,148362.3,20.0,21,Active,2022-05-25,,Spouse
POL00836,CUST04157,Whole Life,75162.69,41.67,20,Active,2025-11-17,,Child
POL00837,CUST03414,Whole Life,158555.55,20.0,30,Active,2025-01-13,,Child
POL00838,CUST04894,Annuity,186383.68,62.95,5,Active,2025-01-03,,Spouse
POL00839,CUST01083,Term Life,153390.47,41.67,10,Active,2025-09-02,,Parent
POL00840,CUST03627,Term Life,285580.64,20.0,10,Active,2025-08-20,,Child
POL00841,CUST00334,Unit-linked,138197.86,20.0,16,Active,2025-04-05,,Other
POL00842,CUST04827,Annuity,173799.18,20.25,5,Active,2025-01-03,,Child
POL00843,CUST03586,Endowment,60276.42,39.6,20,Active,2022-06-05,,Other
POL00844,CUST03436,Whole Life,76817.22,78.99,5,Active,2022-01-14,,Spouse
POL00845,CUST01375,Term Life,163050.3,20.0,-5,Active,2023-03-07,,Child
POL00846,CUST00425,Annuity,215391.35,74.62,5,Active,2023-04-09,,Spouse
POL00847,CUST03286,Whole Life,71790.74,26.12,5,Active,2025-01-19,,Spouse
POL00848,CUST02118,Annuity,151458.61,112.98,22,Active,2022-11-13,,Child
POL00849,CUST01562,Whole Life,197840.12,20.0,10,Active,2025-09-11,,Spouse
POL00850,CUST00740,Term Life,200000.0,25.83,20,Active,2024-01-08,,Parent
POL00851,CUST00397,Whole Life,51000.47,34.49,21,Active,2025-01-28,,Spouse
POL00852,CUST04552,Whole Life,73070.99,139.97,10,Active,2025-09-25,,Spouse
POL00853,CUST02010,Unit-linked,77168.71,20.0,5,Active,2022-01-09,,Other
POL00854,CUST02867,Term Life,217811.81,28.94,20,Active,2022-03-11,,Child
POL00855,CUST03637,Annuity,221275.24,33.05,20,Active,2023-05-12,,Spouse
POL00856,CUST04564,Term Life,200000.0,20.0,5,Active,2025-07-18,,Child
POL00857,CUST01478,Term Life,142543.04,95.37,20,Active,2023-01-06,,Trust/Charity
POL00858,CUST00615,Term Life,41360.07,45.38,20,Active,2022-01-20,,Child
POL00859,CUST02670,Term Life,272771.4,90.15,13,Active,2023-07-19,,Spouse
POL00860,CUST04423,Term Life,77339.23,43.05,20,Active,2025-10-06,,Spouse
POL00861,CUST04254,Term Life,173029.07,48.68,20,Active,2022-12-09,,Other
POL00862,CUST02537,Whole Life,169665.43,33.49,20,Active,2023-07-19,,Child
POL00863,CUST03882,Term Life,111983.5,49.38,5,Active,2025-10-10,,Spouse
POL00864,CUST03498,Term Life,200000.0,22.91,20,Active,2023-01-25,,Spouse
POL00865,CUST04560,Endowment,650000.0,76.63,20,Active,2022-08-01,,Other
POL00866,CUST00338,Term Life,112645.86,22.13,20,Active,2025-01-10,,Child
POL00867,CUST00649,Term Life,161380.12,20.0,20,Active,2022-01-05,,Spouse
POL00868,CUST00029,Unit-linked,89762.16,104.13,10,Active,2025-01-12,,Parent
POL00869,CUST02224,Unit-linked,200000.0,20.0,30,Active,2024-01-17,,Child
POL00870,CUST01126,Whole Life,144608.73,83.33,20,Active,2022-12-02,,Child
POL00871,CUST02204,Annuity,83400.94,20.0,10,Active,2025-03-11,,Parent
POL00872,CUST00800,Term Life,150967.4,20.0,10,Active,2025-07-09,,Child
POL00873,CUST01882,Unit-linked,53939.15,20.0,10,Active,2022-07-16,,Other
POL00874,CUST02798,Term Life,49203.36,25.25,28,Lapsed,2023-09-07,2024-08-16,Spouse
POL00875,CUST01161,Term Life,231657.39,28.37,10,Active,2023-12-13,,Child
POL00876,CUST00085,Term Life,142401.09,48.33,20,Active,2024-02-11,,Spouse
POL00877,CUST04869,Term Life,177474.22,20.0,30,Active,2023-01-13,,Spouse
POL00878,CUST02194,Unit-linked,63826.3,20.0,20,Active,2024-09-17,,Child
POL00879,CUST03770,Whole Life,200000.0,20.0,5,Active,2024-01-02,,Spouse
POL00880,CUST04632,Term Life,414101.39,125.53,20,Active,2025-10-22,,Child
POL00881,CUST01057,Term Life,95623.41,40.87,20,Active,2023-10-02,,Child
POL00882,CUST04606,Term Life,185867.63,20.0,30,Active,2024-01-05,,Spouse
POL00883,CUST01223,Term Life,200000.0,41.67,20,Active,2022-08-27,,Other
POL00884,CUST01619,Term Life,200000.0,24.02,10,Active,2024-10-17,,Trust/Charity
POL00885,CUST00844,Annuity,106041.48,33.72,18,Active,2024-11-11,,Parent
POL00886,CUST01728,Annuity,118746.81,45.44,12,Active,2025-11-03,,Parent
POL00887,CUST00158,Whole Life,240749.21,20.0,20,Active,2024-08-27,,Child
POL00888,CUST00906,Term Life,57806.95,23.7,5,Active,2023-05-10,,Spouse
POL00889,CUST03831,Whole Life,200000.0,41.67,10,Active,2025-10-06,,Child
POL00890,CUST02833,Whole Life,120164.82,41.67,20,Lapsed,2023-09-23,2024-08-19,Spouse
POL00891,CUST03848,Term Life,98421.35,20.0,5,Active,2025-04-23,,Spouse
POL00892,CUST02112,Whole Life,92721.18,38.35,10,Active,2024-11-07,,Child
POL00893,CUST02806,Term Life,359354.29,21.2,5,Active,2025-10-17,,Spouse
POL00894,CUST04944,Term Life,180169.03,20.0,20,Active,2024-07-16,,Spouse
POL00895,CUST03326,Term Life,149830.2,37.54,20,Active,2023-05-17,,Spouse
POL00896,CUST00352,Endowment,89579.96,25.84,10,Active,2022-10-25,,Spouse
POL00897,CUST02213,Term Life,370002.4,29.79,20,Active,2022-11-21,,Spouse
POL00898,CUST02400,Term Life,113172.22,36.24,5,Lapsed,2022-07-21,2022-08-10,Spouse
POL00899,CUST00077,Term Life,143955.32,41.67,10,Active,2024-07-16,,Child
POL00900,CUST02359,Term Life,106792.23,23.07,20,Active,2025-07-23,,Spouse
POL00901,CUST01133,Term Life,92559.21,21.87,20,Active,2024-01-20,,Parent
POL00902,CUST00270,Whole Life,198905.26,39.0,5,Active,2023-01-02,,Spouse
POL00903,CUST00692,Term Life,65605.96,20.0,10,Active,2022-05-04,,Spouse
POL00904,CUST01214,Term Life,120137.67,53.46,5,Active,2022-02-25,,Child
POL00905,CUST01493,Term Life,83154.09,20.0,20,Active,2024-02-16,,Parent
POL00906,CUST02689,Whole Life,65585.08,20.0,10,Lapsed,2022-01-21,2024-06-20,Other
POL00907,CUST01824,Whole Life,174083.01,31.98,30,Active,2024-01-20,,Spouse
POL00908,CUST02235,Whole Life,58711.76,31.69,20,Active,2023-05-06,,Child
POL00909,CUST01985,Term Life,290587.13,88.92,10,Active,2024-11-20,,Spouse
POL00910,CUST03403,Whole Life,139359.86,20.0,20,Active,2025-08-26,,Spouse
POL00911,CUST02041,Term Life,91642.6,20.0,30,Active,2023-01-06,,Spouse
POL00912,CUST01339,Annuity,65478.77,76.41,16,Active,2023-08-13,,Spouse
POL00913,CUST01661,Term Life,145563.53,60.52,30,Lapsed,2022-01-19,2022-07-10,Parent
POL00914,CUST03713,Term Life,101973.92,25.6,30,Active,2024-11-10,,Other
POL00915,CUST04122,Term Life,126709.64,32.42,30,Active,2024-12-11,,Child
POL00916,CUST00430,Whole Life,46257.97,20.0,10,Active,2023-05-21,,Parent
POL00917,CUST04036,Whole Life,57405.8,20.0,5,Active,2022-12-24,,Spouse
POL00918,CUST02979,Whole Life,25304.71,41.67,23,Active,2023-05-20,,Child
POL00919,CUST04706,Term Life,165607.88,25.33,20,Active,2024-01-11,,Spouse
POL00920,CUST04832,Whole Life,290297.0,26.61,30,Active,2024-12-06,,Child
POL00921,CUST04570,Whole Life,140621.38,20.86,30,Active,2025-06-07,,Child
POL00922,CUST04185,Whole Life,158917.37,21.48,30,Lapsed,2023-01-08,2025-06-09,Other
POL00923,CUST02788,Whole Life,181718.96,60.4,5,Active,2023-01-02,,Parent
POL00924,CUST01884,Term Life,95272.97,20.0,10,Active,2023-02-05,,Spouse
POL00925,CUST03896,Term Life,340219.59,29.66,30,Active,2024-01-07,,Parent
POL00926,CUST03757,Term Life,76430.47,66.99,5,Active,2023-01-08,,Child
POL00927,CUST02655,Whole Life,177149.68,78.5,10,Active,2022-07-05,,Other
POL00928,CUST01081,Whole Life,189324.08,52.45,10,Active,2025-01-23,,Spouse
POL00929,CUST02920,Term Life,117583.55,26.27,20,Active,2022-08-26,,Other
POL00930,CUST00428,Unit-linked,200000.0,20.0,10,Active,2024-03-11,,Parent
POL00931,CUST00583,Critical Illness,299444.35,20.0,10,Active,2023-01-12,,Child
POL00932,CUST00717,Term Life,176252.51,20.0,20,Active,2023-01-17,,Child
POL00933,CUST00291,Term Life,258842.54,54.32,20,Active,2022-09-19,,Other
POL00934,CUST02828,Endowment,198682.36,83.33,10,Active,2023-06-24,,Spouse
POL00935,CUST02080,Unit-linked,176112.3,41.67,20,Active,2025-02-04,,Spouse
POL00936,CUST02572,Term Life,100187.08,20.0,30,Active,2025-02-14,,Spouse
POL00937,CUST01422,Annuity,119216.67,71.35,8,Active,2023-11-09,,Child
POL00938,CUST03527,Term Life,54347.38,41.0,20,Active,2025-01-05,,Other
POL00939,CUST00609,Endowment,75828.59,20.0,5,Active,2024-09-23,,Spouse
POL00940,CUST02588,Annuity,200000.0,33.0,22,Active,2022-01-15,,Spouse
POL00941,CUST00340,Term Life,94125.62,26.65,20,Active,2024-01-20,,Spouse
POL00942,CUST03157,Whole Life,124064.88,67.18,20,Active,2025-06-20,,Spouse
POL00943,CUST00633,Unit-linked,107268.69,24.89,10,Active,2023-11-23,,Spouse
POL00944,CUST00196,Whole Life,274310.84,20.0,20,Active,2022-09-24,,Parent
POL00945,CUST00310,Whole Life,200000.0,41.67,20,Active,2022-01-10,,Spouse
POL00946,CUST03420,Term Life,200000.0,41.67,20,Active,2023-01-20,,Trust/Charity
POL00947,CUST04206,Term Life,44618.52,20.0,30,Active,2022-09-18,,Spouse
POL00948,CUST00313,Term Life,140873.95,20.0,30,Active,2022-07-13,,Spouse
POL00949,CUST04545,Unit-linked,81965.19,59.99,10,Active,2025-07-23,,Child
POL00950,CUST02886,Whole Life,100986.43,30.76,30,Active,2024-01-14,,Child
POL00951,CUST00374,Term Life,100016.25,33.04,10,Active,2022-11-22,,Child
POL00952,CUST02736,Term Life,195888.09,20.61,10,Active,2023-09-13,,Child
POL00953,CUST04292,Term Life,58353.07,25.88,20,Active,2025-01-05,,Spouse
POL00954,CUST01282,Term Life,130959.39,23.78,10,Active,2022-12-22,,Child
POL00955,CUST02378,Term Life,169527.33,36.45,20,Active,2023-11-15,,Parent
POL00956,CUST03440,Endowment,51243.3,20.0,30,Active,2023-08-24,,Child
POL00957,CUST00235,Term Life,89601.52,41.67,10,Active,2022-04-25,,Child
POL00958,CUST03632,Whole Life,120367.5,81.4,25,Active,2024-09-04,,Spouse
POL00959,CUST02326,Whole Life,98702.99,20.0,4,Active,2025-04-15,,Spouse
POL00960,CUST03938,Unit-linked,159871.59,23.64,10,Active,2025-01-13,,Child
POL00961,CUST03423,Whole Life,108389.51,20.0,20,Active,2024-02-25,,Other
POL00962,CUST00827,Term Life,100039.07,20.0,20,Active,2024-01-12,,Child
POL00963,CUST02876,Critical Illness,107534.54,52.0,20,Active,2025-06-07,,Child
POL00964,CUST02039,Critical Illness,89300.71,20.0,30,Active,2022-02-21,,Spouse
POL00965,CUST01716,Term Life,83549.51,20.0,20,Lapsed,2022-03-24,2024-08-27,Other
POL00966,CUST02835,Annuity,126364.23,41.67,5,Active,2023-04-25,,Child
POL00967,CUST03906,Term Life,290371.48,102.79,20,Active,2022-04-22,,Other
POL00968,CUST03100,Term Life,88163.56,83.33,20,Active,2025-09-04,,Child
POL00969,CUST01317,Term Life,79005.65,21.74,10,Active,2024-02-10,,Child
POL00970,CUST01259,Term Life,49915.9,29.54,20,Active,2022-01-05,,Child
POL00971,CUST00471,Term Life,270544.26,43.04,5,Active,2024-01-27,,Child
POL00972,CUST02631,Term Life,143698.05,20.0,10,Active,2022-01-11,,Parent
POL00973,CUST00256,Term Life,137214.23,20.0,20,Active,2022-12-22,,Child
POL00974,CUST04510,Term Life,351112.16,32.98,20,Active,2025-10-13,,Spouse
POL00975,CUST01940,Term Life,194960.4,20.0,10,Active,2023-08-10,,Child
POL00976,CUST03209,Term Life,111028.25,38.71,30,Active,2023-01-26,,Parent
POL00977,CUST02310,Whole Life,146100.89,20.0,10,Active,2023-01-25,,Spouse
POL00978,CUST00225,Whole Life,73965.4,25.96,20,Active,2022-01-10,,Spouse
POL00979,CUST01289,Whole Life,154870.33,20.0,20,Active,2023-10-01,,Spouse
POL00980,CUST02277,Term Life,200000.0,20.0,30,Active,2025-01-11,,Child
POL00981,CUST03385,Term Life,152391.45,30.46,20,Active,2025-03-23,,Child
POL00982,CUST00817,Term Life,177826.95,41.67,10,Active,2023-07-05,,Child
POL00983,CUST03705,Term Life,135509.87,20.0,10,Lapsed,2025-11-02,2023-06-02,Spouse
POL00984,CUST01062,Term Life,171691.35,20.0,10,Active,2024-01-02,,Spouse
POL00985,CUST03834,Term Life,128958.26,25.41,20,Lapsed,2023-02-12,2024-08-19,Spouse
POL00986,CUST00356,Endowment,105267.08,34.85,30,Active,2023-02-25,,Spouse
POL00987,CUST00098,Term Life,200000.0,20.0,20,Lapsed,2025-07-14,2022-06-07,Spouse
POL00988,CUST04744,Term Life,76712.89,57.52,10,Active,2024-01-25,,Child
POL00989,CUST00275,Unit-linked,74549.77,20.0,30,Active,2023-07-14,,Spouse
POL00990,CUST01151,Whole Life,119858.26,24.51,10,Active,2024-10-27,,Other
POL00991,CUST02308,Annuity,206973.23,20.0,30,Active,2022-03-05,,Spouse
POL00992,CUST02126,Term Life,130949.89,29.58,30,Active,2024-03-18,,Other
POL00993,CUST03218,Term Life,104117.56,20.0,30,Active,2022-01-08,,Child
POL00994,CUST01922,Term Life,80186.19,37.9,20,Active,2024-05-02,,Trust/Charity
POL00995,CUST00603,Term Life,43160.71,37.48,20,Active,2022-02-23,,Child
POL00996,CUST03118,Whole Life,109366.61,69.15,20,Active,2024-02-26,,Spouse
POL00997,CUST02036,Endowment,210555.88,22.08,10,Active,2022-07-13,,Spouse
POL00998,CUST02160,Term Life,129932.94,32.72,20,Active,2022-02-27,,Spouse
POL00999,CUST04752,Term Life,117191.58,20.0,20,Active,2023-10-24,,Spouse
POL01000,CUST03099,Term Life,71382.57,20.0,19,Active,2023-11-10,,Child
POL01001,CUST04523,Whole Life,99040.46,20.0,10,Active,2024-04-03,,Child
POL01002,CUST00643,Term Life,200000.0,20.99,5,Active,2022-04-17,,Trust/Charity
POL01003,CUST04606,Term Life,92148.4,80.78,30,Active,2022-05-11,,Spouse
POL01004,CUST01896,Term Life,191441.16,155.48,10,Active,2022-01-15,,Spouse
POL01005,CUST02537,Annuity,70819.27,30.17,10,Lapsed,2024-01-14,2024-06-26,Spouse
POL01006,CUST03165,Term Life,95947.79,20.0,10,Active,2025-05-17,,Spouse
POL01007,CUST00178,Term Life,121807.2,37.92,30,Active,2024-01-26,,Spouse
POL01008,CUST03192,Term Life,246086.23,20.0,30,Active,2023-08-25,,Spouse
POL01009,CUST02687,Term Life,72833.0,41.67,20,Lapsed,2024-08-26,2024-06-08,Spouse
POL01010,CUST01759,Whole Life,72470.33,33.94,20,Active,2024-08-09,,Spouse
POL01011,CUST04756,Term Life,124063.46,20.0,5,Active,2025-09-01,,Trust/Charity
POL01012,CUST01881,Whole Life,200000.0,20.0,10,Active,2022-01-23,,Child
POL01013,CUST02366,Whole Life,52077.39,41.27,10,Lapsed,2025-01-10,2025-06-08,Spouse
POL01014,CUST01374,Term Life,284710.22,20.0,30,Active,2024-08-08,,Spouse
POL01015,CUST04559,Term Life,106041.05,31.48,20,Active,2025-01-13,,Parent
POL01016,CUST00296,Term Life,344227.56,83.33,20,Active,2025-01-21,,Child
POL01017,CUST03334,Term Life,149891.29,41.67,10,Active,2024-03-08,,Child
POL01018,CUST03182,Whole Life,127487.51,40.61,5,Active,2022-01-09,,Trust/Charity
POL01019,CUST04268,Whole Life,78883.73,25.43,30,Active,2024-10-18,,Other
POL01020,CUST04783,Term Life,114854.04,28.63,20,Active,2024-10-17,,Child
POL01021,CUST00568,Whole Life,81630.27,20.0,5,Active,2023-11-13,,Child
POL01022,CUST00207,Term Life,152286.9,52.52,20,Active,2025-08-01,,Spouse
POL01023,CUST03641,Critical Illness,147087.53,46.15,20,Active,2025-04-11,,Spouse
POL01024,CUST02539,Unit-linked,90145.79,20.0,10,Active,2022-04-15,,Spouse
POL01025,CUST00906,Annuity,361393.5,78.39,30,Active,2025-02-04,,Spouse
POL01026,CUST03466,Term Life,150346.72,195.38,20,Lapsed,2024-01-20,2022-07-10,Spouse
POL01027,CUST02406,Term Life,72816.3,20.0,10,Active,2024-01-11,,Spouse
POL01028,CUST03464,Term Life,143398.9,41.67,27,Active,2023-04-08,,Trust/Charity
POL01029,CUST04251,Term Life,186002.22,31.61,20,Active,2025-10-23,,Spouse
POL01030,CUST03064,Whole Life,92637.71,20.0,10,Active,2022-04-16,,Spouse
POL01031,CUST00217,Term Life,107276.51,53.1,5,Active,2023-12-12,,Spouse
POL01032,CUST00010,Whole Life,122535.72,20.0,20,Active,2024-01-20,,Spouse
POL01033,CUST04797,Term Life,46055.78,20.01,30,Active,2025-07-12,,Spouse
POL01034,CUST03161,Term Life,174850.54,41.67,10,Active,2025-12-21,,Trust/Charity
POL01035,CUST01928,Whole Life,109119.43,20.0,10,Active,2025-01-07,,Spouse
POL01036,CUST02485,Term Life,278072.52,40.89,20,Active,2023-12-09,,Spouse
POL01037,CUST01247,Term Life,287076.92,55.39,10,Active,2024-04-28,,Child
POL01038,CUST02699,Term Life,82560.25,47.49,10,Active,2023-04-28,,Spouse
POL01039,CUST03178,Unit-linked,177912.05,34.92,10,Active,2022-11-09,,Child
POL01040,CUST01977,Term Life,280053.66,43.74,30,Active,2022-04-25,,Child
POL01041,CUST04988,Whole Life,122708.49,41.67,30,Active,2025-01-01,,Other
POL01042,CUST04581,Term Life,84210.77,89.79,10,Active,2023-08-27,,Child
POL01043,CUST04976,Term Life,252375.6,30.43,5,Active,2022-01-13,,Spouse
POL01044,CUST00200,Whole Life,79314.56,20.0,20,Active,2023-10-12,,Spouse
POL01045,CUST03220,Term Life,119730.3,39.5,20,Active,2025-04-01,,Trust/Charity
POL01046,CUST02424,Unit-linked,134975.48,20.0,18,Active,2024-11-12,,Child
POL01047,CUST01890,Endowment,61345.42,29.41,20,Active,2024-04-22,,Child
POL01048,CUST00811,Whole Life,242019.47,20.0,20,Active,2025-07-24,,Spouse
POL01049,CUST01236,Term Life,53795.88,41.67,30,Lapsed,2022-03-11,2023-07-02,Spouse
POL01050,CUST00058,Whole Life,114725.68,20.0,20,Active,2022-01-26,,Spouse
POL01051,CUST00910,Whole Life,200000.0,39.96,10,Active,2022-12-03,,Other
POL01052,CUST03474,Annuity,115894.87,26.89,10,Active,2022-01-28,,Spouse
POL01053,CUST02112,Endowment,30684.19,30.92,30,Active,2022-12-05,,Spouse
POL01054,CUST01892,Term Life,76715.08,20.0,20,Active,2023-01-21,,Spouse
POL01055,CUST02481,Term Life,261056.25,53.46,20,Active,2022-07-25,,Spouse
POL01056,CUST04593,Term Life,57641.61,38.01,5,Active,2023-08-07,,Child
POL01057,CUST01786,Term Life,82737.72,41.67,30,Active,2024-01-22,,Parent
POL01058,CUST01022,Term Life,735587.16,43.92,20,Active,2023-08-21,,Child
POL01059,CUST02972,Term Life,58078.26,20.0,30,Active,2025-12-03,,Spouse
POL01060,CUST01035,Term Life,152615.02,28.58,20,Lapsed,2023-09-05,2023-06-17,Parent
POL01061,CUST03257,Unit-linked,150376.19,41.67,10,Lapsed,2025-02-13,2023-06-05,Spouse
POL01062,CUST01553,Whole Life,226749.23,20.0,20,Active,2025-02-20,,Child
POL01063,CUST04151,Term Life,184961.5,20.0,20,Active,2022-01-14,,Trust/Charity
POL01064,CUST03559,Unit-linked,388211.56,20.0,10,Active,2023-04-08,,Spouse
POL01065,CUST00554,Whole Life,111509.87,83.33,10,Active,2023-12-22,,Parent
POL01066,CUST02812,Term Life,170363.77,41.67,20,Active,2023-01-21,,Spouse
POL01067,CUST03720,Term Life,68745.35,135.42,20,Active,2025-03-20,,Child
POL01068,CUST04777,Whole Life,224438.26,23.43,20,Active,2024-10-28,,Spouse
POL01069,CUST01527,Unit-linked,60760.41,31.96,5,Active,2025-10-25,,Child
POL01070,CUST02468,Unit-linked,185478.38,70.96,10,Active,2023-05-26,,Spouse
POL01071,CUST03516,Term Life,213720.65,20.0,20,Active,2025-12-17,,Spouse
POL01072,CUST00951,Term Life,91781.86,60.0,30,Lapsed,2023-01-08,2024-06-20,Spouse
POL01073,CUST04257,Term Life,158892.59,26.92,20,Active,2025-01-16,,Parent
POL01074,CUST02735,Term Life,307099.31,31.13,20,Active,2022-06-25,,Parent
POL01075,CUST03183,Term Life,309549.88,64.18,30,Active,2025-03-17,,Spouse
POL01076,CUST04995,Whole Life,40391.98,20.0,10,Active,2024-01-19,,Spouse
POL01077,CUST01244,Unit-linked,89848.13,83.33,22,Active,2024-01-13,,Spouse
POL01078,CUST00952,Whole Life,302682.02,20.16,8,Active,2025-12-13,,Parent
POL01079,CUST01558,Term Life,124456.04,34.82,20,Active,2022-05-18,,Child
POL01080,CUST01435,Whole Life,181166.85,39.16,26,Active,2025-06-15,,Spouse
POL01081,CUST03730,Unit-linked,159076.08,20.0,6,Active,2023-10-20,,Spouse
POL01082,CUST04742,Unit-linked,134711.46,41.67,10,Active,2022-06-19,,Spouse
POL01083,CUST01196,Annuity,165186.32,20.0,5,Active,2024-08-22,,Spouse
POL01084,CUST00527,Endowment,650000.0,37.62,5,Lapsed,2025-04-15,2025-06-12,Trust/Charity
POL01085,CUST03219,Term Life,33482.99,59.87,20,Active,2025-08-04,,Child
POL01086,CUST04551,Whole Life,133136.27,20.0,30,Lapsed,2023-03-07,2022-08-02,Spouse
POL01087,CUST02961,Term Life,71828.8,20.73,6,Active,2022-04-24,,Spouse
POL01088,CUST04735,Term Life,147502.07,20.33,30,Active,2024-11-21,,Trust/Charity
POL01089,CUST04188,Unit-linked,151603.14,20.0,10,Active,2022-03-02,,Parent
POL01090,CUST04273,Endowment,203642.25,49.42,10,Active,2023-02-21,,Child
POL01091,CUST02892,Term Life,82497.09,42.39,20,Active,2024-05-05,,Trust/Charity
POL01092,CUST03866,Term Life,47539.29,22.22,30,Active,2022-01-20,,Child
POL01093,CUST00184,Term Life,78824.03,41.67,20,Active,2025-03-09,,Parent
POL01094,CUST00568,Endowment,92556.95,20.0,10,Active,2023-12-16,,Child
POL01095,CUST03521,Unit-linked,156976.8,20.0,20,Lapsed,2025-04-11,2024-07-11,Child
POL01096,CUST00748,Whole Life,130510.43,34.16,5,Active,2022-01-12,,Child
POL01097,CUST00265,Term Life,45356.16,48.0,30,Active,2024-10-23,,Spouse
POL01098,CUST02096,Term Life,59871.34,53.0,20,Active,2025-03-06,,Child
POL01099,CUST00390,Term Life,92044.28,51.99,30,Active,2025-01-01,,Parent
POL01100,CUST01102,Term Life,94549.9,20.0,10,Active,2024-01-02,,Child
POL01101,CUST04333,Term Life,94505.84,26.4,10,Active,2023-01-22,,Parent
POL01102,CUST01166,Whole Life,175536.48,26.16,30,Active,2024-11-07,,Parent
POL01103,CUST02710,Unit-linked,135569.16,176.62,20,Active,2022-10-14,,Spouse
POL01104,CUST01159,Whole Life,152125.75,62.83,30,Active,2022-09-28,,Spouse
POL01105,CUST03404,Whole Life,200000.0,41.67,20,Active,2022-04-14,,Spouse
POL01106,CUST03492,Term Life,30210.13,20.0,20,Active,2025-09-24,,Parent
POL01107,CUST00075,Whole Life,117427.18,58.67,20,Active,2022-01-09,,Other
POL01108,CUST02070,Annuity,164650.13,41.91,20,Active,2022-01-13,,Spouse
POL01109,CUST03202,Whole Life,98129.42,20.0,20,Active,2022-08-01,,Other
POL01110,CUST02354,Term Life,43440.6,68.72,20,Lapsed,2024-12-18,2024-08-21,Child
POL01111,CUST00778,Critical Illness,118935.23,27.41,30,Active,2023-05-19,,Spouse
POL01112,CUST01392,Term Life,493110.73,34.24,5,Active,2023-10-10,,Spouse
POL01113,CUST02603,Unit-linked,96503.45,33.66,10,Active,2025-11-20,,Child
POL01114,CUST00808,Term Life,181644.33,64.73,20,Active,2022-04-11,,Other
POL01115,CUST02714,Term Life,205119.56,20.0,20,Active,2023-12-23,,Spouse
POL01116,CUST04527,Term Life,51826.56,20.0,15,Active,2023-06-15,,Child
POL01117,CUST01925,Term Life,49225.09,20.0,10,Active,2022-05-23,,Spouse
POL01118,CUST02507,Term Life,181369.48,20.0,30,Active,2023-07-11,,Spouse
POL01119,CUST01625,Critical Illness,158525.85,41.67,20,Active,2022-01-03,,Spouse
POL01120,CUST02700,Whole Life,147992.58,41.67,20,Active,2024-06-17,,Spouse
POL01121,CUST01487,Term Life,338192.23,20.0,30,Lapsed,2023-12-13,2022-07-09,Parent
POL01122,CUST04354,Endowment,187586.12,26.27,10,Active,2022-04-09,,Spouse
POL01123,CUST02938,Whole Life,69414.13,41.67,20,Active,2022-09-23,,Child
POL01124,CUST04452,Term Life,66610.95,49.41,20,Active,2023-05-06,,Spouse
POL01125,CUST01803,Term Life,50483.49,20.0,20,Active,2024-12-23,,Child
POL01126,CUST02985,Annuity,182359.62,58.06,20,Active,2022-03-11,,Spouse
POL01127,CUST02888,Term Life,241465.46,25.02,12,Active,2024-08-15,,Child
POL01128,CUST00723,Term Life,117318.31,30.67,20,Active,2023-01-26,,Spouse
POL01129,CUST04853,Whole Life,308781.14,38.62,24,Active,2022-04-23,,Parent
POL01130,CUST03372,Term Life,187084.71,28.98,5,Active,2024-08-11,,Spouse
POL01131,CUST00852,Term Life,175566.93,83.33,20,Active,2025-01-01,,Spouse
POL01132,CUST02921,Annuity,245575.38,20.0,20,Active,2025-10-02,,Child
POL01133,CUST02855,Whole Life,44688.64,48.98,5,Active,2023-03-04,,Other
POL01134,CUST01650,Whole Life,108533.01,123.33,30,Lapsed,2025-09-02,2023-07-15,Child
POL01135,CUST03544,Term Life,109279.94,52.68,10,Active,2023-02-22,,Spouse
POL01136,CUST04228,Whole Life,200000.0,41.67,30,Active,2023-12-01,,Spouse
POL01137,CUST04061,Whole Life,151197.54,34.35,10,Active,2022-02-24,,Trust/Charity
POL01138,CUST04687,Term Life,197047.65,41.67,30,Active,2025-11-19,,Spouse
POL01139,CUST04869,Term Life,145861.31,20.32,20,Active,2022-01-21,,Other
POL01140,CUST02689,Term Life,111431.32,31.88,10,Active,2023-01-07,,Child
POL01141,CUST03979,Annuity,200000.0,41.67,10,Active,2024-09-27,,Parent
POL01142,CUST04594,Term Life,115632.82,21.51,10,Active,2025-09-17,,Child
POL01143,CUST02115,Whole Life,477283.1,30.44,20,Active,2025-10-13,,Spouse
POL01144,CUST00419,Annuity,400000.0,20.0,10,Lapsed,2022-10-21,2023-07-19,Child
POL01145,CUST02331,Term Life,102721.04,25.87,27,Active,2024-10-26,,Spouse
POL01146,CUST03789,Term Life,227443.24,62.09,10,Active,2024-11-28,,Other
POL01147,CUST02270,Whole Life,78459.58,20.0,20,Active,2022-01-15,,Spouse
POL01148,CUST01395,Term Life,183572.04,141.61,20,Active,2025-03-21,,Child
POL01149,CUST02812,Term Life,200000.0,20.0,30,Active,2024-04-25,,Child
POL01150,CUST02905,Term Life,92629.09,20.0,10,Active,2025-02-01,,Child
POL01151,CUST02122,Term Life,95407.37,20.0,20,Active,2023-01-20,,Other
POL01152,CUST04650,Endowment,156209.14,20.0,5,Active,2025-08-12,,Spouse
POL01153,CUST02574,Unit-linked,65943.46,29.92,20,Active,2025-04-11,,Spouse
POL01154,CUST04523,Term Life,35988.71,29.27,22,Active,2025-01-17,,Child
POL01155,CUST02511,Unit-linked,200000.0,41.67,20,Active,2023-08-02,,Spouse
POL01156,CUST00801,Whole Life,80426.54,26.52,12,Active,2025-08-13,,Child
POL01157,CUST01583,Annuity,207696.57,20.0,30,Active,2022-01-16,,Spouse
POL01158,CUST01785,Term Life,184241.68,26.93,10,Active,2023-03-07,,Spouse
POL01159,CUST02634,Term Life,200000.0,30.39,10,Active,2023-04-14,,Spouse
POL01160,CUST04948,Critical Illness,58840.4,34.1,20,Active,2024-09-22,,Parent
POL01161,CUST01534,Unit-linked,150740.67,41.67,30,Active,2023-01-27,,Child
POL01162,CUST03216,Whole Life,102595.4,41.67,5,Active,2025-03-08,,Spouse
POL01163,CUST02711,Whole Life,105327.29,26.05,10,Active,2025-05-05,,Spouse
POL01164,CUST01543,Whole Life,94893.66,25.68,20,Active,2023-01-08,,Parent
POL01165,CUST03991,Term Life,191627.33,29.64,10,Active,2025-01-26,,Spouse
POL01166,CUST04793,Term Life,145919.23,36.87,20,Active,2024-01-11,,Parent
POL01167,CUST03698,Term Life,200000.0,20.0,30,Lapsed,2023-01-02,2022-07-09,Child
POL01168,CUST00603,Unit-linked,393555.55,28.46,30,Active,2024-01-09,,Spouse
POL01169,CUST02952,Annuity,400000.0,42.11,17,Active,2025-08-04,,Spouse
POL01170,CUST04617,Term Life,105707.42,33.63,20,Active,2022-01-21,,Spouse
POL01171,CUST00116,Annuity,126613.49,20.0,23,Active,2022-06-15,,Other
POL01172,CUST01260,Whole Life,50982.57,52.29,20,Active,2023-01-18,,Spouse
POL01173,CUST00216,Endowment,269025.02,20.0,20,Active,2024-05-14,,Child
POL01174,CUST02889,Whole Life,93748.22,50.84,12,Active,2022-01-09,,Spouse
POL01175,CUST02786,Term Life,63685.64,44.26,5,Active,2023-01-14,,Other
POL01176,CUST02726,Term Life,127135.78,20.0,20,Active,2025-08-16,,Child
POL01177,CUST04962,Term Life,63864.88,41.67,20,Active,2023-05-08,,Parent
POL01178,CUST03998,Term Life,88399.27,20.0,20,Active,2022-04-09,,Child
POL01179,CUST03367,Unit-linked,98255.48,20.0,10,Active,2023-01-23,,Child
POL01180,CUST02000,Term Life,125273.16,20.69,0,Active,2023-07-14,,Other
POL01181,CUST01505,Annuity,95189.51,30.82,10,Active,2023-03-02,,Child
POL01182,CUST03068,Term Life,111438.76,30.14,20,Active,2022-11-13,,Spouse
POL01183,CUST04960,Term Life,46126.89,20.0,20,Active,2025-01-01,,Child
POL01184,CUST00549,Term Life,469350.67,20.0,30,Lapsed,2022-11-06,2023-08-28,Child
POL01185,CUST01710,Term Life,30477.83,44.24,20,Active,2022-10-15,,Spouse
POL01186,CUST03896,Term Life,175149.74,20.96,20,Active,2025-02-06,,Spouse
POL01187,CUST04515,Unit-linked,52848.54,65.55,5,Active,2023-11-25,,Child
POL01188,CUST00594,Term Life,76064.41,55.0,20,Active,2025-03-26,,Other
POL01189,CUST01201,Term Life,91144.53,64.1,20,Lapsed,2024-01-08,2022-06-06,Parent
POL01190,CUST03423,Term Life,116365.24,32.37,20,Active,2022-01-18,,Spouse
POL01191,CUST01190,Endowment,220427.15,20.0,20,Active,2025-11-15,,Child
POL01192,CUST01489,Term Life,196456.04,24.77,5,Active,2024-01-10,,Spouse
POL01193,CUST02655,Whole Life,99154.87,71.65,20,Active,2025-09-26,,Child
POL01194,CUST04485,Term Life,269292.74,45.53,30,Active,2025-01-07,,Spouse
POL01195,CUST04247,Whole Life,122769.73,32.57,20,Active,2022-12-03,,Spouse
POL01196,CUST01371,Term Life,83695.59,20.0,20,Active,2022-10-10,,Spouse
POL01197,CUST03433,Whole Life,199137.86,20.0,30,Active,2024-10-05,,Spouse
POL01198,CUST02217,Term Life,221378.59,129.36,20,Active,2025-01-27,,Child
POL01199,CUST00159,Term Life,186226.29,20.0,5,Active,2025-05-05,,Child
POL01200,CUST02105,Whole Life,102067.96,40.79,30,Active,2023-06-12,,Child
POL01201,CUST03711,Term Life,174506.11,20.0,1,Active,2024-12-16,,Child
POL01202,CUST02137,Whole Life,63101.84,20.0,10,Active,2022-01-26,,Child
POL01203,CUST04964,Term Life,99249.32,20.0,24,Active,2025-06-15,,Child
POL01204,CUST03555,Term Life,200000.0,41.67,20,Active,2025-01-05,,Child
POL01205,CUST01270,Endowment,182014.2,20.0,20,Active,2023-01-17,,Other
POL01206,CUST01201,Term Life,147661.06,23.47,20,Active,2022-11-23,,Spouse
POL01207,CUST03093,Whole Life,126323.29,22.41,5,Active,2022-08-01,,Child
POL01208,CUST04036,Unit-linked,207475.67,20.0,5,Active,2025-01-02,,Spouse
POL01209,CUST03258,Term Life,197526.13,20.0,10,Active,2023-01-03,,Other
POL01210,CUST03288,Whole Life,162240.93,37.01,30,Lapsed,2024-08-21,2025-08-17,Child
POL01211,CUST01563,Term Life,280930.38,20.0,20,Active,2024-03-05,,Other
POL01212,CUST02957,Term Life,68394.98,20.0,30,Active,2024-01-22,,Spouse
POL01213,CUST00681,Term Life,85059.41,30.3,20,Active,2022-01-19,,Child
POL01214,CUST04557,Term Life,188977.57,33.41,30,Active,2022-09-17,,Child
POL01215,CUST00970,Term Life,107412.58,20.0,5,Active,2025-12-16,,Spouse
POL01216,CUST00841,Term Life,169666.13,102.14,20,Active,2025-01-15,,Spouse
POL01217,CUST00449,Unit-linked,200117.49,39.87,10,Active,2022-05-10,,Child
POL01218,CUST03478,Term Life,62166.9,26.8,5,Active,2024-10-24,,Spouse
POL01219,CUST03107,Annuity,82770.76,41.35,20,Active,2024-03-14,,Spouse
POL01220,CUST00439,Term Life,39641.95,20.0,20,Active,2022-02-02,,Parent
POL01221,CUST04674,Term Life,400000.0,20.0,10,Active,2025-01-02,,Spouse
POL01222,CUST04066,Whole Life,66786.18,42.36,30,Active,2022-06-24,,Child
POL01223,CUST03049,Term Life,87079.74,41.9,19,Active,2024-01-22,,Spouse
POL01224,CUST01881,Term Life,76336.41,24.51,20,Active,2023-10-02,,Child
POL01225,CUST01410,Term Life,298111.01,32.59,30,Active,2024-08-20,,Child
POL01226,CUST03877,Term Life,75230.02,59.11,10,Active,2024-08-21,,Child
POL01227,CUST04908,Whole Life,175956.03,41.67,20,Active,2025-10-24,,Spouse
POL01228,CUST01368,Unit-linked,186389.37,102.06,10,Active,2024-07-22,,Spouse
POL01229,CUST00460,Term Life,75187.61,20.0,20,Active,2024-07-04,,Spouse
POL01230,CUST01730,Unit-linked,128334.54,20.0,20,Active,2024-01-03,,Child
POL01231,CUST01537,Term Life,272675.21,31.18,30,Active,2023-01-28,,Child
POL01232,CUST03471,Endowment,140987.38,49.29,30,Active,2025-07-13,,Child
POL01233,CUST03086,Term Life,159245.25,70.54,20,Active,2024-01-11,,Child
POL01234,CUST00724,Unit-linked,79821.0,41.67,20,Active,2024-08-20,,Trust/Charity
POL01235,CUST02975,Whole Life,64718.7,83.82,10,Active,2025-10-17,,Child
POL01236,CUST04818,Term Life,194869.39,55.07,10,Active,2022-09-07,,Child
POL01237,CUST04123,Term Life,79878.91,20.0,30,Active,2022-05-22,,Spouse
POL01238,CUST02092,Term Life,65673.13,21.57,20,Active,2025-01-07,,Spouse
POL01239,CUST03062,Annuity,179275.66,20.0,10,Active,2023-06-15,,Trust/Charity
POL01240,CUST00954,Term Life,183878.07,51.96,20,Active,2022-01-23,,Parent
POL01241,CUST00580,Term Life,66538.3,61.41,30,Active,2025-05-22,,Trust/Charity
POL01242,CUST04191,Critical Illness,111843.07,20.0,20,Active,2024-11-20,,Spouse
POL01243,CUST01359,Term Life,200000.0,41.67,20,Active,2024-01-27,,Child
POL01244,CUST00964,Annuity,88825.27,36.47,20,Active,2022-04-27,,Trust/Charity
POL01245,CUST01626,Term Life,77835.21,38.46,10,Lapsed,2022-12-25,2023-06-22,Other
POL01246,CUST03429,Term Life,77808.22,20.0,30,Active,2025-06-22,,Spouse
POL01247,CUST00070,Unit-linked,233823.95,24.6,30,Active,2024-06-18,,Spouse
POL01248,CUST04705,Term Life,171594.47,22.08,10,Active,2022-08-23,,Spouse
POL01249,CUST00526,Term Life,91943.3,28.59,30,Active,2025-05-22,,Other
POL01250,CUST04422,Term Life,200000.0,41.67,20,Active,2025-05-01,,Child
POL01251,CUST04783,Term Life,314541.66,63.31,10,Active,2025-01-04,,Spouse
POL01252,CUST04486,Term Life,38195.75,55.1,20,Active,2025-11-26,,Spouse
POL01253,CUST00660,Unit-linked,143768.29,20.0,20,Active,2025-02-06,,Spouse
POL01254,CUST04385,Term Life,90627.13,41.67,30,Active,2024-01-12,,Other
POL01255,CUST01482,Whole Life,185916.13,84.66,20,Active,2025-07-19,,Trust/Charity
POL01256,CUST04298,Term Life,100024.81,20.0,20,Active,2024-08-10,,Spouse
POL01257,CUST04200,Critical Illness,200000.0,27.2,10,Active,2024-08-03,,Spouse
POL01258,CUST00034,Term Life,127925.82,20.0,30,Active,2023-01-24,,Spouse
POL01259,CUST01745,Whole Life,94193.06,31.05,20,Active,2024-01-20,,Spouse
POL01260,CUST02726,Unit-linked,89827.6,41.67,20,Active,2023-02-09,,Spouse
POL01261,CUST02041,Whole Life,172475.08,44.79,10,Active,2022-01-05,,Spouse
POL01262,CUST04325,Term Life,277606.34,21.55,13,Active,2025-05-20,,Spouse
POL01263,CUST02862,Unit-linked,79918.94,20.0,10,Active,2024-02-14,,Child
POL01264,CUST03293,Unit-linked,70679.55,34.99,10,Active,2023-01-23,,Child
POL01265,CUST00508,Whole Life,84224.51,36.5,30,Active,2022-08-22,,Other
POL01266,CUST02067,Term Life,174829.35,39.15,20,Active,2023-06-04,,Child
POL01267,CUST01075,Whole Life,184029.41,20.0,30,Active,2024-08-08,,Spouse
POL01268,CUST01746,Unit-linked,64689.09,83.33,20,Active,2023-11-26,,Spouse
POL01269,CUST04030,Unit-linked,233563.65,32.17,19,Active,2025-01-21,,Child
POL01270,CUST03740,Annuity,174435.91,20.73,10,Active,2025-06-07,,Parent
POL01271,CUST00861,Whole Life,174352.03,83.33,10,Active,2022-01-07,,Spouse
POL01272,CUST00117,Whole Life,187762.65,50.93,5,Active,2025-03-18,,Spouse
POL01273,CUST00389,Term Life,78511.54,25.47,20,Active,2022-07-11,,Child
POL01274,CUST02447,Term Life,200000.0,25.07,20,Active,2024-09-17,,Child
POL01275,CUST01897,Unit-linked,237425.92,97.36,30,Active,2024-06-03,,Other
POL01276,CUST00235,Term Life,171854.67,24.41,10,Active,2023-01-11,,Other
POL01277,CUST01403,Term Life,146688.49,56.23,30,Active,2025-09-14,,Spouse
POL01278,CUST02589,Annuity,85006.76,20.0,5,Active,2024-10-13,,Other
POL01279,CUST04962,Term Life,200000.0,41.67,30,Active,2023-05-18,,Child
POL01280,CUST01280,Whole Life,242410.94,59.44,10,Active,2024-09-15,,Spouse
POL01281,CUST02689,Term Life,130304.76,20.0,20,Active,2023-01-03,,Trust/Charity
POL01282,CUST01372,Term Life,149473.3,83.33,10,Active,2025-09-03,,Child
POL01283,CUST01372,Annuity,134918.37,20.0,5,Active,2023-01-01,,Spouse
POL01284,CUST03543,Whole Life,179212.87,55.25,20,Active,2025-09-10,,Other
POL01285,CUST03625,Term Life,120553.29,103.73,30,Active,2025-12-18,,Parent
POL01286,CUST03501,Critical Illness,196825.53,20.0,20,Active,2024-12-06,,Child
POL01287,CUST04335,Term Life,224985.53,24.37,30,Active,2022-07-24,,Spouse
POL01288,CUST00051,Critical Illness,108853.95,20.0,10,Active,2025-08-18,,Other
POL01289,CUST02200,Whole Life,200000.0,20.0,10,Active,2022-02-14,,Spouse
POL01290,CUST04398,Term Life,178012.14,26.17,20,Active,2023-01-09,,Spouse
POL01291,CUST02842,Term Life,45803.06,38.48,20,Active,2024-11-16,,Spouse
POL01292,CUST03483,Term Life,129951.77,34.96,20,Active,2023-01-28,,Spouse
POL01293,CUST03710,Term Life,87610.69,20.0,30,Active,2022-12-02,,Parent
POL01294,CUST01744,Whole Life,185981.47,20.0,10,Lapsed,2025-06-07,2023-07-08,Spouse
POL01295,CUST01036,Term Life,87675.9,32.95,5,Active,2024-01-27,,Spouse
POL01296,CUST03671,Term Life,76424.79,27.63,10,Active,2024-01-23,,Spouse
POL01297,CUST02085,Term Life,97391.93,28.54,20,Active,2023-01-11,,Spouse
POL01298,CUST02378,Term Life,109444.14,24.2,10,Active,2023-09-19,,Trust/Charity
POL01299,CUST03753,Unit-linked,135237.12,30.83,10,Active,2022-05-04,,Spouse
POL01300,CUST04570,Whole Life,120787.19,20.0,20,Active,2024-02-26,,Child
POL01301,CUST02338,Annuity,199023.43,53.93,20,Active,2025-11-08,,Spouse
POL01302,CUST02812,Whole Life,79500.98,22.82,20,Active,2024-01-09,,Parent
POL01303,CUST02167,Term Life,141365.97,61.86,20,Active,2025-07-24,,Parent
POL01304,CUST01535,Term Life,85860.86,41.67,10,Active,2022-10-23,,Child
POL01305,CUST04459,Critical Illness,200000.0,41.67,30,Active,2025-06-23,,Spouse
POL01306,CUST00086,Unit-linked,63740.59,26.64,20,Active,2023-07-08,,Spouse
POL01307,CUST02144,Annuity,80486.84,22.18,0,Active,2024-10-06,,Child
POL01308,CUST03379,Whole Life,272037.78,20.44,10,Lapsed,2024-01-07,2023-08-02,Child
POL01309,CUST01846,Term Life,40007.11,41.25,30,Active,2022-04-23,,Other
POL01310,CUST04133,Whole Life,95570.7,20.0,27,Active,2023-07-18,,Spouse
POL01311,CUST02915,Critical Illness,183004.55,30.32,30,Active,2022-10-11,,Child
POL01312,CUST04490,Term Life,214583.65,28.94,30,Active,2022-02-18,,Spouse
POL01313,CUST00958,Term Life,157258.68,76.14,30,Active,2023-04-15,,Parent
POL01314,CUST01619,Critical Illness,85650.77,32.16,10,Active,2022-08-05,,Spouse
POL01315,CUST03685,Unit-linked,227221.95,71.82,5,Active,2025-09-03,,Other
POL01316,CUST03120,Term Life,94272.22,37.3,5,Active,2024-07-15,,Spouse
POL01317,CUST04762,Whole Life,98953.02,36.6,10,Active,2024-05-16,,Other
POL01318,CUST02811,Term Life,106315.4,20.0,20,Active,2024-06-01,,Spouse
POL01319,CUST01966,Annuity,63535.66,20.0,10,Active,2023-07-19,,Child
POL01320,CUST00939,Term Life,62072.67,50.14,20,Active,2024-06-03,,Other
POL01321,CUST02826,Whole Life,163272.37,20.0,20,Active,2024-12-05,,Spouse
POL01322,CUST03006,Term Life,115930.31,20.0,30,Active,2022-01-15,,Spouse
POL01323,CUST04338,Term Life,54550.01,21.65,20,Active,2023-09-25,,Child
POL01324,CUST02566,Annuity,172916.98,20.0,20,Active,2022-01-20,,Parent
POL01325,CUST01515,Term Life,67502.79,70.36,20,Active,2024-01-16,,Other
POL01326,CUST02423,Critical Illness,81295.1,41.67,30,Active,2023-01-02,,Spouse
POL01327,CUST01110,Term Life,62376.8,65.67,30,Active,2024-07-15,,Spouse
POL01328,CUST04201,Term Life,258865.73,55.46,20,Active,2023-09-10,,Spouse
POL01329,CUST01544,Endowment,75131.06,22.88,20,Active,2023-06-06,,Spouse
POL01330,CUST00750,Annuity,143221.05,32.18,10,Lapsed,2024-12-10,2023-08-07,Spouse
POL01331,CUST03575,Annuity,80459.75,31.51,20,Active,2022-01-19,,Spouse
POL01332,CUST00725,Term Life,71007.25,44.5,30,Active,2024-01-23,,Child
POL01333,CUST01349,Critical Illness,169875.73,34.65,5,Active,2024-10-19,,Child
POL01334,CUST00220,Unit-linked,142210.55,21.55,30,Active,2024-08-03,,Child
POL01335,CUST01938,Term Life,106795.53,37.1,30,Lapsed,2024-06-14,2022-06-07,Spouse
POL01336,CUST02478,Term Life,218128.62,20.0,30,Active,2023-12-09,,Spouse
POL01337,CUST03005,Term Life,252299.84,24.77,20,Active,2023-04-20,,Spouse
POL01338,CUST03542,Whole Life,91928.97,20.0,10,Active,2025-08-18,,Parent
POL01339,CUST01520,Critical Illness,107215.85,41.67,20,Active,2023-05-04,,Spouse
POL01340,CUST01234,Whole Life,221345.63,38.17,10,Active,2023-01-20,,Parent
POL01341,CUST01669,Whole Life,223817.05,20.0,30,Active,2022-04-03,,Other
POL01342,CUST02501,Whole Life,61368.05,41.67,10,Active,2022-03-18,,Spouse
POL01343,CUST04327,Term Life,82296.56,41.67,5,Active,2025-10-22,,Spouse
POL01344,CUST02952,Term Life,188173.23,20.0,5,Active,2022-01-27,,Child
POL01345,CUST04834,Annuity,102398.72,20.0,10,Active,2023-01-03,,Spouse
POL01346,CUST03215,Term Life,269338.02,20.0,5,Active,2023-12-04,,Other
POL01347,CUST01241,Unit-linked,84532.05,69.47,30,Active,2025-01-28,,Spouse
POL01348,CUST04006,Term Life,182833.04,27.95,10,Active,2024-01-23,,Other
POL01349,CUST00566,Critical Illness,132662.91,58.54,30,Active,2022-02-28,,Trust/Charity
POL01350,CUST04488,Term Life,355506.99,21.68,10,Active,2022-02-17,,Parent
POL01351,CUST00292,Term Life,70814.43,34.67,10,Active,2022-01-08,,Spouse
POL01352,CUST01301,Unit-linked,183161.62,22.9,30,Active,2023-01-09,,Child
POL01353,CUST02158,Term Life,118412.66,20.0,5,Lapsed,2022-07-16,2025-07-12,Child
POL01354,CUST00475,Annuity,154371.65,20.0,21,Active,2025-08-12,,Other
POL01355,CUST03762,Unit-linked,95837.34,63.31,30,Active,2022-01-27,,Other
POL01356,CUST01711,Term Life,70602.08,20.0,10,Active,2022-01-27,,Spouse
POL01357,CUST04075,Whole Life,56713.6,175.45,5,Active,2022-09-03,,Parent
POL01358,CUST00449,Term Life,157619.22,20.0,20,Active,2025-12-28,,Spouse
POL01359,CUST01539,Term Life,187226.02,41.67,20,Active,2025-10-28,,Spouse
POL01360,CUST00495,Whole Life,160140.32,41.67,30,Active,2022-08-01,,Child
POL01361,CUST04976,Whole Life,152220.7,41.48,30,Active,2025-10-13,,Spouse
POL01362,CUST02011,Critical Illness,235559.77,41.2,5,Active,2023-03-07,,Child
POL01363,CUST00485,Unit-linked,180057.19,20.0,30,Active,2022-01-24,,Spouse
POL01364,CUST04283,Term Life,207701.02,208.33,5,Active,2025-01-28,,Spouse
POL01365,CUST02247,Term Life,78624.24,20.0,20,Active,2025-09-07,,Child
POL01366,CUST01771,Endowment,131141.59,20.0,10,Active,2025-01-11,,Parent
POL01367,CUST04021,Whole Life,161373.43,83.33,30,Active,2023-12-20,,Child
POL01368,CUST01401,Term Life,145475.36,25.22,10,Active,2024-01-20,,Spouse
POL01369,CUST04733,Term Life,123962.49,42.54,27,Active,2024-03-18,,Trust/Charity
POL01370,CUST01158,Critical Illness,83740.49,23.85,16,Active,2024-09-24,,Child
POL01371,CUST00922,Term Life,197944.98,41.67,30,Active,2022-01-19,,Child
POL01372,CUST00196,Whole Life,54444.85,20.0,30,Active,2023-05-25,,Spouse
POL01373,CUST03509,Term Life,81407.93,41.67,10,Active,2023-09-18,,Spouse
POL01374,CUST01601,Term Life,222669.98,25.75,20,Active,2023-10-05,,Spouse
POL01375,CUST04357,Term Life,158754.9,31.85,10,Active,2024-01-23,,Parent
POL01376,CUST02091,Term Life,51171.12,62.12,20,Active,2024-09-14,,Parent
POL01377,CUST02240,Term Life,221936.66,23.81,20,Active,2025-12-23,,Parent
POL01378,CUST04023,Term Life,66780.72,25.89,19,Active,2022-03-13,,Other
POL01379,CUST02827,Annuity,276773.5,25.51,13,Active,2025-10-16,,Child
POL01380,CUST02935,Unit-linked,97509.2,21.75,10,Active,2022-01-04,,Parent
POL01381,CUST02206,Term Life,57769.2,21.13,20,Active,2024-02-15,,Parent
POL01382,CUST00923,Annuity,104887.88,35.57,20,Active,2023-12-23,,Spouse
POL01383,CUST03392,Term Life,213300.52,31.74,20,Active,2022-02-10,,Other
POL01384,CUST00254,Whole Life,155573.03,55.21,30,Active,2022-07-03,,Spouse
POL01385,CUST01363,Term Life,57046.3,20.0,10,Active,2022-12-26,,Spouse
POL01386,CUST02783,Annuity,97434.68,28.11,20,Active,2025-05-12,,Child
POL01387,CUST03262,Whole Life,239274.51,30.63,18,Active,2025-04-17,,Other
POL01388,CUST01896,Term Life,75613.06,20.0,20,Lapsed,2024-02-26,2024-08-09,Child
POL01389,CUST02578,Whole Life,199424.83,20.0,30,Active,2024-06-22,,Child
POL01390,CUST03473,Term Life,200000.0,20.0,10,Active,2023-01-01,,Spouse
POL01391,CUST00759,Term Life,80548.01,27.56,10,Active,2023-07-05,,Parent
POL01392,CUST01227,Endowment,168215.9,42.65,20,Active,2025-09-26,,Other
POL01393,CUST02187,Term Life,390849.93,27.97,10,Active,2022-12-21,,Parent
POL01394,CUST03645,Term Life,74830.81,20.13,30,Active,2025-04-26,,Spouse
POL01395,CUST04383,Critical Illness,204088.39,40.84,20,Active,2024-01-27,,Child
POL01396,CUST03694,Whole Life,163779.77,41.99,20,Lapsed,2023-01-09,2022-07-22,Child
POL01397,CUST02954,Critical Illness,150752.21,48.27,5,Active,2022-01-03,,Spouse
POL01398,CUST02126,Unit-linked,181905.15,20.0,20,Active,2023-01-09,,Spouse
POL01399,CUST02063,Term Life,264478.09,48.11,30,Active,2025-04-27,,Child
POL01400,CUST00127,Unit-linked,111694.93,28.55,20,Active,2025-03-19,,Parent
POL01401,CUST04721,Whole Life,109045.45,36.85,10,Active,2022-12-10,,Parent
POL01402,CUST04865,Term Life,116349.01,41.25,30,Active,2024-05-20,,Spouse
POL01403,CUST03504,Term Life,296436.2,51.33,5,Active,2023-05-27,,Spouse
POL01404,CUST03899,Term Life,85973.41,29.56,8,Active,2024-12-28,,Child
POL01405,CUST01380,Unit-linked,46019.67,22.92,10,Active,2022-01-14,,Child
POL01406,CUST00547,Critical Illness,182327.23,101.05,9,Active,2023-08-09,,Spouse
POL01407,CUST02331,Term Life,231361.41,59.53,10,Active,2023-06-08,,Spouse
POL01408,CUST00962,Term Life,140619.36,59.07,10,Active,2023-12-18,,Spouse
POL01409,CUST01329,Term Life,319567.03,30.15,30,Active,2025-12-23,,Child
POL01410,CUST00378,Term Life,258756.38,57.49,5,Active,2025-01-01,,Other
POL01411,CUST00847,Unit-linked,200000.0,20.0,20,Active,2024-01-21,,Child
POL01412,CUST03673,Term Life,106968.0,83.33,20,Active,2023-02-02,,Parent
POL01413,CUST04638,Term Life,106716.71,83.33,20,Active,2022-05-23,,Spouse
POL01414,CUST02008,Annuity,237308.84,20.0,20,Active,2023-06-26,,Spouse
POL01415,CUST04438,Term Life,36516.14,39.15,20,Active,2023-01-16,,Other
POL01416,CUST04381,Term Life,399974.81,26.28,20,Active,2024-12-28,,Child
POL01417,CUST04029,Term Life,74443.15,20.0,20,Active,2022-09-22,,Spouse
POL01418,CUST01134,Endowment,50529.65,47.88,17,Active,2025-06-09,,Trust/Charity
POL01419,CUST03869,Annuity,115508.37,20.0,17,Active,2022-01-11,,Spouse
POL01420,CUST00530,Critical Illness,224121.63,41.64,10,Active,2022-08-22,,Parent
POL01421,CUST04870,Term Life,163862.57,28.65,5,Active,2022-12-16,,Other
POL01422,CUST00989,Term Life,134641.65,38.5,30,Lapsed,2025-01-04,2025-07-09,Spouse
POL01423,CUST03127,Term Life,220998.35,54.36,10,Active,2022-02-19,,Spouse
POL01424,CUST01975,Term Life,122954.37,20.0,30,Active,2025-01-12,,Spouse
POL01425,CUST01412,Term Life,330421.66,49.32,30,Active,2025-05-07,,Child
POL01426,CUST04228,Whole Life,137644.41,20.31,30,Active,2024-11-23,,Spouse
POL01427,CUST04071,Term Life,189570.29,60.91,20,Active,2025-11-10,,Other
POL01428,CUST04059,Endowment,355370.68,30.45,20,Active,2025-01-18,,Parent
POL01429,CUST00991,Endowment,101952.26,22.05,10,Active,2023-06-06,,Parent
POL01430,CUST00776,Unit-linked,670951.76,29.7,30,Active,2022-01-18,,Spouse
POL01431,CUST01359,Term Life,200000.0,32.28,30,Active,2022-10-20,,Spouse
POL01432,CUST03324,Term Life,200000.0,41.67,20,Active,2023-01-18,,Spouse
POL01433,CUST01665,Term Life,114919.82,41.67,10,Lapsed,2024-04-15,2024-07-25,Parent
POL01434,CUST04338,Annuity,268395.26,94.47,10,Active,2022-01-25,,Spouse
POL01435,CUST01547,Term Life,68052.37,40.04,30,Active,2025-12-01,,Spouse
POL01436,CUST04863,Term Life,200000.0,40.49,10,Active,2025-01-02,,Other
POL01437,CUST03992,Term Life,200000.0,41.67,10,Active,2025-01-23,,Child
POL01438,CUST04751,Whole Life,200000.0,41.67,10,Active,2022-01-16,,Spouse
POL01439,CUST00287,Term Life,145600.74,20.0,20,Active,2023-09-09,,Spouse
POL01440,CUST04864,Term Life,104453.88,20.0,10,Active,2025-01-16,,Child
POL01441,CUST04430,Annuity,190255.54,39.73,10,Active,2023-07-20,,Spouse
POL01442,CUST03889,Term Life,82347.21,20.0,20,Active,2024-11-26,,Spouse
POL01443,CUST02594,Term Life,190895.08,20.0,30,Active,2025-07-13,,Child
POL01444,CUST02262,Term Life,280147.01,22.18,5,Active,2023-01-17,,Trust/Charity
POL01445,CUST04800,Term Life,148672.26,49.02,5,Active,2024-08-01,,Child
POL01446,CUST00330,Term Life,69134.64,25.77,20,Active,2024-01-25,,Child
POL01447,CUST01221,Term Life,149262.19,22.25,30,Active,2025-01-06,,Trust/Charity
POL01448,CUST01849,Endowment,405195.85,130.83,20,Active,2023-01-28,,Trust/Charity
POL01449,CUST02094,Term Life,63991.94,47.91,20,Active,2025-06-08,,Parent
POL01450,CUST00270,Term Life,184026.05,30.29,30,Active,2024-08-25,,Child
POL01451,CUST03121,Term Life,318247.86,25.11,30,Active,2022-01-14,,Spouse
POL01452,CUST01201,Whole Life,54168.52,39.86,5,Active,2025-05-13,,Child
POL01453,CUST03015,Term Life,191514.68,41.67,20,Active,2024-01-23,,Spouse
POL01454,CUST03950,Term Life,61739.11,44.79,13,Active,2022-10-02,,Child
POL01455,CUST01719,Term Life,184135.2,36.82,5,Active,2023-07-07,,Spouse
POL01456,CUST03559,Unit-linked,100988.74,20.0,20,Active,2024-01-05,,Child
POL01457,CUST02907,Critical Illness,79803.3,32.01,30,Active,2023-03-15,,Spouse
POL01458,CUST01794,Endowment,121328.78,51.03,10,Active,2023-03-11,,Spouse
POL01459,CUST01703,Term Life,180562.01,20.0,7,Active,2023-01-26,,Spouse
POL01460,CUST00435,Term Life,67423.22,36.4,20,Active,2024-01-05,,Other
POL01461,CUST02056,Term Life,185886.44,20.56,10,Active,2023-01-24,,Spouse
POL01462,CUST02188,Whole Life,89708.8,22.96,30,Active,2023-01-25,,Spouse
POL01463,CUST01014,Critical Illness,173714.19,24.24,20,Active,2023-09-18,,Spouse
POL01464,CUST03265,Whole Life,103909.92,109.0,18,Active,2023-02-12,,Child
POL01465,CUST00103,Term Life,124076.13,20.0,30,Active,2025-04-04,,Spouse
POL01466,CUST03044,Whole Life,337920.11,55.67,26,Active,2022-11-16,,Spouse
POL01467,CUST04680,Term Life,238505.85,64.44,20,Active,2022-09-21,,Spouse
POL01468,CUST02423,Term Life,71670.51,41.67,20,Active,2024-12-10,,Child
POL01469,CUST01180,Term Life,155544.76,30.55,20,Active,2025-01-22,,Child
POL01470,CUST01822,Critical Illness,164626.64,35.98,10,Active,2023-11-14,,Parent
POL01471,CUST02647,Term Life,165479.26,41.29,10,Active,2023-01-21,,Spouse
POL01472,CUST01623,Whole Life,154000.25,25.41,10,Active,2025-10-17,,Other
POL01473,CUST01672,Annuity,74154.46,37.9,10,Active,2023-03-21,,Spouse
POL01474,CUST04941,Term Life,400000.0,20.0,10,Active,2025-10-22,,Child
POL01475,CUST01783,Annuity,99135.24,21.28,5,Active,2024-02-01,,Spouse
POL01476,CUST04176,Term Life,201742.66,20.0,10,Active,2025-10-12,,Spouse
POL01477,CUST00661,Term Life,43942.5,41.67,20,Active,2022-12-05,,Child
POL01478,CUST03245,Whole Life,138869.86,20.0,10,Active,2025-12-21,,Other
POL01479,CUST00301,Endowment,183649.06,32.93,20,Active,2023-08-10,,Spouse
POL01480,CUST03858,Term Life,200000.0,36.43,30,Active,2024-01-27,,Child
POL01481,CUST04357,Term Life,278947.91,54.28,20,Active,2024-03-24,,Child
POL01482,CUST00007,Whole Life,156811.59,41.67,5,Active,2024-01-06,,Spouse
POL01483,CUST03847,Unit-linked,106425.73,72.77,18,Active,2022-03-11,,Other
POL01484,CUST01982,Critical Illness,89935.61,51.79,20,Active,2024-08-07,,Spouse
POL01485,CUST03396,Unit-linked,172058.51,20.0,20,Active,2024-01-20,,Parent
POL01486,CUST04886,Whole Life,145091.23,26.78,20,Active,2024-04-11,,Spouse
POL01487,CUST02342,Annuity,352824.34,53.91,20,Lapsed,2024-07-07,2022-08-16,Parent
POL01488,CUST00438,Endowment,399028.03,25.8,30,Active,2022-01-01,,Spouse
POL01489,CUST03831,Term Life,119932.36,20.0,5,Active,2025-07-08,,Other
POL01490,CUST01374,Term Life,208548.1,22.3,10,Active,2025-07-07,,Child
POL01491,CUST01522,Unit-linked,194756.28,52.42,5,Active,2023-01-10,,Spouse
POL01492,CUST04622,Term Life,133292.81,22.59,20,Active,2022-01-14,,Child
POL01493,CUST00041,Term Life,37954.19,29.19,10,Active,2022-10-02,,Child
POL01494,CUST02476,Whole Life,139192.82,34.63,20,Active,2025-07-24,,Child
POL01495,CUST00187,Term Life,134058.42,32.83,10,Active,2023-04-14,,Spouse
POL01496,CUST03664,Term Life,190331.44,20.9,10,Active,2023-09-22,,Spouse
POL01497,CUST02927,Term Life,200000.0,41.67,20,Active,2024-11-03,,Parent
POL01498,CUST03528,Term Life,257696.29,62.94,30,Active,2022-10-20,,Spouse
POL01499,CUST00792,Term Life,94324.46,25.71,10,Active,2024-05-21,,Spouse
POL01500,CUST00880,Term Life,211787.11,53.2,20,Active,2024-01-25,,Child
POL01501,CUST02022,Critical Illness,101902.05,30.47,23,Active,2025-07-19,,Child
POL01502,CUST04044,Unit-linked,149692.06,20.59,10,Active,2023-12-18,,Other
POL01503,CUST04498,Term Life,261982.81,20.0,10,Active,2024-12-05,,Spouse
POL01504,CUST04690,Term Life,292051.55,20.0,30,Active,2024-01-13,,Other
POL01505,CUST00719,Annuity,153055.53,37.06,4,Active,2024-08-24,,Other
POL01506,CUST04330,Term Life,70203.25,124.25,20,Active,2023-09-15,,Child
POL01507,CUST02162,Term Life,185501.94,77.13,20,Active,2025-10-17,,Spouse
POL01508,CUST01755,Annuity,69403.99,49.53,30,Active,2023-07-24,,Spouse
POL01509,CUST01227,Term Life,629291.26,84.13,10,Active,2025-01-09,,Spouse
POL01510,CUST04982,Critical Illness,83744.44,23.61,12,Active,2024-03-08,,Spouse
POL01511,CUST02935,Whole Life,158148.88,20.0,20,Active,2024-07-06,,Trust/Charity
POL01512,CUST01529,Term Life,193271.98,35.95,30,Lapsed,2024-11-13,2023-08-15,Spouse
POL01513,CUST00520,Unit-linked,303265.83,20.0,20,Active,2022-01-07,,Spouse
POL01514,CUST02542,Term Life,314515.16,83.33,10,Lapsed,2025-05-14,2024-08-26,Child
POL01515,CUST00480,Annuity,120893.89,41.67,30,Active,2025-01-09,,Child
POL01516,CUST03764,Term Life,60727.77,37.96,30,Active,2022-10-22,,Trust/Charity
POL01517,CUST00671,Term Life,41570.63,20.0,10,Active,2023-03-04,,Parent
POL01518,CUST00362,Whole Life,313809.01,20.0,5,Active,2025-04-23,,Spouse
POL01519,CUST02876,Unit-linked,230773.27,31.94,20,Active,2022-07-21,,Other
POL01520,CUST00363,Annuity,502264.41,20.0,30,Active,2024-01-04,,Spouse
POL01521,CUST04933,Unit-linked,200000.0,41.67,5,Active,2023-01-12,,Parent
POL01522,CUST04454,Term Life,136660.58,41.67,10,Active,2025-12-01,,Trust/Charity
POL01523,CUST01830,Endowment,272121.18,100.88,20,Active,2022-06-25,,Spouse
POL01524,CUST01370,Term Life,121305.3,59.67,30,Active,2023-08-26,,Spouse
POL01525,CUST00867,Annuity,244463.42,54.93,20,Active,2022-01-06,,Other
POL01526,CUST02898,Term Life,91261.79,40.33,20,Active,2022-02-12,,Other
POL01527,CUST03152,Term Life,83066.24,26.99,20,Active,2022-11-20,,Spouse
POL01528,CUST04738,Term Life,117856.62,20.0,5,Active,2025-01-21,,Spouse
POL01529,CUST03061,Annuity,247995.51,139.31,10,Active,2024-01-11,,Child
POL01530,CUST04858,Unit-linked,213503.94,22.9,20,Active,2025-01-18,,Spouse
POL01531,CUST04109,Term Life,381342.96,34.5,10,Active,2025-11-03,,Trust/Charity
POL01532,CUST04393,Whole Life,83333.0,27.86,10,Active,2024-01-20,,Child
POL01533,CUST04894,Term Life,211426.36,62.65,10,Active,2023-12-25,,Child
POL01534,CUST04575,Term Life,310305.69,22.67,20,Active,2022-06-16,,Parent
POL01535,CUST00830,Annuity,71111.22,41.32,20,Active,2023-02-19,,Spouse
POL01536,CUST01150,Whole Life,174888.47,72.61,28,Active,2023-01-09,,Parent
POL01537,CUST01336,Unit-linked,192541.3,25.28,20,Active,2024-01-02,,Spouse
POL01538,CUST01746,Annuity,141380.19,50.29,30,Active,2022-11-16,,Spouse
POL01539,CUST04277,Term Life,140292.42,20.0,20,Active,2023-07-23,,Spouse
POL01540,CUST04431,Whole Life,58651.12,20.0,10,Lapsed,2025-01-04,2023-07-26,Spouse
POL01541,CUST01075,Term Life,109378.92,20.0,30,Active,2023-11-02,,Spouse
POL01542,CUST04848,Whole Life,105923.45,20.0,10,Active,2022-06-14,,Other
POL01543,CUST00764,Term Life,224232.72,102.38,10,Active,2022-01-18,,Other
POL01544,CUST00519,Term Life,128411.69,30.01,10,Active,2023-02-28,,Spouse
POL01545,CUST01884,Whole Life,279128.5,20.0,5,Lapsed,2023-10-07,2024-07-19,Trust/Charity
POL01546,CUST04161,Term Life,285445.66,63.83,10,Active,2023-10-02,,Spouse
POL01547,CUST01234,Term Life,88829.29,23.08,20,Active,2024-01-27,,Spouse
POL01548,CUST04915,Term Life,101603.98,20.0,5,Lapsed,2022-11-28,2025-08-04,Spouse
POL01549,CUST04675,Whole Life,200000.0,41.67,2,Active,2022-09-10,,Trust/Charity
POL01550,CUST00729,Term Life,51095.27,26.47,5,Active,2022-01-27,,Child
POL01551,CUST03458,Term Life,55873.83,35.98,30,Active,2022-01-13,,Trust/Charity
POL01552,CUST00845,Term Life,83082.6,55.72,20,Active,2022-09-09,,Child
POL01553,CUST03334,Whole Life,176489.16,25.15,20,Active,2022-09-23,,Spouse
POL01554,CUST00837,Term Life,115239.27,20.0,10,Active,2023-09-09,,Spouse
POL01555,CUST02667,Unit-linked,282629.14,46.6,20,Active,2024-10-01,,Spouse
POL01556,CUST00094,Term Life,455411.93,20.0,20,Active,2024-12-27,,Parent
POL01557,CUST04108,Critical Illness,51114.65,29.07,30,Active,2023-01-23,,Child
POL01558,CUST02148,Whole Life,114894.18,36.6,5,Active,2023-07-22,,Spouse
POL01559,CUST04475,Term Life,66599.62,27.46,22,Active,2022-06-16,,Child
POL01560,CUST02246,Term Life,145635.46,20.28,10,Active,2023-01-22,,Child
POL01561,CUST00131,Unit-linked,66031.54,36.7,30,Active,2025-06-28,,Spouse
POL01562,CUST03629,Term Life,216906.88,31.83,10,Active,2024-03-28,,Other
POL01563,CUST04371,Term Life,154261.37,23.14,10,Active,2025-07-20,,Spouse
POL01564,CUST04919,Term Life,63936.83,20.0,20,Active,2022-04-04,,Child
POL01565,CUST02340,Annuity,235014.02,70.99,20,Active,2025-09-04,,Other
POL01566,CUST02404,Term Life,200000.0,20.0,10,Active,2024-07-19,,Other
POL01567,CUST01103,Term Life,243210.27,20.0,10,Active,2025-11-05,,Trust/Charity
POL01568,CUST03179,Annuity,84338.06,41.69,10,Active,2025-01-13,,Child
POL01569,CUST04424,Unit-linked,134307.45,20.0,30,Active,2023-01-10,,Spouse
POL01570,CUST01044,Term Life,229498.91,48.24,30,Active,2025-07-16,,Parent
POL01571,CUST01023,Term Life,148955.33,32.22,30,Active,2023-07-27,,Child
POL01572,CUST04022,Whole Life,127888.48,51.01,10,Lapsed,2022-05-06,2024-07-05,Child
POL01573,CUST01689,Annuity,236156.54,51.11,20,Active,2023-01-11,,Spouse
POL01574,CUST01468,Term Life,132829.38,43.06,5,Active,2023-06-11,,Trust/Charity
POL01575,CUST03197,Term Life,148211.71,78.37,10,Active,2024-01-24,,Child
POL01576,CUST02530,Annuity,95319.76,20.0,20,Active,2025-02-06,,Other
POL01577,CUST00463,Term Life,291915.97,28.45,5,Active,2022-03-21,,Spouse
POL01578,CUST01865,Term Life,156294.65,129.74,29,Active,2023-02-24,,Child
POL01579,CUST02229,Term Life,91918.27,62.98,30,Active,2022-07-11,,Spouse
POL01580,CUST01883,Term Life,90095.29,32.89,5,Active,2023-03-05,,Child
POL01581,CUST01012,Term Life,31190.52,23.04,6,Active,2022-01-05,,Child
POL01582,CUST02114,Whole Life,74132.86,83.33,10,Active,2022-04-26,,Child
POL01583,CUST00615,Unit-linked,57717.34,29.95,5,Active,2025-01-17,,Other
POL01584,CUST01612,Whole Life,67492.28,20.0,30,Active,2025-11-27,,Spouse
POL01585,CUST04456,Term Life,84773.1,83.33,5,Active,2024-01-02,,Spouse
POL01586,CUST00791,Critical Illness,299508.48,35.49,20,Active,2023-07-08,,Other
POL01587,CUST04031,Critical Illness,40162.84,29.03,20,Active,2022-10-17,,Child
POL01588,CUST00126,Annuity,101956.64,45.51,10,Active,2025-11-05,,Child
POL01589,CUST03345,Term Life,181303.31,31.61,20,Active,2025-08-26,,Other
POL01590,CUST02723,Whole Life,196039.61,83.33,10,Active,2025-08-10,,Child
POL01591,CUST01044,Term Life,191488.41,20.0,20,Active,2024-12-17,,Spouse
POL01592,CUST04367,Term Life,127615.2,86.65,10,Active,2025-01-27,,Child
POL01593,CUST02576,Term Life,102249.98,30.14,30,Active,2023-12-05,,Parent
POL01594,CUST01659,Term Life,249778.21,27.54,20,Active,2025-02-17,,Child
POL01595,CUST01528,Term Life,367688.08,20.0,20,Active,2022-06-08,,Spouse
POL01596,CUST02994,Annuity,126031.53,20.0,20,Active,2023-01-17,,Child
POL01597,CUST02146,Term Life,92079.83,43.62,20,Active,2025-08-13,,Parent
POL01598,CUST04360,Unit-linked,46745.46,55.68,10,Active,2025-01-10,,Spouse
POL01599,CUST04100,Term Life,200000.0,40.95,10,Active,2023-12-02,,Child
POL01600,CUST02567,Term Life,176156.56,20.0,30,Active,2023-01-23,,Spouse
POL01601,CUST04550,Whole Life,213847.6,25.74,30,Active,2022-04-12,,Spouse
POL01602,CUST01116,Unit-linked,65887.84,83.33,10,Active,2022-02-16,,Child
POL01603,CUST00673,Term Life,108340.08,20.0,10,Active,2023-05-01,,Spouse
POL01604,CUST00997,Term Life,101193.83,21.21,20,Active,2025-01-03,,Trust/Charity
POL01605,CUST01166,Term Life,134847.03,75.06,30,Active,2025-10-10,,Spouse
POL01606,CUST03779,Annuity,190582.43,31.36,20,Active,2023-04-03,,Child
POL01607,CUST03922,Unit-linked,213013.37,91.72,3,Active,2022-01-22,,Parent
POL01608,CUST01990,Critical Illness,135050.94,30.35,11,Active,2025-10-06,,Child
POL01609,CUST03828,Unit-linked,157219.92,44.87,20,Lapsed,2022-01-25,2023-08-10,Trust/Charity
POL01610,CUST01853,Unit-linked,163071.74,20.0,8,Active,2025-10-12,,Spouse
POL01611,CUST02915,Term Life,251137.3,20.0,30,Lapsed,2025-12-21,2022-07-17,Other
POL01612,CUST03305,Term Life,62267.27,20.0,16,Active,2023-01-04,,Child
POL01613,CUST04088,Term Life,129610.94,25.68,10,Active,2025-04-14,,Spouse
POL01614,CUST01798,Term Life,116184.68,20.0,10,Active,2024-08-19,,Child
POL01615,CUST01725,Annuity,200000.0,41.67,30,Active,2023-01-06,,Spouse
POL01616,CUST04932,Annuity,87344.31,20.0,19,Lapsed,2022-09-15,2025-06-22,Spouse
POL01617,CUST02557,Unit-linked,107745.5,41.03,13,Active,2023-12-26,,Spouse
POL01618,CUST03766,Unit-linked,67405.42,20.0,26,Active,2024-08-01,,Spouse
POL01619,CUST01811,Annuity,371905.55,20.79,20,Lapsed,2024-07-13,2025-07-23,Child
POL01620,CUST04502,Unit-linked,138242.8,20.0,20,Active,2023-02-26,,Child
POL01621,CUST04413,Term Life,109008.28,20.0,10,Active,2023-01-28,,Spouse
POL01622,CUST03402,Term Life,172752.39,41.58,20,Active,2023-09-16,,Child
POL01623,CUST02142,Annuity,147638.81,33.4,10,Active,2025-03-09,,Other
POL01624,CUST01765,Term Life,125515.75,43.73,30,Active,2022-04-10,,Spouse
POL01625,CUST02950,Whole Life,92750.08,20.0,30,Active,2023-07-22,,Spouse
POL01626,CUST03295,Term Life,56518.55,24.15,20,Active,2022-07-09,,Spouse
POL01627,CUST01897,Unit-linked,88483.31,20.0,10,Active,2023-01-09,,Child
POL01628,CUST02167,Term Life,38337.35,27.32,30,Active,2024-01-17,,Spouse
POL01629,CUST02270,Unit-linked,122924.1,30.86,20,Active,2022-09-04,,Trust/Charity
POL01630,CUST02533,Term Life,34363.5,20.0,10,Active,2024-07-04,,Spouse
POL01631,CUST02141,Unit-linked,89464.23,20.0,20,Active,2022-01-28,,Spouse
POL01632,CUST01925,Term Life,108321.26,20.87,30,Active,2022-11-16,,Spouse
POL01633,CUST00155,Whole Life,195500.85,25.89,20,Active,2023-12-26,,Spouse
POL01634,CUST04333,Annuity,156079.62,20.0,20,Active,2025-01-24,,Spouse
POL01635,CUST02864,Annuity,159905.95,41.34,27,Active,2024-12-19,,Child
POL01636,CUST01367,Term Life,92814.89,84.75,10,Active,2023-01-16,,Child
POL01637,CUST01616,Critical Illness,159559.49,27.16,20,Active,2025-04-07,,Spouse
POL01638,CUST03226,Unit-linked,79060.51,20.0,30,Active,2023-08-16,,Spouse
POL01639,CUST03503,Term Life,85400.66,83.33,10,Active,2025-08-12,,Other
POL01640,CUST02956,Critical Illness,152257.96,43.41,10,Active,2022-07-07,,Child
POL01641,CUST02528,Term Life,245933.87,62.67,30,Lapsed,2024-01-20,2024-06-25,Spouse
POL01642,CUST04549,Whole Life,90160.96,40.33,10,Active,2024-01-06,,Child
POL01643,CUST01067,Term Life,77592.04,65.37,20,Active,2022-01-22,,Spouse
POL01644,CUST03326,Term Life,143296.26,44.82,5,Active,2022-01-02,,Trust/Charity
POL01645,CUST00671,Term Life,156405.33,115.93,10,Active,2022-01-11,,Spouse
POL01646,CUST00001,Term Life,75261.63,31.23,30,Active,2023-03-14,,Child
POL01647,CUST04091,Annuity,46844.01,20.0,20,Active,2024-02-19,,Child
POL01648,CUST04297,Term Life,110786.86,41.67,20,Active,2025-02-25,,Spouse
POL01649,CUST02048,Endowment,96878.27,47.16,20,Active,2022-12-10,,Trust/Charity
POL01650,CUST04938,Term Life,94687.4,20.0,30,Active,2024-02-16,,Spouse
POL01651,CUST00219,Whole Life,133776.9,83.33,30,Active,2025-10-15,,Spouse
POL01652,CUST03171,Term Life,77187.19,47.37,10,Lapsed,2025-01-04,2023-06-15,Child
POL01653,CUST01484,Whole Life,317929.67,32.36,20,Active,2023-04-02,,Other
POL01654,CUST03169,Whole Life,77212.16,20.0,20,Active,2023-08-09,,Other
POL01655,CUST03841,Term Life,71420.59,34.06,10,Active,2024-01-12,,Child
POL01656,CUST03636,Term Life,203564.37,40.46,30,Lapsed,2025-03-15,2022-08-11,Spouse
POL01657,CUST02525,Whole Life,200000.0,29.64,10,Active,2025-02-22,,Other
POL01658,CUST01498,Term Life,124345.82,20.0,10,Active,2022-07-27,,Spouse
POL01659,CUST03473,Term Life,28490.27,20.0,5,Lapsed,2025-07-25,2024-08-20,Parent
POL01660,CUST03885,Term Life,172408.93,44.57,10,Active,2024-01-17,,Spouse
POL01661,CUST03922,Critical Illness,104540.54,39.96,3,Active,2024-10-27,,Spouse
POL01662,CUST01593,Term Life,76847.97,34.5,29,Active,2024-07-09,,Other
POL01663,CUST00418,Whole Life,119259.38,23.99,20,Active,2023-01-05,,Child
POL01664,CUST04036,Term Life,50547.0,129.64,26,Active,2025-06-26,,Other
POL01665,CUST02161,Whole Life,76426.57,41.67,10,Active,2025-09-21,,Other
POL01666,CUST03154,Whole Life,159174.24,20.0,22,Active,2024-10-15,,Spouse
POL01667,CUST01954,Term Life,128514.93,53.62,20,Active,2024-08-28,,Spouse
POL01668,CUST00295,Unit-linked,110561.36,41.67,5,Active,2024-03-01,,Spouse
POL01669,CUST04056,Term Life,110603.82,20.0,5,Active,2022-01-18,,Trust/Charity
POL01670,CUST04294,Term Life,67242.36,26.22,20,Active,2023-06-21,,Spouse
POL01671,CUST02726,Term Life,92980.72,40.78,5,Active,2025-04-26,,Child
POL01672,CUST02290,Term Life,170048.84,32.09,30,Lapsed,2025-01-17,2023-08-07,Parent
POL01673,CUST01627,Unit-linked,309173.72,53.58,20,Active,2025-06-19,,Trust/Charity
POL01674,CUST04973,Term Life,50940.07,52.63,10,Active,2025-01-20,,Child
POL01675,CUST04299,Term Life,318803.66,140.24,20,Active,2024-01-26,,Spouse
POL01676,CUST03888,Term Life,94217.17,65.53,20,Active,2023-01-02,,Child
POL01677,CUST02251,Unit-linked,86025.14,40.39,30,Active,2022-01-24,,Parent
POL01678,CUST01789,Endowment,348960.41,28.56,20,Lapsed,2024-01-27,2022-06-26,Child
POL01679,CUST01156,Unit-linked,124496.78,41.67,30,Active,2023-09-28,,Spouse
POL01680,CUST04763,Term Life,452699.35,52.12,10,Active,2024-04-13,,Child
POL01681,CUST03498,Term Life,200000.0,40.97,20,Lapsed,2025-07-24,2023-06-16,Spouse
POL01682,CUST01610,Annuity,248753.21,48.25,20,Active,2025-10-09,,Trust/Charity
POL01683,CUST04871,Unit-linked,34182.36,41.75,20,Active,2022-01-23,,Child
POL01684,CUST04715,Whole Life,79868.08,20.0,10,Lapsed,2022-02-03,2025-07-02,Parent
POL01685,CUST04368,Endowment,109512.66,23.5,5,Active,2024-01-04,,Spouse
POL01686,CUST04241,Term Life,271513.45,20.0,20,Active,2025-08-19,,Trust/Charity
POL01687,CUST01656,Critical Illness,144363.64,23.07,20,Active,2022-04-14,,Spouse
POL01688,CUST02061,Unit-linked,199136.75,23.58,30,Active,2024-01-15,,Spouse
POL01689,CUST03040,Annuity,64646.09,118.17,30,Active,2023-08-28,,Spouse
POL01690,CUST02817,Term Life,67867.61,102.02,10,Lapsed,2023-11-14,2025-06-24,Spouse
POL01691,CUST03305,Annuity,79269.77,110.89,16,Active,2024-08-14,,Spouse
POL01692,CUST00697,Whole Life,445709.59,36.11,20,Active,2022-12-06,,Child
POL01693,CUST01959,Term Life,57348.48,26.55,5,Active,2022-07-28,,Child
POL01694,CUST00899,Unit-linked,446845.18,23.6,6,Active,2025-01-15,,Spouse
POL01695,CUST04818,Term Life,294951.63,20.0,10,Active,2022-05-23,,Spouse
POL01696,CUST02035,Term Life,29533.26,26.6,30,Active,2025-09-01,,Spouse
POL01697,CUST04137,Whole Life,77381.48,41.67,20,Lapsed,2025-01-19,2022-08-26,Spouse
POL01698,CUST03313,Whole Life,210155.74,49.32,20,Active,2022-06-01,,Child
POL01699,CUST02189,Critical Illness,152563.66,45.86,20,Active,2022-01-15,,Child
POL01700,CUST04406,Term Life,130062.19,20.0,10,Active,2025-05-17,,Child
POL01701,CUST04196,Whole Life,96162.94,33.82,5,Active,2023-01-09,,Spouse
POL01702,CUST03788,Term Life,117884.42,30.99,20,Active,2024-01-22,,Child
POL01703,CUST02384,Term Life,126835.97,20.0,20,Active,2023-10-16,,Spouse
POL01704,CUST00473,Unit-linked,118160.7,20.0,20,Active,2022-04-28,,Child
POL01705,CUST04145,Unit-linked,113633.33,29.02,20,Active,2025-01-26,,Spouse
POL01706,CUST02012,Term Life,56534.42,25.49,20,Active,2025-02-16,,Spouse
POL01707,CUST02667,Term Life,102809.19,34.42,30,Active,2024-09-09,,Spouse
POL01708,CUST00341,Whole Life,92700.72,60.03,20,Active,2024-11-24,,Parent
POL01709,CUST00196,Term Life,199363.81,20.59,10,Lapsed,2023-01-21,2024-07-01,Child
POL01710,CUST02803,Annuity,130689.84,49.6,19,Active,2022-01-04,,Spouse
POL01711,CUST00309,Term Life,400000.0,38.17,20,Active,2025-10-13,,Child
POL01712,CUST00174,Term Life,193942.61,33.92,20,Active,2023-03-12,,Spouse
POL01713,CUST03273,Endowment,248563.66,22.79,5,Active,2023-01-01,,Spouse
POL01714,CUST04859,Term Life,154462.73,21.09,20,Active,2024-01-09,,Other
POL01715,CUST00492,Term Life,249403.35,20.0,20,Active,2025-11-07,,Parent
POL01716,CUST00210,Whole Life,178871.55,20.0,20,Active,2024-01-07,,Child
POL01717,CUST02673,Critical Illness,284612.01,20.0,13,Active,2024-01-05,,Spouse
POL01718,CUST04355,Term Life,51546.48,105.93,20,Active,2022-01-25,,Parent
POL01719,CUST03149,Term Life,200000.0,21.85,30,Active,2022-03-10,,Spouse
POL01720,CUST01019,Unit-linked,92720.09,20.96,30,Active,2023-01-02,,Other
POL01721,CUST02839,Term Life,224337.65,20.0,20,Active,2025-05-07,,Child
POL01722,CUST02940,Whole Life,175549.58,38.35,10,Active,2025-08-07,,Parent
POL01723,CUST04304,Whole Life,137846.75,135.42,20,Active,2024-03-27,,Spouse
POL01724,CUST02682,Whole Life,87808.28,20.0,20,Active,2022-01-12,,Child
POL01725,CUST04389,Term Life,93219.96,21.98,10,Active,2023-01-28,,Spouse
POL01726,CUST04220,Whole Life,223187.56,79.16,20,Active,2024-07-28,,Spouse
POL01727,CUST02908,Annuity,178974.16,20.0,30,Active,2024-02-06,,Child
POL01728,CUST02991,Term Life,330253.74,95.27,20,Active,2025-11-25,,Spouse
POL01729,CUST04308,Unit-linked,90720.16,44.62,10,Active,2024-02-11,,Child
POL01730,CUST01996,Term Life,96896.81,44.88,10,Active,2022-01-19,,Parent
POL01731,CUST02689,Whole Life,99850.4,135.42,20,Active,2025-05-13,,Child
POL01732,CUST02773,Annuity,88269.67,20.77,5,Active,2024-01-17,,Child
POL01733,CUST04793,Term Life,111963.79,20.0,10,Lapsed,2024-12-24,2023-08-09,Spouse
POL01734,CUST02360,Annuity,114181.85,117.47,20,Active,2022-05-08,,Child
POL01735,CUST03383,Term Life,193306.27,63.17,10,Active,2024-06-26,,Child
POL01736,CUST01723,Whole Life,61079.25,28.84,10,Lapsed,2022-06-28,2023-08-05,Spouse
POL01737,CUST03658,Term Life,154414.83,48.68,20,Active,2024-06-15,,Child
POL01738,CUST03702,Whole Life,129719.86,37.77,20,Active,2024-08-12,,Spouse
POL01739,CUST01473,Unit-linked,122699.65,20.0,20,Active,2022-12-05,,Spouse
POL01740,CUST03664,Whole Life,201530.12,24.19,10,Active,2024-01-24,,Spouse
POL01741,CUST02034,Whole Life,86269.34,37.59,30,Active,2022-08-01,,Child
POL01742,CUST02334,Unit-linked,144557.27,41.67,28,Active,2024-06-18,,Parent
POL01743,CUST04662,Annuity,159858.26,41.67,11,Active,2025-07-09,,Spouse
POL01744,CUST00864,Critical Illness,74788.71,65.83,10,Active,2023-03-22,,Child
POL01745,CUST03455,Term Life,81507.6,75.32,20,Active,2022-08-05,,Parent
POL01746,CUST04801,Endowment,331903.58,49.48,10,Active,2022-01-06,,Spouse
POL01747,CUST03530,Unit-linked,127838.1,52.88,5,Active,2022-10-13,,Spouse
POL01748,CUST01253,Term Life,130266.27,20.0,20,Active,2025-11-13,,Spouse
POL01749,CUST02318,Unit-linked,302257.62,107.64,30,Active,2023-02-09,,Child
POL01750,CUST00404,Critical Illness,74364.69,20.0,20,Active,2024-01-12,,Child
POL01751,CUST01971,Term Life,103264.8,124.48,20,Active,2024-06-20,,Child
POL01752,CUST02978,Annuity,148983.18,24.33,20,Active,2022-03-14,,Parent
POL01753,CUST01758,Endowment,98021.45,41.67,5,Active,2025-01-23,,Spouse
POL01754,CUST03396,Term Life,81109.13,54.51,10,Lapsed,2024-01-25,2022-06-17,Child
POL01755,CUST03419,Annuity,352239.62,60.26,20,Lapsed,2024-01-07,2022-07-11,Parent
POL01756,CUST03862,Annuity,33869.69,41.67,6,Active,2022-03-21,,Trust/Charity
POL01757,CUST01896,Term Life,302914.6,42.78,20,Active,2025-01-02,,Spouse
POL01758,CUST01987,Whole Life,80084.64,20.0,30,Active,2025-11-02,,Child
POL01759,CUST04240,Unit-linked,184648.36,71.47,18,Active,2024-09-21,,Spouse
POL01760,CUST00273,Whole Life,381421.19,82.11,10,Lapsed,2023-09-20,2022-07-27,Spouse
POL01761,CUST01676,Term Life,165283.37,34.96,30,Active,2023-01-13,,Spouse
POL01762,CUST00270,Term Life,125731.27,24.27,30,Active,2023-04-23,,Other
POL01763,CUST04674,Term Life,79451.55,20.0,20,Active,2022-08-06,,Parent
POL01764,CUST01934,Whole Life,169553.26,87.18,10,Active,2025-11-17,,Spouse
POL01765,CUST00514,Term Life,182314.39,44.52,24,Active,2023-10-17,,Spouse
POL01766,CUST03684,Endowment,70285.27,20.0,30,Active,2025-07-14,,Child
POL01767,CUST02236,Term Life,85334.32,20.0,10,Active,2022-03-18,,Spouse
POL01768,CUST04198,Whole Life,196276.9,23.37,20,Active,2024-03-06,,Spouse
POL01769,CUST03315,Term Life,145693.77,121.41,5,Active,2024-08-05,,Other
POL01770,CUST03383,Term Life,150003.78,97.48,20,Active,2024-01-15,,Spouse
POL01771,CUST01590,Term Life,162630.41,39.05,20,Active,2025-03-20,,Spouse
POL01772,CUST03329,Term Life,66772.89,41.67,5,Active,2024-01-17,,Child
POL01773,CUST04502,Term Life,106668.67,37.28,30,Active,2024-05-20,,Spouse
POL01774,CUST02548,Term Life,145890.55,101.92,10,Active,2022-08-10,,Spouse
POL01775,CUST02107,Term Life,65547.16,41.67,20,Active,2023-10-26,,Child
POL01776,CUST02743,Whole Life,184717.03,77.54,20,Active,2024-01-11,,Spouse
POL01777,CUST03304,Term Life,203646.59,56.24,10,Active,2023-03-20,,Other
POL01778,CUST01250,Whole Life,106602.26,32.74,20,Active,2022-10-28,,Child
POL01779,CUST04631,Term Life,150063.48,32.74,20,Active,2025-05-13,,Child
POL01780,CUST04254,Term Life,151133.91,46.75,5,Active,2022-01-22,,Spouse
POL01781,CUST01491,Term Life,55508.2,35.46,16,Active,2023-10-08,,Child
POL01782,CUST01117,Term Life,84348.35,50.32,30,Active,2025-09-05,,Spouse
POL01783,CUST00429,Term Life,61244.11,123.3,5,Active,2023-01-08,,Child
POL01784,CUST02210,Term Life,110575.17,22.42,10,Active,2025-01-22,,Spouse
POL01785,CUST01669,Annuity,92449.73,83.21,5,Active,2024-08-23,,Spouse
POL01786,CUST04266,Term Life,25000.0,24.13,7,Active,2023-08-02,,Parent
POL01787,CUST02685,Term Life,170943.74,23.83,10,Active,2024-11-22,,Spouse
POL01788,CUST03271,Endowment,134044.3,20.0,5,Active,2024-11-27,,Trust/Charity
POL01789,CUST04600,Term Life,149438.03,29.84,30,Lapsed,2024-01-11,2023-07-21,Child
POL01790,CUST03923,Term Life,299385.31,31.75,20,Active,2024-05-20,,Spouse
POL01791,CUST03393,Term Life,140056.42,72.44,20,Active,2025-03-02,,Spouse
POL01792,CUST00879,Term Life,74776.97,47.45,10,Active,2024-07-07,,Parent
POL01793,CUST01454,Unit-linked,76018.12,45.72,10,Active,2024-01-05,,Other
POL01794,CUST04178,Term Life,94508.29,60.16,4,Active,2025-05-23,,Other
POL01795,CUST00415,Term Life,92150.82,47.09,10,Active,2022-01-21,,Child
POL01796,CUST04682,Whole Life,212996.46,20.0,10,Active,2022-06-26,,Spouse
POL01797,CUST03064,Whole Life,200000.0,37.55,20,Active,2023-04-11,,Other
POL01798,CUST04483,Annuity,154692.53,83.33,18,Active,2022-09-21,,Spouse
POL01799,CUST01520,Term Life,65338.26,41.67,20,Active,2025-12-14,,Child
POL01800,CUST01677,Term Life,105574.74,35.05,30,Active,2025-01-22,,Child
POL01801,CUST00390,Term Life,64540.56,73.38,10,Active,2023-03-07,,Spouse
POL01802,CUST00012,Whole Life,200000.0,41.67,29,Active,2022-12-24,,Spouse
POL01803,CUST00354,Whole Life,142481.37,20.0,20,Active,2023-01-05,,Spouse
POL01804,CUST04331,Term Life,111725.04,40.1,20,Active,2024-08-19,,Other
POL01805,CUST04903,Term Life,214253.81,48.5,10,Lapsed,2023-01-16,2023-07-20,Spouse
POL01806,CUST03516,Endowment,75874.3,20.0,30,Active,2022-01-26,,Spouse
POL01807,CUST02593,Critical Illness,71074.25,102.37,5,Active,2023-09-02,,Child
POL01808,CUST03964,Term Life,298237.35,20.0,11,Active,2024-12-04,,Parent
POL01809,CUST00088,Term Life,123197.22,20.0,27,Active,2023-03-04,,Parent
POL01810,CUST04814,Term Life,200924.45,29.32,10,Active,2023-06-27,,Spouse
POL01811,CUST02314,Annuity,42519.48,95.48,5,Active,2023-04-02,,Child
POL01812,CUST01034,Term Life,146975.98,188.0,20,Active,2022-04-06,,Spouse
POL01813,CUST03368,Whole Life,41758.2,20.0,20,Active,2023-01-08,,Child
POL01814,CUST00708,Term Life,108650.08,23.6,20,Lapsed,2024-06-17,2023-07-15,Child
POL01815,CUST02669,Endowment,197393.54,45.26,20,Active,2025-03-15,,Spouse
POL01816,CUST00443,Unit-linked,115861.03,20.0,10,Lapsed,2025-07-24,2025-08-11,Other
POL01817,CUST00923,Term Life,199746.22,20.0,10,Active,2024-01-24,,Other
POL01818,CUST03576,Annuity,64057.22,82.2,11,Lapsed,2025-01-19,2025-06-25,Other
POL01819,CUST01456,Endowment,150035.09,53.1,30,Active,2022-01-28,,Child
POL01820,CUST04905,Term Life,83079.32,38.38,20,Active,2023-01-08,,Spouse
POL01821,CUST01537,Term Life,148737.96,39.44,20,Active,2023-04-01,,Child
POL01822,CUST03035,Term Life,149360.97,35.77,20,Active,2024-05-03,,Spouse
POL01823,CUST03429,Annuity,484653.53,22.59,20,Active,2025-01-19,,Child
POL01824,CUST01190,Whole Life,156954.15,135.42,10,Active,2023-12-02,,Child
POL01825,CUST01447,Critical Illness,167191.24,36.43,20,Active,2025-05-24,,Child
POL01826,CUST02738,Endowment,106091.61,20.0,20,Active,2024-11-24,,Spouse
POL01827,CUST00201,Term Life,256514.51,21.65,10,Lapsed,2022-01-10,2022-07-23,Spouse
POL01828,CUST02496,Term Life,400000.0,70.29,30,Lapsed,2024-01-04,2023-06-10,Parent
POL01829,CUST03205,Term Life,133888.72,33.62,5,Active,2023-12-08,,Spouse
POL01830,CUST01663,Term Life,190541.5,22.17,20,Active,2024-01-16,,Child
POL01831,CUST03017,Term Life,186115.18,20.0,20,Active,2025-04-23,,Spouse
POL01832,CUST00023,Term Life,116945.07,38.37,20,Active,2024-09-04,,Spouse
POL01833,CUST02158,Whole Life,221204.89,83.33,30,Active,2025-01-02,,Child
POL01834,CUST01201,Term Life,72586.32,76.0,5,Active,2025-01-01,,Spouse
POL01835,CUST02208,Term Life,173762.39,29.52,30,Active,2023-02-11,,Other
POL01836,CUST01389,Annuity,54958.1,25.77,16,Active,2023-11-28,,Other
POL01837,CUST04631,Term Life,68094.07,33.5,20,Active,2025-02-21,,Spouse
POL01838,CUST04416,Term Life,139045.29,41.67,20,Active,2022-09-15,,Spouse
POL01839,CUST03640,Whole Life,105760.96,20.0,10,Active,2022-06-16,,Spouse
POL01840,CUST01939,Whole Life,196414.99,20.0,30,Active,2023-10-01,,Child
POL01841,CUST00566,Term Life,42293.68,83.61,10,Active,2024-11-24,,Spouse
POL01842,CUST04830,Critical Illness,92937.86,41.67,20,Active,2025-01-20,,Spouse
POL01843,CUST01549,Annuity,263026.17,20.0,20,Active,2022-01-16,,Spouse
POL01844,CUST03078,Whole Life,200000.0,20.0,20,Active,2022-08-17,,Child
POL01845,CUST02111,Whole Life,413438.31,35.05,20,Active,2025-01-12,,Spouse
POL01846,CUST02424,Term Life,78304.0,83.33,5,Active,2023-06-24,,Parent
POL01847,CUST03019,Whole Life,50931.95,26.78,10,Active,2025-11-28,,Child
POL01848,CUST03130,Unit-linked,158428.06,20.0,30,Active,2024-01-13,,Child
POL01849,CUST00101,Term Life,219142.19,48.76,20,Active,2024-11-14,,Other
POL01850,CUST01493,Term Life,596577.26,33.81,20,Lapsed,2023-10-14,2023-08-22,Parent
POL01851,CUST03137,Unit-linked,202323.96,66.02,20,Active,2022-02-18,,Spouse
POL01852,CUST00163,Term Life,171995.8,20.0,30,Active,2023-01-14,,Parent
POL01853,CUST04813,Whole Life,208613.25,62.88,30,Active,2024-10-28,,Spouse
POL01854,CUST04552,Annuity,171681.57,91.6,30,Lapsed,2025-01-02,2023-06-16,Other
POL01855,CUST03327,Unit-linked,257981.88,202.65,10,Active,2022-09-12,,Spouse
POL01856,CUST04291,Term Life,53684.4,45.74,30,Lapsed,2025-08-26,2024-08-19,Child
POL01857,CUST03802,Term Life,89400.98,30.94,30,Active,2025-01-17,,Spouse
POL01858,CUST00823,Whole Life,310145.65,83.33,20,Active,2024-01-14,,Spouse
POL01859,CUST04914,Term Life,321774.6,36.09,20,Active,2025-05-01,,Spouse
POL01860,CUST03683,Term Life,79540.0,119.11,10,Active,2024-01-20,,Child
POL01861,CUST04611,Term Life,41511.14,35.28,30,Lapsed,2023-10-05,2022-06-12,Spouse
POL01862,CUST03287,Term Life,126936.81,38.23,20,Active,2025-01-26,,Spouse
POL01863,CUST04347,Term Life,204359.25,38.59,20,Lapsed,2023-10-12,2025-07-04,Child
POL01864,CUST02176,Whole Life,392439.29,20.0,0,Active,2025-12-21,,Spouse
POL01865,CUST00988,Term Life,106417.97,41.67,20,Active,2022-12-16,,Spouse
POL01866,CUST02147,Term Life,280143.09,54.08,20,Active,2025-05-15,,Spouse
POL01867,CUST03062,Critical Illness,170958.7,20.5,15,Active,2024-10-21,,Child
POL01868,CUST01926,Critical Illness,76238.05,41.67,20,Active,2025-10-25,,Spouse
POL01869,CUST02872,Term Life,252098.84,63.16,16,Active,2022-01-27,,Child
POL01870,CUST03112,Whole Life,251675.8,20.0,10,Active,2022-07-05,,Other
POL01871,CUST04021,Term Life,132189.55,20.0,30,Active,2022-01-19,,Child
POL01872,CUST04794,Term Life,102337.11,20.0,20,Active,2024-04-08,,Child
POL01873,CUST01743,Term Life,81272.21,121.35,30,Active,2025-04-18,,Spouse
POL01874,CUST02629,Whole Life,54044.37,56.65,19,Active,2023-09-17,,Spouse
POL01875,CUST03911,Term Life,32082.38,23.74,10,Active,2024-04-27,,Spouse
POL01876,CUST03469,Term Life,297771.0,64.7,30,Active,2023-01-20,,Spouse
POL01877,CUST04496,Term Life,137054.17,20.98,20,Active,2025-05-17,,Spouse
POL01878,CUST01526,Endowment,119101.22,41.67,20,Active,2023-07-10,,Spouse
POL01879,CUST01001,Term Life,101443.79,20.0,20,Active,2023-10-26,,Trust/Charity
POL01880,CUST04743,Whole Life,96934.49,33.99,30,Active,2025-01-21,,Spouse
POL01881,CUST03534,Critical Illness,62460.51,36.71,20,Active,2023-01-19,,Trust/Charity
POL01882,CUST03599,Term Life,94207.43,25.94,20,Active,2022-11-11,,Spouse
POL01883,CUST03951,Endowment,145073.35,20.0,5,Active,2025-08-25,,Child
POL01884,CUST00646,Unit-linked,200000.0,35.74,30,Active,2022-04-05,,Spouse
POL01885,CUST01734,Whole Life,200000.0,20.0,20,Active,2023-06-12,,Parent
POL01886,CUST00626,Whole Life,243383.34,20.0,20,Active,2024-01-16,,Child
POL01887,CUST04813,Term Life,149645.92,30.69,10,Lapsed,2025-01-06,2024-08-02,Spouse
POL01888,CUST01540,Term Life,108523.94,24.6,20,Active,2024-12-15,,Other
POL01889,CUST03421,Term Life,199846.69,20.0,20,Active,2024-01-07,,Other
POL01890,CUST00822,Term Life,400000.0,20.0,30,Active,2025-07-01,,Child
POL01891,CUST04399,Term Life,163846.79,77.93,20,Active,2025-01-19,,Spouse
POL01892,CUST01866,Endowment,195208.07,20.0,5,Active,2024-10-09,,Parent
POL01893,CUST00495,Term Life,83275.18,20.0,10,Active,2022-02-10,,Child
POL01894,CUST03987,Term Life,133850.63,34.2,20,Active,2025-10-09,,Spouse
POL01895,CUST02857,Term Life,163073.32,23.63,10,Active,2023-10-04,,Parent
POL01896,CUST00011,Term Life,144608.51,44.43,5,Active,2022-01-17,,Child
POL01897,CUST03405,Critical Illness,141261.89,20.0,20,Active,2022-10-07,,Child
POL01898,CUST04802,Endowment,116425.68,53.27,5,Active,2025-01-11,,Spouse
POL01899,CUST02512,Whole Life,191486.59,22.4,10,Active,2022-11-04,,Spouse
POL01900,CUST04091,Term Life,79368.36,82.31,20,Active,2023-01-10,,Spouse
POL01901,CUST00757,Term Life,155999.81,23.16,20,Active,2024-07-27,,Other
POL01902,CUST01321,Term Life,61063.62,20.0,10,Active,2024-05-11,,Child
POL01903,CUST00026,Whole Life,94344.09,41.67,10,Active,2023-02-11,,Spouse
POL01904,CUST03189,Term Life,179364.32,31.38,20,Active,2023-12-05,,Parent
POL01905,CUST04666,Term Life,102575.24,21.2,10,Active,2022-08-25,,Child
POL01906,CUST02417,Term Life,289349.93,20.0,20,Active,2025-01-13,,Spouse
POL01907,CUST02789,Critical Illness,195651.85,20.0,10,Lapsed,2025-05-22,2022-07-02,Spouse
POL01908,CUST02046,Term Life,123234.31,21.88,5,Active,2022-09-02,,Child
POL01909,CUST02928,Endowment,173356.2,51.75,30,Active,2023-01-11,,Child
POL01910,CUST02127,Critical Illness,133202.54,20.0,30,Active,2022-12-24,,Child
POL01911,CUST01396,Unit-linked,78556.31,47.95,5,Active,2022-01-16,,Spouse
POL01912,CUST00551,Critical Illness,189891.16,39.08,20,Active,2024-01-14,,Other
POL01913,CUST00703,Term Life,101327.9,25.25,30,Active,2024-06-04,,Spouse
POL01914,CUST01614,Term Life,140353.49,66.22,20,Active,2022-06-05,,Other
POL01915,CUST04892,Term Life,99866.72,41.67,30,Active,2024-02-14,,Spouse
POL01916,CUST02617,Whole Life,70146.34,48.9,20,Active,2022-08-22,,Spouse
POL01917,CUST03878,Term Life,362335.9,153.93,5,Active,2022-10-23,,Spouse
POL01918,CUST02490,Term Life,184967.77,20.0,20,Active,2022-03-27,,Child
POL01919,CUST00951,Whole Life,219561.12,32.04,20,Active,2024-02-06,,Spouse
POL01920,CUST04977,Term Life,81340.9,36.96,20,Active,2024-02-04,,Spouse
POL01921,CUST00688,Unit-linked,162256.26,20.29,20,Active,2024-01-23,,Child
POL01922,CUST04760,Term Life,346862.45,66.94,5,Active,2022-01-10,,Parent
POL01923,CUST03376,Unit-linked,145954.39,21.13,20,Active,2022-01-27,,Spouse
POL01924,CUST00250,Term Life,137820.71,46.18,30,Active,2024-01-02,,Child
POL01925,CUST04145,Term Life,150361.19,25.33,20,Active,2024-12-14,,Spouse
POL01926,CUST04122,Whole Life,190518.08,55.23,10,Active,2025-09-13,,Spouse
POL01927,CUST02435,Annuity,108981.1,54.61,30,Active,2023-12-15,,Spouse
POL01928,CUST04914,Term Life,154365.45,71.68,10,Active,2025-01-15,,Parent
POL01929,CUST02678,Unit-linked,157188.08,20.0,20,Active,2025-02-10,,Child
POL01930,CUST04724,Whole Life,97855.44,20.0,30,Active,2024-01-07,,Other
POL01931,CUST00931,Term Life,53841.62,20.0,10,Active,2022-01-04,,Spouse
POL01932,CUST01125,Term Life,82995.93,36.13,16,Active,2024-01-13,,Other
POL01933,CUST01399,Critical Illness,163712.38,58.45,10,Active,2024-04-06,,Spouse
POL01934,CUST00101,Term Life,136904.86,20.0,30,Active,2024-03-13,,Spouse
POL01935,CUST03219,Term Life,76785.84,49.06,23,Active,2023-02-25,,Child
POL01936,CUST02565,Term Life,147952.31,50.57,20,Active,2024-01-06,,Child
POL01937,CUST03472,Whole Life,139675.67,41.67,20,Active,2025-01-16,,Other
POL01938,CUST02547,Term Life,390942.09,20.0,10,Active,2023-10-21,,Spouse
POL01939,CUST04833,Endowment,305738.08,40.89,10,Active,2025-08-23,,Child
POL01940,CUST00424,Endowment,105121.2,49.36,30,Active,2025-12-16,,Spouse
POL01941,CUST00614,Term Life,173411.09,20.0,26,Active,2024-01-06,,Spouse
POL01942,CUST00424,Term Life,97549.57,20.0,10,Lapsed,2023-01-23,2024-06-01,Spouse
POL01943,CUST04901,Whole Life,210950.38,23.7,29,Active,2023-08-10,,Spouse
POL01944,CUST01126,Term Life,93346.81,48.86,20,Active,2025-03-12,,Spouse
POL01945,CUST00530,Critical Illness,110127.97,35.76,5,Active,2023-11-19,,Spouse
POL01946,CUST03558,Term Life,281972.15,31.82,10,Active,2023-12-19,,Spouse
POL01947,CUST01517,Term Life,103148.52,20.0,10,Active,2022-01-26,,Child
POL01948,CUST04188,Critical Illness,122848.43,20.0,5,Active,2023-07-22,,Parent
POL01949,CUST03763,Whole Life,113899.49,41.67,30,Active,2022-07-16,,Spouse
POL01950,CUST00325,Term Life,150462.34,127.23,10,Active,2023-11-12,,Spouse
POL01951,CUST01892,Term Life,438443.45,20.0,10,Active,2024-01-19,,Child
POL01952,CUST03492,Unit-linked,66984.45,20.73,30,Active,2023-10-22,,Child
POL01953,CUST01566,Term Life,371242.97,20.0,20,Lapsed,2025-05-24,2022-07-28,Child
POL01954,CUST00027,Whole Life,91781.7,68.17,20,Active,2022-06-24,,Trust/Charity
POL01955,CUST02437,Term Life,89247.94,56.6,10,Active,2025-11-07,,Other
POL01956,CUST03736,Term Life,126171.27,20.0,20,Active,2025-07-05,,Child
POL01957,CUST01947,Term Life,118812.14,21.33,20,Active,2024-01-19,,Child
POL01958,CUST02107,Whole Life,51211.67,41.0,30,Active,2024-12-09,,Spouse
POL01959,CUST01334,Term Life,78218.56,65.07,20,Active,2024-10-11,,Spouse
POL01960,CUST01547,Term Life,200000.0,20.0,30,Lapsed,2024-12-20,2024-06-19,Child
POL01961,CUST03387,Whole Life,122256.54,208.33,30,Active,2024-01-04,,Spouse
POL01962,CUST00815,Unit-linked,260248.68,40.17,5,Active,2025-01-16,,Other
POL01963,CUST00878,Term Life,92351.97,83.33,20,Active,2023-07-13,,Child
POL01964,CUST04959,Term Life,45468.04,35.96,20,Lapsed,2024-01-24,2022-07-08,Child
POL01965,CUST01166,Term Life,554784.25,41.39,10,Active,2024-01-05,,Trust/Charity
POL01966,CUST03988,Term Life,35764.16,55.28,10,Active,2022-08-23,,Spouse
POL01967,CUST01413,Whole Life,70931.84,40.55,20,Active,2022-01-05,,Trust/Charity
POL01968,CUST03615,Annuity,143354.8,36.89,10,Active,2023-01-12,,Spouse
POL01969,CUST02516,Term Life,200000.0,41.67,10,Active,2024-12-05,,Child
POL01970,CUST00983,Whole Life,45282.88,20.0,10,Active,2023-01-15,,Trust/Charity
POL01971,CUST04762,Term Life,54268.4,37.41,20,Active,2023-08-03,,Spouse
POL01972,CUST04967,Term Life,41226.18,41.67,30,Active,2023-04-04,,Spouse
POL01973,CUST04383,Term Life,177056.91,47.22,10,Active,2023-03-02,,Child
POL01974,CUST02738,Term Life,101867.26,44.61,20,Active,2024-10-22,,Spouse
POL01975,CUST00219,Whole Life,181803.91,83.33,20,Active,2022-01-17,,Child
POL01976,CUST01994,Endowment,104003.9,20.0,10,Active,2024-05-23,,Spouse
POL01977,CUST00306,Whole Life,259578.31,67.42,10,Active,2022-03-17,,Child
POL01978,CUST00620,Term Life,120934.21,41.67,20,Lapsed,2022-01-15,2024-07-03,Parent
POL01979,CUST03478,Critical Illness,40373.54,20.0,20,Active,2025-08-21,,Spouse
POL01980,CUST01569,Whole Life,231679.5,36.56,10,Active,2022-01-10,,Child
POL01981,CUST04701,Unit-linked,135974.45,41.67,5,Active,2023-01-22,,Spouse
POL01982,CUST00168,Whole Life,208183.1,58.27,28,Active,2024-11-22,,Spouse
POL01983,CUST01745,Term Life,182431.24,57.51,24,Active,2024-05-05,,Trust/Charity
POL01984,CUST00543,Unit-linked,41254.71,38.39,20,Active,2024-01-27,,Child
POL01985,CUST00537,Term Life,114913.63,37.15,30,Active,2024-01-04,,Spouse
POL01986,CUST01920,Term Life,63501.97,34.64,30,Active,2025-06-19,,Parent
POL01987,CUST00387,Critical Illness,166374.53,41.67,10,Active,2023-03-22,,Spouse
POL01988,CUST02927,Term Life,200000.0,41.67,10,Active,2025-12-05,,Spouse
POL01989,CUST04006,Term Life,178052.22,20.0,20,Active,2025-02-23,,Child
POL01990,CUST03718,Term Life,272532.18,20.0,5,Active,2025-08-12,,Spouse
POL01991,CUST03935,Term Life,229113.52,37.72,20,Active,2023-02-26,,Child
POL01992,CUST04399,Term Life,165348.23,36.52,20,Active,2023-01-20,,Child
POL01993,CUST01316,Term Life,74273.21,21.2,30,Lapsed,2025-01-08,2024-06-19,Spouse
POL01994,CUST02071,Term Life,147983.27,32.48,20,Active,2025-12-17,,Spouse
POL01995,CUST00692,Unit-linked,70185.39,20.0,20,Active,2023-08-09,,Child
POL01996,CUST04550,Term Life,54664.33,20.0,10,Active,2025-01-19,,Child
POL01997,CUST02553,Term Life,141566.87,135.42,10,Active,2023-01-21,,Spouse
POL01998,CUST00876,Term Life,145946.17,22.31,20,Active,2024-08-17,,Spouse
POL01999,CUST01578,Whole Life,200000.0,31.49,5,Active,2024-02-08,,Parent
